[
    {
        "sample_id": 7588,
        "vt": "SELECT img_obj.x, img_obj.y FROM att_classes INNER JOIN IMG_OBJ_ATT AS T2 ON T1.ATT_CLASS_ID = T2.ATT_CLASS_ID INNER JOIN IMG_OBJ AS T3 ON T2.IMG_ID = T3.IMG_ID INNER JOIN OBJ_CLASSES AS T4 ON T3.OBJ_CLASS_ID = T4.OBJ_CLASS_ID WHERE att_classes.att_class = '[placeholder-type:string]' AND obj_classes.obj_class = '[placeholder-type:string]'",
        "ba": "The virtual table retrieves the x and y coordinates of objects from the 'img_obj' table that are associated with specific attribute classes and object classes. It uses inner joins to connect the 'att_classes', 'img_obj_att', and 'obj_classes' tables based on their respective IDs, filtering the results based on the specified attribute class and object class.",
        "gold_complexity": 12,
        "gold_sql": "SELECT T3.X, T3.Y FROM ATT_CLASSES AS T1 INNER JOIN IMG_OBJ_ATT AS T2 ON T1.ATT_CLASS_ID = T2.ATT_CLASS_ID INNER JOIN IMG_OBJ AS T3 ON T2.IMG_ID = T3.IMG_ID INNER JOIN OBJ_CLASSES AS T4 ON T3.OBJ_CLASS_ID = T4.OBJ_CLASS_ID WHERE T1.ATT_CLASS = 'horse' AND T4.OBJ_CLASS = 'fur'"
    },
    {
        "sample_id": 7569,
        "vt": "SELECT att_classes.att_class FROM att_classes INNER JOIN IMG_OBJ_ATT AS T2 ON T1.ATT_CLASS_ID = T2.ATT_CLASS_ID INNER JOIN IMG_OBJ AS T3 ON T2.IMG_ID = T3.IMG_ID INNER JOIN OBJ_CLASSES AS T4 ON T3.OBJ_CLASS_ID = T4.OBJ_CLASS_ID WHERE img_obj.img_id = [placeholder-type:numeric] AND obj_classes.obj_class = '[placeholder-type:string]'",
        "ba": "The virtual table describes the attribute classes associated with a specific image and object class. It retrieves the attribute class names from the 'att_classes' table by joining it with the 'img_obj_att', 'img_obj', and 'obj_classes' tables. The placeholders in the WHERE clause represent the image ID and the object class name that the user wants to filter by.",
        "gold_complexity": 10,
        "gold_sql": "SELECT T1.ATT_CLASS FROM ATT_CLASSES AS T1 INNER JOIN IMG_OBJ_ATT AS T2 ON T1.ATT_CLASS_ID = T2.ATT_CLASS_ID INNER JOIN IMG_OBJ AS T3 ON T2.IMG_ID = T3.IMG_ID INNER JOIN OBJ_CLASSES AS T4 ON T3.OBJ_CLASS_ID = T4.OBJ_CLASS_ID WHERE T3.IMG_ID = 1314 AND T4.OBJ_CLASS = 'tip'"
    },
    {
        "sample_id": 7535,
        "vt": "SELECT DISTINCT obj_classes.obj_class, att_classes.att_class, pred_classes.pred_class FROM img_obj INNER JOIN OBJ_CLASSES AS T2 ON T1.OBJ_CLASS_ID = T2.OBJ_CLASS_ID INNER JOIN IMG_OBJ_ATT AS T3 ON T1.IMG_ID = T3.IMG_ID INNER JOIN ATT_CLASSES AS T4 ON T3.ATT_CLASS_ID = T4.ATT_CLASS_ID INNER JOIN IMG_REL AS T5 ON T1.IMG_ID = T5.IMG_ID INNER JOIN PRED_CLASSES AS T6 ON T5.PRED_CLASS_ID = T6.PRED_CLASS_ID WHERE img_obj.img_id = [placeholder-type:numeric] AND img_obj.x = [placeholder-type:numeric] AND img_obj.y = [placeholder-type:numeric] AND img_obj.w = [placeholder-type:numeric] AND img_obj.h = [placeholder-type:numeric]",
        "ba": "The virtual table describes the distinct object classes, attribute classes, and prediction classes associated with a specific image based on its ID and bounding box coordinates. The placeholders in the WHERE clause represent the image ID and the bounding box parameters (x, y, width, height).",
        "gold_complexity": 20,
        "gold_sql": "SELECT DISTINCT T2.OBJ_CLASS, T4.ATT_CLASS, T6.PRED_CLASS FROM IMG_OBJ AS T1 INNER JOIN OBJ_CLASSES AS T2 ON T1.OBJ_CLASS_ID = T2.OBJ_CLASS_ID INNER JOIN IMG_OBJ_ATT AS T3 ON T1.IMG_ID = T3.IMG_ID INNER JOIN ATT_CLASSES AS T4 ON T3.ATT_CLASS_ID = T4.ATT_CLASS_ID INNER JOIN IMG_REL AS T5 ON T1.IMG_ID = T5.IMG_ID INNER JOIN PRED_CLASSES AS T6 ON T5.PRED_CLASS_ID = T6.PRED_CLASS_ID WHERE T1.IMG_ID = 1 AND T1.X = 388 AND T1.Y = 369 AND T1.W = 48 AND T1.H = 128"
    },
    {
        "sample_id": 7583,
        "vt": "SELECT DISTINCT img_rel.img_id FROM img_rel INNER JOIN PRED_CLASSES AS T2 ON T1.PRED_CLASS_ID = T2.PRED_CLASS_ID WHERE pred_classes.pred_class = '[placeholder-type:string]'",
        "ba": "The virtual table retrieves distinct image IDs from the 'img_rel' table, which contains relationships between objects in images. It joins with the 'pred_classes' table to filter these relationships based on a specific prediction class. The placeholder in the WHERE clause represents the name of the prediction class being queried.",
        "gold_complexity": 8,
        "gold_sql": "SELECT DISTINCT T1.IMG_ID FROM IMG_REL AS T1 INNER JOIN PRED_CLASSES AS T2 ON T1.PRED_CLASS_ID = T2.PRED_CLASS_ID WHERE T2.PRED_CLASS = 'parked on'"
    },
    {
        "sample_id": 7594,
        "vt": "SELECT AVG(img_obj.img_id) FROM img_obj INNER JOIN OBJ_CLASSES AS T2 ON T1.OBJ_CLASS_ID = T2.OBJ_CLASS_ID WHERE obj_classes.obj_class = '[placeholder-type:string]'",
        "ba": "The virtual table calculates the average of image IDs from the 'img_obj' table, joining it with the 'obj_classes' table to filter based on a specific object class. The placeholder in the WHERE clause represents the name of the object class being queried.",
        "gold_complexity": 7,
        "gold_sql": "SELECT AVG(T1.IMG_ID) FROM IMG_OBJ AS T1 INNER JOIN OBJ_CLASSES AS T2 ON T1.OBJ_CLASS_ID = T2.OBJ_CLASS_ID WHERE T2.OBJ_CLASS = 'keyboard'"
    },
    {
        "sample_id": 7570,
        "vt": "SELECT DISTINCT pred_classes.pred_class FROM img_rel INNER JOIN PRED_CLASSES AS T2 ON T2.PRED_CLASS_ID = T1.PRED_CLASS_ID INNER JOIN IMG_OBJ AS T3 ON T1.IMG_ID = T3.IMG_ID AND T1.OBJ1_SAMPLE_ID = T3.OBJ_SAMPLE_ID INNER JOIN OBJ_CLASSES AS T4 ON T3.OBJ_CLASS_ID = T4.OBJ_CLASS_ID WHERE img_rel.img_id = [placeholder-type:numeric] AND img_rel.obj1_sample_id = [placeholder-type:numeric] OR img_rel.obj2_sample_id = [placeholder-type:numeric]",
        "ba": "The virtual table describes the distinct prediction classes associated with a specific image and object sample from the 'img_rel' table. It joins multiple tables to gather relevant information about the relationships between objects and their predicted classes. The placeholders in the WHERE clause represent the image ID and object sample IDs for filtering the results.",
        "gold_complexity": 12,
        "gold_sql": "SELECT DISTINCT T2.PRED_CLASS FROM IMG_REL AS T1 INNER JOIN PRED_CLASSES AS T2 ON T2.PRED_CLASS_ID = T1.PRED_CLASS_ID INNER JOIN IMG_OBJ AS T3 ON T1.IMG_ID = T3.IMG_ID AND T1.OBJ1_SAMPLE_ID = T3.OBJ_SAMPLE_ID INNER JOIN OBJ_CLASSES AS T4 ON T3.OBJ_CLASS_ID = T4.OBJ_CLASS_ID WHERE T1.IMG_ID = 2360078 AND T1.OBJ1_SAMPLE_ID = 15 OR T1.OBJ2_SAMPLE_ID = 18"
    },
    {
        "sample_id": 7518,
        "vt": "SELECT img_obj.x, img_obj.y FROM img_rel INNER JOIN IMG_OBJ AS T2 ON T1.IMG_ID = T2.IMG_ID WHERE img_rel.pred_class_id = [placeholder-type:numeric]",
        "ba": "The virtual table describes the x and y coordinates of objects from the 'img_obj' table that are related through a specific prediction class in the 'img_rel' table. The placeholder in the WHERE clause represents the prediction class ID used to filter the results.",
        "gold_complexity": 9,
        "gold_sql": "SELECT T2.X, T2.Y FROM IMG_REL AS T1 INNER JOIN IMG_OBJ AS T2 ON T1.IMG_ID = T2.IMG_ID WHERE T1.PRED_CLASS_ID = 98"
    },
    {
        "sample_id": 7592,
        "vt": "SELECT COUNT(img_obj_att.img_id) FROM att_classes INNER JOIN IMG_OBJ_ATT AS T2 ON T1.ATT_CLASS_ID = T2.ATT_CLASS_ID INNER JOIN IMG_OBJ AS T3 ON T2.IMG_ID = T3.IMG_ID INNER JOIN OBJ_CLASSES AS T4 ON T3.OBJ_CLASS_ID = T4.OBJ_CLASS_ID WHERE att_classes.att_class = '[placeholder-type:string]' AND obj_classes.obj_class = '[placeholder-type:string]'",
        "ba": "The virtual table counts the number of images that have specific attribute classes and object classes. It joins the 'att_classes' table with the 'img_obj_att' table to find images associated with certain attributes, then further joins with the 'img_obj' table to link those images to their corresponding object classes. The placeholders in the WHERE clause represent the specific attribute class and object class names that the user wants to filter by.",
        "gold_complexity": 10,
        "gold_sql": "SELECT COUNT(T2.IMG_ID) FROM ATT_CLASSES AS T1 INNER JOIN IMG_OBJ_ATT AS T2 ON T1.ATT_CLASS_ID = T2.ATT_CLASS_ID INNER JOIN IMG_OBJ AS T3 ON T2.IMG_ID = T3.IMG_ID INNER JOIN OBJ_CLASSES AS T4 ON T3.OBJ_CLASS_ID = T4.OBJ_CLASS_ID WHERE T1.ATT_CLASS = 'picture' AND T4.OBJ_CLASS = 'bear'"
    },
    {
        "sample_id": 7607,
        "vt": "SELECT pred_classes.pred_class FROM img_rel INNER JOIN PRED_CLASSES AS T2 ON T1.PRED_CLASS_ID = T2.PRED_CLASS_ID WHERE img_rel.img_id = [placeholder-type:numeric] ORDER BY pred_classes.pred_class LIMIT [placeholder-type:numeric]",
        "ba": "The virtual table retrieves the prediction classes associated with a specific image from the 'img_rel' table by joining it with the 'pred_classes' table. The placeholders represent the image ID and the limit for the number of results to return.",
        "gold_complexity": 10,
        "gold_sql": "SELECT T2.PRED_CLASS FROM IMG_REL AS T1 INNER JOIN PRED_CLASSES AS T2 ON T1.PRED_CLASS_ID = T2.PRED_CLASS_ID WHERE T1.IMG_ID = 4434 ORDER BY T2.PRED_CLASS DESC LIMIT 1"
    },
    {
        "sample_id": 7582,
        "vt": "SELECT COUNT(img_obj.img_id) FROM img_obj INNER JOIN OBJ_CLASSES AS T2 ON T1.OBJ_CLASS_ID = T2.OBJ_CLASS_ID WHERE obj_classes.obj_class = '[placeholder-type:string]' OR obj_classes.obj_class = '[placeholder-type:string]'",
        "ba": "The virtual table counts the number of images from the 'img_obj' table that belong to specific object classes. It uses an inner join with the 'obj_classes' table to filter images based on the specified object class names. The placeholders in the WHERE clause represent the names of the object classes being queried.",
        "gold_complexity": 7,
        "gold_sql": "SELECT COUNT(T1.IMG_ID) FROM IMG_OBJ AS T1 INNER JOIN OBJ_CLASSES AS T2 ON T1.OBJ_CLASS_ID = T2.OBJ_CLASS_ID WHERE T2.OBJ_CLASS = 'vegetables' OR T2.OBJ_CLASS = 'fruits'"
    },
    {
        "sample_id": 7597,
        "vt": "SELECT img_obj.w, img_obj.h FROM img_obj WHERE img_obj.obj_sample_id = [placeholder-type:numeric]",
        "ba": "The virtual table retrieves the width and height of objects from the 'img_obj' table based on a specific object sample ID. The placeholder in the WHERE clause represents the object sample ID for which the dimensions are being queried.",
        "gold_complexity": 8,
        "gold_sql": "SELECT W, H FROM IMG_OBJ WHERE OBJ_SAMPLE_ID = 2"
    },
    {
        "sample_id": 7541,
        "vt": "SELECT CAST(SUM(CASE WHEN att_classes.att_class = '[placeholder-type:string]' THEN [placeholder-type:numeric] ELSE [placeholder-type:numeric] END) AS FLOAT) * [placeholder-type:numeric] / COUNT(img_obj_att.obj_sample_id) FROM img_obj_att INNER JOIN ATT_CLASSES AS T2 ON T1.ATT_CLASS_ID = T2.ATT_CLASS_ID WHERE img_obj_att.img_id = [placeholder-type:numeric]",
        "ba": "The virtual table calculates a weighted average of a specific attribute class for a given image. It sums the values associated with a specified attribute class and normalizes this sum by the count of object samples related to that image. The placeholders represent the attribute class name, a numeric value for weighting, and the image ID.",
        "gold_complexity": 8,
        "gold_sql": "SELECT CAST(SUM(CASE WHEN T2.ATT_CLASS = 'white' THEN 1 ELSE 0 END) AS REAL) * 100 / COUNT(OBJ_SAMPLE_ID) FROM IMG_OBJ_ATT AS T1 INNER JOIN ATT_CLASSES AS T2 ON T1.ATT_CLASS_ID = T2.ATT_CLASS_ID WHERE T1.IMG_ID = 99"
    },
    {
        "sample_id": 7563,
        "vt": "SELECT img_obj.obj_sample_id FROM img_obj WHERE img_obj.img_id = [placeholder-type:numeric] AND img_obj.x = [placeholder-type:numeric] AND img_obj.y = [placeholder-type:numeric]",
        "ba": "The virtual table retrieves the object sample IDs from the 'img_obj' table based on specific image ID and coordinates (x, y). The placeholders represent the image ID and the x and y coordinates of the bounding box for the object.",
        "gold_complexity": 8,
        "gold_sql": "SELECT OBJ_SAMPLE_ID FROM IMG_OBJ WHERE IMG_ID = 5 AND X = 634 AND Y = 468"
    },
    {
        "sample_id": 7604,
        "vt": "SELECT img_obj.w, img_obj.h, obj_classes.obj_class FROM img_obj INNER JOIN OBJ_CLASSES AS T2 ON T1.OBJ_CLASS_ID = T2.OBJ_CLASS_ID WHERE img_obj.img_id = [placeholder-type:numeric]",
        "ba": "The virtual table describes the width and height of objects along with their corresponding class from the 'img_obj' and 'obj_classes' tables. The placeholder in the WHERE clause represents the specific image id for which the dimensions and class are being queried.",
        "gold_complexity": 11,
        "gold_sql": "SELECT T1.W, T1.H, T2.OBJ_CLASS FROM IMG_OBJ AS T1 INNER JOIN OBJ_CLASSES AS T2 ON T1.OBJ_CLASS_ID = T2.OBJ_CLASS_ID WHERE T1.IMG_ID = 22"
    },
    {
        "sample_id": 7576,
        "vt": "SELECT CAST(SUM(CASE WHEN obj_classes.obj_class = '[placeholder-type:string]' THEN [placeholder-type:numeric] ELSE [placeholder-type:numeric] END) AS FLOAT) * [placeholder-type:numeric] / COUNT(img_obj.obj_sample_id) FROM img_obj INNER JOIN OBJ_CLASSES AS T2 ON T1.OBJ_CLASS_ID = T2.OBJ_CLASS_ID",
        "ba": "The virtual table calculates a weighted average of a specific object class from the 'img_obj' table. It sums up values based on a condition that checks if the object class matches a specified string, and then divides this sum by the count of object samples. The result is multiplied by a numeric placeholder to adjust the final output. The query involves joining the 'img_obj' table with the 'obj_classes' table to access the object class descriptions.",
        "gold_complexity": 6,
        "gold_sql": "SELECT CAST(SUM(CASE WHEN T2.OBJ_CLASS = 'street lights' THEN 1 ELSE 0 END) AS REAL) * 100 / COUNT(T1.OBJ_SAMPLE_ID) FROM IMG_OBJ AS T1 INNER JOIN OBJ_CLASSES AS T2 ON T1.OBJ_CLASS_ID = T2.OBJ_CLASS_ID"
    },
    {
        "sample_id": 7605,
        "vt": "SELECT pred_classes.pred_class FROM img_rel INNER JOIN PRED_CLASSES AS T2 ON T1.PRED_CLASS_ID = T2.PRED_CLASS_ID WHERE img_rel.img_id = [placeholder-type:numeric]",
        "ba": "The virtual table describes the prediction classes associated with a specific image from the 'img_rel' table. It retrieves the prediction class captions by joining the 'img_rel' table with the 'pred_classes' table based on the prediction class ID. The placeholder in the WHERE clause represents the image ID for which the prediction classes are being queried.",
        "gold_complexity": 7,
        "gold_sql": "SELECT T2.PRED_CLASS FROM IMG_REL AS T1 INNER JOIN PRED_CLASSES AS T2 ON T1.PRED_CLASS_ID = T2.PRED_CLASS_ID WHERE T1.IMG_ID = 68"
    },
    {
        "sample_id": 7487,
        "vt": "SELECT pred_classes.pred_class FROM pred_classes INNER JOIN IMG_REL AS T2 ON T1.PRED_CLASS_ID = T2.PRED_CLASS_ID WHERE img_rel.img_id = [placeholder-type:numeric] AND img_rel.obj1_sample_id = img_rel.obj2_sample_id",
        "ba": "The virtual table describes the prediction classes associated with images that have self-relations between objects. It retrieves the prediction class captions from the 'pred_classes' table by joining it with the 'img_rel' table, filtering for a specific image ID and ensuring that the object sample IDs are the same, indicating a self-relation.",
        "gold_complexity": 8,
        "gold_sql": "SELECT T1.PRED_CLASS FROM PRED_CLASSES AS T1 INNER JOIN IMG_REL AS T2 ON T1.PRED_CLASS_ID = T2.PRED_CLASS_ID WHERE T2.IMG_ID = 5 AND T2.OBJ1_SAMPLE_ID = T2.OBJ2_SAMPLE_ID"
    },
    {
        "sample_id": 7481,
        "vt": "SELECT obj_classes.obj_class FROM obj_classes INNER JOIN IMG_OBJ AS T2 ON T1.OBJ_CLASS_ID = T2.OBJ_CLASS_ID WHERE img_obj.img_id = [placeholder-type:numeric] GROUP BY obj_classes.obj_class",
        "ba": "The virtual table describes the object classes associated with a specific image from the 'img_obj' table. It retrieves the object class names by joining the 'obj_classes' table with the 'img_obj' table based on the object class ID. The placeholder in the WHERE clause represents the image ID for which the object classes are being queried.",
        "gold_complexity": 9,
        "gold_sql": "SELECT T1.OBJ_CLASS FROM OBJ_CLASSES AS T1 INNER JOIN IMG_OBJ AS T2 ON T1.OBJ_CLASS_ID = T2.OBJ_CLASS_ID WHERE T2.IMG_ID = 1 GROUP BY T1.OBJ_CLASS"
    },
    {
        "sample_id": 7554,
        "vt": "SELECT COUNT(DISTINCT T1.IMG_ID) FROM img_obj INNER JOIN OBJ_CLASSES AS T2 ON T1.OBJ_CLASS_ID = T2.OBJ_CLASS_ID WHERE obj_classes.obj_class = '[placeholder-type:string]'",
        "ba": "The virtual table counts the distinct images from the 'img_obj' table that belong to a specific object class. It joins the 'img_obj' table with the 'obj_classes' table to filter images based on the object class name provided in the placeholder.",
        "gold_complexity": 8,
        "gold_sql": "SELECT COUNT(DISTINCT T1.IMG_ID) FROM IMG_OBJ AS T1 INNER JOIN OBJ_CLASSES AS T2 ON T1.OBJ_CLASS_ID = T2.OBJ_CLASS_ID WHERE T2.OBJ_CLASS = 'wood'"
    },
    {
        "sample_id": 7539,
        "vt": "SELECT img_obj_att.att_class_id FROM img_obj_att WHERE img_obj_att.img_id = [placeholder-type:numeric] GROUP BY img_obj_att.att_class_id ORDER BY COUNT(img_obj_att.att_class_id) LIMIT [placeholder-type:numeric]",
        "ba": "The virtual table retrieves the attribute class IDs associated with a specific image from the 'img_obj_att' table. It groups the results by attribute class ID and orders them based on the count of occurrences, limiting the results to a specified number.",
        "gold_complexity": 11,
        "gold_sql": "SELECT ATT_CLASS_ID FROM IMG_OBJ_ATT WHERE IMG_ID = 20 GROUP BY ATT_CLASS_ID ORDER BY COUNT(ATT_CLASS_ID) DESC LIMIT 1"
    },
    {
        "sample_id": 7537,
        "vt": "SELECT COUNT(img_obj_att.att_class_id) FROM img_obj_att WHERE img_obj_att.img_id = [placeholder-type:numeric] AND img_obj_att.obj_sample_id = [placeholder-type:numeric]",
        "ba": "The virtual table counts the number of attribute class IDs associated with a specific image and object sample from the 'img_obj_att' table. The placeholders represent the image ID and object sample ID for which the count is being calculated.",
        "gold_complexity": 7,
        "gold_sql": "SELECT COUNT(ATT_CLASS_ID) FROM IMG_OBJ_ATT WHERE IMG_ID = 4 AND OBJ_SAMPLE_ID = 7"
    },
    {
        "sample_id": 7479,
        "vt": "SELECT SUM(CASE WHEN obj_classes.obj_class = '[placeholder-type:string]' THEN [placeholder-type:numeric] ELSE [placeholder-type:numeric] END) FROM obj_classes INNER JOIN IMG_OBJ AS T2 ON T1.OBJ_CLASS_ID = T2.OBJ_CLASS_ID WHERE img_obj.img_id = [placeholder-type:numeric]",
        "ba": "The virtual table calculates the total count of object classes from the 'obj_classes' table based on a specific condition. It uses a conditional SUM to differentiate between object classes and aggregates the results accordingly. The query joins the 'obj_classes' table with the 'img_obj' table to filter results based on a specific image ID, represented by a placeholder for numeric values.",
        "gold_complexity": 7,
        "gold_sql": "SELECT SUM(CASE WHEN T1.OBJ_CLASS = 'man' THEN 1 ELSE 0 END) FROM OBJ_CLASSES AS T1 INNER JOIN IMG_OBJ AS T2 ON T1.OBJ_CLASS_ID = T2.OBJ_CLASS_ID WHERE T2.IMG_ID = 1"
    },
    {
        "sample_id": 7567,
        "vt": "SELECT DISTINCT img_obj_att.img_id FROM att_classes INNER JOIN IMG_OBJ_ATT AS T2 ON T1.ATT_CLASS_ID = T2.ATT_CLASS_ID WHERE att_classes.att_class = '[placeholder-type:string]'",
        "ba": "The virtual table retrieves distinct image IDs from the 'img_obj_att' table that are associated with a specific attribute class from the 'att_classes' table. The placeholder in the WHERE clause represents the name of the attribute class being queried.",
        "gold_complexity": 8,
        "gold_sql": "SELECT DISTINCT T2.IMG_ID FROM ATT_CLASSES AS T1 INNER JOIN IMG_OBJ_ATT AS T2 ON T1.ATT_CLASS_ID = T2.ATT_CLASS_ID WHERE T1.ATT_CLASS = 'wired'"
    },
    {
        "sample_id": 7593,
        "vt": "SELECT att_classes.att_class FROM att_classes INNER JOIN IMG_OBJ_ATT AS T2 ON T1.ATT_CLASS_ID = T2.ATT_CLASS_ID INNER JOIN IMG_OBJ AS T3 ON T2.IMG_ID = T3.IMG_ID WHERE img_obj.x = [placeholder-type:numeric] AND img_obj.y = [placeholder-type:numeric]",
        "ba": "The virtual table describes the attribute classes associated with images that have specific x and y coordinates. It retrieves the attribute class names from the 'att_classes' table by joining it with the 'img_obj_att' table to link attributes to images, and then further joining with the 'img_obj' table to filter based on the x and y coordinates of the objects in the images.",
        "gold_complexity": 9,
        "gold_sql": "SELECT T1.ATT_CLASS FROM ATT_CLASSES AS T1 INNER JOIN IMG_OBJ_ATT AS T2 ON T1.ATT_CLASS_ID = T2.ATT_CLASS_ID INNER JOIN IMG_OBJ AS T3 ON T2.IMG_ID = T3.IMG_ID WHERE T3.X = 5 AND T3.Y = 5"
    },
    {
        "sample_id": 7556,
        "vt": "SELECT CAST(SUM(CASE WHEN obj_classes.obj_class = '[placeholder-type:string]' THEN [placeholder-type:numeric] ELSE [placeholder-type:numeric] END) AS FLOAT) * [placeholder-type:numeric] / COUNT(obj_classes.obj_class) FROM img_obj INNER JOIN OBJ_CLASSES AS T2 ON T1.OBJ_CLASS_ID = T2.OBJ_CLASS_ID",
        "ba": "The virtual table calculates a weighted average of a specific object class from the 'img_obj' table. It sums up values based on a condition that checks if the object class matches a specified string, and then divides this sum by the count of the object classes. The result is multiplied by a numeric placeholder to adjust the final output. The query involves joining the 'img_obj' table with the 'obj_classes' table to access the relevant object class information.",
        "gold_complexity": 5,
        "gold_sql": "SELECT CAST(SUM(CASE WHEN T2.OBJ_CLASS = 'airplane' THEN 1 ELSE 0 END) AS REAL) * 100 / COUNT(T2.OBJ_CLASS) FROM IMG_OBJ AS T1 INNER JOIN OBJ_CLASSES AS T2 ON T1.OBJ_CLASS_ID = T2.OBJ_CLASS_ID"
    },
    {
        "sample_id": 7494,
        "vt": "SELECT img_obj.x, img_obj.y, img_obj.w, img_obj.h FROM obj_classes INNER JOIN IMG_OBJ AS T2 ON T1.OBJ_CLASS_ID = T2.OBJ_CLASS_ID WHERE img_obj.img_id = [placeholder-type:numeric] AND obj_classes.obj_class = '[placeholder-type:string]'",
        "ba": "The virtual table describes the coordinates and dimensions of bounding boxes for objects in images, filtered by a specific image ID and object class. The placeholders represent the image ID and the object class name.",
        "gold_complexity": 14,
        "gold_sql": "SELECT T2.X, T2.Y, T2.W, T2.H FROM OBJ_CLASSES AS T1 INNER JOIN IMG_OBJ AS T2 ON T1.OBJ_CLASS_ID = T2.OBJ_CLASS_ID WHERE T2.IMG_ID = 2324765 AND T1.OBJ_CLASS = 'kite'"
    },
    {
        "sample_id": 7574,
        "vt": "SELECT img_obj.h, img_obj.w FROM img_obj INNER JOIN OBJ_CLASSES AS T2 ON T1.OBJ_CLASS_ID = T2.OBJ_CLASS_ID WHERE img_obj.img_id = [placeholder-type:numeric] AND obj_classes.obj_class = '[placeholder-type:string]'",
        "ba": "The virtual table retrieves the height and width of objects from the 'img_obj' table, specifically for a given image ID and object class. The placeholders allow users to specify the image ID and the object class they are interested in.",
        "gold_complexity": 10,
        "gold_sql": "SELECT T1.H, T1.W FROM IMG_OBJ AS T1 INNER JOIN OBJ_CLASSES AS T2 ON T1.OBJ_CLASS_ID = T2.OBJ_CLASS_ID WHERE T1.IMG_ID = 1 AND T2.OBJ_CLASS = 'van'"
    },
    {
        "sample_id": 7579,
        "vt": "SELECT COUNT(img_obj.img_id) FROM img_obj WHERE img_obj.obj_sample_id < [placeholder-type:numeric]",
        "ba": "The virtual table counts the number of images in the 'img_obj' table that have an object sample ID less than a specified numeric value. The placeholder in the WHERE clause represents the threshold for the object sample ID.",
        "gold_complexity": 6,
        "gold_sql": "SELECT COUNT(IMG_ID) FROM IMG_OBJ WHERE OBJ_SAMPLE_ID < 15"
    },
    {
        "sample_id": 7515,
        "vt": "SELECT COUNT(subquery_t3.imgid) FROM (SELECT img_obj_att.img_id FROM IMG_OBJ_att AS T1 INNER JOIN ATT_CLASSES AS T2 ON T1.ATT_CLASS_ID = T2.ATT_CLASS_ID WHERE T2.ATT_CLASS = 'black' GROUP BY T1.IMG_ID HAVING COUNT(T1.ATT_CLASS_ID) >= 5) AS t3",
        "ba": "The virtual table counts the number of images from the 'img_obj_att' table that have at least five attributes classified as 'black'. It does this by first joining the 'img_obj_att' table with the 'att_classes' table to filter for the specific attribute class, then grouping the results by image ID and applying a condition to count the attributes.",
        "gold_complexity": 15,
        "gold_sql": "SELECT COUNT(IMGID) FROM ( SELECT T1.IMG_ID AS IMGID FROM IMG_OBJ_att AS T1 INNER JOIN ATT_CLASSES AS T2 ON T1.ATT_CLASS_ID = T2.ATT_CLASS_ID WHERE T2.ATT_CLASS = 'black' GROUP BY T1.IMG_ID HAVING COUNT(T1.ATT_CLASS_ID) >= 5 ) T3"
    },
    {
        "sample_id": 7500,
        "vt": "SELECT COUNT((SELECT T2.IMG_ID FROM OBJ_CLASSES AS T1 INNER JOIN IMG_OBJ AS T2 ON T1.OBJ_CLASS_ID = T2.OBJ_CLASS_ID WHERE T1.OBJ_CLASS = 'suit' GROUP BY T2.IMG_ID).img_id) FROM (SELECT img_obj.img_id FROM OBJ_CLASSES AS T1 INNER JOIN IMG_OBJ AS T2 ON T1.OBJ_CLASS_ID = T2.OBJ_CLASS_ID WHERE T1.OBJ_CLASS = 'suit' GROUP BY T2.IMG_ID) AS t",
        "ba": "The virtual table counts the number of unique images from the 'img_obj' table that contain objects classified as 'suit' based on the 'obj_classes' table. It uses a subquery to first select the image IDs associated with the 'suit' class, and then counts these unique image IDs.",
        "gold_complexity": 15,
        "gold_sql": "SELECT COUNT(T.IMG_ID) FROM ( SELECT T2.IMG_ID FROM OBJ_CLASSES AS T1 INNER JOIN IMG_OBJ AS T2 ON T1.OBJ_CLASS_ID = T2.OBJ_CLASS_ID WHERE T1.OBJ_CLASS = 'suit' GROUP BY T2.IMG_ID ) T"
    },
    {
        "sample_id": 7517,
        "vt": "SELECT img_obj_att.img_id FROM img_obj_att INNER JOIN ATT_CLASSES AS T2 ON T1.ATT_CLASS_ID = T2.ATT_CLASS_ID WHERE att_classes.att_class = '[placeholder-type:string]' GROUP BY img_obj_att.img_id ORDER BY COUNT(img_obj_att.att_class_id) LIMIT [placeholder-type:numeric]",
        "ba": "The virtual table retrieves image IDs from the 'img_obj_att' table that are associated with a specific attribute class. It joins the 'img_obj_att' table with the 'att_classes' table to filter results based on the attribute class name. The results are grouped by image ID and ordered by the count of attribute classes associated with each image, limiting the output to a specified number of results.",
        "gold_complexity": 12,
        "gold_sql": "SELECT T1.IMG_ID AS IMGID FROM IMG_OBJ_att AS T1 INNER JOIN ATT_CLASSES AS T2 ON T1.ATT_CLASS_ID = T2.ATT_CLASS_ID WHERE T2.ATT_CLASS = 'white' GROUP BY T1.IMG_ID ORDER BY COUNT(T1.ATT_CLASS_ID) DESC LIMIT 1"
    },
    {
        "sample_id": 7538,
        "vt": "SELECT COUNT(img_obj.obj_class_id) FROM img_obj WHERE img_obj.img_id = [placeholder-type:numeric]",
        "ba": "The virtual table counts the number of object classes associated with a specific image identified by its image ID. The placeholder in the WHERE clause represents the unique identifier for the image.",
        "gold_complexity": 6,
        "gold_sql": "SELECT COUNT(OBJ_CLASS_ID) FROM IMG_OBJ WHERE IMG_ID = 31"
    },
    {
        "sample_id": 7552,
        "vt": "SELECT img_obj.x, img_obj.y, img_obj.w, img_obj.h FROM img_obj INNER JOIN OBJ_CLASSES AS T2 ON T1.OBJ_CLASS_ID = T2.OBJ_CLASS_ID WHERE img_obj.img_id = [placeholder-type:numeric] AND obj_classes.obj_class = '[placeholder-type:string]'",
        "ba": "The virtual table describes the x, y coordinates, width, and height of bounding boxes for objects in images from the 'img_obj' table. It filters the results based on a specific image ID and the corresponding object class name.",
        "gold_complexity": 14,
        "gold_sql": "SELECT T1.X, T1.Y, T1.W, T1.H FROM IMG_OBJ AS T1 INNER JOIN OBJ_CLASSES AS T2 ON T1.OBJ_CLASS_ID = T2.OBJ_CLASS_ID WHERE T1.IMG_ID = 1344 AND T2.OBJ_CLASS = 'spoon'"
    },
    {
        "sample_id": 7599,
        "vt": "SELECT att_classes.att_class FROM att_classes INNER JOIN IMG_OBJ_ATT AS T2 ON T1.ATT_CLASS_ID = T2.ATT_CLASS_ID WHERE img_obj_att.img_id = [placeholder-type:numeric]",
        "ba": "The virtual table describes the attribute classes associated with a specific image from the 'att_classes' table. The query retrieves the attribute class names by joining the 'att_classes' table with the 'img_obj_att' table based on the attribute class ID, filtering for a specific image ID using a placeholder for numeric values.",
        "gold_complexity": 7,
        "gold_sql": "SELECT T1.ATT_CLASS FROM ATT_CLASSES AS T1 INNER JOIN IMG_OBJ_ATT AS T2 ON T1.ATT_CLASS_ID = T2.ATT_CLASS_ID WHERE T2.IMG_ID = 22"
    },
    {
        "sample_id": 7513,
        "vt": "SELECT att_classes.att_class FROM img_obj_att INNER JOIN ATT_CLASSES AS T2 ON T1.ATT_CLASS_ID = T2.ATT_CLASS_ID WHERE img_obj_att.img_id = [placeholder-type:numeric]",
        "ba": "The virtual table describes the attribute classes associated with a specific image from the 'img_obj_att' table. The query retrieves the attribute class names by joining the 'img_obj_att' table with the 'att_classes' table based on the attribute class ID. The placeholder in the WHERE clause represents the image ID for which the attribute classes are being queried.",
        "gold_complexity": 7,
        "gold_sql": "SELECT T2.ATT_CLASS FROM IMG_OBJ_att AS T1 INNER JOIN ATT_CLASSES AS T2 ON T1.ATT_CLASS_ID = T2.ATT_CLASS_ID WHERE T1.IMG_ID = 8"
    },
    {
        "sample_id": 7475,
        "vt": "SELECT img_obj.img_id FROM img_obj GROUP BY img_obj.img_id ORDER BY COUNT(img_obj.obj_sample_id) LIMIT [placeholder-type:numeric]",
        "ba": "The virtual table retrieves unique image IDs from the 'img_obj' table, grouping them by image ID and ordering the results based on the count of associated object samples. The query limits the output to a specified number of image IDs.",
        "gold_complexity": 9,
        "gold_sql": "SELECT IMG_ID FROM IMG_OBJ GROUP BY IMG_ID ORDER BY COUNT(OBJ_SAMPLE_ID) DESC LIMIT 1"
    },
    {
        "sample_id": 7501,
        "vt": "SELECT pred_classes.pred_class FROM pred_classes INNER JOIN IMG_REL AS T2 ON T1.PRED_CLASS_ID = T2.PRED_CLASS_ID INNER JOIN IMG_OBJ AS T3 ON T2.OBJ1_SAMPLE_ID = T3.OBJ_SAMPLE_ID INNER JOIN OBJ_CLASSES AS T4 ON T3.OBJ_CLASS_ID = T4.OBJ_CLASS_ID WHERE (obj_classes.obj_class = '[placeholder-type:string]' OR obj_classes.obj_class = '[placeholder-type:string]') AND img_rel.img_id = [placeholder-type:numeric] GROUP BY pred_classes.pred_class",
        "ba": "The virtual table describes the prediction classes associated with specific object classes and images. It retrieves the prediction class names from the 'pred_classes' table by joining it with the 'img_rel', 'img_obj', and 'obj_classes' tables. The query filters results based on specified object class names and a specific image ID, grouping the results by prediction class names.",
        "gold_complexity": 12,
        "gold_sql": "SELECT T1.PRED_CLASS FROM PRED_CLASSES AS T1 INNER JOIN IMG_REL AS T2 ON T1.PRED_CLASS_ID = T2.PRED_CLASS_ID INNER JOIN IMG_OBJ AS T3 ON T2.OBJ1_SAMPLE_ID = T3.OBJ_SAMPLE_ID INNER JOIN OBJ_CLASSES AS T4 ON T3.OBJ_CLASS_ID = T4.OBJ_CLASS_ID WHERE (T4.OBJ_CLASS = 'feathers' OR T4.OBJ_CLASS = 'onion') AND T2.IMG_ID = 2345528 GROUP BY T1.PRED_CLASS"
    },
    {
        "sample_id": 7608,
        "vt": "SELECT img_obj.x, img_obj.y FROM img_obj INNER JOIN OBJ_CLASSES AS T2 ON T1.OBJ_CLASS_ID = T2.OBJ_CLASS_ID WHERE img_obj.img_id = [placeholder-type:numeric] AND obj_classes.obj_class = '[placeholder-type:string]'",
        "ba": "The virtual table describes the x and y coordinates of objects from the 'img_obj' table that belong to a specific object class. The query joins the 'img_obj' table with the 'obj_classes' table to filter the results based on the image ID and the object class name provided as placeholders.",
        "gold_complexity": 10,
        "gold_sql": "SELECT T1.X, T1.Y FROM IMG_OBJ AS T1 INNER JOIN OBJ_CLASSES AS T2 ON T1.OBJ_CLASS_ID = T2.OBJ_CLASS_ID WHERE T1.IMG_ID = 1764 AND T2.OBJ_CLASS = 'dress'"
    },
    {
        "sample_id": 7532,
        "vt": "SELECT COUNT(DISTINCT T1.IMG_ID) FROM img_obj INNER JOIN OBJ_CLASSES AS T2 ON T1.OBJ_CLASS_ID = T2.OBJ_CLASS_ID WHERE obj_classes.obj_class = '[placeholder-type:string]'",
        "ba": "The virtual table counts the distinct images from the 'img_obj' table that belong to a specific object class. It joins the 'img_obj' table with the 'obj_classes' table to filter images based on the object class description provided by the user.",
        "gold_complexity": 8,
        "gold_sql": "SELECT COUNT(DISTINCT T1.IMG_ID) FROM IMG_OBJ AS T1 INNER JOIN OBJ_CLASSES AS T2 ON T1.OBJ_CLASS_ID = T2.OBJ_CLASS_ID WHERE T2.OBJ_CLASS = 'bridge'"
    },
    {
        "sample_id": 7540,
        "vt": "SELECT img_obj.x, img_obj.y, img_obj.w, img_obj.h FROM img_obj WHERE img_obj.img_id = [placeholder-type:numeric] AND img_obj.obj_sample_id = [placeholder-type:numeric]",
        "ba": "The virtual table describes the x and y coordinates, width, and height of bounding boxes for objects in images from the 'img_obj' table. The placeholders in the WHERE clause represent the specific image ID and object sample ID for which the bounding box details are being queried.",
        "gold_complexity": 13,
        "gold_sql": "SELECT X, Y, W, H FROM IMG_OBJ WHERE IMG_ID = 42 AND OBJ_SAMPLE_ID = 7"
    },
    {
        "sample_id": 7555,
        "vt": "SELECT obj_classes.obj_class FROM img_obj INNER JOIN OBJ_CLASSES AS T2 ON T1.OBJ_CLASS_ID = T2.OBJ_CLASS_ID ORDER BY img_obj.h LIMIT [placeholder-type:numeric]",
        "ba": "The virtual table describes the object classes associated with images from the 'img_obj' table. It retrieves the 'obj_class' from the 'obj_classes' table by joining it with the 'img_obj' table based on the matching 'obj_class_id'. The results are ordered by the height of the bounding box ('h') of the objects, and a limit is applied to restrict the number of results returned.",
        "gold_complexity": 8,
        "gold_sql": "SELECT T2.OBJ_CLASS FROM IMG_OBJ AS T1 INNER JOIN OBJ_CLASSES AS T2 ON T1.OBJ_CLASS_ID = T2.OBJ_CLASS_ID ORDER BY T1.H DESC LIMIT 1"
    },
    {
        "sample_id": 7477,
        "vt": "SELECT SUM(CASE WHEN img_rel.img_id = [placeholder-type:numeric] THEN [placeholder-type:numeric] ELSE [placeholder-type:numeric] END) FROM img_rel WHERE img_rel.obj1_sample_id = img_rel.obj2_sample_id",
        "ba": "The virtual table calculates the sum of a conditional expression based on the relationships between objects in images. It checks if the image ID matches a specified value and sums up the corresponding values based on the condition. The query focuses on self-relations where the sample IDs of two objects are the same, indicating that the relationship is between the same object.",
        "gold_complexity": 6,
        "gold_sql": "SELECT SUM(CASE WHEN IMG_ID = 5 THEN 1 ELSE 0 END) FROM IMG_REL WHERE OBJ1_SAMPLE_ID = OBJ2_SAMPLE_ID"
    },
    {
        "sample_id": 7526,
        "vt": "SELECT img_obj.x, img_obj.y FROM img_obj INNER JOIN OBJ_CLASSES AS T2 ON T1.OBJ_CLASS_ID = T2.OBJ_CLASS_ID WHERE img_obj.img_id = [placeholder-type:numeric] AND obj_classes.obj_class = '[placeholder-type:string]'",
        "ba": "The virtual table describes the x and y coordinates of objects from the 'img_obj' table that belong to a specific object class. The query joins the 'img_obj' table with the 'obj_classes' table to filter the results based on the image ID and the object class name, using placeholders for both numeric and string values.",
        "gold_complexity": 10,
        "gold_sql": "SELECT T1.X, T1.Y FROM IMG_OBJ AS T1 INNER JOIN OBJ_CLASSES AS T2 ON T1.OBJ_CLASS_ID = T2.OBJ_CLASS_ID WHERE T1.IMG_ID = 6 AND T2.OBJ_CLASS = 'folk'"
    },
    {
        "sample_id": 7610,
        "vt": "SELECT COUNT(att_classes.att_class) FROM att_classes INNER JOIN IMG_OBJ_ATT AS T2 ON T1.ATT_CLASS_ID = T2.ATT_CLASS_ID WHERE img_obj_att.img_id = [placeholder-type:numeric] AND att_classes.att_class = '[placeholder-type:string]'",
        "ba": "The virtual table counts the number of attribute classes associated with a specific image in the 'att_classes' table. It joins the 'att_classes' table with the 'img_obj_att' table to filter the results based on a specific image ID and a specific attribute class name.",
        "gold_complexity": 8,
        "gold_sql": "SELECT COUNT(T1.ATT_CLASS) FROM ATT_CLASSES AS T1 INNER JOIN IMG_OBJ_ATT AS T2 ON T1.ATT_CLASS_ID = T2.ATT_CLASS_ID WHERE T2.IMG_ID = 2355735 AND T1.ATT_CLASS = 'blue'"
    },
    {
        "sample_id": 7506,
        "vt": "SELECT CAST(COUNT(CASE WHEN obj_classes.obj_class = '[placeholder-type:string]' THEN img_obj.obj_sample_id ELSE NULL END) AS FLOAT) / COUNT(CASE WHEN obj_classes.obj_class = '[placeholder-type:string]' THEN img_obj.obj_sample_id ELSE NULL END) FROM obj_classes INNER JOIN IMG_OBJ AS T2 ON T1.OBJ_CLASS_ID = T2.OBJ_CLASS_ID",
        "ba": "The virtual table calculates the ratio of object samples belonging to a specific object class from the 'obj_classes' and 'img_obj' tables. It counts the number of object samples that match the specified object class and divides it by the total count of object samples for that class. The placeholders represent the object class name to filter the results accordingly.",
        "gold_complexity": 6,
        "gold_sql": "SELECT CAST(COUNT(CASE WHEN T1.OBJ_CLASS = 'broccoli' THEN T2.OBJ_SAMPLE_ID ELSE NULL END) AS REAL) / COUNT(CASE WHEN T1.OBJ_CLASS = 'tomato' THEN T2.OBJ_SAMPLE_ID ELSE NULL END) times FROM OBJ_CLASSES AS T1 INNER JOIN IMG_OBJ AS T2 ON T1.OBJ_CLASS_ID = T2.OBJ_CLASS_ID"
    },
    {
        "sample_id": 7587,
        "vt": "SELECT img_obj_att.img_id FROM att_classes INNER JOIN IMG_OBJ_ATT AS T2 ON T1.ATT_CLASS_ID = T2.ATT_CLASS_ID WHERE att_classes.att_class = '[placeholder-type:string]'",
        "ba": "The virtual table retrieves the image IDs from the 'img_obj_att' table that are associated with a specific attribute class from the 'att_classes' table. The placeholder in the WHERE clause represents the name of the attribute class being queried.",
        "gold_complexity": 7,
        "gold_sql": "SELECT T2.IMG_ID FROM ATT_CLASSES AS T1 INNER JOIN IMG_OBJ_ATT AS T2 ON T1.ATT_CLASS_ID = T2.ATT_CLASS_ID WHERE T1.ATT_CLASS = 'horse'"
    },
    {
        "sample_id": 7484,
        "vt": "SELECT pred_classes.pred_class FROM pred_classes INNER JOIN IMG_REL AS T2 ON T1.PRED_CLASS_ID = T2.PRED_CLASS_ID WHERE img_rel.obj1_sample_id = [placeholder-type:numeric] AND img_rel.obj2_sample_id = [placeholder-type:numeric]",
        "ba": "The virtual table describes the prediction classes associated with relationships between two objects in images. It retrieves the prediction class captions from the 'pred_classes' table by joining it with the 'img_rel' table, filtering based on the sample IDs of the two objects involved in the relationship. The placeholders represent the sample IDs of the objects being compared.",
        "gold_complexity": 8,
        "gold_sql": "SELECT T1.PRED_CLASS FROM PRED_CLASSES AS T1 INNER JOIN IMG_REL AS T2 ON T1.PRED_CLASS_ID = T2.PRED_CLASS_ID WHERE T2.OBJ1_SAMPLE_ID = 14 AND T2.OBJ2_SAMPLE_ID = 14"
    },
    {
        "sample_id": 7473,
        "vt": "SELECT COUNT(img_obj.obj_sample_id) FROM img_obj WHERE img_obj.img_id = [placeholder-type:numeric]",
        "ba": "The virtual table counts the number of object samples associated with a specific image in the 'img_obj' table. The placeholder in the WHERE clause represents the unique identifier for the image.",
        "gold_complexity": 6,
        "gold_sql": "SELECT COUNT(OBJ_SAMPLE_ID) FROM IMG_OBJ WHERE IMG_ID = 1"
    },
    {
        "sample_id": 7488,
        "vt": "SELECT img_obj.x, img_obj.y, img_obj.w, img_obj.h FROM pred_classes INNER JOIN IMG_REL AS T2 ON T1.PRED_CLASS_ID = T2.PRED_CLASS_ID INNER JOIN IMG_OBJ AS T3 ON T2.OBJ1_SAMPLE_ID = T3.OBJ_CLASS_ID WHERE img_rel.img_id = [placeholder-type:numeric] AND pred_classes.pred_class = '[placeholder-type:string]'",
        "ba": "The virtual table describes the x and y coordinates, width, and height of bounding boxes for objects in images based on specific prediction classes. The query joins the 'pred_classes' table with the 'img_rel' table to establish relationships between objects and then further joins with the 'img_obj' table to retrieve the bounding box details for those objects. The placeholders represent the image ID and the prediction class name.",
        "gold_complexity": 15,
        "gold_sql": "SELECT T3.X, T3.Y, T3.W, T3.H FROM PRED_CLASSES AS T1 INNER JOIN IMG_REL AS T2 ON T1.PRED_CLASS_ID = T2.PRED_CLASS_ID INNER JOIN IMG_OBJ AS T3 ON T2.OBJ1_SAMPLE_ID = T3.OBJ_CLASS_ID WHERE T2.IMG_ID = 1 AND T1.PRED_CLASS = 'by'"
    },
    {
        "sample_id": 7603,
        "vt": "SELECT obj_classes.obj_class FROM img_obj INNER JOIN OBJ_CLASSES AS T2 ON T1.OBJ_CLASS_ID = T2.OBJ_CLASS_ID WHERE img_obj.img_id = [placeholder-type:numeric] GROUP BY obj_classes.obj_class ORDER BY COUNT(obj_classes.obj_class_id) LIMIT [placeholder-type:numeric]",
        "ba": "The virtual table describes the object classes associated with a specific image from the 'img_obj' table. It retrieves the object class names by joining the 'img_obj' table with the 'obj_classes' table based on the object class ID. The results are grouped by object class and ordered by the count of occurrences, allowing for a limit on the number of results returned.",
        "gold_complexity": 12,
        "gold_sql": "SELECT T2.OBJ_CLASS FROM IMG_OBJ AS T1 INNER JOIN OBJ_CLASSES AS T2 ON T1.OBJ_CLASS_ID = T2.OBJ_CLASS_ID WHERE T1.IMG_ID = 56 GROUP BY T2.OBJ_CLASS ORDER BY COUNT(T2.OBJ_CLASS_ID) DESC LIMIT 1"
    },
    {
        "sample_id": 7527,
        "vt": "SELECT img_obj.x, img_obj.y, img_obj.w, img_obj.h FROM img_obj INNER JOIN OBJ_CLASSES AS T2 ON T1.OBJ_CLASS_ID = T2.OBJ_CLASS_ID WHERE img_obj.img_id = [placeholder-type:numeric] AND obj_classes.obj_class = '[placeholder-type:string]'",
        "ba": "The virtual table describes the x, y coordinates, width, and height of bounding boxes for objects in images from the 'img_obj' table. It filters the results based on a specific image ID and the corresponding object class name.",
        "gold_complexity": 14,
        "gold_sql": "SELECT T1.X, T1.Y, T1.W, T1.H FROM IMG_OBJ AS T1 INNER JOIN OBJ_CLASSES AS T2 ON T1.OBJ_CLASS_ID = T2.OBJ_CLASS_ID WHERE T1.IMG_ID = 285930 AND T2.OBJ_CLASS = 'onion'"
    },
    {
        "sample_id": 7545,
        "vt": "SELECT pred_classes.pred_class FROM pred_classes WHERE pred_classes.pred_class_id = [placeholder-type:numeric]",
        "ba": "The virtual table describes the prediction classes from the 'pred_classes' table based on a specific prediction class ID. The placeholder in the WHERE clause represents the unique identifier for the prediction class.",
        "gold_complexity": 6,
        "gold_sql": "SELECT PRED_CLASS FROM PRED_CLASSES WHERE PRED_CLASS_ID = 12"
    },
    {
        "sample_id": 7509,
        "vt": "SELECT COUNT(img_obj_att.att_class_id) FROM img_obj_att GROUP BY img_obj_att.img_id ORDER BY COUNT(img_obj_att.att_class_id) LIMIT [placeholder-type:numeric]",
        "ba": "The virtual table counts the number of attribute classes associated with each image in the 'img_obj_att' table. It groups the results by image ID and orders them by the count of attribute classes, allowing for a limit on the number of results returned.",
        "gold_complexity": 9,
        "gold_sql": "SELECT COUNT(ATT_CLASS_ID) FROM IMG_OBJ_att GROUP BY IMG_ID ORDER BY COUNT(ATT_CLASS_ID) DESC LIMIT 1"
    },
    {
        "sample_id": 7566,
        "vt": "SELECT CAST(COUNT(img_obj.obj_sample_id) AS FLOAT) / COUNT(DISTINCT IMG_ID) FROM img_obj",
        "ba": "The virtual table calculates the average number of object samples per image from the 'img_obj' table. It does this by counting the total number of object samples and dividing it by the count of distinct image IDs.",
        "gold_complexity": 6,
        "gold_sql": "SELECT CAST(COUNT(OBJ_SAMPLE_ID) AS REAL) / COUNT(DISTINCT IMG_ID) FROM IMG_OBJ"
    },
    {
        "sample_id": 7491,
        "vt": "SELECT COUNT(att_classes.att_class_id) FROM att_classes",
        "ba": "The virtual table counts the number of unique attribute classes from the 'att_classes' table.",
        "gold_complexity": 4,
        "gold_sql": "SELECT COUNT(ATT_CLASS_ID) FROM ATT_CLASSES"
    },
    {
        "sample_id": 7573,
        "vt": "SELECT obj_classes.obj_class FROM img_obj INNER JOIN OBJ_CLASSES AS T2 ON T1.OBJ_CLASS_ID = T2.OBJ_CLASS_ID GROUP BY obj_classes.obj_class ORDER BY COUNT(img_obj.obj_class_id) LIMIT [placeholder-type:numeric]",
        "ba": "The virtual table describes the unique object classes from the 'obj_classes' table that are associated with images in the 'img_obj' table. It retrieves the object class names by joining the two tables on their respective object class IDs, grouping the results by object class, and ordering them based on the count of occurrences in the 'img_obj' table. The placeholder in the LIMIT clause represents the maximum number of unique object classes to return.",
        "gold_complexity": 10,
        "gold_sql": "SELECT OBJ_CLASS FROM IMG_OBJ AS T1 INNER JOIN OBJ_CLASSES AS T2 ON T1.OBJ_CLASS_ID = T2.OBJ_CLASS_ID GROUP BY T2.OBJ_CLASS ORDER BY COUNT(T1.OBJ_CLASS_ID) DESC LIMIT 1"
    },
    {
        "sample_id": 7476,
        "vt": "SELECT img_obj.obj_sample_id FROM img_obj WHERE img_obj.img_id = [placeholder-type:numeric] AND img_obj.obj_class_id = [placeholder-type:numeric]",
        "ba": "The virtual table retrieves the object sample IDs from the 'img_obj' table for a specific image ID and object class ID. The placeholders represent the image ID and object class ID that the user can specify to filter the results accordingly.",
        "gold_complexity": 7,
        "gold_sql": "SELECT OBJ_SAMPLE_ID FROM IMG_OBJ WHERE IMG_ID = 1 AND OBJ_CLASS_ID = 297"
    },
    {
        "sample_id": 7561,
        "vt": "SELECT img_obj.img_id FROM img_obj GROUP BY img_obj.img_id HAVING COUNT(img_obj.img_id) > [placeholder-type:numeric]",
        "ba": "The virtual table lists the unique image IDs from the 'img_obj' table that have more than a specified number of occurrences. This indicates that the images are associated with multiple object samples.",
        "gold_complexity": 8,
        "gold_sql": "SELECT IMG_ID FROM IMG_OBJ GROUP BY IMG_ID HAVING COUNT(IMG_ID) > 20"
    },
    {
        "sample_id": 7512,
        "vt": "SELECT obj_classes.obj_class_id FROM obj_classes WHERE obj_classes.obj_class = '[placeholder-type:string]'",
        "ba": "The virtual table retrieves the unique identifier for object classes from the 'obj_classes' table based on a specified class name. The placeholder in the WHERE clause represents the name of the object class being queried.",
        "gold_complexity": 6,
        "gold_sql": "SELECT OBJ_CLASS_ID FROM OBJ_CLASSES WHERE OBJ_CLASS = 'onion'"
    },
    {
        "sample_id": 7485,
        "vt": "SELECT SUM(CASE WHEN pred_classes.pred_class = '[placeholder-type:string]' THEN [placeholder-type:numeric] ELSE [placeholder-type:numeric] END) FROM pred_classes INNER JOIN IMG_REL AS T2 ON T1.PRED_CLASS_ID = T2.PRED_CLASS_ID WHERE img_rel.obj1_sample_id <> img_rel.obj2_sample_id",
        "ba": "The virtual table calculates the sum of a conditional expression based on the prediction class from the 'pred_classes' table. It joins the 'pred_classes' table with the 'img_rel' table to filter relationships between different object samples, ensuring that the two object samples are not the same. The placeholders represent the prediction class to check against and the numeric values to sum based on the condition.",
        "gold_complexity": 7,
        "gold_sql": "SELECT SUM(CASE WHEN T1.PRED_CLASS = 'parked on' THEN 1 ELSE 0 END) FROM PRED_CLASSES AS T1 INNER JOIN IMG_REL AS T2 ON T1.PRED_CLASS_ID = T2.PRED_CLASS_ID WHERE T2.OBJ1_SAMPLE_ID != T2.OBJ2_SAMPLE_ID"
    },
    {
        "sample_id": 7550,
        "vt": "SELECT SUM(CASE WHEN img_obj.img_id = [placeholder-type:numeric] THEN [placeholder-type:numeric] ELSE [placeholder-type:numeric] END) FROM img_obj INNER JOIN OBJ_CLASSES AS T2 ON T1.OBJ_CLASS_ID = T2.OBJ_CLASS_ID WHERE obj_classes.obj_class = '[placeholder-type:string]'",
        "ba": "The virtual table calculates the sum of a specific numeric value based on a condition related to image IDs from the 'img_obj' table. It joins with the 'obj_classes' table to filter results based on the object class description. The placeholders represent the image ID and the numeric values to be summed, as well as the object class description.",
        "gold_complexity": 7,
        "gold_sql": "SELECT SUM(CASE WHEN T1.IMG_ID = 2315533 THEN 1 ELSE 0 END) FROM IMG_OBJ AS T1 INNER JOIN OBJ_CLASSES AS T2 ON T1.OBJ_CLASS_ID = T2.OBJ_CLASS_ID WHERE T2.OBJ_CLASS = 'clouds'"
    },
    {
        "sample_id": 7549,
        "vt": "SELECT COUNT(DISTINCT T1.IMG_ID) FROM img_obj INNER JOIN OBJ_CLASSES AS T2 ON T1.OBJ_CLASS_ID = T2.OBJ_CLASS_ID WHERE obj_classes.obj_class = '[placeholder-type:string]'",
        "ba": "The virtual table counts the distinct images from the 'img_obj' table that belong to a specific object class. It joins the 'img_obj' table with the 'obj_classes' table to filter images based on the object class description provided by the user.",
        "gold_complexity": 8,
        "gold_sql": "SELECT COUNT(DISTINCT T1.IMG_ID) FROM IMG_OBJ AS T1 INNER JOIN OBJ_CLASSES AS T2 ON T1.OBJ_CLASS_ID = T2.OBJ_CLASS_ID WHERE T2.OBJ_CLASS = 'paint'"
    },
    {
        "sample_id": 7609,
        "vt": "SELECT img_obj.obj_sample_id, img_obj.x, img_obj.y FROM att_classes INNER JOIN IMG_OBJ_ATT AS T2 ON T1.ATT_CLASS_ID = T2.ATT_CLASS_ID INNER JOIN IMG_OBJ AS T3 ON T2.IMG_ID = T3.IMG_ID WHERE img_obj.img_id = [placeholder-type:numeric] AND att_classes.att_class = '[placeholder-type:string]'",
        "ba": "The virtual table describes the object sample IDs along with their x and y coordinates from the 'img_obj' table, filtered by a specific image ID and attribute class. The query joins the 'att_classes' table to access the attribute class information and the 'img_obj_att' table to link images with their attributes.",
        "gold_complexity": 13,
        "gold_sql": "SELECT T3.OBJ_SAMPLE_ID, T3.X, T3.Y FROM ATT_CLASSES AS T1 INNER JOIN IMG_OBJ_ATT AS T2 ON T1.ATT_CLASS_ID = T2.ATT_CLASS_ID INNER JOIN IMG_OBJ AS T3 ON T2.IMG_ID = T3.IMG_ID WHERE T3.IMG_ID = 23 AND T1.ATT_CLASS = 'cast'"
    },
    {
        "sample_id": 7562,
        "vt": "SELECT img_obj.obj_sample_id FROM img_obj WHERE img_obj.img_id = [placeholder-type:numeric] ORDER BY img_obj.w LIMIT [placeholder-type:numeric]",
        "ba": "The virtual table retrieves the object sample IDs from the 'img_obj' table for a specific image ID. The results are ordered by the width of the bounding box and limited to a specified number of entries.",
        "gold_complexity": 9,
        "gold_sql": "SELECT OBJ_SAMPLE_ID FROM IMG_OBJ WHERE IMG_ID = 8 ORDER BY W DESC LIMIT 1"
    },
    {
        "sample_id": 7530,
        "vt": "SELECT att_classes.att_class FROM img_obj INNER JOIN OBJ_CLASSES AS T2 ON T1.OBJ_CLASS_ID = T2.OBJ_CLASS_ID INNER JOIN IMG_OBJ_ATT AS T3 ON T1.IMG_ID = T3.IMG_ID INNER JOIN ATT_CLASSES AS T4 ON T3.ATT_CLASS_ID = T4.ATT_CLASS_ID WHERE obj_classes.obj_class = '[placeholder-type:string]' AND img_obj.img_id = [placeholder-type:numeric] GROUP BY att_classes.att_class",
        "ba": "The virtual table describes the attribute classes associated with a specific object class and image ID. It retrieves the attribute class names from the 'att_classes' table by joining it with the 'img_obj', 'obj_classes', and 'img_obj_att' tables. The placeholders represent the object class name and the image ID for filtering the results accordingly.",
        "gold_complexity": 12,
        "gold_sql": "SELECT T4.ATT_CLASS FROM IMG_OBJ AS T1 INNER JOIN OBJ_CLASSES AS T2 ON T1.OBJ_CLASS_ID = T2.OBJ_CLASS_ID INNER JOIN IMG_OBJ_ATT AS T3 ON T1.IMG_ID = T3.IMG_ID INNER JOIN ATT_CLASSES AS T4 ON T3.ATT_CLASS_ID = T4.ATT_CLASS_ID WHERE T2.OBJ_CLASS = 'wall' AND T1.IMG_ID = 27 GROUP BY T4.ATT_CLASS"
    },
    {
        "sample_id": 7483,
        "vt": "SELECT SUM(CASE WHEN pred_classes.pred_class = '[placeholder-type:string]' THEN [placeholder-type:numeric] ELSE [placeholder-type:numeric] END) FROM pred_classes INNER JOIN IMG_REL AS T2 ON T1.PRED_CLASS_ID = T2.PRED_CLASS_ID WHERE img_rel.img_id = [placeholder-type:numeric] AND img_rel.obj1_sample_id <> img_rel.obj2_sample_id",
        "ba": "The virtual table calculates the sum of a conditional expression based on the prediction class from the 'pred_classes' table. It joins the 'pred_classes' table with the 'img_rel' table to filter relationships between objects in a specific image, identified by its image ID. The condition checks if the prediction class matches a specified value, and it ensures that the two objects being compared are not the same by checking that their sample IDs are different.",
        "gold_complexity": 9,
        "gold_sql": "SELECT SUM(CASE WHEN T1.PRED_CLASS = 'parked on' THEN 1 ELSE 0 END) FROM PRED_CLASSES AS T1 INNER JOIN IMG_REL AS T2 ON T1.PRED_CLASS_ID = T2.PRED_CLASS_ID WHERE T2.IMG_ID = 1 AND T2.OBJ1_SAMPLE_ID != OBJ2_SAMPLE_ID"
    },
    {
        "sample_id": 7521,
        "vt": "SELECT pred_classes.pred_class FROM img_rel INNER JOIN pred_classes AS T2 ON T1.PRED_CLASS_ID = T2.PRED_CLASS_ID WHERE img_rel.obj1_sample_id = img_rel.obj2_sample_id GROUP BY pred_classes.pred_class",
        "ba": "The virtual table describes the prediction classes associated with images that have self-relations between objects. It retrieves the prediction class captions from the 'pred_classes' table by joining it with the 'img_rel' table, filtering for cases where the sample IDs of the two objects are the same, indicating a self-relation. The results are grouped by the prediction class to avoid duplicates.",
        "gold_complexity": 9,
        "gold_sql": "SELECT T2.PRED_CLASS FROM IMG_REL AS T1 INNER JOIN pred_classes AS T2 ON T1.PRED_CLASS_ID = T2.PRED_CLASS_ID WHERE T1.OBJ1_SAMPLE_ID = T1.OBJ2_SAMPLE_ID GROUP BY T2.PRED_CLASS"
    },
    {
        "sample_id": 7581,
        "vt": "SELECT img_rel.img_id FROM img_rel GROUP BY img_rel.pred_class_id HAVING COUNT(DISTINCT OBJ1_SAMPLE_ID) <> [placeholder-type:numeric] AND COUNT(DISTINCT OBJ2_SAMPLE_ID) <> [placeholder-type:numeric]",
        "ba": "The virtual table retrieves image IDs from the 'img_rel' table, grouping the results by prediction class ID. It filters the results to include only those groups where the count of distinct sample IDs for both objects in the relationship is not equal to a specified numeric value.",
        "gold_complexity": 10,
        "gold_sql": "SELECT IMG_ID FROM IMG_REL GROUP BY PRED_CLASS_ID HAVING COUNT(DISTINCT OBJ1_SAMPLE_ID) != 0 AND COUNT(DISTINCT OBJ2_SAMPLE_ID) != 0"
    },
    {
        "sample_id": 7585,
        "vt": "SELECT COUNT(img_obj.img_id) FROM img_obj INNER JOIN OBJ_CLASSES AS T2 ON T1.OBJ_CLASS_ID = T2.OBJ_CLASS_ID WHERE obj_classes.obj_class = '[placeholder-type:string]'",
        "ba": "The virtual table counts the number of images from the 'img_obj' table that belong to a specific object class. It joins the 'img_obj' table with the 'obj_classes' table to filter images based on the class name provided in the placeholder.",
        "gold_complexity": 7,
        "gold_sql": "SELECT COUNT(T1.IMG_ID) FROM IMG_OBJ AS T1 INNER JOIN OBJ_CLASSES AS T2 ON T1.OBJ_CLASS_ID = T2.OBJ_CLASS_ID WHERE T2.OBJ_CLASS = 'keyboard'"
    },
    {
        "sample_id": 7525,
        "vt": "SELECT img_obj.w, img_obj.h FROM img_obj INNER JOIN OBJ_CLASSES AS T2 ON T1.OBJ_CLASS_ID = T2.OBJ_CLASS_ID WHERE img_obj.img_id = [placeholder-type:numeric] AND obj_classes.obj_class = '[placeholder-type:string]'",
        "ba": "The virtual table describes the width and height of objects from the 'img_obj' table that belong to a specific object class. The placeholders in the WHERE clause represent the image ID and the object class name.",
        "gold_complexity": 10,
        "gold_sql": "SELECT T1.W, T1.H FROM IMG_OBJ AS T1 INNER JOIN OBJ_CLASSES AS T2 ON T1.OBJ_CLASS_ID = T2.OBJ_CLASS_ID WHERE T1.IMG_ID = 3 AND T2.OBJ_CLASS = 'keyboard'"
    },
    {
        "sample_id": 7596,
        "vt": "SELECT img_obj.obj_sample_id FROM img_obj WHERE img_obj.img_id = [placeholder-type:numeric] AND img_obj.x = [placeholder-type:numeric] AND img_obj.y = [placeholder-type:numeric]",
        "ba": "The virtual table retrieves the object sample IDs from the 'img_obj' table based on specific image ID and coordinates (x, y). The placeholders represent the image ID and the x and y coordinates of the bounding box for the object.",
        "gold_complexity": 8,
        "gold_sql": "SELECT OBJ_SAMPLE_ID FROM IMG_OBJ WHERE IMG_ID = 17 AND X = 0 AND Y = 0"
    },
    {
        "sample_id": 7502,
        "vt": "SELECT att_classes.att_class FROM img_obj_att INNER JOIN ATT_CLASSES AS T2 ON T1.ATT_CLASS_ID = T2.ATT_CLASS_ID INNER JOIN IMG_OBJ AS T3 ON T1.IMG_ID = T3.IMG_ID INNER JOIN OBJ_CLASSES AS T4 ON T3.OBJ_CLASS_ID = T4.OBJ_CLASS_ID WHERE obj_classes.obj_class = '[placeholder-type:string]' AND img_obj_att.img_id = [placeholder-type:numeric]",
        "ba": "The virtual table describes the attribute classes associated with images from the 'img_obj_att' table, which links images to their attributes. It joins with the 'att_classes' table to retrieve the attribute class names, and also connects to the 'img_obj' table to access object details. The query filters results based on a specific object class and a particular image ID, represented by placeholders for user input.",
        "gold_complexity": 10,
        "gold_sql": "SELECT T2.ATT_CLASS FROM IMG_OBJ_att AS T1 INNER JOIN ATT_CLASSES AS T2 ON T1.ATT_CLASS_ID = T2.ATT_CLASS_ID INNER JOIN IMG_OBJ AS T3 ON T1.IMG_ID = T3.IMG_ID INNER JOIN OBJ_CLASSES AS T4 ON T3.OBJ_CLASS_ID = T4.OBJ_CLASS_ID WHERE T4.OBJ_CLASS = 'weeds' AND T1.IMG_ID = 2377988"
    },
    {
        "sample_id": 7611,
        "vt": "SELECT obj_classes.obj_class, AVG(img_obj.w), AVG(img_obj.h) FROM img_obj INNER JOIN OBJ_CLASSES AS T2 ON T1.OBJ_CLASS_ID = T2.OBJ_CLASS_ID WHERE img_obj.img_id = [placeholder-type:numeric] GROUP BY obj_classes.obj_class",
        "ba": "The virtual table provides the average width and height of objects from the 'img_obj' table, grouped by their corresponding class names from the 'obj_classes' table. The placeholder in the WHERE clause represents the specific image ID for which the averages are calculated.",
        "gold_complexity": 13,
        "gold_sql": "SELECT T2.OBJ_CLASS, AVG(T1.W), AVG(T1.H) FROM IMG_OBJ AS T1 INNER JOIN OBJ_CLASSES AS T2 ON T1.OBJ_CLASS_ID = T2.OBJ_CLASS_ID WHERE T1.IMG_ID = 47 GROUP BY T2.OBJ_CLASS"
    },
    {
        "sample_id": 7551,
        "vt": "SELECT obj_classes.obj_class_id FROM obj_classes WHERE obj_classes.obj_class = '[placeholder-type:string]'",
        "ba": "The virtual table retrieves the unique identifier for object classes from the 'obj_classes' table based on a specified class name. The placeholder in the WHERE clause represents the name of the object class being queried.",
        "gold_complexity": 6,
        "gold_sql": "SELECT OBJ_CLASS_ID FROM OBJ_CLASSES WHERE OBJ_CLASS = 'onion'"
    },
    {
        "sample_id": 7589,
        "vt": "SELECT att_classes.att_class FROM att_classes INNER JOIN IMG_OBJ_ATT AS T2 ON T1.ATT_CLASS_ID = T2.ATT_CLASS_ID WHERE img_obj_att.img_id = [placeholder-type:numeric]",
        "ba": "The virtual table describes the attribute classes associated with a specific image from the 'att_classes' table. The query joins the 'att_classes' table with the 'img_obj_att' table to filter the results based on a specific image ID, represented by a placeholder for numeric values.",
        "gold_complexity": 7,
        "gold_sql": "SELECT T1.ATT_CLASS FROM ATT_CLASSES AS T1 INNER JOIN IMG_OBJ_ATT AS T2 ON T1.ATT_CLASS_ID = T2.ATT_CLASS_ID WHERE T2.IMG_ID = 15"
    },
    {
        "sample_id": 7507,
        "vt": "SELECT COUNT(*) FROM (SELECT img_obj_att.img_id FROM IMG_OBJ_att GROUP BY IMG_ID HAVING COUNT(ATT_CLASS_ID) > 25) AS t1",
        "ba": "The virtual table counts the number of images from the 'img_obj_att' table that have more than 25 associated attribute classes. It does this by grouping the records by 'img_id' and applying a filter to only include those groups where the count of 'att_class_id' exceeds 25.",
        "gold_complexity": 12,
        "gold_sql": "SELECT COUNT(*) FROM ( SELECT IMG_ID FROM IMG_OBJ_att GROUP BY IMG_ID HAVING COUNT(ATT_CLASS_ID) > 25 ) T1"
    },
    {
        "sample_id": 7553,
        "vt": "SELECT CAST(SUM(CASE WHEN obj_classes.obj_class = '[placeholder-type:string]' THEN [placeholder-type:numeric] ELSE [placeholder-type:numeric] END) AS FLOAT) * [placeholder-type:numeric] / COUNT(img_obj.obj_class_id) FROM img_obj INNER JOIN OBJ_CLASSES AS T2 ON T1.OBJ_CLASS_ID = T2.OBJ_CLASS_ID WHERE img_obj.img_id = [placeholder-type:numeric]",
        "ba": "The virtual table calculates a weighted average of a specific object class from the 'img_obj' table based on the provided image ID. It sums up values conditionally based on the object class and normalizes this sum by the count of object class IDs associated with the image. The placeholders represent the object class name, numeric values for calculations, and the image ID.",
        "gold_complexity": 8,
        "gold_sql": "SELECT CAST(SUM(CASE WHEN T2.OBJ_CLASS = 'surface' THEN 1 ELSE 0 END) AS REAL) * 100 / COUNT(T1.OBJ_CLASS_ID) FROM IMG_OBJ AS T1 INNER JOIN OBJ_CLASSES AS T2 ON T1.OBJ_CLASS_ID = T2.OBJ_CLASS_ID WHERE T1.IMG_ID = 2654"
    },
    {
        "sample_id": 7519,
        "vt": "SELECT COUNT(pred_classes.pred_class_id) FROM img_rel INNER JOIN PRED_CLASSES AS T2 ON T1.PRED_CLASS_ID = T2.PRED_CLASS_ID WHERE img_rel.img_id = [placeholder-type:numeric] AND pred_classes.pred_class = '[placeholder-type:string]'",
        "ba": "The virtual table counts the number of prediction classes associated with a specific image ID from the 'img_rel' table. It joins with the 'pred_classes' table to filter based on a specific prediction class caption. The placeholders represent the image ID and the prediction class caption.",
        "gold_complexity": 8,
        "gold_sql": "SELECT COUNT(T2.PRED_CLASS_ID) FROM IMG_REL AS T1 INNER JOIN PRED_CLASSES AS T2 ON T1.PRED_CLASS_ID = T2.PRED_CLASS_ID WHERE T1.IMG_ID = 3050 AND T2.PRED_CLASS = 'has'"
    },
    {
        "sample_id": 7575,
        "vt": "SELECT img_obj.obj_sample_id, img_obj.x, img_obj.y FROM att_classes INNER JOIN IMG_OBJ_ATT AS T2 ON T1.ATT_CLASS_ID = T2.ATT_CLASS_ID INNER JOIN IMG_OBJ AS T3 ON T2.IMG_ID = T3.IMG_ID WHERE img_obj.img_id = [placeholder-type:numeric] AND att_classes.att_class = '[placeholder-type:string]'",
        "ba": "The virtual table describes the object sample IDs along with their x and y coordinates from the 'img_obj' table, filtered by a specific image ID and attribute class. The query utilizes inner joins to connect the 'att_classes' and 'img_obj_att' tables, ensuring that only relevant attributes for the specified image are included.",
        "gold_complexity": 13,
        "gold_sql": "SELECT T3.OBJ_SAMPLE_ID, T3.X, T3.Y FROM ATT_CLASSES AS T1 INNER JOIN IMG_OBJ_ATT AS T2 ON T1.ATT_CLASS_ID = T2.ATT_CLASS_ID INNER JOIN IMG_OBJ AS T3 ON T2.IMG_ID = T3.IMG_ID WHERE T3.IMG_ID = 1 AND T1.ATT_CLASS = 'sparse'"
    },
    {
        "sample_id": 7474,
        "vt": "SELECT COUNT((SELECT IMG_ID FROM IMG_OBJ GROUP BY IMG_ID HAVING COUNT(OBJ_SAMPLE_ID) > 20).img_id) FROM (SELECT img_obj.img_id FROM IMG_OBJ GROUP BY IMG_ID HAVING COUNT(OBJ_SAMPLE_ID) > 20) AS t1",
        "ba": "The virtual table counts the number of images from the 'img_obj' table that have more than 20 associated object samples. It first identifies the image IDs that meet this criterion by grouping the image IDs and counting the object sample IDs, then it counts how many such image IDs exist.",
        "gold_complexity": 12,
        "gold_sql": "SELECT COUNT(T1.IMG_ID) FROM ( SELECT IMG_ID FROM IMG_OBJ GROUP BY IMG_ID HAVING COUNT(OBJ_SAMPLE_ID) > 20 ) T1"
    },
    {
        "sample_id": 7577,
        "vt": "SELECT CAST(COUNT(img_obj.obj_sample_id) AS FLOAT) * [placeholder-type:numeric] / COUNT(CASE WHEN img_obj.img_id = [placeholder-type:numeric] THEN [placeholder-type:numeric] ELSE [placeholder-type:numeric] END) FROM img_obj INNER JOIN OBJ_CLASSES AS T2 ON T1.OBJ_CLASS_ID = T2.OBJ_CLASS_ID WHERE obj_classes.obj_class = '[placeholder-type:string]'",
        "ba": "The virtual table calculates a weighted count of object samples from the 'img_obj' table based on a specific object class. It uses a placeholder for a numeric value to scale the count and another placeholder for a numeric value to filter the count based on a specific image ID. Additionally, it joins with the 'obj_classes' table to ensure that only object samples belonging to a specified class are considered in the calculation.",
        "gold_complexity": 8,
        "gold_sql": "SELECT CAST(COUNT(T1.OBJ_SAMPLE_ID) AS REAL) * 100 / COUNT(CASE WHEN T1.IMG_ID = 5 THEN 1 ELSE 0 END) FROM IMG_OBJ AS T1 INNER JOIN OBJ_CLASSES AS T2 ON T1.OBJ_CLASS_ID = T2.OBJ_CLASS_ID WHERE T2.OBJ_CLASS = 'windows'"
    },
    {
        "sample_id": 7543,
        "vt": "SELECT obj_classes.obj_class FROM obj_classes WHERE obj_classes.obj_class_id = [placeholder-type:numeric]",
        "ba": "The virtual table retrieves the object class description from the 'obj_classes' table based on a specific object class ID. The placeholder in the WHERE clause represents the unique identifier for the object class.",
        "gold_complexity": 6,
        "gold_sql": "SELECT OBJ_CLASS FROM OBJ_CLASSES WHERE OBJ_CLASS_ID = 10"
    },
    {
        "sample_id": 7536,
        "vt": "SELECT pred_classes.pred_class FROM img_rel INNER JOIN PRED_CLASSES AS T2 ON T1.PRED_CLASS_ID = T2.PRED_CLASS_ID WHERE img_rel.img_id = [placeholder-type:numeric] AND img_rel.obj1_sample_id = [placeholder-type:numeric] AND img_rel.obj2_sample_id = [placeholder-type:numeric]",
        "ba": "The virtual table retrieves the prediction class captions for relationships between two objects in a specific image. It joins the 'img_rel' table with the 'pred_classes' table to get the corresponding prediction class for the relationship identified by the given image ID and the two object sample IDs.",
        "gold_complexity": 9,
        "gold_sql": "SELECT T2.PRED_CLASS FROM IMG_REL AS T1 INNER JOIN PRED_CLASSES AS T2 ON T1.PRED_CLASS_ID = T2.PRED_CLASS_ID WHERE T1.IMG_ID = 1 AND T1.OBJ1_SAMPLE_ID = 25 AND T1.OBJ2_SAMPLE_ID = 2"
    }
]