[
    {
        "sample_id": 10869,
        "vt": "SELECT DISTINCT event.event_name, event.location FROM event INNER JOIN budget AS T2 ON T1.event_id = T2.link_to_event WHERE budget.remaining > [placeholder-type:numeric]",
        "ba": "The virtual table describes the distinct names and locations of events from the 'event' table that have a remaining budget greater than a specified amount. The query joins the 'event' table with the 'budget' table to filter events based on their budget status.",
        "gold_complexity": 10,
        "gold_sql": "SELECT DISTINCT T1.event_name, T1.location FROM event AS T1 INNER JOIN budget AS T2 ON T1.event_id = T2.link_to_event WHERE T2.remaining > 0"
    },
    {
        "sample_id": 10843,
        "vt": "SELECT CAST(SUM(CASE WHEN major.major_name = '[placeholder-type:string]' THEN [placeholder-type:numeric] ELSE [placeholder-type:numeric] END) AS FLOAT) * [placeholder-type:numeric] / COUNT(member.member_id) FROM member INNER JOIN major AS T2 ON T2.major_id = T1.link_to_major WHERE member.position = '[placeholder-type:string]'",
        "ba": "The virtual table calculates a weighted average of a specific numeric value based on the major of members who hold a certain position. It sums up a conditional value for members linked to a specific major and divides it by the count of members in that position, adjusting the result by a specified multiplier.",
        "gold_complexity": 8,
        "gold_sql": "SELECT CAST(SUM(CASE WHEN T2.major_name = 'Business' THEN 1 ELSE 0 END) AS REAL) * 100 / COUNT(T1.member_id) FROM member AS T1 INNER JOIN major AS T2 ON T2.major_id = T1.link_to_major WHERE T1.position = 'Member'"
    },
    {
        "sample_id": 10870,
        "vt": "SELECT event.event_name, event.event_date FROM event INNER JOIN budget AS T2 ON T1.event_id = T2.link_to_event INNER JOIN expense AS T3 ON T2.budget_id = T3.link_to_budget WHERE expense.expense_description = '[placeholder-type:string]' AND expense.cost > [placeholder-type:numeric] AND expense.cost < [placeholder-type:numeric]",
        "ba": "The virtual table provides a list of event names and their corresponding dates from the 'event' table. It filters the results based on specific criteria related to expenses associated with each event. The query joins the 'event' table with the 'budget' table to link events to their budgets, and then further joins with the 'expense' table to access details about expenses. The placeholders in the WHERE clause allow users to specify an expense description and a range for the cost of expenses, ensuring that only events with certain types of expenses within a specified cost range are included in the results.",
        "gold_complexity": 14,
        "gold_sql": "SELECT T1.event_name, T1.event_date FROM event AS T1 INNER JOIN budget AS T2 ON T1.event_id = T2.link_to_event INNER JOIN expense AS T3 ON T2.budget_id = T3.link_to_budget WHERE T3.expense_description = 'Pizza' AND T3.cost > 50 AND T3.cost < 100"
    },
    {
        "sample_id": 10834,
        "vt": "SELECT expense.expense_description FROM member INNER JOIN expense AS T2 ON T1.member_id = T2.link_to_member WHERE member.t_shirt_size = '[placeholder-type:string]'",
        "ba": "The virtual table describes the expense descriptions incurred by members who have a specific t-shirt size. It retrieves data from the 'member' table and joins it with the 'expense' table based on the member's unique identifier. The placeholder in the WHERE clause represents the t-shirt size of the members.",
        "gold_complexity": 7,
        "gold_sql": "SELECT T2.expense_description FROM member AS T1 INNER JOIN expense AS T2 ON T1.member_id = T2.link_to_member WHERE T1.t_shirt_size = 'X-Large'"
    },
    {
        "sample_id": 10757,
        "vt": "SELECT budget.spent FROM event INNER JOIN budget AS T2 ON T1.event_id = T2.link_to_event WHERE event.event_name = '[placeholder-type:string]' AND budget.category = '[placeholder-type:string]' AND SUBSTRING(event.event_date, [placeholder-type:numeric], [placeholder-type:numeric]) = '[placeholder-type:string]'",
        "ba": "The virtual table retrieves the total amount spent from the 'budget' table for a specific event, identified by its name, and a specific budget category. It filters the results based on the event's name, the budget category, and a substring of the event date, which is specified by numeric placeholders for start and length.",
        "gold_complexity": 9,
        "gold_sql": "SELECT T2.spent FROM event AS T1 INNER JOIN budget AS T2 ON T1.event_id = T2.link_to_event WHERE T1.event_name = 'September Meeting' AND T2.category = 'Advertisement' AND SUBSTR(T1.event_date, 6, 2) = '09'"
    },
    {
        "sample_id": 10755,
        "vt": "SELECT zip_code.city, zip_code.state FROM member INNER JOIN zip_code AS T2 ON T1.zip = T2.zip_code WHERE member.position = '[placeholder-type:string]'",
        "ba": "The virtual table describes the cities and states of members based on their zip codes from the 'member' table. It filters the results to include only those members who hold a specific position within the organization. The placeholder in the WHERE clause represents the member's position.",
        "gold_complexity": 9,
        "gold_sql": "SELECT T2.city, T2.state FROM member AS T1 INNER JOIN zip_code AS T2 ON T1.zip = T2.zip_code WHERE T1.position = 'President'"
    },
    {
        "sample_id": 10863,
        "vt": "SELECT COUNT(member.member_id) FROM member INNER JOIN major AS T2 ON T2.major_id = T1.link_to_major WHERE member.position = '[placeholder-type:string]' AND major.major_name LIKE '[placeholder-type:string]' AND major.college = '[placeholder-type:string]'",
        "ba": "The virtual table counts the number of members from the 'member' table who hold a specific position, belong to a specific major, and are enrolled in a specific college. The placeholders in the WHERE clause represent the member's position, the major's name, and the college's name.",
        "gold_complexity": 10,
        "gold_sql": "SELECT COUNT(T1.member_id) FROM member AS T1 INNER JOIN major AS T2 ON T2.major_id = T1.link_to_major WHERE T1.position = 'Member' AND T2.major_name LIKE '%Education%' AND T2.college = 'College of Education & Human Services'"
    },
    {
        "sample_id": 10741,
        "vt": "SELECT major.college FROM member INNER JOIN major AS T2 ON T1.link_to_major = T2.major_id WHERE member.position LIKE '[placeholder-type:string]'",
        "ba": "The virtual table retrieves the college names associated with members based on their position within the organization. It joins the 'member' table with the 'major' table using the unique identifier for the major, allowing for a filtered selection of colleges where members hold specific positions.",
        "gold_complexity": 7,
        "gold_sql": "SELECT T2.college FROM member AS T1 INNER JOIN major AS T2 ON T1.link_to_major = T2.major_id WHERE T1.position LIKE 'vice president'"
    },
    {
        "sample_id": 10824,
        "vt": "SELECT member.t_shirt_size FROM member GROUP BY member.t_shirt_size ORDER BY COUNT(member.t_shirt_size) LIMIT [placeholder-type:numeric]",
        "ba": "The virtual table provides a summary of the t-shirt sizes requested by members, grouped by size and ordered by the count of each size. The placeholder in the LIMIT clause allows for specifying the maximum number of sizes to return.",
        "gold_complexity": 9,
        "gold_sql": "SELECT t_shirt_size FROM member GROUP BY t_shirt_size ORDER BY COUNT(t_shirt_size) DESC LIMIT 1"
    },
    {
        "sample_id": 10753,
        "vt": "SELECT income.amount FROM member INNER JOIN income AS T2 ON T1.member_id = T2.link_to_member WHERE member.position = '[placeholder-type:string]'",
        "ba": "The virtual table displays the total amount of income received by members of a specific position from the 'member' and 'income' tables. The placeholder in the WHERE clause represents the position of the member.",
        "gold_complexity": 7,
        "gold_sql": "SELECT T2.amount FROM member AS T1 INNER JOIN income AS T2 ON T1.member_id = T2.link_to_member WHERE T1.position = 'Vice President'"
    },
    {
        "sample_id": 10876,
        "vt": "SELECT SUM(CASE WHEN event.type = '[placeholder-type:string]' THEN expense.cost ELSE [placeholder-type:numeric] END) * [placeholder-type:numeric] / SUM(expense.cost) FROM event INNER JOIN budget AS T2 ON T1.event_id = T2.link_to_event INNER JOIN expense AS T3 ON T2.budget_id = T3.link_to_budget",
        "ba": "The virtual table calculates the weighted average cost of expenses for events of a specific type. It sums the costs of expenses associated with events that match the specified type, applies a multiplier, and divides by the total sum of expenses to get the average. The placeholders represent the event type, a numeric value for multiplication, and the numeric result of the calculation.",
        "gold_complexity": 7,
        "gold_sql": "SELECT SUM(CASE WHEN T1.type = 'Meeting' THEN T3.cost ELSE 0 END) * 100 / SUM(T3.cost) FROM event AS T1 INNER JOIN budget AS T2 ON T1.event_id = T2.link_to_event INNER JOIN expense AS T3 ON T2.budget_id = T3.link_to_budget"
    },
    {
        "sample_id": 10830,
        "vt": "SELECT SUM(expense.cost) FROM expense WHERE expense.expense_description = '[placeholder-type:string]'",
        "ba": "The virtual table summarizes the total cost of expenses from the 'expense' table based on a specific expense description. The placeholder in the WHERE clause represents the description of the expense for which the total cost is being calculated.",
        "gold_complexity": 6,
        "gold_sql": "SELECT SUM(cost) FROM expense WHERE expense_description = 'Parking'"
    },
    {
        "sample_id": 10804,
        "vt": "SELECT member.first_name, member.last_name FROM major INNER JOIN member AS T2 ON T1.major_id = T2.link_to_major INNER JOIN attendance AS T3 ON T2.member_id = T3.link_to_member INNER JOIN event AS T4 ON T3.link_to_event = T4.event_id WHERE event.event_name = '[placeholder-type:string]' AND major.major_name = '[placeholder-type:string]'",
        "ba": "The virtual table describes the first and last names of members who attended a specific event related to a particular major. It combines data from the 'major', 'member', 'attendance', and 'event' tables, filtering based on the event name and major name provided by the user.",
        "gold_complexity": 12,
        "gold_sql": "SELECT T2.first_name, T2.last_name FROM major AS T1 INNER JOIN member AS T2 ON T1.major_id = T2.link_to_major INNER JOIN attendance AS T3 ON T2.member_id = T3.link_to_member INNER JOIN event AS T4 ON T3.link_to_event = T4.event_id WHERE T4.event_name = 'Community Theater' AND T1.major_name = 'Interior Design'"
    },
    {
        "sample_id": 10835,
        "vt": "SELECT member.zip FROM member INNER JOIN expense AS T2 ON T1.member_id = T2.link_to_member WHERE expense.cost < [placeholder-type:numeric]",
        "ba": "The virtual table retrieves the ZIP codes of members who have incurred expenses below a specified cost. It joins the 'member' table with the 'expense' table based on the member's unique identifier, allowing for filtering of members based on their expense amounts.",
        "gold_complexity": 7,
        "gold_sql": "SELECT T1.zip FROM member AS T1 INNER JOIN expense AS T2 ON T1.member_id = T2.link_to_member WHERE T2.cost < 50"
    },
    {
        "sample_id": 10795,
        "vt": "SELECT COUNT(member.member_id) FROM zip_code INNER JOIN member AS T2 ON T1.zip_code = T2.zip WHERE zip_code.state = '[placeholder-type:string]'",
        "ba": "The virtual table counts the number of members from the 'member' table who reside in a specific state, as indicated by the 'zip_code' table. It uses an inner join to connect the two tables based on the zip code, filtering the results to only include members from the specified state.",
        "gold_complexity": 7,
        "gold_sql": "SELECT COUNT(T2.member_id) FROM zip_code AS T1 INNER JOIN member AS T2 ON T1.zip_code = T2.zip WHERE T1.state = 'Maryland'"
    },
    {
        "sample_id": 10860,
        "vt": "SELECT major.college FROM member INNER JOIN major AS T2 ON T2.major_id = T1.link_to_major WHERE member.link_to_major = '[placeholder-type:string]' AND member.first_name = '[placeholder-type:string]'",
        "ba": "The virtual table retrieves the college name associated with a specific major for a member identified by their first name. It joins the 'member' table with the 'major' table using the major identifier, filtering results based on the member's major and first name.",
        "gold_complexity": 8,
        "gold_sql": "SELECT T2.college FROM member AS T1 INNER JOIN major AS T2 ON T2.major_id = T1.link_to_major WHERE T1.link_to_major = 'rec1N0upiVLy5esTO' AND T1.first_name = 'Katy'"
    },
    {
        "sample_id": 10789,
        "vt": "SELECT major.college FROM member INNER JOIN major AS T2 ON T1.link_to_major = T2.major_id GROUP BY major.major_id ORDER BY COUNT(major.college) LIMIT [placeholder-type:numeric]",
        "ba": "The virtual table retrieves the names of colleges offering majors, based on the members' declared majors. It groups the results by major to count how many members are associated with each college, and limits the output to a specified number of colleges.",
        "gold_complexity": 10,
        "gold_sql": "SELECT T2.college FROM member AS T1 INNER JOIN major AS T2 ON T1.link_to_major = T2.major_id GROUP BY T2.major_id ORDER BY COUNT(T2.college) DESC LIMIT 1"
    },
    {
        "sample_id": 10885,
        "vt": "SELECT event.event_name FROM event INNER JOIN budget AS T2 ON T1.event_id = T2.link_to_event WHERE budget.category = '[placeholder-type:string]'",
        "ba": "The virtual table describes the names of events from the 'event' table that are associated with a specific budget category. The query uses an INNER JOIN to connect the 'event' table with the 'budget' table based on the event identifier, filtering results to only include those that match the specified budget category.",
        "gold_complexity": 7,
        "gold_sql": "SELECT T1.event_name FROM event AS T1 INNER JOIN budget AS T2 ON T1.event_id = T2.link_to_event WHERE T2.category = 'Food'"
    },
    {
        "sample_id": 10874,
        "vt": "SELECT AVG(expense.cost) FROM expense INNER JOIN member AS T2 ON T1.link_to_member = T2.member_id WHERE member.position <> '[placeholder-type:string]'",
        "ba": "The virtual table calculates the average cost of expenses incurred by members who do not hold a specific position in the club. It joins the 'expense' table with the 'member' table to filter out members based on their position, using a placeholder for the position value.",
        "gold_complexity": 7,
        "gold_sql": "SELECT AVG(T1.cost) FROM expense AS T1 INNER JOIN member as T2 ON T1.link_to_member = T2.member_id WHERE T2.position != 'Member'"
    },
    {
        "sample_id": 10827,
        "vt": "SELECT budget.category, SUM(budget.amount) FROM event JOIN budget AS T2 ON T1.event_id = T2.link_to_event WHERE event.event_name = '[placeholder-type:string]' GROUP BY budget.category ORDER BY SUM(budget.amount)",
        "ba": "The virtual table summarizes the total budgeted amounts for different categories associated with a specific event. It retrieves the event name and groups the results by budget category, allowing users to see how much is allocated to each category for the specified event.",
        "gold_complexity": 13,
        "gold_sql": "SELECT T2.category, SUM(T2.amount) FROM event AS T1 JOIN budget AS T2 ON T1.event_id = T2.link_to_event WHERE T1.event_name = 'April Speaker' GROUP BY T2.category ORDER BY SUM(T2.amount) ASC"
    },
    {
        "sample_id": 10749,
        "vt": "SELECT member.first_name, member.last_name FROM member INNER JOIN attendance AS T2 ON T1.member_id = T2.link_to_member INNER JOIN event AS T3 ON T2.link_to_event = T3.event_id WHERE event.event_name = '[placeholder-type:string]'",
        "ba": "The virtual table describes the first and last names of members who attended a specific event from the 'member' table. It joins the 'attendance' table to link members to events they attended and filters the results based on the event's name using a placeholder for string values.",
        "gold_complexity": 10,
        "gold_sql": "SELECT T1.first_name, T1.last_name FROM member AS T1 INNER JOIN attendance AS T2 ON T1.member_id = T2.link_to_member INNER JOIN event AS T3 ON T2.link_to_event = T3.event_id WHERE T3.event_name = 'Laugh Out Loud'"
    },
    {
        "sample_id": 10793,
        "vt": "SELECT COUNT(attendance.link_to_member) FROM event INNER JOIN attendance AS T2 ON T1.event_id = T2.link_to_event WHERE event.event_name = '[placeholder-type:string]'",
        "ba": "The virtual table counts the number of members who attended a specific event from the 'event' table. It joins the 'event' table with the 'attendance' table to link events with their attendees. The placeholder in the WHERE clause represents the name of the event for which the attendance count is being queried.",
        "gold_complexity": 7,
        "gold_sql": "SELECT COUNT(T2.link_to_member) FROM event AS T1 INNER JOIN attendance AS T2 ON T1.event_id = T2.link_to_event WHERE T1.event_name = 'Women''s Soccer'"
    },
    {
        "sample_id": 10831,
        "vt": "SELECT SUM(expense.cost) FROM expense WHERE expense.expense_date = '[placeholder-type:string]'",
        "ba": "The virtual table summarizes the total cost of expenses recorded in the 'expense' table for a specific date. The placeholder in the WHERE clause represents the date for which the total expenses are being calculated.",
        "gold_complexity": 6,
        "gold_sql": "SELECT SUM(cost) FROM expense WHERE expense_date = '2019-08-20'"
    },
    {
        "sample_id": 10747,
        "vt": "SELECT expense.expense_description FROM expense ORDER BY expense.cost LIMIT [placeholder-type:numeric]",
        "ba": "The virtual table lists the descriptions of expenses recorded in the 'expense' table, ordered by the cost of each expense. The placeholder in the LIMIT clause allows the user to specify how many expense descriptions they want to retrieve.",
        "gold_complexity": 7,
        "gold_sql": "SELECT expense_description FROM expense ORDER BY cost DESC LIMIT 1"
    },
    {
        "sample_id": 10832,
        "vt": "SELECT member.first_name, member.last_name, SUM(expense.cost) FROM member INNER JOIN expense AS T2 ON T1.member_id = T2.link_to_member WHERE member.member_id = '[placeholder-type:string]'",
        "ba": "The virtual table summarizes the total expenses incurred by a specific member from the 'member' table. It retrieves the first and last names of the member along with the total cost of their expenses. The placeholder in the WHERE clause represents the unique identifier of the member whose expenses are being queried.",
        "gold_complexity": 11,
        "gold_sql": "SELECT T1.first_name, T1.last_name, SUM(T2.cost) FROM member AS T1 INNER JOIN expense AS T2 ON T1.member_id = T2.link_to_member WHERE T1.member_id = 'rec4BLdZHS2Blfp4v'"
    },
    {
        "sample_id": 10807,
        "vt": "SELECT member.first_name, member.last_name FROM member INNER JOIN income AS T2 ON T1.member_id = T2.link_to_member WHERE income.amount > [placeholder-type:numeric]",
        "ba": "The virtual table describes the first and last names of members from the 'member' table who have received income greater than a specified amount. The query uses an inner join with the 'income' table to filter members based on their income amount, represented by a placeholder for numeric values.",
        "gold_complexity": 9,
        "gold_sql": "SELECT T1.first_name, T1.last_name FROM member AS T1 INNER JOIN income AS T2 ON T1.member_id = T2.link_to_member WHERE T2.amount > 40"
    },
    {
        "sample_id": 10851,
        "vt": "SELECT event.event_name FROM attendance INNER JOIN event AS T2 ON T2.event_id = T1.link_to_event INNER JOIN member AS T3 ON T1.link_to_member = T3.member_id WHERE member.position = '[placeholder-type:string]' AND event.location = '[placeholder-type:string]' AND event.type = '[placeholder-type:string]'",
        "ba": "The virtual table describes the names of events that members with a specific position attended, filtered by the event's location and type. The placeholders in the WHERE clause represent the member's position, the event's location, and the type of event.",
        "gold_complexity": 10,
        "gold_sql": "SELECT T2.event_name FROM attendance AS T1 INNER JOIN event AS T2 ON T2.event_id = T1.link_to_event INNER JOIN member AS T3 ON T1.link_to_member = T3.member_id WHERE T3.position = 'Vice President' AND T2.location = '900 E. Washington St.' AND T2.type = 'Social'"
    },
    {
        "sample_id": 10759,
        "vt": "SELECT SUM(budget.amount) FROM event INNER JOIN budget AS T2 ON T1.event_id = T2.link_to_event WHERE event.event_name = '[placeholder-type:string]'",
        "ba": "The virtual table calculates the total budgeted amount for a specific event from the 'event' and 'budget' tables. It uses an inner join to link the two tables based on the event identifier, filtering the results by the event name provided as a placeholder.",
        "gold_complexity": 7,
        "gold_sql": "SELECT SUM(T2.amount) FROM event AS T1 INNER JOIN budget AS T2 ON T1.event_id = T2.link_to_event WHERE T1.event_name = 'October Speaker'"
    },
    {
        "sample_id": 10857,
        "vt": "SELECT DISTINCT event.event_name FROM event WHERE event.type = '[placeholder-type:string]' AND DATE(SUBSTRING(event.event_date, [placeholder-type:numeric], [placeholder-type:numeric])) BETWEEN '[placeholder-type:string]' AND '[placeholder-type:string]' AND event.status = '[placeholder-type:string]'",
        "ba": "The virtual table lists distinct event names from the 'event' table based on specific criteria. It filters events by their type, checks if the event date falls within a specified date range, and ensures that the event status matches a given value.",
        "gold_complexity": 10,
        "gold_sql": "SELECT DISTINCT event_name FROM event WHERE type = 'Game' AND date(SUBSTR(event_date, 1, 10)) BETWEEN '2019-03-15' AND '2020-03-20' AND status = 'Closed'"
    },
    {
        "sample_id": 10767,
        "vt": "SELECT COUNT(major.major_name) FROM major WHERE major.college = '[placeholder-type:string]'",
        "ba": "The virtual table counts the number of majors offered by a specific college from the 'major' table. The placeholder in the WHERE clause represents the name of the college.",
        "gold_complexity": 6,
        "gold_sql": "SELECT COUNT(major_name) FROM major WHERE college = 'College of Humanities and Social Sciences'"
    },
    {
        "sample_id": 10844,
        "vt": "SELECT DISTINCT budget.category FROM event INNER JOIN budget AS T2 ON T1.event_id = T2.link_to_event WHERE event.location = '[placeholder-type:string]'",
        "ba": "The virtual table lists distinct budget categories associated with events held at a specific location. It retrieves data from the 'event' table and joins it with the 'budget' table to filter the results based on the event's location.",
        "gold_complexity": 8,
        "gold_sql": "SELECT DISTINCT T2.category FROM event AS T1 INNER JOIN budget AS T2 ON T1.event_id = T2.link_to_event WHERE T1.location = 'MU 215'"
    },
    {
        "sample_id": 10771,
        "vt": "SELECT SUM(budget.amount) FROM budget INNER JOIN event AS T2 ON T1.link_to_event = T2.event_id WHERE event.event_name = '[placeholder-type:string]'",
        "ba": "The virtual table summarizes the total budgeted amount for a specific event from the 'budget' table. It joins the 'budget' table with the 'event' table to filter the results based on the event's name, which is represented by a placeholder.",
        "gold_complexity": 7,
        "gold_sql": "SELECT SUM(T1.amount) FROM budget AS T1 INNER JOIN event AS T2 ON T1.link_to_event = T2.event_id WHERE T2.event_name = 'September Speaker'"
    },
    {
        "sample_id": 10758,
        "vt": "SELECT major.department FROM member INNER JOIN major AS T2 ON T1.link_to_major = T2.major_id WHERE member.last_name = '[placeholder-type:string]' OR member.last_name = '[placeholder-type:string]'",
        "ba": "The virtual table retrieves the department names associated with members whose last names match specified values. It joins the 'member' table with the 'major' table based on the major identifier, allowing for the extraction of department information related to the members.",
        "gold_complexity": 7,
        "gold_sql": "SELECT T2.department FROM member AS T1 INNER JOIN major AS T2 ON T1.link_to_major = T2.major_id WHERE T1.last_name = 'Pierce' OR T1.last_name = 'Guidi'"
    },
    {
        "sample_id": 10762,
        "vt": "SELECT SUM(CASE WHEN SUBSTRING(event.event_date, [placeholder-type:numeric], [placeholder-type:numeric]) = '[placeholder-type:string]' THEN budget.spent ELSE [placeholder-type:numeric] END) - SUM(CASE WHEN SUBSTRING(event.event_date, [placeholder-type:numeric], [placeholder-type:numeric]) = '[placeholder-type:string]' THEN budget.spent ELSE [placeholder-type:numeric] END) FROM event INNER JOIN budget AS T2 ON T1.event_id = T2.link_to_event",
        "ba": "The virtual table calculates the total spent amount from the 'budget' table for events that occurred in a specific month and year, identified by the event date. It uses a conditional sum to differentiate between the events that match the specified date and those that do not, allowing for a comparison of budgeted versus actual spending.",
        "gold_complexity": 6,
        "gold_sql": "SELECT SUM(CASE WHEN SUBSTR(T1.event_date, 1, 4) = '2019' THEN T2.spent ELSE 0 END) - SUM(CASE WHEN SUBSTR(T1.event_date, 1, 4) = '2020' THEN T2.spent ELSE 0 END) AS num FROM event AS T1 INNER JOIN budget AS T2 ON T1.event_id = T2.link_to_event"
    },
    {
        "sample_id": 10826,
        "vt": "SELECT event.type, SUM(expense.cost) FROM event INNER JOIN budget AS T2 ON T1.event_id = T2.link_to_event INNER JOIN expense AS T3 ON T2.budget_id = T3.link_to_budget WHERE event.event_name = '[placeholder-type:string]'",
        "ba": "The virtual table summarizes the total expenses incurred for a specific type of event from the 'event' table. It joins the 'budget' table to link each event with its corresponding budget entries and then joins the 'expense' table to calculate the total cost associated with that budget. The placeholder in the WHERE clause represents the name of the event for which the total expenses are being calculated.",
        "gold_complexity": 10,
        "gold_sql": "SELECT T1.type, SUM(T3.cost) FROM event AS T1 INNER JOIN budget AS T2 ON T1.event_id = T2.link_to_event INNER JOIN expense AS T3 ON T2.budget_id = T3.link_to_budget WHERE T1.event_name = 'October Meeting'"
    },
    {
        "sample_id": 10884,
        "vt": "SELECT budget.category, budget.amount FROM event INNER JOIN budget AS T2 ON T1.event_id = T2.link_to_event WHERE event.event_name = '[placeholder-type:string]'",
        "ba": "The virtual table provides a summary of the budget categories and their corresponding amounts for a specific event from the 'event' and 'budget' tables. The placeholder in the WHERE clause represents the name of the event for which the budget details are being queried.",
        "gold_complexity": 9,
        "gold_sql": "SELECT T2.category, T2.amount FROM event AS T1 INNER JOIN budget AS T2 ON T1.event_id = T2.link_to_event WHERE T1.event_name = 'January Speaker'"
    },
    {
        "sample_id": 10890,
        "vt": "SELECT zip_code.city FROM member INNER JOIN zip_code AS T2 ON T2.zip_code = T1.zip WHERE member.first_name = '[placeholder-type:string]' AND member.last_name = '[placeholder-type:string]'",
        "ba": "The virtual table describes the cities associated with members from the 'member' table based on their first and last names. The query joins the 'member' table with the 'zip_code' table to retrieve the city information corresponding to the member's zip code. The placeholders in the WHERE clause represent the first and last names of the member being queried.",
        "gold_complexity": 8,
        "gold_sql": "SELECT T2.city FROM member AS T1 INNER JOIN zip_code AS T2 ON T2.zip_code = T1.zip WHERE T1.first_name = 'Garrett' AND T1.last_name = 'Gerke'"
    },
    {
        "sample_id": 10774,
        "vt": "SELECT COUNT(member.member_id) FROM member INNER JOIN major AS T2 ON T1.link_to_major = T2.major_id WHERE major.major_name = '[placeholder-type:string]' AND member.t_shirt_size = '[placeholder-type:string]'",
        "ba": "The virtual table counts the number of members from the 'member' table who are enrolled in a specific major and have a specified t-shirt size. The query joins the 'member' table with the 'major' table to filter members based on their major name and t-shirt size.",
        "gold_complexity": 8,
        "gold_sql": "SELECT COUNT(T1.member_id) FROM member AS T1 INNER JOIN major AS T2 ON T1.link_to_major = T2.major_id WHERE T2.major_name = 'Business' AND T1.t_shirt_size = 'Medium'"
    },
    {
        "sample_id": 10871,
        "vt": "SELECT DISTINCT member.first_name, member.last_name, major.major_name FROM member INNER JOIN major AS T2 ON T2.major_id = T1.link_to_major INNER JOIN expense AS T3 ON T1.member_id = T3.link_to_member WHERE expense.cost > [placeholder-type:numeric]",
        "ba": "The virtual table provides a list of distinct first and last names of members along with their major names from the 'member' and 'major' tables. It filters the results to include only those members who have incurred expenses greater than a specified amount.",
        "gold_complexity": 13,
        "gold_sql": "SELECT DISTINCT T1.first_name, T1.last_name, T2.major_name FROM member AS T1 INNER JOIN major AS T2 ON T2.major_id = T1.link_to_major INNER JOIN expense AS T3 ON T1.member_id = T3.link_to_member WHERE T3.cost > 100"
    },
    {
        "sample_id": 10881,
        "vt": "SELECT major.major_name, major.department FROM member INNER JOIN major AS T2 ON T2.major_id = T1.link_to_major WHERE member.first_name = '[placeholder-type:string]' AND member.last_name = '[placeholder-type:string]'",
        "ba": "The virtual table describes the major name and department of a member from the 'member' table based on their first and last names. The placeholders in the WHERE clause represent the member's first and last names.",
        "gold_complexity": 10,
        "gold_sql": "SELECT T2.major_name, T2.department FROM member AS T1 INNER JOIN major AS T2 ON T2.major_id = T1.link_to_major WHERE T1.first_name = 'Garrett' AND T1.last_name = 'Gerke'"
    },
    {
        "sample_id": 10803,
        "vt": "SELECT member.first_name, member.last_name FROM member INNER JOIN attendance AS T2 ON T1.member_id = T2.link_to_member GROUP BY attendance.link_to_member HAVING COUNT(attendance.link_to_event) > [placeholder-type:numeric]",
        "ba": "The virtual table describes the first and last names of members who have attended more than a specified number of events. It retrieves data from the 'member' table and joins it with the 'attendance' table to count the number of events each member has attended, filtering the results based on a numeric threshold.",
        "gold_complexity": 11,
        "gold_sql": "SELECT T1.first_name, T1.last_name FROM member AS T1 INNER JOIN attendance AS T2 ON T1.member_id = T2.link_to_member GROUP BY T2.link_to_member HAVING COUNT(T2.link_to_event) > 7"
    },
    {
        "sample_id": 10751,
        "vt": "SELECT zip_code.county FROM member INNER JOIN zip_code AS T2 ON T1.zip = T2.zip_code WHERE member.first_name = '[placeholder-type:string]' AND member.last_name = '[placeholder-type:string]'",
        "ba": "The virtual table retrieves the county information associated with a member's hometown based on their first and last names. It joins the 'member' table with the 'zip_code' table using the zip code to find the corresponding county.",
        "gold_complexity": 8,
        "gold_sql": "SELECT T2.county FROM member AS T1 INNER JOIN zip_code AS T2 ON T1.zip = T2.zip_code WHERE T1.first_name = 'Sherri' AND T1.last_name = 'Ramsey'"
    },
    {
        "sample_id": 10817,
        "vt": "SELECT COUNT(attendance.link_to_member) FROM event INNER JOIN attendance AS T2 ON T1.event_id = T2.link_to_event WHERE event.event_name = '[placeholder-type:string]' AND SUBSTRING(event.event_date, [placeholder-type:numeric], [placeholder-type:numeric]) = '[placeholder-type:string]'",
        "ba": "The virtual table counts the number of members who attended a specific event on a specific date. It retrieves data from the 'event' table and joins it with the 'attendance' table to link events with their attendees. The placeholders represent the event name and the date substring parameters.",
        "gold_complexity": 8,
        "gold_sql": "SELECT COUNT(T2.link_to_member) FROM event AS T1 INNER JOIN attendance AS T2 ON T1.event_id = T2.link_to_event WHERE T1.event_name = 'Community Theater' AND SUBSTR(T1.event_date, 1, 4) = '2019'"
    },
    {
        "sample_id": 10775,
        "vt": "SELECT zip_code.type FROM member INNER JOIN zip_code AS T2 ON T1.zip = T2.zip_code WHERE member.first_name = '[placeholder-type:string]' AND member.last_name = '[placeholder-type:string]'",
        "ba": "The virtual table describes the types of ZIP codes associated with members based on their first and last names. It retrieves the 'type' of ZIP code from the 'zip_code' table by joining it with the 'member' table using the member's ZIP code.",
        "gold_complexity": 8,
        "gold_sql": "SELECT T2.type FROM member AS T1 INNER JOIN zip_code AS T2 ON T1.zip = T2.zip_code WHERE T1.first_name = 'Christof' AND T1.last_name = 'Nielson'"
    },
    {
        "sample_id": 10847,
        "vt": "SELECT COUNT(major.major_id) FROM major WHERE major.department = '[placeholder-type:string]' AND major.college = '[placeholder-type:string]'",
        "ba": "The virtual table counts the number of majors offered in a specific department and college. The placeholders represent the department's name and the college's name.",
        "gold_complexity": 7,
        "gold_sql": "SELECT COUNT(major_id) FROM major WHERE department = 'School of Applied Sciences, Technology and Education' AND college = 'College of Agriculture and Applied Sciences'"
    },
    {
        "sample_id": 10797,
        "vt": "SELECT member.first_name, member.last_name FROM member INNER JOIN major AS T2 ON T1.link_to_major = T2.major_id WHERE major.department = '[placeholder-type:string]'",
        "ba": "The virtual table describes the first and last names of members from the 'member' table who are enrolled in a specific major offered by a department. The placeholder in the WHERE clause represents the department's name.",
        "gold_complexity": 9,
        "gold_sql": "SELECT T1.first_name, T1.last_name FROM member AS T1 INNER JOIN major AS T2 ON T1.link_to_major = T2.major_id WHERE T2.department = 'School of Applied Sciences, Technology and Education'"
    },
    {
        "sample_id": 10872,
        "vt": "SELECT DISTINCT zip_code.city, zip_code.county FROM income INNER JOIN member AS T2 ON T1.link_to_member = T2.member_id INNER JOIN zip_code AS T3 ON T3.zip_code = T2.zip WHERE income.amount > [placeholder-type:numeric]",
        "ba": "The virtual table provides a distinct list of cities and counties associated with members who have received income greater than a specified amount. It combines data from the 'income', 'member', and 'zip_code' tables, linking them through the member's unique identifier and their corresponding ZIP code.",
        "gold_complexity": 11,
        "gold_sql": "SELECT DISTINCT T3.city, T3.county FROM income AS T1 INNER JOIN member AS T2 ON T1.link_to_member = T2.member_id INNER JOIN zip_code AS T3 ON T3.zip_code = T2.zip WHERE T1.amount > 40"
    },
    {
        "sample_id": 10880,
        "vt": "SELECT CAST((SUM(CASE WHEN zip_code.state = '[placeholder-type:string]' THEN [placeholder-type:numeric] ELSE [placeholder-type:numeric] END) - SUM(CASE WHEN zip_code.state = '[placeholder-type:string]' THEN [placeholder-type:numeric] ELSE [placeholder-type:numeric] END)) AS FLOAT) * [placeholder-type:numeric] / COUNT(member.member_id) FROM member INNER JOIN zip_code AS T2 ON T2.zip_code = T1.zip",
        "ba": "The virtual table calculates a weighted average of a specific numeric value based on the state of the members. It sums up two different cases of numeric values depending on whether the member's zip code corresponds to a specified state or not, and then computes the difference. This difference is then multiplied by a placeholder numeric value and divided by the count of members to yield the final result.",
        "gold_complexity": 6,
        "gold_sql": "SELECT CAST((SUM(CASE WHEN T2.state = 'New Jersey' THEN 1 ELSE 0 END) - SUM(CASE WHEN T2.state = 'Vermont' THEN 1 ELSE 0 END)) AS REAL) * 100 / COUNT(T1.member_id) AS diff FROM member AS T1 INNER JOIN zip_code AS T2 ON T2.zip_code = T1.zip"
    },
    {
        "sample_id": 10809,
        "vt": "SELECT member.first_name, member.last_name FROM event INNER JOIN budget AS T2 ON T1.event_id = T2.link_to_event INNER JOIN expense AS T3 ON T2.budget_id = T3.link_to_budget INNER JOIN member AS T4 ON T3.link_to_member = T4.member_id WHERE event.event_name = '[placeholder-type:string]'",
        "ba": "The virtual table describes the first and last names of members who incurred expenses for a specific event. It retrieves data from the 'event', 'budget', 'expense', and 'member' tables, linking them through their respective identifiers. The placeholder in the WHERE clause represents the name of the event for which the members' expenses are being queried.",
        "gold_complexity": 11,
        "gold_sql": "SELECT T4.first_name, T4.last_name FROM event AS T1 INNER JOIN budget AS T2 ON T1.event_id = T2.link_to_event INNER JOIN expense AS T3 ON T2.budget_id = T3.link_to_budget INNER JOIN member AS T4 ON T3.link_to_member = T4.member_id WHERE T1.event_name = 'Yearly Kickoff'"
    },
    {
        "sample_id": 10864,
        "vt": "SELECT CAST(SUM(CASE WHEN budget.remaining < [placeholder-type:numeric] THEN [placeholder-type:numeric] ELSE [placeholder-type:numeric] END) AS FLOAT) * [placeholder-type:numeric] / COUNT(budget.budget_id) FROM budget",
        "ba": "The virtual table calculates a weighted average of the budget remaining amounts from the 'budget' table. It sums up the remaining amounts that are less than a specified threshold and multiplies this sum by a placeholder value. The result is then divided by the count of budget entries to provide an average value. The placeholders represent numeric values that can be modified by the user to generate specific queries.",
        "gold_complexity": 5,
        "gold_sql": "SELECT CAST(SUM(CASE WHEN remaining < 0 THEN 1 ELSE 0 END) AS REAL) * 100 / COUNT(budget_id) FROM budget"
    },
    {
        "sample_id": 10784,
        "vt": "SELECT COUNT(zip_code.city) FROM zip_code WHERE zip_code.county = '[placeholder-type:string]' AND zip_code.state = '[placeholder-type:string]'",
        "ba": "The virtual table counts the number of cities from the 'zip_code' table that belong to a specific county and state. The placeholders in the WHERE clause represent the county and state names.",
        "gold_complexity": 7,
        "gold_sql": "SELECT COUNT(city) FROM zip_code WHERE county = 'Orange County' AND state = 'Virginia'"
    },
    {
        "sample_id": 10798,
        "vt": "SELECT event.event_name FROM budget INNER JOIN event AS T2 ON T1.link_to_event = T2.event_id WHERE event.status = '[placeholder-type:string]' ORDER BY budget.spent / budget.amount LIMIT [placeholder-type:numeric]",
        "ba": "The virtual table describes the names of events from the 'event' table that are associated with a specific budget status. The query joins the 'budget' table with the 'event' table to filter events based on their status, using a placeholder for the status value. Additionally, it orders the results by the ratio of spent to budgeted amount and limits the number of results returned using a numeric placeholder.",
        "gold_complexity": 11,
        "gold_sql": "SELECT T2.event_name FROM budget AS T1 INNER JOIN event AS T2 ON T1.link_to_event = T2.event_id WHERE T2.status = 'Closed' ORDER BY T1.spent / T1.amount DESC LIMIT 1"
    },
    {
        "sample_id": 10828,
        "vt": "SELECT budget.budget_id FROM budget WHERE budget.category = '[placeholder-type:string]' AND budget.amount = (SELECT MAX(budget.amount) FROM budget)",
        "ba": "The virtual table retrieves the unique identifier for budget entries from the 'budget' table where the category matches a specified value and the amount is the maximum amount found in the budget entries.",
        "gold_complexity": 10,
        "gold_sql": "SELECT budget_id FROM budget WHERE category = 'Food' AND amount = ( SELECT MAX(amount) FROM budget )"
    },
    {
        "sample_id": 10761,
        "vt": "SELECT AVG(expense.cost) FROM member INNER JOIN expense AS T2 ON T1.member_id = T2.link_to_member WHERE member.last_name = '[placeholder-type:string]' AND member.first_name = '[placeholder-type:string]' AND (SUBSTRING(expense.expense_date, [placeholder-type:numeric], [placeholder-type:numeric]) = '[placeholder-type:string]' OR SUBSTRING(expense.expense_date, [placeholder-type:numeric], [placeholder-type:numeric]) = '[placeholder-type:string]')",
        "ba": "The virtual table calculates the average cost of expenses incurred by a specific member identified by their first and last name. It joins the 'member' table with the 'expense' table to access the relevant expense data. The query also filters the expenses based on specific date criteria extracted from the 'expense_date' field, using placeholders for both the member's name and the date components.",
        "gold_complexity": 9,
        "gold_sql": "SELECT AVG(T2.cost) FROM member AS T1 INNER JOIN expense AS T2 ON T1.member_id = T2.link_to_member WHERE T1.last_name = 'Allen' AND T1.first_name = 'Elijah' AND (SUBSTR(T2.expense_date, 6, 2) = '09' OR SUBSTR(T2.expense_date, 6, 2) = '10')"
    },
    {
        "sample_id": 10737,
        "vt": "SELECT COUNT(event.event_id) FROM event INNER JOIN attendance AS T2 ON T1.event_id = T2.link_to_event WHERE event.event_name = '[placeholder-type:string]'",
        "ba": "The virtual table counts the number of attendees for a specific event from the 'event' table by joining it with the 'attendance' table. The placeholder in the WHERE clause represents the name of the event for which the count is being requested.",
        "gold_complexity": 7,
        "gold_sql": "SELECT COUNT(T1.event_id) FROM event AS T1 INNER JOIN attendance AS T2 ON T1.event_id = T2.link_to_event WHERE T1.event_name = 'Women''s Soccer'"
    },
    {
        "sample_id": 10738,
        "vt": "SELECT member.phone FROM event INNER JOIN attendance AS T2 ON T1.event_id = T2.link_to_event INNER JOIN member AS T3 ON T2.link_to_member = T3.member_id WHERE event.event_name = '[placeholder-type:string]'",
        "ba": "The virtual table retrieves the phone numbers of members who attended a specific event from the 'event', 'attendance', and 'member' tables. The placeholder in the WHERE clause represents the name of the event.",
        "gold_complexity": 8,
        "gold_sql": "SELECT T3.phone FROM event AS T1 INNER JOIN attendance AS T2 ON T1.event_id = T2.link_to_event INNER JOIN member AS T3 ON T2.link_to_member = T3.member_id WHERE T1.event_name = 'Women''s Soccer'"
    },
    {
        "sample_id": 10748,
        "vt": "SELECT COUNT(member.member_id) FROM member INNER JOIN major AS T2 ON T1.link_to_major = T2.major_id WHERE major.major_name = '[placeholder-type:string]'",
        "ba": "The virtual table counts the number of members from the 'member' table who are enrolled in a specific major. It joins the 'member' table with the 'major' table using the foreign key relationship to filter members based on the major name provided as a placeholder.",
        "gold_complexity": 7,
        "gold_sql": "SELECT COUNT(T1.member_id) FROM member AS T1 INNER JOIN major AS T2 ON T1.link_to_major = T2.major_id WHERE T2.major_name = 'Environmental Engineering'"
    },
    {
        "sample_id": 10773,
        "vt": "SELECT major.major_name FROM member INNER JOIN major AS T2 ON T1.link_to_major = T2.major_id WHERE member.first_name = '[placeholder-type:string]' AND member.last_name = '[placeholder-type:string]'",
        "ba": "The virtual table retrieves the names of majors from the 'major' table for members whose first and last names match the specified placeholders. It uses an inner join to connect the 'member' table with the 'major' table based on the unique identifier of the major associated with each member.",
        "gold_complexity": 8,
        "gold_sql": "SELECT T2.major_name FROM member AS T1 INNER JOIN major AS T2 ON T1.link_to_major = T2.major_id WHERE T1.first_name = 'Brent' AND T1.last_name = 'Thomason'"
    },
    {
        "sample_id": 10743,
        "vt": "SELECT COUNT(event.event_id) FROM event INNER JOIN attendance AS T2 ON T1.event_id = T2.link_to_event INNER JOIN member AS T3 ON T2.link_to_member = T3.member_id WHERE member.first_name = '[placeholder-type:string]' AND member.last_name = '[placeholder-type:string]' AND SUBSTRING(event.event_date, [placeholder-type:numeric], [placeholder-type:numeric]) = '[placeholder-type:string]'",
        "ba": "The virtual table counts the number of events attended by a specific member identified by their first and last name. It joins the 'event' table with the 'attendance' table to link events to members, and then further joins with the 'member' table to filter based on the member's name. Additionally, it extracts a substring from the event date to match a specific part of the date, which is represented by placeholders for numeric values.",
        "gold_complexity": 10,
        "gold_sql": "SELECT COUNT(T1.event_id) FROM event AS T1 INNER JOIN attendance AS T2 ON T1.event_id = T2.link_to_event INNER JOIN member AS T3 ON T2.link_to_member = T3.member_id WHERE T3.first_name = 'Sacha' AND T3.last_name = 'Harrison' AND SUBSTR(T1.event_date, 1, 4) = '2019'"
    },
    {
        "sample_id": 10765,
        "vt": "SELECT budget.remaining FROM budget WHERE budget.category = '[placeholder-type:string]' AND budget.amount = (SELECT MAX(budget.amount) FROM budget WHERE category = 'Food')",
        "ba": "The virtual table displays the remaining budget amount for a specific category from the 'budget' table. It filters the results to show only the category specified by the placeholder and ensures that it retrieves the budget entry with the maximum amount allocated for the 'Food' category.",
        "gold_complexity": 10,
        "gold_sql": "SELECT remaining FROM budget WHERE category = 'Food' AND amount = ( SELECT MAX(amount) FROM budget WHERE category = 'Food' )"
    },
    {
        "sample_id": 10777,
        "vt": "SELECT zip_code.state FROM member INNER JOIN zip_code AS T2 ON T1.zip = T2.zip_code WHERE member.first_name = '[placeholder-type:string]' AND member.last_name = '[placeholder-type:string]'",
        "ba": "The virtual table retrieves the state associated with a member's hometown ZIP code from the 'member' and 'zip_code' tables. It uses an inner join to connect the member's ZIP code with the corresponding state information, filtering the results based on the member's first and last name provided as placeholders.",
        "gold_complexity": 8,
        "gold_sql": "SELECT T2.state FROM member AS T1 INNER JOIN zip_code AS T2 ON T1.zip = T2.zip_code WHERE T1.first_name = 'Sacha' AND T1.last_name = 'Harrison'"
    },
    {
        "sample_id": 10822,
        "vt": "SELECT CAST(SUM(CASE WHEN event.type = '[placeholder-type:string]' THEN [placeholder-type:numeric] ELSE [placeholder-type:numeric] END) AS FLOAT) * [placeholder-type:numeric] / COUNT(event.type) FROM event WHERE SUBSTRING(event.event_date, [placeholder-type:numeric], [placeholder-type:numeric]) = '[placeholder-type:string]'",
        "ba": "The virtual table calculates the average expenditure for a specific type of event that occurred in a given month and year. It sums the costs associated with events of the specified type, multiplies this sum by a placeholder numeric value, and divides it by the count of events of that type that took place in the specified month and year. The placeholders represent the event type, the month and year for filtering, and a numeric multiplier for the calculation.",
        "gold_complexity": 6,
        "gold_sql": "SELECT CAST(SUM(CASE WHEN type = 'Community Service' THEN 1 ELSE 0 END) AS REAL) * 100 / COUNT(type) FROM event WHERE SUBSTR(event_date, 1, 4) = '2019'"
    },
    {
        "sample_id": 10887,
        "vt": "SELECT DISTINCT budget.category FROM expense INNER JOIN budget AS T2 ON T1.link_to_budget = T2.budget_id WHERE expense.expense_description = '[placeholder-type:string]'",
        "ba": "The virtual table provides a distinct list of budget categories associated with expenses that match a specific description. It utilizes a join between the 'expense' and 'budget' tables to correlate expenses with their respective budget entries, filtering based on the provided expense description.",
        "gold_complexity": 8,
        "gold_sql": "SELECT DISTINCT T2.category FROM expense AS T1 INNER JOIN budget AS T2 ON T1.link_to_budget = T2.budget_id WHERE T1.expense_description = 'Posters'"
    },
    {
        "sample_id": 10812,
        "vt": "SELECT CAST(SUM(CASE WHEN event.event_name = '[placeholder-type:string]' THEN expense.cost ELSE [placeholder-type:numeric] END) AS FLOAT) * [placeholder-type:numeric] / SUM(expense.cost) FROM event INNER JOIN budget AS T2 ON T1.event_id = T2.link_to_event INNER JOIN expense AS T3 ON T2.budget_id = T3.link_to_budget",
        "ba": "The virtual table calculates the weighted average cost of expenses associated with a specific event. It sums the costs of expenses for the event specified by the placeholder in the event_name column, and then multiplies this sum by a numeric placeholder. This total is then divided by the overall sum of all expenses to provide a proportionate value.",
        "gold_complexity": 7,
        "gold_sql": "SELECT CAST(SUM(CASE WHEN T1.event_name = 'Yearly Kickoff' THEN T3.cost ELSE 0 END) AS REAL) * 100 / SUM(T3.cost) FROM event AS T1 INNER JOIN budget AS T2 ON T1.event_id = T2.link_to_event INNER JOIN expense AS T3 ON T2.budget_id = T3.link_to_budget"
    },
    {
        "sample_id": 10858,
        "vt": "SELECT DISTINCT attendance.link_to_event FROM expense INNER JOIN member AS T2 ON T1.link_to_member = T2.member_id INNER JOIN attendance AS T3 ON T2.member_id = T3.link_to_member WHERE expense.cost > [placeholder-type:numeric]",
        "ba": "The virtual table identifies unique events from the 'attendance' table where the associated expenses incurred by members exceed a specified cost. It utilizes joins between the 'expense', 'member', and 'attendance' tables to filter the results based on the expense amount.",
        "gold_complexity": 9,
        "gold_sql": "SELECT DISTINCT T3.link_to_event FROM expense AS T1 INNER JOIN member AS T2 ON T1.link_to_member = T2.member_id INNER JOIN attendance AS T3 ON T2.member_id = T3.link_to_member WHERE T1.cost > 50"
    },
    {
        "sample_id": 10888,
        "vt": "SELECT member.first_name, member.last_name, major.college FROM member INNER JOIN major AS T2 ON T2.major_id = T1.link_to_major WHERE member.position = '[placeholder-type:string]'",
        "ba": "The virtual table describes the first and last names of members along with the college they are associated with from the 'member' and 'major' tables. The query filters members based on their position within the organization, using a placeholder for the position value.",
        "gold_complexity": 11,
        "gold_sql": "SELECT T1.first_name, T1.last_name, college FROM member AS T1 INNER JOIN major AS T2 ON T2.major_id = T1.link_to_major WHERE T1.position = 'Secretary'"
    },
    {
        "sample_id": 10785,
        "vt": "SELECT major.department FROM major WHERE major.college = '[placeholder-type:string]'",
        "ba": "The virtual table describes the departments offering majors from the 'major' table that belong to a specific college. The placeholder in the WHERE clause represents the name of the college.",
        "gold_complexity": 6,
        "gold_sql": "SELECT department FROM major WHERE college = 'College of Humanities and Social Sciences'"
    },
    {
        "sample_id": 10882,
        "vt": "SELECT member.first_name, member.last_name, expense.cost FROM expense INNER JOIN member AS T2 ON T1.link_to_member = T2.member_id WHERE expense.expense_description = '[placeholder-type:string]'",
        "ba": "The virtual table describes the first and last names of members along with the cost of their expenses from the 'expense' table. It joins the 'member' table to associate each expense with the corresponding member based on their unique identifier. The placeholder in the WHERE clause represents the description of the expense, allowing users to filter results based on specific expense details.",
        "gold_complexity": 11,
        "gold_sql": "SELECT T2.first_name, T2.last_name, T1.cost FROM expense AS T1 INNER JOIN member AS T2 ON T1.link_to_member = T2.member_id WHERE T1.expense_description = 'Water, Veggie tray, supplies'"
    },
    {
        "sample_id": 10754,
        "vt": "SELECT budget.spent FROM event INNER JOIN budget AS T2 ON T1.event_id = T2.link_to_event WHERE event.event_name = '[placeholder-type:string]' AND budget.category = '[placeholder-type:string]' AND SUBSTRING(event.event_date, [placeholder-type:numeric], [placeholder-type:numeric]) = '[placeholder-type:string]'",
        "ba": "The virtual table retrieves the total amount spent from the 'budget' table for a specific event, identified by its name, and a specific budget category. It also filters the results based on a substring of the event date, allowing for a more precise selection of events that occurred during a certain period.",
        "gold_complexity": 9,
        "gold_sql": "SELECT T2.spent FROM event AS T1 INNER JOIN budget AS T2 ON T1.event_id = T2.link_to_event WHERE T1.event_name = 'September Meeting' AND T2.category = 'Food' AND SUBSTR(T1.event_date, 6, 2) = '09'"
    },
    {
        "sample_id": 10734,
        "vt": "SELECT major.major_name FROM member INNER JOIN major AS T2 ON T1.link_to_major = T2.major_id WHERE member.first_name = '[placeholder-type:string]' AND member.last_name = '[placeholder-type:string]'",
        "ba": "The virtual table describes the names of majors associated with a specific member from the 'member' table. The query uses an INNER JOIN to connect the 'member' table with the 'major' table based on the unique identifier of the major. The placeholders in the WHERE clause represent the first and last names of the member whose major is being queried.",
        "gold_complexity": 8,
        "gold_sql": "SELECT T2.major_name FROM member AS T1 INNER JOIN major AS T2 ON T1.link_to_major = T2.major_id WHERE T1.first_name = 'Angela' AND T1.last_name = 'Sanders'"
    },
    {
        "sample_id": 10778,
        "vt": "SELECT major.department FROM member INNER JOIN major AS T2 ON T1.link_to_major = T2.major_id WHERE member.position = '[placeholder-type:string]'",
        "ba": "The virtual table retrieves the department names of members from the 'member' table who hold a specific position within the club. The query uses an inner join to connect the 'member' table with the 'major' table based on the unique identifier of the major, allowing access to the department information associated with each member's major. The placeholder in the WHERE clause represents the position of the member.",
        "gold_complexity": 7,
        "gold_sql": "SELECT T2.department FROM member AS T1 INNER JOIN major AS T2 ON T1.link_to_major = T2.major_id WHERE T1.position = 'President'"
    },
    {
        "sample_id": 10810,
        "vt": "SELECT member.first_name, member.last_name, income.source FROM member INNER JOIN income AS T2 ON T1.member_id = T2.link_to_member GROUP BY member.first_name, member.last_name, income.source ORDER BY SUM(income.amount) LIMIT [placeholder-type:numeric]",
        "ba": "The virtual table describes the first and last names of members along with the source of their income. It retrieves data from the 'member' table and joins it with the 'income' table based on the member's unique identifier. The results are grouped by the member's first and last names and the income source, and ordered by the total amount of income received from each source. The placeholder in the LIMIT clause represents the maximum number of records to return.",
        "gold_complexity": 18,
        "gold_sql": "SELECT T1.first_name, T1.last_name, T2.source FROM member AS T1 INNER JOIN income AS T2 ON T1.member_id = T2.link_to_member GROUP BY T1.first_name, T1.last_name, T2.source ORDER BY SUM(T2.amount) DESC LIMIT 1"
    },
    {
        "sample_id": 10801,
        "vt": "SELECT COUNT(event.event_id) FROM event WHERE event.type = '[placeholder-type:string]' AND SUBSTRING(event.event_date, [placeholder-type:numeric], [placeholder-type:numeric]) = '[placeholder-type:string]'",
        "ba": "The virtual table counts the number of events from the 'event' table that match a specific type and occur in a specified month and year. The placeholders represent the event type, the starting position of the substring for extracting the month, the length of the substring, and the formatted date string.",
        "gold_complexity": 7,
        "gold_sql": "SELECT COUNT(event_id) FROM event WHERE type = 'Meeting' AND SUBSTR(event_date, 1, 4) = '2020'"
    },
    {
        "sample_id": 10772,
        "vt": "SELECT budget.event_status FROM budget INNER JOIN expense AS T2 ON T1.budget_id = T2.link_to_budget WHERE expense.expense_description = '[placeholder-type:string]' AND expense.expense_date = '[placeholder-type:string]'",
        "ba": "The virtual table provides the status of events from the 'budget' table, specifically focusing on the event status related to expenses. It joins the 'budget' table with the 'expense' table to filter results based on a specific expense description and the date the expense was incurred. The placeholders in the WHERE clause represent the specific expense description and date of interest.",
        "gold_complexity": 8,
        "gold_sql": "SELECT T1.event_status FROM budget AS T1 INNER JOIN expense AS T2 ON T1.budget_id = T2.link_to_budget WHERE T2.expense_description = 'Post Cards, Posters' AND T2.expense_date = '2019-08-20'"
    },
    {
        "sample_id": 10750,
        "vt": "SELECT member.last_name FROM member INNER JOIN major AS T2 ON T1.link_to_major = T2.major_id WHERE major.major_name = '[placeholder-type:string]'",
        "ba": "The virtual table describes the last names of members from the 'member' table who are enrolled in a specific major. The query joins the 'member' table with the 'major' table to filter members based on the major's name, represented by a placeholder.",
        "gold_complexity": 7,
        "gold_sql": "SELECT T1.last_name FROM member AS T1 INNER JOIN major AS T2 ON T1.link_to_major = T2.major_id WHERE T2.major_name = 'Law and Constitutional Studies'"
    },
    {
        "sample_id": 10862,
        "vt": "SELECT DISTINCT member.email FROM member INNER JOIN expense AS T2 ON T1.member_id = T2.link_to_member WHERE DATE(SUBSTRING(expense.expense_date, [placeholder-type:numeric], [placeholder-type:numeric])) BETWEEN '[placeholder-type:string]' AND '[placeholder-type:string]' AND expense.cost > [placeholder-type:numeric]",
        "ba": "The virtual table retrieves distinct email addresses of members who have incurred expenses exceeding a specified amount within a defined date range. It joins the 'member' table with the 'expense' table to filter members based on their expenses.",
        "gold_complexity": 10,
        "gold_sql": "SELECT DISTINCT T1.email FROM member AS T1 INNER JOIN expense AS T2 ON T1.member_id = T2.link_to_member WHERE date(SUBSTR(T2.expense_date, 1, 10)) BETWEEN '2019-09-10' AND '2019-11-19' AND T2.cost > 20"
    },
    {
        "sample_id": 10788,
        "vt": "SELECT DISTINCT member.member_id FROM event INNER JOIN attendance AS T2 ON T1.event_id = T2.link_to_event INNER JOIN member AS T3 ON T2.link_to_member = T3.member_id WHERE event.event_name = '[placeholder-type:string]'",
        "ba": "The virtual table identifies unique members who attended a specific event from the 'event' table. It uses inner joins to connect the 'attendance' table, which links events to members, and the 'member' table, which contains member details. The placeholder in the WHERE clause represents the name of the event being queried.",
        "gold_complexity": 9,
        "gold_sql": "SELECT DISTINCT T3.member_id FROM event AS T1 INNER JOIN attendance AS T2 ON T1.event_id = T2.link_to_event INNER JOIN member AS T3 ON T2.link_to_member = T3.member_id WHERE T1.event_name = 'October Meeting'"
    },
    {
        "sample_id": 10873,
        "vt": "SELECT member.member_id FROM expense INNER JOIN member AS T2 ON T1.link_to_member = T2.member_id INNER JOIN budget AS T3 ON T1.link_to_budget = T3.budget_id INNER JOIN event AS T4 ON T3.link_to_event = T4.event_id GROUP BY member.member_id HAVING COUNT(DISTINCT T4.event_id) > [placeholder-type:numeric] ORDER BY SUM(expense.cost) LIMIT [placeholder-type:numeric]",
        "ba": "The virtual table identifies members who have incurred expenses for events, grouping them by their unique member ID. It joins the 'expense' table with the 'member' table to link expenses to members, and further joins with the 'budget' and 'event' tables to associate those expenses with specific events. The query filters members who have attended more than a specified number of distinct events, as indicated by a placeholder for numeric values. Additionally, it orders the results by the total cost of expenses incurred by each member and limits the output to a specified number of results, also represented by a numeric placeholder.",
        "gold_complexity": 15,
        "gold_sql": "SELECT T2.member_id FROM expense AS T1 INNER JOIN member AS T2 ON T1.link_to_member = T2.member_id INNER JOIN budget AS T3 ON T1.link_to_budget = T3.budget_id INNER JOIN event AS T4 ON T3.link_to_event = T4.event_id GROUP BY T2.member_id HAVING COUNT(DISTINCT T4.event_id) > 1 ORDER BY SUM(T1.cost) DESC LIMIT 1"
    },
    {
        "sample_id": 10736,
        "vt": "SELECT member.first_name, member.last_name FROM member INNER JOIN major AS T2 ON T1.link_to_major = T2.major_id WHERE major.department = '[placeholder-type:string]'",
        "ba": "The virtual table describes the first and last names of members from the 'member' table who are enrolled in a specific major offered by a department. The placeholder in the WHERE clause represents the department's name.",
        "gold_complexity": 9,
        "gold_sql": "SELECT T1.first_name, T1.last_name FROM member AS T1 INNER JOIN major AS T2 ON T1.link_to_major = T2.major_id WHERE T2.department = 'Art and Design Department'"
    },
    {
        "sample_id": 10769,
        "vt": "SELECT zip_code.county FROM member INNER JOIN zip_code AS T2 ON T1.zip = T2.zip_code WHERE member.first_name = '[placeholder-type:string]' AND member.last_name = '[placeholder-type:string]'",
        "ba": "The virtual table retrieves the county information associated with a member's hometown based on their first and last names. It joins the 'member' table with the 'zip_code' table using the zip code to find the corresponding county.",
        "gold_complexity": 8,
        "gold_sql": "SELECT T2.county FROM member AS T1 INNER JOIN zip_code AS T2 ON T1.zip = T2.zip_code WHERE T1.first_name = 'Adela' AND T1.last_name = 'O''Gallagher'"
    },
    {
        "sample_id": 10792,
        "vt": "SELECT expense.expense_id, expense.expense_description FROM member INNER JOIN expense AS T2 ON T1.member_id = T2.link_to_member WHERE member.position = '[placeholder-type:string]'",
        "ba": "The virtual table describes the unique identifiers and descriptions of expenses incurred by members of a club who hold a specific position. The query retrieves data from the 'expense' table and filters it based on the members' positions from the 'member' table.",
        "gold_complexity": 9,
        "gold_sql": "SELECT T2.expense_id, T2.expense_description FROM member AS T1 INNER JOIN expense AS T2 ON T1.member_id = T2.link_to_member WHERE T1.position = 'Vice President'"
    },
    {
        "sample_id": 10802,
        "vt": "SELECT SUM(budget.spent) FROM budget WHERE budget.category = '[placeholder-type:string]'",
        "ba": "The virtual table summarizes the total amount spent in a specific budget category from the 'budget' table. The placeholder in the WHERE clause represents the category of the budget for which the total spent amount is being queried.",
        "gold_complexity": 6,
        "gold_sql": "SELECT SUM(spent) FROM budget WHERE category = 'Food'"
    },
    {
        "sample_id": 10868,
        "vt": "SELECT CAST(SUM(CASE WHEN zip_code.type = '[placeholder-type:string]' THEN [placeholder-type:numeric] ELSE [placeholder-type:numeric] END) AS FLOAT) * [placeholder-type:numeric] / COUNT(zip_code.zip_code) FROM zip_code",
        "ba": "The virtual table calculates a weighted average of a numeric value based on the type of ZIP code from the 'zip_code' table. It sums up a specified numeric value for each ZIP code type and multiplies it by a placeholder numeric value, then divides the result by the total count of ZIP codes. The placeholders allow users to specify the ZIP code type and the numeric value for the calculation.",
        "gold_complexity": 5,
        "gold_sql": "SELECT CAST(SUM(CASE WHEN type = 'PO Box' THEN 1 ELSE 0 END) AS REAL) * 100 / COUNT(zip_code) FROM zip_code"
    },
    {
        "sample_id": 10756,
        "vt": "SELECT member.first_name, member.last_name FROM member INNER JOIN zip_code AS T2 ON T1.zip = T2.zip_code WHERE zip_code.state = '[placeholder-type:string]'",
        "ba": "The virtual table describes the first and last names of members from the 'member' table who reside in a specific state. The query joins the 'member' table with the 'zip_code' table to filter members based on their zip code's associated state. The placeholder in the WHERE clause represents the state name.",
        "gold_complexity": 9,
        "gold_sql": "SELECT T1.first_name, T1.last_name FROM member AS T1 INNER JOIN zip_code AS T2 ON T1.zip = T2.zip_code WHERE T2.state = 'Illinois'"
    },
    {
        "sample_id": 10745,
        "vt": "SELECT T1.event_name FROM event AS T1 INNER JOIN attendance AS T2 ON T1.event_id = T2.link_to_event GROUP BY T1.event_id HAVING COUNT(T2.link_to_event) > 20 EXCEPT SELECT T1.event_name FROM event AS T1 WHERE T1.type = 'Fundraiser'",
        "ba": "The virtual table lists the names of events from the 'event' table that have more than 20 attendees, excluding those events that are classified as 'Fundraiser'.",
        "gold_complexity": 12,
        "gold_sql": "SELECT T1.event_name FROM event AS T1 INNER JOIN attendance AS T2 ON T1.event_id = T2.link_to_event GROUP BY T1.event_id HAVING COUNT(T2.link_to_event) > 20 EXCEPT SELECT T1.event_name FROM event AS T1  WHERE T1.type = 'Fundraiser'"
    },
    {
        "sample_id": 10829,
        "vt": "SELECT budget.budget_id FROM budget WHERE budget.category = '[placeholder-type:string]' ORDER BY budget.amount LIMIT [placeholder-type:numeric]",
        "ba": "The virtual table retrieves the unique identifiers of budget entries from the 'budget' table that correspond to a specific category. The results are ordered by the budgeted amount, and a limit is applied to control the number of entries returned.",
        "gold_complexity": 9,
        "gold_sql": "SELECT budget_id FROM budget WHERE category = 'Advertisement' ORDER BY amount DESC LIMIT 3"
    },
    {
        "sample_id": 10889,
        "vt": "SELECT SUM(budget.spent), event.event_name FROM budget INNER JOIN event AS T2 ON T1.link_to_event = T2.event_id WHERE budget.category = '[placeholder-type:string]' GROUP BY event.event_name",
        "ba": "The virtual table summarizes the total amount spent for a specific budget category across different events. It retrieves the event names and the corresponding total spent amounts by joining the 'budget' and 'event' tables based on the event identifiers. The placeholder in the WHERE clause represents the category of the budget being queried.",
        "gold_complexity": 11,
        "gold_sql": "SELECT SUM(T1.spent), T2.event_name FROM budget AS T1 INNER JOIN event AS T2 ON T1.link_to_event = T2.event_id WHERE T1.category = 'Speaker Gifts' GROUP BY T2.event_name"
    },
    {
        "sample_id": 10806,
        "vt": "SELECT income.amount FROM member INNER JOIN income AS T2 ON T1.member_id = T2.link_to_member WHERE member.first_name = '[placeholder-type:string]' AND member.last_name = '[placeholder-type:string]'",
        "ba": "The virtual table describes the total amount of income received by members from the 'income' table, filtered by the first and last names of the members from the 'member' table. The placeholders in the WHERE clause represent the first and last names of the member whose income is being queried.",
        "gold_complexity": 8,
        "gold_sql": "SELECT T2.amount FROM member AS T1 INNER JOIN income AS T2 ON T1.member_id = T2.link_to_member WHERE T1.first_name = 'Grant' AND T1.last_name = 'Gilmour'"
    },
    {
        "sample_id": 10782,
        "vt": "SELECT CAST(SUM(CASE WHEN budget.category = '[placeholder-type:string]' THEN budget.amount ELSE [placeholder-type:numeric] END) AS FLOAT) * [placeholder-type:numeric] / SUM(budget.amount) FROM budget INNER JOIN event AS T2 ON T1.link_to_event = T2.event_id WHERE event.event_name = '[placeholder-type:string]'",
        "ba": "The virtual table calculates a weighted average of the budgeted amount for a specific category of an event. It sums the budgeted amounts for the specified category and multiplies it by a numeric placeholder, then divides this by the total budgeted amount for the event. The query filters the results based on the event name provided as a placeholder.",
        "gold_complexity": 8,
        "gold_sql": "SELECT CAST(SUM(CASE WHEN T1.category = 'Parking' THEN T1.amount ELSE 0 END) AS REAL) * 100 / SUM(T1.amount) FROM budget AS T1 INNER JOIN event AS T2 ON T1.link_to_event = T2.event_id WHERE T2.event_name = 'November Speaker'"
    },
    {
        "sample_id": 10739,
        "vt": "SELECT COUNT(event.event_id) FROM event INNER JOIN attendance AS T2 ON T1.event_id = T2.link_to_event INNER JOIN member AS T3 ON T2.link_to_member = T3.member_id WHERE event.event_name = '[placeholder-type:string]' AND member.t_shirt_size = '[placeholder-type:string]'",
        "ba": "The virtual table counts the number of attendees for a specific event based on the event name and the t-shirt size of the members. It joins the 'event', 'attendance', and 'member' tables to filter the results accordingly.",
        "gold_complexity": 9,
        "gold_sql": "SELECT COUNT(T1.event_id) FROM event AS T1 INNER JOIN attendance AS T2 ON T1.event_id = T2.link_to_event INNER JOIN member AS T3 ON T2.link_to_member = T3.member_id WHERE T1.event_name = 'Women''s Soccer' AND T3.t_shirt_size = 'Medium'"
    },
    {
        "sample_id": 10823,
        "vt": "SELECT expense.cost FROM event INNER JOIN budget AS T2 ON T1.event_id = T2.link_to_event INNER JOIN expense AS T3 ON T2.budget_id = T3.link_to_budget WHERE event.event_name = '[placeholder-type:string]' AND expense.expense_description = '[placeholder-type:string]'",
        "ba": "The virtual table retrieves the cost of expenses associated with a specific event and a specific expense description. It joins the 'event' table with the 'budget' table to link the event to its budget entries, and then further joins the 'expense' table to access the costs related to those budget entries. The placeholders in the WHERE clause represent the event name and the expense description that the user wants to filter by.",
        "gold_complexity": 9,
        "gold_sql": "SELECT T3.cost FROM event AS T1 INNER JOIN budget AS T2 ON T1.event_id = T2.link_to_event INNER JOIN expense AS T3 ON T2.budget_id = T3.link_to_budget WHERE T1.event_name = 'September Speaker' AND T3.expense_description = 'Posters'"
    },
    {
        "sample_id": 10861,
        "vt": "SELECT member.phone FROM member INNER JOIN major AS T2 ON T2.major_id = T1.link_to_major WHERE major.major_name = '[placeholder-type:string]' AND major.college = '[placeholder-type:string]'",
        "ba": "The virtual table retrieves the phone numbers of members from the 'member' table who are enrolled in a specific major and college. The placeholders in the WHERE clause represent the major's name and the college's name.",
        "gold_complexity": 8,
        "gold_sql": "SELECT T1.phone FROM member AS T1 INNER JOIN major AS T2 ON T2.major_id = T1.link_to_major WHERE T2.major_name = 'Business' AND T2.college = 'College of Agriculture and Applied Sciences'"
    },
    {
        "sample_id": 10877,
        "vt": "SELECT budget.budget_id FROM expense INNER JOIN budget AS T2 ON T1.link_to_budget = T2.budget_id WHERE expense.expense_description = '[placeholder-type:string]' ORDER BY expense.cost LIMIT [placeholder-type:numeric]",
        "ba": "The virtual table retrieves the unique identifiers of budget entries from the 'budget' table that are associated with specific expenses from the 'expense' table. It filters the results based on a description of the expense and orders them by the cost of the expense, limiting the number of results returned.",
        "gold_complexity": 10,
        "gold_sql": "SELECT T2.budget_id FROM expense AS T1 INNER JOIN budget AS T2 ON T1.link_to_budget = T2.budget_id WHERE T1.expense_description = 'Water, chips, cookies' ORDER BY T1.cost DESC LIMIT 1"
    },
    {
        "sample_id": 10886,
        "vt": "SELECT DISTINCT member.first_name, member.last_name, income.amount FROM event INNER JOIN attendance AS T2 ON T1.event_id = T2.link_to_event INNER JOIN member AS T3 ON T3.member_id = T2.link_to_member INNER JOIN income AS T4 ON T4.link_to_member = T3.member_id WHERE income.date_received = '[placeholder-type:string]'",
        "ba": "The virtual table provides a list of distinct first and last names of members along with the amount of income they received, filtered by the date the income was received. It combines data from the 'event', 'attendance', 'member', and 'income' tables to achieve this.",
        "gold_complexity": 14,
        "gold_sql": "SELECT DISTINCT T3.first_name, T3.last_name, T4.amount FROM event AS T1 INNER JOIN attendance AS T2 ON T1.event_id = T2.link_to_event INNER JOIN member AS T3 ON T3.member_id = T2.link_to_member INNER JOIN income AS T4 ON T4.link_to_member = T3.member_id WHERE T4.date_received = '2019-09-09'"
    }
]