[
    {
        "sample_id": 697,
        "vt": "SELECT trains.id FROM trains INNER JOIN (SELECT train_id, MAX(position) AS carsNum FROM cars GROUP BY train_id) AS T2 ON T1.id = T2.train_id WHERE trains.direction = '[placeholder-type:string]' AND (SELECT train_id, MAX(position) AS carsNum FROM cars GROUP BY train_id).carsnum < [placeholder-type:numeric]",
        "ba": "The virtual table retrieves the unique identifiers of trains from the 'trains' table that are running in a specified direction and have fewer cars than a given number. It uses a subquery to find the maximum position of cars associated with each train, ensuring that only those trains with a car count below the specified threshold are selected.",
        "gold_complexity": 17,
        "gold_sql": "SELECT T1.id FROM trains AS T1 INNER JOIN ( SELECT train_id, MAX(position) AS carsNum FROM cars GROUP BY train_id ) AS T2 ON T1.id = T2.train_id WHERE T1.direction = 'east' AND T2.carsNum < 4"
    },
    {
        "sample_id": 720,
        "vt": "SELECT SUM(CASE WHEN trains.direction = '[placeholder-type:string]' THEN [placeholder-type:numeric] ELSE [placeholder-type:numeric] END) FROM trains INNER JOIN (SELECT train_id, COUNT(id) FROM cars WHERE roof = 'none' GROUP BY train_id HAVING COUNT(id) = 1) AS T2 ON T1.id = T2.train_id",
        "ba": "The virtual table calculates the total number of cars with a specific roof type for trains running in a specified direction. It uses a subquery to count the cars with an open roof ('none') for each train, filtering to include only those trains that have exactly one such car. The outer query then sums these counts based on the direction of the trains, which is provided as a placeholder.",
        "gold_complexity": 16,
        "gold_sql": "SELECT SUM(CASE WHEN T1.direction = 'west' THEN 1 ELSE 0 END)as count FROM trains AS T1 INNER JOIN ( SELECT train_id, COUNT(id) FROM cars WHERE roof = 'none' GROUP BY train_id HAVING COUNT(id) = 1 ) AS T2 ON T1.id = T2.train_id"
    },
    {
        "sample_id": 693,
        "vt": "SELECT cars.train_id FROM cars WHERE cars.shape IN ('[placeholder-type:string]', '[placeholder-type:string]') GROUP BY cars.train_id",
        "ba": "The virtual table retrieves the train IDs from the 'cars' table where the shape of the cars matches specific criteria. The query groups the results by train ID to ensure that each train is listed only once, regardless of how many cars it has with the specified shapes.",
        "gold_complexity": 8,
        "gold_sql": "SELECT train_id FROM cars WHERE shape IN ('elipse', 'bucket') GROUP BY train_id"
    },
    {
        "sample_id": 701,
        "vt": "SELECT trains.direction FROM cars INNER JOIN trains AS T2 ON T1.train_id = T2.id WHERE cars.shape = '[placeholder-type:string]'",
        "ba": "The virtual table retrieves the direction of trains associated with cars that have a specific shape. It joins the 'cars' table with the 'trains' table based on the train_id, allowing us to filter the results based on the shape of the cars.",
        "gold_complexity": 7,
        "gold_sql": "SELECT T2.direction FROM cars AS T1 INNER JOIN trains AS T2 ON T1.train_id = T2.id WHERE T1.shape = 'ellipse'"
    },
    {
        "sample_id": 714,
        "vt": "SELECT SUM(cars.wheels) FROM cars WHERE cars.len = '[placeholder-type:string]'",
        "ba": "The virtual table calculates the total number of wheels from the 'cars' table for cars of a specific length. The placeholder in the WHERE clause represents the length of the cars being queried.",
        "gold_complexity": 6,
        "gold_sql": "SELECT SUM(wheels) FROM cars WHERE len = 'long'"
    },
    {
        "sample_id": 696,
        "vt": "SELECT SUM(CASE WHEN cars.shape IN ('[placeholder-type:string]', '[placeholder-type:string]') THEN [placeholder-type:numeric] ELSE [placeholder-type:numeric] END) FROM cars INNER JOIN trains AS T2 ON T1.train_id = T2.id WHERE trains.direction = '[placeholder-type:string]'",
        "ba": "The virtual table calculates the total number of cars based on their shapes from the 'cars' table, while joining with the 'trains' table to filter by the direction of the trains. The query uses placeholders for specific shapes and numeric values to determine the count of cars that match the specified criteria. The direction of the trains is also specified using a placeholder.",
        "gold_complexity": 7,
        "gold_sql": "SELECT SUM(CASE WHEN T1.shape IN ('bucket', 'elipse') THEN 1 ELSE 0 end)as count FROM cars AS T1 INNER JOIN trains AS T2 ON T1.train_id = T2.id WHERE T2.direction = 'east'"
    },
    {
        "sample_id": 729,
        "vt": "SELECT DISTINCT T3.load_shape FROM (SELECT load_shape, train_id FROM cars WHERE position = 1 ORDER BY train_id DESC) AS T3 UNION ALL SELECT T4.load_shape FROM (SELECT load_shape, train_id FROM cars WHERE position = 1 ORDER BY train_id DESC LIMIT 1) AS T4 UNION ALL SELECT (CAST(COUNT(DISTINCT CASE WHEN T2.direction = 'east' THEN T2.id ELSE NULL END) AS FLOAT) * 100 / COUNT(DISTINCT T2.id)) FROM cars AS T1 INNER JOIN trains AS T2 ON T1.train_id = T2.id WHERE T1.position = 1 AND T1.load_shape = (SELECT T4.load_shape FROM (SELECT load_shape, train_id FROM cars AS T WHERE position = 1 ORDER BY train_id DESC LIMIT 1) AS T4)",
        "ba": "The virtual table provides information about the load shapes of cars that are positioned at the head of the trains, along with a calculation of the percentage of trains heading east that have a specific load shape. It combines distinct load shapes from the head cars and calculates the percentage of eastbound trains with the most recent load shape.",
        "gold_complexity": 30,
        "gold_sql": "SELECT DISTINCT T3.load_shape FROM ( SELECT load_shape, train_id FROM cars WHERE position = 1 ORDER BY train_id DESC ) AS T3 UNION ALL SELECT T4.load_shape FROM ( SELECT load_shape, train_id FROM cars WHERE position = 1 ORDER BY train_id DESC LIMIT 1 ) AS T4 UNION ALL SELECT (CAST(COUNT(DISTINCT CASE WHEN T2.direction = 'east' THEN T2.id ELSE NULL END) AS REAL) * 100 / COUNT(DISTINCT T2.id)) FROM cars AS T1 INNER JOIN trains AS T2 ON T1.train_id = T2.id WHERE T1.position = 1 AND T1.load_shape = ( SELECT T4.load_shape FROM ( SELECT load_shape, train_id FROM cars AS T WHERE position = 1 ORDER BY train_id DESC LIMIT 1 ) AS T4 )"
    },
    {
        "sample_id": 721,
        "vt": "SELECT trains.direction FROM trains INNER JOIN (SELECT train_id, COUNT(id) AS carsNum FROM cars GROUP BY train_id HAVING carsNum = 3) AS T2 ON T1.id = T2.train_id GROUP BY trains.direction",
        "ba": "The virtual table retrieves the direction of trains that have exactly three cars associated with them. It does this by first counting the number of cars for each train and filtering those counts to only include trains with three cars. Then, it joins this result with the trains table to get the corresponding direction of those trains.",
        "gold_complexity": 17,
        "gold_sql": "SELECT T1.direction FROM trains AS T1 INNER JOIN ( SELECT train_id, COUNT(id) AS carsNum FROM cars GROUP BY train_id HAVING carsNum = 3 ) AS T2 ON T1.id = T2.train_id GROUP BY T1.direction"
    },
    {
        "sample_id": 726,
        "vt": "SELECT SUM(CASE WHEN trains.direction = '[placeholder-type:string]' THEN [placeholder-type:numeric] ELSE [placeholder-type:numeric] END) FROM cars INNER JOIN trains AS T2 ON T1.train_id = T2.id WHERE cars.wheels = [placeholder-type:numeric] AND cars.roof = '[placeholder-type:string]'",
        "ba": "The virtual table calculates the total sum of a specific numeric value based on the direction of trains and certain attributes of the cars. It joins the 'cars' and 'trains' tables on the train ID, filtering the results by the number of wheels and the type of roof of the cars. The placeholders represent the direction of the trains, a numeric value to sum, and the roof type of the cars.",
        "gold_complexity": 8,
        "gold_sql": "SELECT SUM(CASE WHEN T2.direction = 'west' THEN 1 ELSE 0 END)as count FROM cars AS T1 INNER JOIN trains AS T2 ON T1.train_id = T2.id WHERE T1.wheels = 3 AND T1.roof = 'jagged'"
    },
    {
        "sample_id": 710,
        "vt": "SELECT COUNT(cars.id) FROM cars WHERE cars.shape = '[placeholder-type:string]' AND cars.len = '[placeholder-type:string]'",
        "ba": "The virtual table counts the number of cars from the 'cars' table that have a specific shape and length. The placeholders in the WHERE clause represent the shape and length of the cars being queried.",
        "gold_complexity": 7,
        "gold_sql": "SELECT COUNT(id) FROM cars WHERE shape = 'hexagon' AND len = 'short'"
    },
    {
        "sample_id": 724,
        "vt": "SELECT trains.direction FROM cars INNER JOIN trains AS T2 ON T1.train_id = T2.id WHERE cars.load_num = [placeholder-type:numeric]",
        "ba": "The virtual table retrieves the direction of trains associated with cars that have a specific load number. It joins the 'cars' table with the 'trains' table based on the train_id, allowing us to filter the results based on the load number of the cars.",
        "gold_complexity": 7,
        "gold_sql": "SELECT T2.direction FROM cars AS T1 INNER JOIN trains AS T2 ON T1.train_id = T2.id WHERE T1.load_num = 0"
    },
    {
        "sample_id": 700,
        "vt": "SELECT trains.direction FROM cars INNER JOIN trains AS T2 ON T1.train_id = T2.id WHERE cars.load_num = [placeholder-type:numeric]",
        "ba": "The virtual table retrieves the direction of trains associated with cars that have a specific load number. It joins the 'cars' table with the 'trains' table based on the train_id, allowing us to filter the results based on the load number of the cars.",
        "gold_complexity": 7,
        "gold_sql": "SELECT T2.direction FROM cars AS T1 INNER JOIN trains AS T2 ON T1.train_id = T2.id WHERE T1.load_num = 0"
    },
    {
        "sample_id": 712,
        "vt": "SELECT cars.load_shape FROM cars WHERE cars.shape = '[placeholder-type:string]' AND cars.len = '[placeholder-type:string]'",
        "ba": "The virtual table describes the load shapes of cars from the 'cars' table that have a specific shape and length. The placeholders in the WHERE clause represent the car's shape and length.",
        "gold_complexity": 7,
        "gold_sql": "SELECT load_shape FROM cars WHERE shape = 'ellipse' AND len = 'short'"
    },
    {
        "sample_id": 711,
        "vt": "SELECT COUNT(trains.id) FROM trains WHERE trains.direction = '[placeholder-type:string]'",
        "ba": "The virtual table counts the number of trains from the 'trains' table that are running in a specific direction. The placeholder in the WHERE clause represents the direction of the trains, which can be either east or west.",
        "gold_complexity": 6,
        "gold_sql": "SELECT COUNT(id) FROM trains WHERE direction = 'west'"
    },
    {
        "sample_id": 727,
        "vt": "SELECT trains.direction FROM trains INNER JOIN (SELECT train_id, MAX(position) AS trailPosi FROM cars GROUP BY train_id) AS T2 ON T1.id = T2.train_id WHERE (SELECT train_id, MAX(position) AS trailPosi FROM cars GROUP BY train_id).trailposi <= [placeholder-type:numeric]",
        "ba": "The virtual table retrieves the direction of trains from the 'trains' table that have cars positioned at or below a specified maximum position. It uses a subquery to find the maximum position of cars for each train and joins this result with the 'trains' table to filter based on the maximum position condition.",
        "gold_complexity": 15,
        "gold_sql": "SELECT T1.direction FROM trains AS T1 INNER JOIN ( SELECT train_id, MAX(position) AS trailPosi FROM cars GROUP BY train_id ) AS T2 ON T1.id = T2.train_id WHERE T2.trailPosi <= 2"
    },
    {
        "sample_id": 728,
        "vt": "SELECT CAST(COUNT(CASE WHEN T2.trailPosi >= 4 THEN T1.id ELSE NULL END) AS FLOAT) * 100 / COUNT(T1.id) FROM trains AS T1 INNER JOIN (SELECT train_id, MAX(position) AS trailPosi FROM cars GROUP BY train_id) AS T2 ON T1.id = T2.train_id UNION ALL SELECT T1.direction FROM trains AS T1 INNER JOIN (SELECT train_id, MAX(position) AS trailPosi FROM cars AS t GROUP BY train_id) AS T2 ON T1.id = T2.train_id AND T2.trailPosi >= 4",
        "ba": "The virtual table calculates the percentage of trains that have cars positioned at the tail (position 4) and also retrieves the direction of those trains. It does this by first counting the number of cars in each train that are at position 4, then calculating the percentage of such cars relative to the total number of cars in that train. Additionally, it selects the direction of trains that have at least one car at position 4.",
        "gold_complexity": 19,
        "gold_sql": "SELECT CAST(COUNT(CASE WHEN T2.trailPosi >= 4 THEN T1.id ELSE NULL END) AS REAL) * 100 / COUNT(T1.id) FROM trains AS T1 INNER JOIN ( SELECT train_id, MAX(position) AS trailPosi FROM cars GROUP BY train_id ) AS T2 ON T1.id = T2.train_id UNION ALL SELECT T1.direction FROM trains AS T1 INNER JOIN ( SELECT train_id, MAX(position) AS trailPosi FROM cars t GROUP BY train_id ) AS T2 ON T1.id = T2.train_id AND T2.trailPosi >= 4"
    },
    {
        "sample_id": 690,
        "vt": "SELECT COUNT(trains.id) FROM trains WHERE trains.direction = '[placeholder-type:string]'",
        "ba": "The virtual table counts the number of trains from the 'trains' table that are running in a specific direction. The placeholder in the WHERE clause represents the direction of the trains, which can be either east or west.",
        "gold_complexity": 6,
        "gold_sql": "SELECT COUNT(id) FROM trains WHERE direction = 'east'"
    },
    {
        "sample_id": 713,
        "vt": "SELECT trains.id FROM trains WHERE trains.direction = '[placeholder-type:string]'",
        "ba": "The virtual table retrieves the unique identifiers of trains from the 'trains' table based on their running direction. The placeholder in the WHERE clause represents the direction of the trains, which can be either east or west.",
        "gold_complexity": 6,
        "gold_sql": "SELECT id FROM trains WHERE direction = 'east'"
    },
    {
        "sample_id": 719,
        "vt": "SELECT COUNT((SELECT T1.train_id FROM cars AS T1 INNER JOIN trains AS T2 ON T1.train_id = T2.id WHERE T1.position = 1 AND T2.direction = 'east' AND T1.shape = 'rectangle' GROUP BY T1.train_id).train_id) FROM (SELECT cars.train_id FROM cars AS T1 INNER JOIN trains AS T2 ON T1.train_id = T2.id WHERE T1.position = 1 AND T2.direction = 'east' AND T1.shape = 'rectangle' GROUP BY T1.train_id) AS t",
        "ba": "The virtual table counts the number of unique trains that have a specific configuration of cars. It filters for cars that are in the head position (position 1), belong to trains running in the east direction, and have a rectangular shape. The query uses a subquery to first identify the relevant train IDs based on these criteria, and then counts the distinct train IDs from that result.",
        "gold_complexity": 18,
        "gold_sql": "SELECT COUNT(T.train_id) FROM (SELECT T1.train_id FROM cars AS T1 INNER JOIN trains AS T2 ON T1.train_id = T2.id WHERE T1.position = 1 AND T2.direction = 'east' AND T1.shape = 'rectangle' GROUP BY T1.train_id)as T"
    },
    {
        "sample_id": 715,
        "vt": "SELECT trains.direction FROM trains GROUP BY trains.direction ORDER BY COUNT(trains.id)",
        "ba": "The virtual table retrieves the direction of trains from the 'trains' table, grouping the results by direction and ordering them based on the count of train IDs in each direction.",
        "gold_complexity": 8,
        "gold_sql": "SELECT direction FROM trains GROUP BY direction ORDER BY COUNT(id) DESC"
    },
    {
        "sample_id": 699,
        "vt": "SELECT SUM(CASE WHEN (SELECT train_id, COUNT(id) AS longCarsNum FROM cars WHERE len = 'long' GROUP BY train_id).longcarsnum > [placeholder-type:numeric] THEN [placeholder-type:numeric] ELSE [placeholder-type:numeric] END) FROM trains INNER JOIN (SELECT train_id, COUNT(id) AS longCarsNum FROM cars WHERE len = 'long' GROUP BY train_id) AS T2 ON T1.id = T2.train_id WHERE trains.direction = '[placeholder-type:string]'",
        "ba": "The virtual table calculates the total number of long cars in trains based on their direction. It uses a subquery to count the number of long cars for each train and checks if this count exceeds a specified threshold. The result is then summed up for all trains that match the given direction.",
        "gold_complexity": 17,
        "gold_sql": "SELECT SUM(CASE WHEN T2.longCarsNum > 2 THEN 1 ELSE 0 END)as count FROM trains AS T1 INNER JOIN ( SELECT train_id, COUNT(id) AS longCarsNum FROM cars WHERE len = 'long' GROUP BY train_id ) AS T2 ON T1.id = T2.train_id WHERE T1.direction = 'west'"
    },
    {
        "sample_id": 691,
        "vt": "SELECT COUNT(cars.id) FROM cars WHERE cars.train_id = [placeholder-type:numeric]",
        "ba": "The virtual table counts the number of cars associated with a specific train in the 'cars' table. The placeholder in the WHERE clause represents the unique identifier of the train.",
        "gold_complexity": 6,
        "gold_sql": "SELECT COUNT(id) FROM cars WHERE train_id = 1"
    },
    {
        "sample_id": 704,
        "vt": "SELECT SUM(CASE WHEN cars.roof = '[placeholder-type:string]' THEN [placeholder-type:numeric] ELSE [placeholder-type:numeric] END) FROM cars INNER JOIN trains AS T2 ON T1.train_id = T2.id WHERE trains.direction = '[placeholder-type:string]'",
        "ba": "The virtual table calculates the total number of cars based on their roof type from the 'cars' table, while joining with the 'trains' table to filter by the direction of the trains. The placeholders represent the specific roof type and the direction of the trains.",
        "gold_complexity": 7,
        "gold_sql": "SELECT SUM(CASE WHEN T1.roof = 'flat' THEN 1 ELSE 0 END)as count FROM cars AS T1 INNER JOIN trains AS T2 ON T1.train_id = T2.id WHERE T2.direction = 'east'"
    },
    {
        "sample_id": 694,
        "vt": "SELECT COUNT(cars.id) FROM cars WHERE cars.train_id = [placeholder-type:numeric] AND cars.roof = '[placeholder-type:string]'",
        "ba": "The virtual table counts the number of cars associated with a specific train and having a particular roof type. The placeholders represent the train's unique identifier and the type of roof.",
        "gold_complexity": 7,
        "gold_sql": "SELECT COUNT(id) FROM cars WHERE train_id = 1 AND roof = 'none'"
    }
]