[
    {
        "sample_id": 4712,
        "vt": "SELECT director.director FROM characters INNER JOIN director AS T2 ON T1.movie_title = T2.name INNER JOIN movies_total_gross AS T3 ON T3.movie_title = T1.movie_title WHERE SUBSTRING(movies_total_gross.release_date, LENGTH(movies_total_gross.release_date) - [placeholder-type:numeric], LENGTH(movies_total_gross.release_date)) BETWEEN '[placeholder-type:string]' AND '[placeholder-type:string]' ORDER BY CAST(REPLACE(TRIM(movies_total_gross.total_gross, '[placeholder-type:string]'), ',', '') AS FLOAT) LIMIT [placeholder-type:numeric]",
        "ba": "The virtual table retrieves the names of directors from the 'director' table who have directed movies released within a specific date range. It joins the 'characters' table to link movies with their directors and the 'movies_total_gross' table to filter based on the release date. The results are ordered by the total gross of the movies, and the query limits the number of results returned.",
        "gold_complexity": 11,
        "gold_sql": "SELECT T2.director FROM characters AS T1 INNER JOIN director AS T2 ON T1.movie_title = T2.name INNER JOIN movies_total_gross AS T3 ON T3.movie_title = T1.movie_title WHERE SUBSTR(T3.release_date, LENGTH(T3.release_date) - 3, LENGTH(T3.release_date)) BETWEEN '1937' AND '1990' ORDER BY CAST(REPLACE(trim(T3.total_gross, '$'), ',', '') AS REAL) DESC LIMIT 1"
    },
    {
        "sample_id": 4710,
        "vt": "SELECT DISTINCT director.director FROM characters INNER JOIN director AS T2 ON T1.movie_title = T2.name INNER JOIN movies_total_gross AS T3 ON T1.movie_title = T3.movie_title WHERE CAST(REPLACE(TRIM(movies_total_gross.total_gross, '[placeholder-type:string]'), ',', '') AS FLOAT) > [placeholder-type:numeric]",
        "ba": "The virtual table lists distinct directors of movies that have a total gross exceeding a specified numeric value. It combines data from the 'characters', 'director', and 'movies_total_gross' tables, ensuring that only directors of movies with significant financial success are included in the results.",
        "gold_complexity": 9,
        "gold_sql": "SELECT DISTINCT T2.director FROM characters AS T1 INNER JOIN director AS T2 ON T1.movie_title = T2.name INNER JOIN movies_total_gross AS T3 ON T1.movie_title = T3.movie_title WHERE CAST(REPLACE(trim(T3.total_gross, '$'), ',', '') AS REAL) > 100000000"
    },
    {
        "sample_id": 4679,
        "vt": "SELECT CAST(COUNT(CASE WHEN NOT characters.song IS NULL THEN movies_total_gross.movie_title ELSE NULL END) AS FLOAT) * [placeholder-type:numeric] / COUNT(movies_total_gross.movie_title) FROM characters INNER JOIN movies_total_gross AS T2 ON T1.movie_title = T2.movie_title",
        "ba": "The virtual table calculates the proportion of movies that have an associated song from the 'characters' table compared to the total number of movies in the 'movies_total_gross' table. It uses a conditional count to determine how many movies have a non-null song and divides that by the total count of movies, adjusting the result by a numeric placeholder.",
        "gold_complexity": 6,
        "gold_sql": "SELECT CAST(COUNT(CASE WHEN T1.song IS NOT NULL THEN T2.movie_title ELSE NULL END) AS REAL) * 100 / COUNT(T2.movie_title) FROM characters AS T1 INNER JOIN movies_total_gross AS T2 ON T1.movie_title = T2.movie_title"
    },
    {
        "sample_id": 4680,
        "vt": "SELECT movies_total_gross.movie_title, movies_total_gross.genre FROM movies_total_gross WHERE SUBSTRING(movies_total_gross.release_date, LENGTH(movies_total_gross.release_date) - [placeholder-type:numeric], LENGTH(movies_total_gross.release_date)) = '[placeholder-type:string]'",
        "ba": "The virtual table describes the titles and genres of movies from the 'movies_total_gross' table that were released in a specific year. The placeholder in the WHERE clause represents the year of release, extracted from the release date.",
        "gold_complexity": 8,
        "gold_sql": "SELECT movie_title, genre FROM movies_total_gross WHERE SUBSTR(release_date, LENGTH(release_date) - 3, LENGTH(release_date)) = '2016'"
    },
    {
        "sample_id": 4664,
        "vt": "SELECT director.director, COUNT(director.name) FROM director GROUP BY director.director ORDER BY COUNT(director.name) LIMIT [placeholder-type:numeric]",
        "ba": "The virtual table summarizes the number of movies directed by each director from the 'director' table. It groups the results by the director's name and counts the number of movies associated with each director. The placeholder in the LIMIT clause allows for specifying the maximum number of directors to display based on their productivity.",
        "gold_complexity": 11,
        "gold_sql": "SELECT director, COUNT(name) FROM director GROUP BY director ORDER BY COUNT(name) DESC LIMIT 1"
    },
    {
        "sample_id": 4697,
        "vt": "SELECT CAST(COUNT(CASE WHEN movies_total_gross.genre = '[placeholder-type:string]' THEN movies_total_gross.movie_title ELSE NULL END) AS FLOAT) * [placeholder-type:numeric] / COUNT(movies_total_gross.movie_title), GROUP_CONCAT(movies_total_gross.movie_title), GROUP_CONCAT(director.director) FROM movies_total_gross INNER JOIN director AS T2 ON T1.movie_title = T2.name WHERE SUBSTRING(movies_total_gross.release_date, LENGTH(movies_total_gross.release_date) - [placeholder-type:numeric], LENGTH(movies_total_gross.release_date)) BETWEEN '[placeholder-type:string]' AND '[placeholder-type:string]'",
        "ba": "The virtual table calculates the average number of movies of a specific genre released within a certain date range, along with a concatenated list of those movie titles and their respective directors. The placeholders represent the genre, numeric values for date extraction, and the date range for filtering the release dates.",
        "gold_complexity": 11,
        "gold_sql": "SELECT CAST(COUNT(CASE WHEN T1.genre = 'Comedy' THEN T1.movie_title ELSE NULL END) AS REAL) * 100 / COUNT(T1.movie_title), group_concat(T1.movie_title), group_concat(T2.director) FROM movies_total_gross AS T1 INNER JOIN director AS T2 ON T1.movie_title = T2.name WHERE SUBSTR(T1.release_date, LENGTH(T1.release_date) - 3, LENGTH(T1.release_date)) BETWEEN '1991' AND '2000'"
    },
    {
        "sample_id": 4701,
        "vt": "SELECT voice-actors.movie FROM \"voice-actors\" WHERE voice-actors.\"voice-actor\" = '[placeholder-type:string]'",
        "ba": "The virtual table lists the movies associated with a specific voice actor from the 'voice-actors' table. The placeholder in the WHERE clause represents the name of the voice actor.",
        "gold_complexity": 6,
        "gold_sql": "SELECT movie FROM \"voice-actors\" WHERE \"voice-actor\" = 'Jeff Bennett'"
    },
    {
        "sample_id": 4641,
        "vt": "SELECT characters.hero FROM characters INNER JOIN director AS T2 ON T2.name = T1.movie_title WHERE director.director = '[placeholder-type:string]'",
        "ba": "The virtual table describes the main characters (heroes) of movies directed by a specific director. The query joins the 'characters' table with the 'director' table to filter the results based on the director's name provided as a placeholder.",
        "gold_complexity": 7,
        "gold_sql": "SELECT T1.hero FROM characters AS T1 INNER JOIN director AS T2 ON T2.name = T1.movie_title WHERE T2.director = 'Will Finn'"
    },
    {
        "sample_id": 4654,
        "vt": "SELECT movies_total_gross.mpaa_rating FROM movies_total_gross INNER JOIN characters AS T2 ON T2.movie_title = T1.movie_title WHERE characters.villian = '[placeholder-type:string]'",
        "ba": "The virtual table retrieves the MPAA rating of movies from the 'movies_total_gross' table, specifically for movies that feature a certain villain. It joins the 'movies_total_gross' table with the 'characters' table to filter the results based on the villain's name provided as a placeholder.",
        "gold_complexity": 7,
        "gold_sql": "SELECT T1.MPAA_rating FROM movies_total_gross AS T1 INNER JOIN characters AS T2 ON T2.movie_title = T1.movie_title WHERE T2.villian = 'Turbo'"
    },
    {
        "sample_id": 4735,
        "vt": "SELECT CAST(COUNT(CASE WHEN CAST(REPLACE(TRIM(movies_total_gross.total_gross, '[placeholder-type:string]'), ',', '') AS FLOAT) > [placeholder-type:numeric] THEN movies_total_gross.movie_title ELSE NULL END) AS FLOAT) * [placeholder-type:numeric] / COUNT(movies_total_gross.movie_title) FROM movies_total_gross INNER JOIN director AS T2 ON T1.movie_title = T2.name WHERE director.director = '[placeholder-type:string]'",
        "ba": "The virtual table calculates the percentage of movies directed by a specific director that have a total gross exceeding a specified amount. It counts the number of movies with a total gross greater than the placeholder value and divides it by the total number of movies directed by that director, multiplying the result by another placeholder value for scaling purposes.",
        "gold_complexity": 8,
        "gold_sql": "SELECT CAST(COUNT(CASE WHEN CAST(REPLACE(trim(T1.total_gross, '$'), ',', '') AS REAL) > 100000000 THEN T1.movie_title ELSE NULL END) AS REAL) * 100 / COUNT(T1.movie_title) FROM movies_total_gross AS T1 INNER JOIN director AS T2 ON T1.movie_title = T2.name WHERE T2.director = 'Gary Trousdale'"
    },
    {
        "sample_id": 4658,
        "vt": "SELECT director.name FROM movies_total_gross INNER JOIN director AS T2 ON T2.name = T1.movie_title WHERE director.director = '[placeholder-type:string]' ORDER BY CAST(REPLACE(SUBSTRING(movies_total_gross.total_gross, [placeholder-type:numeric]), ',', '') AS INT) LIMIT [placeholder-type:numeric]",
        "ba": "The virtual table lists the names of directors from the 'director' table who have directed movies that are included in the 'movies_total_gross' table. The query filters the results based on a specific director's name and orders the movies by their total gross, allowing for a limit on the number of results returned.",
        "gold_complexity": 10,
        "gold_sql": "SELECT T2.name FROM movies_total_gross AS T1 INNER JOIN director AS T2 ON T2.name = T1.movie_title WHERE T2.director = 'Ron Clements' ORDER BY CAST(REPLACE(SUBSTR(total_gross, 2), ',', '') AS int) DESC LIMIT 1"
    },
    {
        "sample_id": 4621,
        "vt": "SELECT SUM(CASE WHEN revenue.\"year\" = [placeholder-type:numeric] THEN revenue.total ELSE [placeholder-type:numeric] END) - SUM(CASE WHEN revenue.\"year\" = [placeholder-type:numeric] THEN revenue.total ELSE [placeholder-type:numeric] END) FROM revenue",
        "ba": "The virtual table calculates the difference in total box office gross for a specific year compared to another year from the 'revenue' table. The placeholders represent the years for which the total gross is being compared.",
        "gold_complexity": 5,
        "gold_sql": "SELECT SUM(CASE WHEN \"Year\" = 1998 THEN Total ELSE 0 END) - SUM(CASE WHEN \"Year\" = 1997 THEN Total ELSE 0 END) FROM revenue"
    },
    {
        "sample_id": 4681,
        "vt": "SELECT characters.villian FROM characters WHERE characters.movie_title = '[placeholder-type:string]'",
        "ba": "The virtual table describes the villain character from a specific movie in the 'characters' table. The placeholder in the WHERE clause represents the title of the movie.",
        "gold_complexity": 6,
        "gold_sql": "SELECT villian FROM characters WHERE movie_title = 'Little Mermaid'"
    },
    {
        "sample_id": 4630,
        "vt": "SELECT COUNT((SELECT T2.name FROM \"movies_total_gross\" AS T1 INNER JOIN director AS T2 ON T1.movie_title = T2.name WHERE T2.director = 'Wolfgang Reitherman' AND T1.genre = 'Comedy' GROUP BY T2.name).name) FROM (SELECT director.name FROM \"movies_total_gross\" AS T1 INNER JOIN director AS T2 ON T1.movie_title = T2.name WHERE T2.director = 'Wolfgang Reitherman' AND T1.genre = 'Comedy' GROUP BY T2.name) AS t3",
        "ba": "The virtual table counts the number of unique movies directed by Wolfgang Reitherman in the Comedy genre. It retrieves movie titles from the 'movies_total_gross' table and joins it with the 'director' table to filter by the specified director and genre.",
        "gold_complexity": 16,
        "gold_sql": "SELECT COUNT(T3.name) FROM ( SELECT T2.name FROM \"movies_total_gross\" AS T1 INNER JOIN director AS T2 ON T1.movie_title = T2.name WHERE T2.director = 'Wolfgang Reitherman' AND T1.genre = 'Comedy' GROUP BY T2.name ) T3"
    },
    {
        "sample_id": 4725,
        "vt": "SELECT characters.hero FROM movies_total_gross INNER JOIN characters AS T2 ON T1.movie_title = T2.movie_title WHERE movies_total_gross.genre = '[placeholder-type:string]' ORDER BY CAST(REPLACE(TRIM(movies_total_gross.inflation_adjusted_gross, '[placeholder-type:string]'), ',', '') AS FLOAT) LIMIT [placeholder-type:numeric]",
        "ba": "The virtual table retrieves the main characters (heroes) from movies that belong to a specific genre. It joins the 'movies_total_gross' table with the 'characters' table to filter movies based on their genre and orders the results by the inflation-adjusted gross of the movies, limiting the number of results based on a specified numeric value.",
        "gold_complexity": 10,
        "gold_sql": "SELECT T2.hero FROM movies_total_gross AS T1 INNER JOIN characters AS T2 ON T1.movie_title = T2.movie_title WHERE T1.genre = 'Adventure' ORDER BY CAST(REPLACE(trim(T1.inflation_adjusted_gross, '$'), ',', '') AS REAL) DESC LIMIT 1"
    },
    {
        "sample_id": 4657,
        "vt": "SELECT director.director FROM director INNER JOIN \"voice-actors\" AS T2 ON T1.name = T2.movie WHERE voice-actors.\"voice-actor\" = '[placeholder-type:string]' GROUP BY director.director ORDER BY COUNT(director.director) LIMIT [placeholder-type:numeric]",
        "ba": "The virtual table lists the directors of movies based on the voice actor's name. It joins the 'director' table with the 'voice-actors' table to find all movies associated with a specific voice actor. The results are grouped by director and ordered by the count of movies they have directed, allowing for a limit on the number of directors returned.",
        "gold_complexity": 12,
        "gold_sql": "SELECT director FROM director AS T1 INNER JOIN \"voice-actors\" AS T2 ON T1.name = T2.movie WHERE T2.\"voice-actor\" = 'Bill Thompson' GROUP BY director ORDER BY COUNT(director) DESC LIMIT 1"
    },
    {
        "sample_id": 4724,
        "vt": "SELECT SUM(revenue.total) FROM revenue WHERE revenue.\"year\" BETWEEN [placeholder-type:numeric] AND [placeholder-type:numeric]",
        "ba": "The virtual table summarizes the total box office gross for movies released within a specified range of years. The placeholders in the WHERE clause represent the start and end years for filtering the revenue data.",
        "gold_complexity": 6,
        "gold_sql": "SELECT SUM(Total) FROM revenue WHERE \"Year\" BETWEEN 2010 AND 2016"
    },
    {
        "sample_id": 4643,
        "vt": "SELECT director.director FROM director INNER JOIN \"voice-actors\" AS T2 ON T2.movie = T1.name WHERE voice-actors.character = '[placeholder-type:string]' AND voice-actors.\"voice-actor\" = '[placeholder-type:string]'",
        "ba": "The virtual table retrieves the name of the director for a specific movie based on the character and the voice actor associated with that character. It joins the 'director' table with the 'voice-actors' table to filter results according to the specified character and voice actor.",
        "gold_complexity": 8,
        "gold_sql": "SELECT T1.director FROM director AS T1 INNER JOIN \"voice-actors\" AS T2 ON T2.movie = T1.name WHERE T2.character = 'Aunt Sarah' AND T2.\"voice-actor\" = 'Verna Felton'"
    },
    {
        "sample_id": 4625,
        "vt": "SELECT COUNT(characters.movie_title) FROM characters INNER JOIN director AS T2 ON T1.movie_title = T2.name WHERE SUBSTRING(characters.release_date, INSTR(characters.release_date, '-') + [placeholder-type:numeric], [placeholder-type:numeric]) = '[placeholder-type:string]' AND director.director = '[placeholder-type:string]'",
        "ba": "The virtual table counts the number of movies from the 'characters' table that were directed by a specific director and released in a specific year. The placeholders represent the year and the director's name.",
        "gold_complexity": 8,
        "gold_sql": "SELECT COUNT(movie_title) FROM characters AS T1 INNER JOIN director AS T2 ON T1.movie_title = T2.name WHERE SUBSTR(release_date, INSTR(release_date, '-') + 1, 3) = 'Dec' AND T2.director = 'Wolfgang Reitherman'"
    },
    {
        "sample_id": 4653,
        "vt": "SELECT movies_total_gross.total_gross FROM movies_total_gross INNER JOIN characters AS T2 ON T2.movie_title = T1.movie_title WHERE characters.song = '[placeholder-type:string]'",
        "ba": "The virtual table retrieves the total gross earnings of movies from the 'movies_total_gross' table that are associated with a specific song. It joins the 'movies_total_gross' table with the 'characters' table to filter the results based on the song associated with the movie.",
        "gold_complexity": 7,
        "gold_sql": "SELECT T1.total_gross FROM movies_total_gross AS T1 INNER JOIN characters AS T2 ON T2.movie_title = T1.movie_title WHERE T2.song = 'Little Wonders'"
    },
    {
        "sample_id": 4720,
        "vt": "SELECT COUNT(characters.movie_title) FROM characters WHERE SUBSTRING(characters.release_date, LENGTH(characters.release_date) - [placeholder-type:numeric], LENGTH(characters.release_date)) BETWEEN '[placeholder-type:string]' AND '[placeholder-type:string]'",
        "ba": "The virtual table counts the number of movies from the 'characters' table that were released within a specific range of years. The placeholders represent the start and end years of the range.",
        "gold_complexity": 6,
        "gold_sql": "SELECT COUNT(movie_title) FROM characters WHERE SUBSTR(release_date, LENGTH(release_date) - 1, LENGTH(release_date)) BETWEEN '10' AND '16'"
    },
    {
        "sample_id": 4675,
        "vt": "SELECT director.director FROM characters INNER JOIN director AS T2 ON T1.movie_title = T2.name WHERE NOT characters.song IS NULL GROUP BY director.director",
        "ba": "The virtual table lists the names of directors who have directed movies that feature songs, by joining the 'characters' and 'director' tables. The query filters out any characters that do not have an associated song, ensuring that only those directors whose movies include songs are included in the results.",
        "gold_complexity": 9,
        "gold_sql": "SELECT T2.director FROM characters AS T1 INNER JOIN director AS T2 ON T1.movie_title = T2.name WHERE T1.song IS NOT NULL GROUP BY T2.director"
    },
    {
        "sample_id": 4711,
        "vt": "SELECT characters.song FROM movies_total_gross INNER JOIN characters AS T2 ON T1.movie_title = T2.movie_title ORDER BY CAST(REPLACE(TRIM(movies_total_gross.total_gross, '[placeholder-type:string]'), ',', '') AS FLOAT) LIMIT [placeholder-type:numeric]",
        "ba": "The virtual table retrieves the songs associated with movies from the 'movies_total_gross' table, joining it with the 'characters' table to link movie titles. The results are ordered by the total gross of the movies, which is converted to a float for accurate sorting. The query limits the number of results returned based on a specified numeric placeholder.",
        "gold_complexity": 8,
        "gold_sql": "SELECT T2.song FROM movies_total_gross AS T1 INNER JOIN characters AS T2 ON T1.movie_title = T2.movie_title ORDER BY CAST(REPLACE(trim(T1.total_gross, '$'), ',', '') AS REAL) DESC LIMIT 1"
    },
    {
        "sample_id": 4690,
        "vt": "SELECT movies_total_gross.movie_title, movies_total_gross.total_gross, movies_total_gross.mpaa_rating FROM movies_total_gross INNER JOIN characters AS T2 ON T1.movie_title = T2.movie_title INNER JOIN director AS T3 ON T3.name = T1.movie_title WHERE characters.hero = '[placeholder-type:string]'",
        "ba": "The virtual table provides information about movies, including their titles, total gross earnings, and MPAA ratings. It combines data from the 'movies_total_gross', 'characters', and 'director' tables. The query filters the results to show only those movies where the main character (hero) matches a specified name.",
        "gold_complexity": 12,
        "gold_sql": "SELECT T1.movie_title, T1.total_gross, T1.MPAA_rating FROM movies_total_gross AS T1 INNER JOIN characters AS T2 ON T1.movie_title = T2.movie_title INNER JOIN director AS T3 ON T3.name = T1.movie_title WHERE T2.hero = 'Elsa'"
    },
    {
        "sample_id": 4644,
        "vt": "SELECT characters.release_date FROM characters INNER JOIN \"voice-actors\" AS T2 ON T2.movie = T1.movie_title WHERE voice-actors.character = '[placeholder-type:string]' AND voice-actors.\"voice-actor\" = '[placeholder-type:string]'",
        "ba": "The virtual table provides the release date of a movie from the 'characters' table based on a specific character and their corresponding voice actor. The placeholders represent the character's name and the voice actor's name, allowing users to filter the results accordingly.",
        "gold_complexity": 8,
        "gold_sql": "SELECT T1.release_date FROM characters AS T1 INNER JOIN \"voice-actors\" AS T2 ON T2.movie = T1.movie_title WHERE T2.character = 'Hyacinth Hippo' AND T2.\"voice-actor\" = 'Tress MacNeille'"
    },
    {
        "sample_id": 4696,
        "vt": "SELECT director.director, movies_total_gross.mpaa_rating FROM movies_total_gross INNER JOIN director AS T2 ON T1.movie_title = T2.name WHERE movies_total_gross.genre = '[placeholder-type:string]' AND SUBSTRING(movies_total_gross.release_date, LENGTH(movies_total_gross.release_date) - [placeholder-type:numeric], LENGTH(movies_total_gross.release_date)) = '[placeholder-type:string]'",
        "ba": "The virtual table provides information about the directors and their corresponding MPAA ratings for movies of a specific genre released in a particular year. The placeholders allow users to specify the genre and the year of release.",
        "gold_complexity": 10,
        "gold_sql": "SELECT T2.director, T1.MPAA_rating FROM movies_total_gross AS T1 INNER JOIN director AS T2 ON T1.movie_title = T2.name WHERE T1.genre = 'Musical' AND SUBSTR(T1.release_date, LENGTH(T1.release_date) - 3, LENGTH(T1.release_date)) = '1993'"
    },
    {
        "sample_id": 4629,
        "vt": "SELECT COUNT(voice-actors.movie) FROM characters INNER JOIN \"voice-actors\" AS T2 ON T1.movie_title = T2.movie WHERE voice-actors.\"voice-actor\" = '[placeholder-type:string]' AND SUBSTRING(characters.release_date, INSTR(characters.release_date, '-') + [placeholder-type:numeric]) > [placeholder-type:numeric]",
        "ba": "The virtual table counts the number of movies featuring a specific voice actor from the 'characters' and 'voice-actors' tables. It filters the results based on the voice actor's name and checks if the release date of the movie is after a certain year, using placeholders for both the voice actor's name and the year.",
        "gold_complexity": 9,
        "gold_sql": "SELECT COUNT(T2.movie) FROM characters AS T1 INNER JOIN \"voice-actors\" AS T2 ON T1.movie_title = T2.movie WHERE T2.\"voice-actor\" = 'Alan Tudyk' AND SUBSTR(release_date, INSTR(release_date, '-') + 5) > 12"
    },
    {
        "sample_id": 4719,
        "vt": "SELECT characters.movie_title FROM characters ORDER BY SUBSTRING(characters.release_date, LENGTH(characters.release_date) - [placeholder-type:numeric], LENGTH(characters.release_date)) LIMIT [placeholder-type:numeric]",
        "ba": "The virtual table lists the titles of movies from the 'characters' table, ordered by their release date. The placeholders allow for specifying how many movie titles to retrieve and which part of the release date to consider for ordering.",
        "gold_complexity": 7,
        "gold_sql": "SELECT movie_title FROM characters ORDER BY SUBSTR(release_date, LENGTH(release_date) - 1, LENGTH(release_date)) ASC LIMIT 1"
    },
    {
        "sample_id": 4705,
        "vt": "SELECT characters.song FROM characters INNER JOIN director AS T2 ON T1.movie_title = T2.name WHERE director.director = '[placeholder-type:string]'",
        "ba": "The virtual table retrieves the songs associated with movies directed by a specific director from the 'characters' and 'director' tables. The placeholder in the WHERE clause represents the name of the director.",
        "gold_complexity": 7,
        "gold_sql": "SELECT T1.song FROM characters AS T1 INNER JOIN director AS T2 ON T1.movie_title = T2.name WHERE T2.director = 'Ben Sharpsteen'"
    },
    {
        "sample_id": 4655,
        "vt": "SELECT COUNT((SELECT T1.movie FROM \"voice-actors\" AS T1 INNER JOIN movies_total_gross AS T2 ON T1.movie = T2.movie_title WHERE MPAA_rating = 'PG' AND \"voice-actor\" = 'Bill Thompson' GROUP BY T1.movie).movie) FROM (SELECT voice-actors.movie FROM \"voice-actors\" AS T1 INNER JOIN movies_total_gross AS T2 ON T1.movie = T2.movie_title WHERE MPAA_rating = 'PG' AND \"voice-actor\" = 'Bill Thompson' GROUP BY T1.movie) AS t",
        "ba": "The virtual table counts the number of movies featuring a specific voice actor that have a PG rating. It joins the 'voice-actors' table with the 'movies_total_gross' table to filter movies based on the MPAA rating and the voice actor's name.",
        "gold_complexity": 16,
        "gold_sql": "SELECT COUNT(T.movie) FROM ( SELECT T1.movie FROM \"voice-actors\" AS T1 INNER JOIN movies_total_gross AS T2 ON T1.movie = T2.movie_title WHERE MPAA_rating = 'PG' AND \"voice-actor\" = 'Bill Thompson' GROUP BY T1.movie ) AS T"
    },
    {
        "sample_id": 4729,
        "vt": "SELECT COUNT(DISTINCT \"voice-actor\") FROM \"voice-actors\" WHERE voice-actors.movie = '[placeholder-type:string]'",
        "ba": "The virtual table counts the distinct voice actors associated with a specific movie from the 'voice-actors' table. The placeholder in the WHERE clause represents the title of the movie for which the count of unique voice actors is being requested.",
        "gold_complexity": 7,
        "gold_sql": "SELECT COUNT(DISTINCT \"voice-actor\") FROM \"voice-actors\" WHERE movie = 'Bambi'"
    },
    {
        "sample_id": 4647,
        "vt": "SELECT characters.hero FROM characters INNER JOIN movies_total_gross AS T2 ON T2.movie_title = T1.movie_title WHERE movies_total_gross.genre = '[placeholder-type:string]' AND characters.release_date = '[placeholder-type:string]'",
        "ba": "The virtual table describes the main characters (heroes) from the 'characters' table for movies that belong to a specific genre and were released on a specific date. The placeholders in the WHERE clause represent the genre of the movie and the release date.",
        "gold_complexity": 8,
        "gold_sql": "SELECT T1.hero FROM characters AS T1 INNER JOIN movies_total_gross AS T2 ON T2.movie_title = T1.movie_title WHERE T2.genre = 'Adventure' AND T1.release_date = '4-Mar-16'"
    },
    {
        "sample_id": 4683,
        "vt": "SELECT movies_total_gross.movie_title, CAST(REPLACE(TRIM(movies_total_gross.inflation_adjusted_gross, '[placeholder-type:string]'), ',', '') AS FLOAT) / CAST(REPLACE(TRIM(movies_total_gross.total_gross, '[placeholder-type:string]'), ',', '') AS FLOAT) FROM movies_total_gross ORDER BY CAST(REPLACE(TRIM(movies_total_gross.total_gross, '[placeholder-type:string]'), ',', '') AS FLOAT) LIMIT [placeholder-type:numeric]",
        "ba": "The virtual table calculates the estimated inflation rate for movies by dividing the inflation-adjusted gross by the total gross from the 'movies_total_gross' table. The results are ordered by the total gross, and a limit is applied to restrict the number of results returned.",
        "gold_complexity": 10,
        "gold_sql": "SELECT movie_title, CAST(REPLACE(trim(inflation_adjusted_gross, '$'), ',', '') AS REAL) / CAST(REPLACE(trim(total_gross, '$'), ',', '') AS REAL) FROM movies_total_gross ORDER BY CAST(REPLACE(trim(total_gross, '$'), ',', '') AS REAL) DESC LIMIT 1"
    },
    {
        "sample_id": 4651,
        "vt": "SELECT COUNT(movies_total_gross.movie_title) FROM movies_total_gross WHERE movies_total_gross.mpaa_rating = '[placeholder-type:string]' AND movies_total_gross.genre = '[placeholder-type:string]' AND CAST(SUBSTRING(movies_total_gross.release_date, INSTR(movies_total_gross.release_date, ', ') + [placeholder-type:numeric]) AS INT) BETWEEN [placeholder-type:numeric] AND [placeholder-type:numeric]",
        "ba": "The virtual table counts the number of movies from the 'movies_total_gross' table that match a specific MPAA rating and genre, while also filtering the release date to fall within a specified range. The placeholders represent the MPAA rating, genre, and the numeric values for the year range.",
        "gold_complexity": 9,
        "gold_sql": "SELECT COUNT(movie_title) FROM movies_total_gross WHERE MPAA_rating = 'R' AND genre = 'Horror' AND CAST(SUBSTR(release_date, INSTR(release_date, ', ') + 1) AS int) BETWEEN 1990 AND 2015"
    },
    {
        "sample_id": 4692,
        "vt": "SELECT movies_total_gross.movie_title, movies_total_gross.total_gross FROM movies_total_gross INNER JOIN \"voice-actors\" AS T2 ON T1.movie_title = T2.movie WHERE voice-actors.\"voice-actor\" = '[placeholder-type:string]' AND CAST(REPLACE(TRIM(movies_total_gross.inflation_adjusted_gross, '[placeholder-type:string]'), ',', '') AS FLOAT) * [placeholder-type:numeric] / CAST(REPLACE(TRIM(movies_total_gross.total_gross, '[placeholder-type:string]'), ',', '') AS FLOAT) * [placeholder-type:numeric] < [placeholder-type:numeric]",
        "ba": "The virtual table retrieves the titles and total gross earnings of movies from the 'movies_total_gross' table, specifically for those movies that feature a voice actor matching a specified name. It also includes a condition that compares the inflation-adjusted gross to the total gross, adjusted by certain numeric factors, to filter for movies that meet a specific popularity threshold.",
        "gold_complexity": 11,
        "gold_sql": "SELECT T1.movie_title, T1.total_gross FROM movies_total_gross AS T1 INNER JOIN \"voice-actors\" AS T2 ON T1.movie_title = T2.movie WHERE T2.\"voice-actor\" = 'Frank Welker' AND CAST(REPLACE(trim(T1.inflation_adjusted_gross, '$'), ',', '') AS REAL) * 1.0 / CAST(REPLACE(trim(T1.total_gross, '$'), ',', '') AS REAL) * 1.0 < 2"
    },
    {
        "sample_id": 4624,
        "vt": "SELECT characters.villian FROM director INNER JOIN characters AS T2 ON T1.name = T2.movie_title WHERE director.director = '[placeholder-type:string]' AND NOT characters.villian IS NULL",
        "ba": "The virtual table retrieves the villains from movies directed by a specific director. It joins the 'director' table with the 'characters' table to filter the results based on the director's name, ensuring that only movies with a defined villain are included.",
        "gold_complexity": 9,
        "gold_sql": "SELECT T2.villian FROM director AS T1 INNER JOIN characters AS T2 ON T1.name = T2.movie_title WHERE T1.director = 'Wolfgang Reitherman' AND T2.villian IS NOT NULL"
    },
    {
        "sample_id": 4634,
        "vt": "SELECT movies_total_gross.genre FROM characters INNER JOIN movies_total_gross AS T2 ON T2.movie_title = T1.movie_title WHERE characters.villian = '[placeholder-type:string]'",
        "ba": "The virtual table describes the genre of movies from the 'movies_total_gross' table that feature a specific villain. The query joins the 'characters' table with the 'movies_total_gross' table based on the movie title, allowing us to filter by the villain's name.",
        "gold_complexity": 7,
        "gold_sql": "SELECT T2.genre FROM characters AS T1 INNER JOIN movies_total_gross AS T2 ON T2.movie_title = T1.movie_title WHERE T1.villian = 'Commander Rourke'"
    },
    {
        "sample_id": 4706,
        "vt": "SELECT characters.release_date FROM characters INNER JOIN director AS T2 ON T1.movie_title = T2.name WHERE director.director = '[placeholder-type:string]' AND characters.movie_title = '[placeholder-type:string]'",
        "ba": "The virtual table retrieves the release date of a specific movie from the 'characters' table, joining it with the 'director' table to filter by the director's name. The placeholders represent the director's name and the movie title.",
        "gold_complexity": 8,
        "gold_sql": "SELECT T1.release_date FROM characters AS T1 INNER JOIN director AS T2 ON T1.movie_title = T2.name WHERE T2.director = 'Roger Allers' AND T1.movie_title = 'The Lion King'"
    },
    {
        "sample_id": 4704,
        "vt": "SELECT COUNT(characters.movie_title) FROM characters WHERE SUBSTRING(characters.release_date, LENGTH(characters.release_date) - [placeholder-type:numeric], LENGTH(characters.release_date)) BETWEEN '[placeholder-type:string]' AND '[placeholder-type:string]'",
        "ba": "The virtual table counts the number of movies from the 'characters' table that were released within a specific range of years. The placeholders represent the start and end years of the release date range.",
        "gold_complexity": 6,
        "gold_sql": "SELECT COUNT(movie_title) FROM characters WHERE SUBSTR(release_date, LENGTH(release_date) - 1, LENGTH(release_date)) BETWEEN '37' AND '50'"
    },
    {
        "sample_id": 4707,
        "vt": "SELECT characters.villian FROM characters INNER JOIN \"voice-actors\" AS T2 ON T1.movie_title = T2.movie WHERE voice-actors.\"voice-actor\" = '[placeholder-type:string]'",
        "ba": "The virtual table retrieves the villain character from the 'characters' table based on the voice actor's name. It joins the 'characters' table with the 'voice-actors' table to find the corresponding villain for a specific voice actor.",
        "gold_complexity": 7,
        "gold_sql": "SELECT T1.villian FROM characters AS T1 INNER JOIN \"voice-actors\" AS T2 ON T1.movie_title = T2.movie WHERE T2.\"voice-actor\" = 'Scott Weinger Brad Kane'"
    },
    {
        "sample_id": 4718,
        "vt": "SELECT CAST(COUNT(CASE WHEN movies_total_gross.genre = '[placeholder-type:string]' THEN voice-actors.\"voice-actor\" ELSE NULL END) AS FLOAT) * [placeholder-type:numeric] / COUNT(voice-actors.\"voice-actor\") FROM movies_total_gross INNER JOIN characters AS T2 ON T1.movie_title = T2.movie_title INNER JOIN \"voice-actors\" AS T3 ON T3.movie = T1.movie_title",
        "ba": "The virtual table calculates the proportion of voice actors associated with movies of a specific genre compared to the total number of voice actors. It uses a conditional count to determine how many voice actors belong to movies of the specified genre, and then divides this by the total count of voice actors, adjusting the result by a numeric placeholder.",
        "gold_complexity": 7,
        "gold_sql": "SELECT CAST(COUNT(CASE WHEN T1.genre = 'Drama' THEN T3.\"voice-actor\" ELSE NULL END) AS REAL) * 100 / COUNT(T3.\"voice-actor\") FROM movies_total_gross AS T1 INNER JOIN characters AS T2 ON T1.movie_title = T2.movie_title INNER JOIN \"voice-actors\" AS T3 ON T3.movie = T1.movie_title"
    },
    {
        "sample_id": 4662,
        "vt": "SELECT characters.villian FROM characters WHERE characters.movie_title = '[placeholder-type:string]'",
        "ba": "The virtual table describes the villain character from a specific movie in the 'characters' table. The placeholder in the WHERE clause represents the title of the movie.",
        "gold_complexity": 6,
        "gold_sql": "SELECT villian FROM characters WHERE movie_title = 'The Great Mouse Detective'"
    },
    {
        "sample_id": 4715,
        "vt": "SELECT movies_total_gross.genre FROM movies_total_gross INNER JOIN characters AS T2 ON T1.movie_title = T2.movie_title WHERE characters.hero = '[placeholder-type:string]'",
        "ba": "The virtual table describes the genre of movies from the 'movies_total_gross' table that feature a specific hero character. The query joins the 'movies_total_gross' table with the 'characters' table to filter the results based on the hero's name, represented by a placeholder.",
        "gold_complexity": 7,
        "gold_sql": "SELECT T1.genre FROM movies_total_gross AS T1 INNER JOIN characters AS T2 ON T1.movie_title = T2.movie_title WHERE T2.hero = 'Taran'"
    },
    {
        "sample_id": 4640,
        "vt": "SELECT characters.song FROM movies_total_gross INNER JOIN characters AS T2 ON T1.movie_title = T2.movie_title WHERE CAST(SUBSTRING(movies_total_gross.release_date, INSTR(movies_total_gross.release_date, ', ') + [placeholder-type:numeric]) AS INT) BETWEEN [placeholder-type:numeric] AND [placeholder-type:numeric] ORDER BY CAST(REPLACE(SUBSTRING(movies_total_gross.total_gross, [placeholder-type:numeric]), ',', '') AS FLOAT) LIMIT [placeholder-type:numeric]",
        "ba": "The virtual table retrieves the songs associated with movies from the 'movies_total_gross' table, filtering the results based on the release date range and ordering them by total gross. The placeholders allow users to specify the year range and limit the number of results returned.",
        "gold_complexity": 10,
        "gold_sql": "SELECT T2.song FROM movies_total_gross AS T1 INNER JOIN characters AS T2 ON T1.movie_title = T2.movie_title WHERE CAST(SUBSTR(T1.release_date, INSTR(T1.release_date, ', ') + 1) AS int) BETWEEN 1970 AND 1979 ORDER BY CAST(REPLACE(SUBSTR(T1.total_gross, 2), ',', '') AS float) DESC LIMIT 1"
    },
    {
        "sample_id": 4709,
        "vt": "SELECT characters.movie_title FROM characters INNER JOIN director AS T2 ON T1.movie_title = T2.name WHERE director.director = '[placeholder-type:string]' AND SUBSTRING(characters.release_date, LENGTH(characters.release_date) - [placeholder-type:numeric], LENGTH(characters.release_date)) < '[placeholder-type:string]'",
        "ba": "The virtual table lists the titles of movies from the 'characters' table that were directed by a specific director and released before a certain year. The query uses an inner join to connect the 'characters' table with the 'director' table based on the movie title, filtering results by the director's name and the release date.",
        "gold_complexity": 9,
        "gold_sql": "SELECT T1.movie_title FROM characters AS T1 INNER JOIN director AS T2 ON T1.movie_title = T2.name WHERE T2.director = 'Jack Kinney' AND SUBSTR(T1.release_date, LENGTH(T1.release_date) - 1, LENGTH(T1.release_date)) < '47'"
    },
    {
        "sample_id": 4670,
        "vt": "SELECT director.name, voice-actors.\"voice-actor\" FROM director INNER JOIN \"voice-actors\" AS T2 ON T1.name = T2.movie WHERE director.director = '[placeholder-type:string]'",
        "ba": "The virtual table provides a list of directors and their corresponding voice actors from the 'director' and 'voice-actors' tables. It filters the results based on a specific director's name provided as a placeholder.",
        "gold_complexity": 9,
        "gold_sql": "SELECT T1.name, T2.\"voice-actor\" FROM director AS T1 INNER JOIN \"voice-actors\" AS T2 ON T1.name = T2.movie WHERE T1.director = 'Wolfgang Reitherman'"
    },
    {
        "sample_id": 4730,
        "vt": "SELECT SUM(CAST(REPLACE(TRIM(movies_total_gross.inflation_adjusted_gross, '[placeholder-type:string]'), ',', '') AS FLOAT)) / SUM(CAST(REPLACE(TRIM(movies_total_gross.total_gross, '[placeholder-type:string]'), ',', '') AS FLOAT)) FROM movies_total_gross WHERE SUBSTRING(movies_total_gross.release_date, LENGTH(movies_total_gross.release_date) - [placeholder-type:numeric], LENGTH(movies_total_gross.release_date)) = '[placeholder-type:string]' GROUP BY SUBSTRING(movies_total_gross.release_date, LENGTH(movies_total_gross.release_date) - [placeholder-type:numeric], LENGTH(movies_total_gross.release_date)) = '[placeholder-type:string]'",
        "ba": "The virtual table calculates the ratio of the total inflation-adjusted gross to the total gross of movies released in a specific year. It uses placeholders to filter the release date and to handle string values for the inflation-adjusted gross and total gross columns.",
        "gold_complexity": 9,
        "gold_sql": "SELECT SUM(CAST(REPLACE(trim(inflation_adjusted_gross, '$'), ',', '') AS REAL)) / SUM(CAST(REPLACE(trim(total_gross, '$'), ',', '') AS REAL)) FROM movies_total_gross WHERE SUBSTR(release_date, LENGTH(release_date) - 3, LENGTH(release_date)) = '1995' GROUP BY SUBSTR(release_date, LENGTH(release_date) - 3, LENGTH(release_date)) = '1995'"
    },
    {
        "sample_id": 4684,
        "vt": "SELECT movies_total_gross.movie_title, movies_total_gross.release_date FROM movies_total_gross WHERE movies_total_gross.mpaa_rating = '[placeholder-type:string]' AND movies_total_gross.genre = '[placeholder-type:string]'",
        "ba": "The virtual table describes the titles and release dates of movies from the 'movies_total_gross' table that match a specific MPAA rating and genre. The placeholders in the WHERE clause represent the MPAA rating and genre of the movies.",
        "gold_complexity": 9,
        "gold_sql": "SELECT movie_title, release_date FROM movies_total_gross WHERE MPAA_rating = 'PG-13' AND genre = 'Romantic Comedy'"
    },
    {
        "sample_id": 4726,
        "vt": "SELECT director.director FROM movies_total_gross INNER JOIN director AS T2 ON T1.movie_title = T2.name ORDER BY CAST(REPLACE(TRIM(movies_total_gross.total_gross, '[placeholder-type:string]'), ',', '') AS FLOAT) LIMIT [placeholder-type:numeric]",
        "ba": "The virtual table retrieves the names of directors from the 'director' table who have directed movies listed in the 'movies_total_gross' table. The results are ordered by the total gross of the movies, with a limit on the number of directors returned. The total gross is processed to remove any commas and convert it to a float for accurate sorting.",
        "gold_complexity": 8,
        "gold_sql": "SELECT T2.director FROM movies_total_gross AS T1 INNER JOIN director AS T2 ON T1.movie_title = T2.name ORDER BY CAST(REPLACE(trim(T1.total_gross, '$'), ',', '') AS REAL) ASC LIMIT 1"
    },
    {
        "sample_id": 4695,
        "vt": "SELECT voice-actors.\"voice-actor\" FROM \"voice-actors\" INNER JOIN characters AS T2 ON T1.movie = T2.movie_title WHERE characters.movie_title = '[placeholder-type:string]' AND voice-actors.character = '[placeholder-type:string]'",
        "ba": "The virtual table describes the voice actors associated with a specific character in a specific movie. It retrieves the name of the voice actor from the 'voice-actors' table by joining it with the 'characters' table based on the movie title. The placeholders represent the movie title and the character's name.",
        "gold_complexity": 8,
        "gold_sql": "SELECT T1.\"voice-actor\" FROM \"voice-actors\" AS T1 INNER JOIN characters AS T2 ON T1.movie = T2.movie_title WHERE T2.movie_title = 'Lion King' AND T1.character = 'Lion King'"
    },
    {
        "sample_id": 4723,
        "vt": "SELECT voice-actors.\"voice-actor\" FROM \"voice-actors\" WHERE voice-actors.character = '[placeholder-type:string]'",
        "ba": "The virtual table describes the voice actors associated with a specific character from the 'voice-actors' table. The placeholder in the WHERE clause represents the name of the character for which we want to find the corresponding voice actor.",
        "gold_complexity": 6,
        "gold_sql": "SELECT \"voice-actor\" FROM \"voice-actors\" WHERE character = 'Akela'"
    },
    {
        "sample_id": 4672,
        "vt": "SELECT movies_total_gross.movie_title FROM movies_total_gross INNER JOIN characters AS T2 ON T2.movie_title = T1.movie_title WHERE characters.song IS NULL ORDER BY CAST(REPLACE(TRIM(movies_total_gross.total_gross, '[placeholder-type:string]'), ',', '') AS FLOAT) LIMIT [placeholder-type:numeric]",
        "ba": "The virtual table lists the titles of movies from the 'movies_total_gross' table that do not have an associated song in the 'characters' table. The query joins the 'movies_total_gross' and 'characters' tables on the movie title, filtering for records where the song is null. The results are ordered by the total gross of the movies, with a limit on the number of results returned.",
        "gold_complexity": 10,
        "gold_sql": "SELECT T1.movie_title FROM movies_total_gross AS T1 INNER JOIN characters AS T2 ON T2.movie_title = T1.movie_title WHERE T2.song IS NULL ORDER BY CAST(REPLACE(trim(T1.total_gross, '$'), ',', '') AS REAL) DESC LIMIT 1"
    },
    {
        "sample_id": 4734,
        "vt": "SELECT SUM(CASE WHEN CAST(REPLACE(TRIM(movies_total_gross.inflation_adjusted_gross, '[placeholder-type:string]'), ',', '') AS FLOAT) > [placeholder-type:numeric] THEN CAST(REPLACE(TRIM(movies_total_gross.inflation_adjusted_gross, '[placeholder-type:string]'), ',', '') AS FLOAT) ELSE [placeholder-type:numeric] END) * [placeholder-type:numeric] / SUM(CAST(REPLACE(TRIM(movies_total_gross.inflation_adjusted_gross, '[placeholder-type:string]'), ',', '') AS FLOAT)) FROM movies_total_gross",
        "ba": "The virtual table calculates a weighted average of inflation-adjusted gross revenues for movies, where the gross is considered only if it exceeds a specified threshold. The calculation involves summing the adjusted gross values that meet the condition and multiplying by a specified factor, then dividing by the total sum of all inflation-adjusted gross values.",
        "gold_complexity": 4,
        "gold_sql": "SELECT SUM(CASE WHEN CAST(REPLACE(trim(inflation_adjusted_gross, '$'), ',', '') AS REAL) > 1236035515 THEN CAST(REPLACE(trim(inflation_adjusted_gross, '$'), ',', '') AS REAL) ELSE 0 END) * 100 / SUM(CAST(REPLACE(trim(inflation_adjusted_gross, '$'), ',', '') AS REAL)) FROM movies_total_gross"
    },
    {
        "sample_id": 4694,
        "vt": "SELECT voice-actors.\"voice-actor\", characters.villian FROM \"voice-actors\" INNER JOIN characters AS T2 ON T1.movie = T2.movie_title WHERE characters.movie_title = '[placeholder-type:string]'",
        "ba": "The virtual table describes the voice actors and their corresponding villains from the 'voice-actors' and 'characters' tables. It retrieves the names of voice actors who voiced characters in a specific movie, along with the villains associated with that movie. The placeholder in the WHERE clause represents the title of the movie.",
        "gold_complexity": 9,
        "gold_sql": "SELECT T1.\"voice-actor\", T2.villian FROM \"voice-actors\" AS T1 INNER JOIN characters AS T2 ON T1.movie = T2.movie_title WHERE T2.movie_title = 'Cinderella'"
    },
    {
        "sample_id": 4656,
        "vt": "SELECT COUNT((SELECT T1.name FROM director AS T1 INNER JOIN movies_total_gross AS T2 ON T1.name = T2.movie_title WHERE T1.director = 'Gary Trousdale' AND T2.genre = 'Adventure' GROUP BY T1.name).name) FROM (SELECT director.name FROM director AS T1 INNER JOIN movies_total_gross AS T2 ON T1.name = T2.movie_title WHERE T1.director = 'Gary Trousdale' AND T2.genre = 'Adventure' GROUP BY T1.name) AS t",
        "ba": "The virtual table counts the number of unique movies directed by a specific director in a particular genre. It retrieves the names of movies directed by 'Gary Trousdale' that fall under the 'Adventure' genre, ensuring that only distinct movie titles are considered in the count.",
        "gold_complexity": 16,
        "gold_sql": "SELECT COUNT(T.name) FROM ( SELECT T1.name FROM director AS T1 INNER JOIN movies_total_gross AS T2 ON T1.name = T2.movie_title WHERE T1.director = 'Gary Trousdale' AND T2.genre = 'Adventure' GROUP BY T1.name ) T"
    },
    {
        "sample_id": 4660,
        "vt": "SELECT COUNT(*) FROM director INNER JOIN movies_total_gross AS T2 ON T1.name = T2.movie_title WHERE director.director = '[placeholder-type:string]' AND movies_total_gross.mpaa_rating = '[placeholder-type:string]' AND movies_total_gross.genre = '[placeholder-type:string]'",
        "ba": "The virtual table counts the number of movies directed by a specific director that meet certain criteria. It joins the 'director' table with the 'movies_total_gross' table to filter movies based on the director's name, the MPAA rating, and the genre of the movie. The placeholders represent the director's name, the MPAA rating, and the genre respectively.",
        "gold_complexity": 9,
        "gold_sql": "SELECT COUNT(*) FROM director AS T1 INNER JOIN movies_total_gross AS T2 ON T1.name = T2.movie_title WHERE T1.director = 'Ron Clements' AND T2.MPAA_rating = 'PG' AND T2.genre = 'Adventure'"
    },
    {
        "sample_id": 4688,
        "vt": "SELECT characters.movie_title, director.director FROM characters INNER JOIN director AS T2 ON T1.movie_title = T2.name WHERE characters.hero = '[placeholder-type:string]'",
        "ba": "The virtual table describes the titles of movies along with their directors from the 'characters' and 'director' tables, filtered by a specific hero character. The placeholder in the WHERE clause represents the name of the hero character.",
        "gold_complexity": 9,
        "gold_sql": "SELECT T1.movie_title, T2.director FROM characters AS T1 INNER JOIN director AS T2 ON T1.movie_title = T2.name WHERE T1.hero = 'Donald Duck'"
    },
    {
        "sample_id": 4667,
        "vt": "SELECT voice-actors.\"voice-actor\" FROM characters INNER JOIN \"voice-actors\" AS T2 ON T2.character = T1.hero WHERE voice-actors.movie = characters.movie_title",
        "ba": "The virtual table retrieves the names of voice actors who provided the voice for the main characters in various movies. It joins the 'characters' table, which contains information about the main characters and their respective movies, with the 'voice-actors' table, which lists the voice actors and the characters they portray. The join condition ensures that only those voice actors who voiced the heroes in the movies are selected.",
        "gold_complexity": 7,
        "gold_sql": "SELECT T2.\"voice-actor\" FROM characters AS T1 INNER JOIN \"voice-actors\" AS T2 ON T2.character = T1.hero WHERE T2.movie = T1.movie_title"
    },
    {
        "sample_id": 4632,
        "vt": "SELECT movies_total_gross.movie_title FROM \"movies_total_gross\" INNER JOIN director AS T2 ON T1.movie_title = T2.name WHERE movies_total_gross.mpaa_rating = '[placeholder-type:string]' AND director.director = '[placeholder-type:string]'",
        "ba": "The virtual table lists the titles of movies from the 'movies_total_gross' table that have a specific MPAA rating and are directed by a particular director. The placeholders in the WHERE clause represent the MPAA rating and the director's name.",
        "gold_complexity": 8,
        "gold_sql": "SELECT T1.movie_title FROM \"movies_total_gross\" AS T1 INNER JOIN director AS T2 ON T1.movie_title = T2.name WHERE T1.MPAA_rating = 'G' AND T2.director = 'Wolfgang Reitherman'"
    },
    {
        "sample_id": 4626,
        "vt": "SELECT director.director FROM characters INNER JOIN director AS T2 ON T1.movie_title = T2.name WHERE characters.song = '[placeholder-type:string]'",
        "ba": "The virtual table retrieves the names of directors from the 'director' table for movies that feature a specific song. It joins the 'characters' table with the 'director' table based on the movie title, allowing us to filter results by the song associated with the characters.",
        "gold_complexity": 7,
        "gold_sql": "SELECT T2.director FROM characters AS T1 INNER JOIN director AS T2 ON T1.movie_title = T2.name WHERE T1.song = 'Once Upon a Dream'"
    },
    {
        "sample_id": 4642,
        "vt": "SELECT voice-actors.\"voice-actor\" FROM characters INNER JOIN \"voice-actors\" AS T2 ON T2.movie = T1.movie_title WHERE characters.movie_title = '[placeholder-type:string]' AND voice-actors.character = characters.hero",
        "ba": "The virtual table describes the voice actors associated with the main characters of a specific movie from the 'characters' table. The query joins the 'characters' table with the 'voice-actors' table to retrieve the names of voice actors for the hero character in the specified movie.",
        "gold_complexity": 8,
        "gold_sql": "SELECT T2.\"voice-actor\" FROM characters AS T1 INNER JOIN \"voice-actors\" AS T2 ON T2.movie = T1.movie_title WHERE T1.movie_title = 'The Little Mermaid' AND T2.character = T1.hero"
    },
    {
        "sample_id": 4628,
        "vt": "SELECT characters.release_date FROM \"voice-actors\" INNER JOIN characters AS T2 ON T1.movie = T2.movie_title WHERE voice-actors.\"voice-actor\" = '[placeholder-type:string]'",
        "ba": "The virtual table describes the release dates of movies from the 'characters' table, filtered by a specific voice actor's name. The query uses an inner join to connect the 'voice-actors' table with the 'characters' table based on the movie title, allowing us to retrieve the release date of movies associated with a particular voice actor.",
        "gold_complexity": 7,
        "gold_sql": "SELECT T2.release_date FROM \"voice-actors\" AS T1 INNER JOIN characters AS T2 ON T1.movie = T2.movie_title WHERE T1.\"voice-actor\" = 'Alan Tudyk'"
    },
    {
        "sample_id": 4713,
        "vt": "SELECT characters.hero FROM movies_total_gross INNER JOIN characters AS T2 ON T1.movie_title = T2.movie_title WHERE movies_total_gross.genre = '[placeholder-type:string]'",
        "ba": "The virtual table describes the main characters (heroes) of movies from the 'characters' table that belong to a specific genre as indicated in the 'movies_total_gross' table. The placeholder in the WHERE clause represents the genre of the movie.",
        "gold_complexity": 7,
        "gold_sql": "SELECT T2.hero FROM movies_total_gross AS T1 INNER JOIN characters AS T2 ON T1.movie_title = T2.movie_title WHERE T1.genre = 'Comedy'"
    },
    {
        "sample_id": 4622,
        "vt": "SELECT CASE WHEN revenue.\"studio entertainment[ni 1]\" > revenue.\"disney media networks\" THEN revenue.\"studio entertainment[ni 1]\" ELSE revenue.\"disney media networks\" END FROM revenue WHERE revenue.\"year\" = [placeholder-type:numeric]",
        "ba": "The virtual table identifies the higher revenue between the studio entertainment segment and the media networks segment of the Walt Disney Company for a specific year. The placeholder in the WHERE clause represents the year of interest.",
        "gold_complexity": 7,
        "gold_sql": "SELECT CASE WHEN \"Studio Entertainment[NI 1]\" > \"Disney Media Networks\" THEN \"Studio Entertainment[NI 1]\" ELSE \"Disney Media Networks\" END FROM revenue WHERE \"Year\" = 1998"
    },
    {
        "sample_id": 4668,
        "vt": "SELECT director.director FROM movies_total_gross INNER JOIN director AS T2 ON T1.movie_title = T2.name AND CAST(SUBSTRING(release_date, INSTR(release_date, ', ') + 1) AS INT) BETWEEN 1990 AND 2000 GROUP BY director.director",
        "ba": "The virtual table lists the directors of movies that were released between 1990 and 2000. It retrieves this information by joining the 'movies_total_gross' table with the 'director' table based on the movie title. The results are grouped by the director's name to ensure each director is listed only once.",
        "gold_complexity": 7,
        "gold_sql": "SELECT T2.director FROM movies_total_gross AS T1 INNER JOIN director AS T2 ON T1.movie_title = T2.name AND CAST(SUBSTR(release_date, INSTR(release_date, ', ') + 1) AS int) BETWEEN 1990 AND 2000 GROUP BY T2.director"
    },
    {
        "sample_id": 4702,
        "vt": "SELECT director.director FROM director WHERE director.name = '[placeholder-type:string]'",
        "ba": "The virtual table retrieves the name of the director from the 'director' table based on a specific movie title. The placeholder in the WHERE clause represents the movie title for which the director's name is being queried.",
        "gold_complexity": 6,
        "gold_sql": "SELECT director FROM director WHERE name = 'Wreck-It Ralph'"
    },
    {
        "sample_id": 4638,
        "vt": "SELECT voice-actors.\"voice-actor\" FROM \"voice-actors\" WHERE voice-actors.character = '[placeholder-type:string]'",
        "ba": "The virtual table describes the voice actors associated with a specific character from the 'voice-actors' table. The placeholder in the WHERE clause represents the name of the character for which we want to find the corresponding voice actor.",
        "gold_complexity": 6,
        "gold_sql": "SELECT \"voice-actor\" FROM \"voice-actors\" WHERE character = 'Binkie Muddlefoot'"
    },
    {
        "sample_id": 4677,
        "vt": "SELECT movies_total_gross.movie_title FROM director INNER JOIN movies_total_gross AS T2 ON T1.name = T2.movie_title WHERE director.director = '[placeholder-type:string]' ORDER BY CAST(REPLACE(TRIM(movies_total_gross.total_gross, '[placeholder-type:string]'), ',', '') AS FLOAT) LIMIT [placeholder-type:numeric]",
        "ba": "The virtual table lists the titles of movies directed by a specific director from the 'director' table. It joins the 'director' table with the 'movies_total_gross' table to filter movies based on the director's name. The results are ordered by the total gross of the movies, and a limit is applied to restrict the number of results returned.",
        "gold_complexity": 10,
        "gold_sql": "SELECT T2.movie_title FROM director AS T1 INNER JOIN movies_total_gross AS T2 ON T1.name = T2.movie_title WHERE T1.director = 'Ron Clements' ORDER BY CAST(REPLACE(trim(T2.total_gross, '$'), ',', '') AS REAL) DESC LIMIT 1"
    },
    {
        "sample_id": 4650,
        "vt": "SELECT director.director FROM director GROUP BY director.director ORDER BY COUNT(director.name) LIMIT [placeholder-type:numeric]",
        "ba": "The virtual table lists the directors from the 'director' table, grouping them by their names to count how many movies each director has made. It orders the results by the number of movies in descending order and limits the output to a specified number of directors.",
        "gold_complexity": 9,
        "gold_sql": "SELECT director FROM director GROUP BY director ORDER BY COUNT(name) DESC LIMIT 1"
    }
]