[
    {
        "sample_id": 564,
        "vt": "SELECT person.person_name FROM movie INNER JOIN movie_crew AS T2 ON T1.movie_id = T2.movie_id INNER JOIN person AS T3 ON T2.person_id = T3.person_id WHERE movie.title = '[placeholder-type:string]' AND movie_crew.job = '[placeholder-type:string]'",
        "ba": "The virtual table describes the names of individuals who worked on a specific movie in a particular job role. It retrieves data from the 'movie' table and joins it with the 'movie_crew' table to find the corresponding crew members, filtering by the movie title and the job title.",
        "gold_complexity": 9,
        "gold_sql": "SELECT T3.person_name FROM movie AS T1 INNER JOIN movie_crew AS T2 ON T1.movie_id = T2.movie_id INNER JOIN person AS T3 ON T2.person_id = T3.person_id WHERE T1.title = 'Pirates of the Caribbean: The Curse of the Black Pearl' AND T2.job = 'Producer'"
    },
    {
        "sample_id": 484,
        "vt": "SELECT CAST(COUNT(CASE WHEN genre.genre_name = '[placeholder-type:string]' THEN movie.movie_id ELSE NULL END) AS FLOAT) * [placeholder-type:numeric] / COUNT(movie.movie_id) FROM movie INNER JOIN movie_genres AS T2 ON T1.movie_id = T2.movie_id INNER JOIN production_COUNTry AS T3 ON T1.movie_id = T3.movie_id INNER JOIN genre AS T4 ON T2.genre_id = T4.genre_id INNER JOIN COUNTry AS T5 ON T3.COUNTry_id = T5.COUNTry_id WHERE country.country_name = '[placeholder-type:string]'",
        "ba": "The virtual table calculates the percentage of movies of a specific genre produced in a specific country. It counts the number of movies that match the specified genre and divides it by the total number of movies produced in that country, multiplying the result by a numeric placeholder for scaling purposes.",
        "gold_complexity": 11,
        "gold_sql": "SELECT CAST(COUNT(CASE WHEN T4.genre_name = 'Animation' THEN T1.movie_id ELSE NULL END) AS REAL) * 100 / COUNT(T1.movie_id) FROM movie AS T1 INNER JOIN movie_genres AS T2 ON T1.movie_id = T2.movie_id INNER JOIN production_COUNTry AS T3 ON T1.movie_id = T3.movie_id INNER JOIN genre AS T4 ON T2.genre_id = T4.genre_id INNER JOIN COUNTry AS T5 ON T3.COUNTry_id = T5.COUNTry_id WHERE T5.COUNTry_name = 'Japan'"
    },
    {
        "sample_id": 523,
        "vt": "SELECT COUNT(movie_company.movie_id) FROM movie_company INNER JOIN production_company AS T2 ON T1.company_id = T2.company_id WHERE production_company.company_name = '[placeholder-type:string]'",
        "ba": "The virtual table counts the number of movies produced by a specific production company from the 'movie_company' table. It joins with the 'production_company' table to filter results based on the company's name, represented by a placeholder for string values.",
        "gold_complexity": 7,
        "gold_sql": "SELECT COUNT(T1.movie_id) FROM movie_company AS T1 INNER JOIN production_company AS T2 ON T1.company_id = T2.company_id WHERE T2.company_name = 'Eddie Murphy Productions'"
    },
    {
        "sample_id": 517,
        "vt": "SELECT person.person_name FROM person GROUP BY person.person_name ORDER BY COUNT(person.person_name) LIMIT [placeholder-type:numeric]",
        "ba": "The virtual table lists the names of persons from the 'person' table, grouped by their names. It orders the results based on the count of occurrences of each name, allowing for the identification of the most common names. The placeholder in the LIMIT clause represents the maximum number of names to return.",
        "gold_complexity": 9,
        "gold_sql": "SELECT person_name FROM person GROUP BY person_name ORDER BY COUNT(person_name) DESC LIMIT 1"
    },
    {
        "sample_id": 494,
        "vt": "SELECT genre.genre_name FROM movie INNER JOIN movie_genres AS T2 ON T1.movie_id = T2.movie_id INNER JOIN genre AS T3 ON T2.genre_id = T3.genre_id WHERE movie.runtime = [placeholder-type:numeric]",
        "ba": "The virtual table describes the names of genres associated with movies from the 'movie' table that have a specific runtime. The query uses joins to connect the 'movie' table with the 'movie_genres' table and the 'genre' table, filtering results based on the runtime of the movies.",
        "gold_complexity": 8,
        "gold_sql": "SELECT T3.genre_name FROM movie AS T1 INNER JOIN movie_genres AS T2 ON T1.movie_id = T2.movie_id INNER JOIN genre AS T3 ON T2.genre_id = T3.genre_id WHERE T1.runtime = 14"
    },
    {
        "sample_id": 532,
        "vt": "SELECT genre.genre_name, MAX(movie.budget) FROM movie INNER JOIN movie_genres AS T2 ON T1.movie_id = T2.movie_id INNER JOIN genre AS T3 ON T2.genre_id = T3.genre_id GROUP BY genre.genre_name",
        "ba": "The virtual table displays the maximum budget of movies grouped by their genre names. It combines data from the 'movie' table and the 'genre' table through the 'movie_genres' mapping table, allowing users to see which genre has the highest budget allocated for its movies.",
        "gold_complexity": 10,
        "gold_sql": "SELECT T3.genre_name, MAX(T1.budget) FROM movie AS T1 INNER JOIN movie_genres AS T2 ON T1.movie_id = T2.movie_id INNER JOIN genre AS T3 ON T2.genre_id = T3.genre_id GROUP BY T3.genre_name"
    },
    {
        "sample_id": 502,
        "vt": "SELECT movie.title FROM movie WHERE movie.budget = [placeholder-type:numeric] ORDER BY movie.revenue LIMIT [placeholder-type:numeric]",
        "ba": "The virtual table lists the titles of movies from the 'movie' table that have a specific budget. The results are ordered by the revenue generated by the movies, and the number of results returned is limited to a specified amount.",
        "gold_complexity": 9,
        "gold_sql": "SELECT title FROM movie WHERE budget = 0 ORDER BY revenue DESC LIMIT 1"
    },
    {
        "sample_id": 509,
        "vt": "SELECT movie_languages.language_id FROM movie INNER JOIN movie_languages AS T2 ON T1.movie_id = T2.movie_id ORDER BY movie.popularity LIMIT [placeholder-type:numeric]",
        "ba": "The virtual table retrieves the language IDs of movies from the 'movie' table, joining with the 'movie_languages' table to associate each movie with its respective languages. The results are ordered by the popularity of the movies, and a limit is applied to control the number of records returned based on a specified numeric value.",
        "gold_complexity": 8,
        "gold_sql": "SELECT T2.language_id FROM movie AS T1 INNER JOIN movie_languages AS T2 ON T1.movie_id = T2.movie_id ORDER BY T1.popularity DESC LIMIT 1"
    },
    {
        "sample_id": 435,
        "vt": "SELECT CAST(SUM(movie.budget) AS FLOAT) / COUNT(movie.movie_id) FROM movie INNER JOIN movie_crew AS T2 ON T1.movie_id = T2.movie_id INNER JOIN person AS T3 ON T2.person_id = T3.person_id WHERE person.person_name = '[placeholder-type:string]' AND movie_crew.job = '[placeholder-type:string]'",
        "ba": "The virtual table calculates the average budget of movies based on the contributions of a specific crew member. It joins the 'movie' table with the 'movie_crew' table to link movies with their respective crew members, and further joins with the 'person' table to filter by the name of the crew member. The placeholders represent the crew member's name and their job title.",
        "gold_complexity": 10,
        "gold_sql": "SELECT CAST(SUM(T1.budget) AS REAL) / COUNT(T1.movie_id) FROM movie AS T1 INNER JOIN movie_crew AS T2 ON T1.movie_id = T2.movie_id INNER JOIN person AS T3 ON T2.person_id = T3.person_id WHERE T3.person_name = 'Jaume Collet-Serra' AND T2.job = 'Director'"
    },
    {
        "sample_id": 477,
        "vt": "SELECT genre.genre_name FROM movie INNER JOIN movie_genres AS T2 ON T1.movie_id = T2.movie_id INNER JOIN genre AS T3 ON T2.genre_id = T3.genre_id WHERE movie.title = '[placeholder-type:string]'",
        "ba": "The virtual table lists the names of genres associated with a specific movie title from the 'movie' table. It joins the 'movie_genres' table to link movies with their respective genres and filters the results based on the provided movie title.",
        "gold_complexity": 8,
        "gold_sql": "SELECT T3.genre_name FROM movie AS T1 INNER JOIN movie_genres AS T2 ON T1.movie_id = T2.movie_id INNER JOIN genre AS T3 ON T2.genre_id = T3.genre_id WHERE T1.title = 'Sky Captain and the World of Tomorrow'"
    },
    {
        "sample_id": 413,
        "vt": "SELECT movie_crew.job FROM movie INNER JOIN movie_crew AS T2 ON T1.movie_id = T2.movie_id INNER JOIN person AS T3 ON T2.person_id = T3.person_id WHERE movie.title LIKE '[placeholder-type:string]' AND person.person_name = '[placeholder-type:string]'",
        "ba": "The virtual table describes the job titles of crew members who worked on a specific movie, identified by its title, and whose names match a specified person's name. The placeholders in the WHERE clause represent the movie title and the person's name.",
        "gold_complexity": 10,
        "gold_sql": "SELECT T2.job FROM movie AS T1 INNER JOIN movie_crew AS T2 ON T1.movie_id = T2.movie_id INNER JOIN person AS T3 ON T2.person_id = T3.person_id WHERE T1.title LIKE 'Pirates of the Caribbean: At World%s End' AND T3.person_name = 'Dariusz Wolski'"
    },
    {
        "sample_id": 427,
        "vt": "SELECT COUNT(movie_company.movie_id) FROM production_company INNER JOIN movie_company AS T2 ON T1.company_id = T2.company_id WHERE production_company.company_name = '[placeholder-type:string]'",
        "ba": "The virtual table counts the number of movies produced by a specific production company from the 'production_company' table. It joins the 'movie_company' table to link movies with their respective production companies. The placeholder in the WHERE clause represents the name of the production company for which the count of movies is being requested.",
        "gold_complexity": 7,
        "gold_sql": "SELECT COUNT(T2.movie_id) FROM production_company AS T1 INNER JOIN movie_company AS T2 ON T1.company_id = T2.company_id WHERE T1.company_name = 'Paramount Animation'"
    },
    {
        "sample_id": 434,
        "vt": "SELECT department.department_name FROM movie INNER JOIN movie_crew AS T2 ON T1.movie_id = T2.movie_id INNER JOIN person AS T3 ON T2.person_id = T3.person_id INNER JOIN department AS T4 ON T2.department_id = T4.department_id WHERE person.person_name = '[placeholder-type:string]' AND movie.title = '[placeholder-type:string]'",
        "ba": "The virtual table describes the names of departments involved in a specific movie, based on the crew members who worked on it. The placeholders in the WHERE clause represent the name of the person and the title of the movie.",
        "gold_complexity": 10,
        "gold_sql": "SELECT T4.department_name FROM movie AS T1 INNER JOIN movie_crew AS T2 ON T1.movie_id = T2.movie_id INNER JOIN person AS T3 ON T2.person_id = T3.person_id INNER JOIN department AS T4 ON T2.department_id = T4.department_id WHERE T3.person_name = 'Marcia Ross' AND T1.title = 'Reign of Fire'"
    },
    {
        "sample_id": 422,
        "vt": "SELECT movie.title FROM movie WHERE movie.revenue = [placeholder-type:numeric]",
        "ba": "The virtual table lists the titles of movies from the 'movie' table that have a specific revenue value. The placeholder in the WHERE clause represents the revenue amount.",
        "gold_complexity": 6,
        "gold_sql": "SELECT title FROM movie WHERE revenue = 559852396"
    },
    {
        "sample_id": 490,
        "vt": "SELECT movie_genres.genre_id FROM movie INNER JOIN movie_genres AS T2 ON T1.movie_id = T2.movie_id WHERE movie.title = '[placeholder-type:string]'",
        "ba": "The virtual table retrieves the genre identifier of a movie from the 'movie_genres' table by joining it with the 'movie' table based on the movie's unique identifier. The query filters the results to find the genre of a specific movie title provided by the user.",
        "gold_complexity": 7,
        "gold_sql": "SELECT T2.genre_id FROM movie AS T1 INNER JOIN movie_genres AS T2 ON T1.movie_id = T2.movie_id WHERE T1.title = 'The Dark Knight'"
    },
    {
        "sample_id": 421,
        "vt": "SELECT CAST(SUM(movie.revenue) AS FLOAT) / COUNT(movie.movie_id) FROM movie INNER JOIN movie_crew AS T2 ON T1.movie_id = T2.movie_id INNER JOIN person AS T3 ON T2.person_id = T3.person_id WHERE person.person_name = '[placeholder-type:string]' AND movie_crew.job = '[placeholder-type:string]'",
        "ba": "The virtual table calculates the average revenue of movies based on the contributions of a specific crew member. It sums the revenue of all movies and divides it by the count of those movies, filtering by the crew member's name and job title.",
        "gold_complexity": 10,
        "gold_sql": "SELECT CAST(SUM(T1.revenue) AS REAL) / COUNT(T1.movie_id) FROM movie AS T1 INNER JOIN movie_crew AS T2 ON T1.movie_id = T2.movie_id INNER JOIN person AS T3 ON T2.person_id = T3.person_id WHERE T3.person_name = 'Dariusz Wolski' AND T2.job = 'Director of Photography'"
    },
    {
        "sample_id": 473,
        "vt": "SELECT DISTINCT person.person_name FROM person INNER JOIN movie_cast AS T2 ON T1.person_id = T2.person_id WHERE movie_cast.character_name = '[placeholder-type:string]'",
        "ba": "The virtual table lists the distinct names of persons who have played a specific character in movies. It retrieves data from the 'person' table and joins it with the 'movie_cast' table to filter based on the character's name provided as a placeholder.",
        "gold_complexity": 8,
        "gold_sql": "SELECT DISTINCT T1.person_name FROM person AS T1 INNER JOIN movie_cast AS T2 ON T1.person_id = T2.person_id WHERE T2.character_name = 'Optimus Prime (voice)'"
    },
    {
        "sample_id": 445,
        "vt": "SELECT movie.title FROM production_company INNER JOIN movie_company AS T2 ON T1.company_id = T2.company_id INNER JOIN movie AS T3 ON T2.movie_id = T3.movie_id WHERE production_company.company_name = '[placeholder-type:string]' ORDER BY movie.popularity LIMIT [placeholder-type:numeric]",
        "ba": "The virtual table lists the titles of movies produced by a specific production company. It joins the 'production_company' table with the 'movie_company' table to link companies to their movies, and then further joins with the 'movie' table to access movie details. The query filters results based on the production company's name and orders the movies by their popularity, limiting the number of results returned.",
        "gold_complexity": 11,
        "gold_sql": "SELECT T3.title FROM production_company AS T1 INNER JOIN movie_company AS T2 ON T1.company_id = T2.company_id INNER JOIN movie AS T3 ON T2.movie_id = T3.movie_id WHERE T1.company_name = 'Walt Disney Pictures' ORDER BY T3.popularity DESC LIMIT 1"
    },
    {
        "sample_id": 466,
        "vt": "SELECT genre.genre_name, movie.popularity FROM movie INNER JOIN movie_genres AS T2 ON T1.movie_id = T2.movie_id INNER JOIN genre AS T3 ON T2.genre_id = T3.genre_id WHERE movie.revenue > [placeholder-type:numeric] AND movie.release_date BETWEEN '[placeholder-type:string]' AND '[placeholder-type:string]'",
        "ba": "The virtual table provides a list of movie genres along with their corresponding popularity ratings from the 'movie' table. It filters the results to include only those movies that have a revenue greater than a specified numeric value and were released within a specific date range. The placeholders in the WHERE clause represent the revenue threshold and the start and end dates for the release period.",
        "gold_complexity": 12,
        "gold_sql": "SELECT T3.genre_name, T1.popularity FROM movie AS T1 INNER JOIN movie_genres AS T2 ON T1.movie_id = T2.movie_id INNER JOIN genre AS T3 ON T2.genre_id = T3.genre_id WHERE T1.revenue > 120000000 AND T1.release_date BETWEEN '2012-01-01' AND '2015-12-31'"
    },
    {
        "sample_id": 444,
        "vt": "SELECT DISTINCT person.person_name FROM movie INNER JOIN movie_cast AS T2 ON T1.movie_id = T2.movie_id INNER JOIN person AS T3 ON T2.person_id = T3.person_id WHERE movie_cast.character_name = '[placeholder-type:string]' AND movie.title LIKE '[placeholder-type:string]'",
        "ba": "The virtual table lists the distinct names of persons who played a specific character in movies that match a certain title pattern. It combines data from the 'movie', 'movie_cast', and 'person' tables, filtering based on the character's name and the movie title.",
        "gold_complexity": 11,
        "gold_sql": "SELECT DISTINCT T3.person_name FROM movie AS T1 INNER JOIN movie_cast AS T2 ON T1.movie_id = T2.movie_id INNER JOIN person AS T3 ON T2.person_id = T3.person_id WHERE T2.character_name = 'Captain Jack Sparrow' AND T1.title LIKE 'Pirates of the Caribbean%'"
    },
    {
        "sample_id": 491,
        "vt": "SELECT movie.title FROM movie INNER JOIN movie_genres AS T2 ON T1.movie_id = T2.movie_id INNER JOIN genre AS T3 ON T2.genre_id = T3.genre_id WHERE genre.genre_name = '[placeholder-type:string]'",
        "ba": "The virtual table lists the titles of movies from the 'movie' table that belong to a specific genre. It joins the 'movie' table with the 'movie_genres' table to associate each movie with its genre, and then further joins with the 'genre' table to filter by the specified genre name.",
        "gold_complexity": 8,
        "gold_sql": "SELECT T1.title FROM movie AS T1 INNER JOIN movie_genres AS T2 ON T1.movie_id = T2.movie_id INNER JOIN genre AS T3 ON T2.genre_id = T3.genre_id WHERE T3.genre_name = 'Thriller'"
    },
    {
        "sample_id": 412,
        "vt": "SELECT person.person_name FROM movie INNER JOIN movie_crew AS T2 ON T1.movie_id = T2.movie_id INNER JOIN person AS T3 ON T2.person_id = T3.person_id WHERE movie.title LIKE '[placeholder-type:string]' AND movie_crew.job = '[placeholder-type:string]'",
        "ba": "The virtual table describes the names of persons who worked on a specific movie in a particular job role. It retrieves data from the 'movie' table and joins it with the 'movie_crew' table to find the relevant crew members, filtering by the movie title and job role specified by placeholders.",
        "gold_complexity": 10,
        "gold_sql": "SELECT T3.person_name FROM movie AS T1 INNER JOIN movie_crew AS T2 ON T1.movie_id = T2.movie_id INNER JOIN person AS T3 ON T2.person_id = T3.person_id WHERE T1.title LIKE 'Pirates of the Caribbean: At World%s End' AND T2.job = 'Director of Photography'"
    },
    {
        "sample_id": 461,
        "vt": "SELECT person.person_name FROM movie_cast INNER JOIN person AS T2 ON T1.person_id = T2.person_id INNER JOIN gender AS T3 ON T1.gender_id = T3.gender_id WHERE movie_cast.movie_id = [placeholder-type:numeric] AND gender.gender = '[placeholder-type:string]'",
        "ba": "The virtual table describes the names of persons from the 'movie_cast' table who are associated with a specific movie and belong to a specified gender. The placeholders in the WHERE clause represent the movie's ID and the gender type.",
        "gold_complexity": 9,
        "gold_sql": "SELECT T2.person_name FROM movie_cast AS T1 INNER JOIN person AS T2 ON T1.person_id = T2.person_id INNER JOIN gender AS T3 ON T1.gender_id = T3.gender_id WHERE T1.movie_id = 1865 AND T3.gender = 'Female'"
    },
    {
        "sample_id": 449,
        "vt": "SELECT production_company.company_name FROM production_company INNER JOIN movie_company AS T2 ON T1.company_id = T2.company_id GROUP BY production_company.company_id HAVING COUNT(movie_company.movie_id) > [placeholder-type:numeric]",
        "ba": "The virtual table lists the names of production companies that have produced more than a specified number of movies. It retrieves data from the 'production_company' table and joins it with the 'movie_company' table to count the number of movies associated with each company. The placeholder in the HAVING clause represents the minimum count of movies a company must have produced to be included in the results.",
        "gold_complexity": 9,
        "gold_sql": "SELECT T1.company_name FROM production_company AS T1 INNER JOIN movie_company AS T2 ON T1.company_id = T2.company_id GROUP BY T1.company_id HAVING COUNT(T2.movie_id) > 200"
    },
    {
        "sample_id": 437,
        "vt": "SELECT movie.title FROM movie ORDER BY movie.budget LIMIT [placeholder-type:numeric]",
        "ba": "The virtual table lists the titles of movies from the 'movie' table, ordered by their budget in ascending order. The placeholder in the LIMIT clause allows the user to specify the maximum number of movie titles to retrieve.",
        "gold_complexity": 7,
        "gold_sql": "SELECT title FROM movie ORDER BY budget DESC LIMIT 1"
    },
    {
        "sample_id": 425,
        "vt": "SELECT COUNT(movie_keywords.keyword_id) FROM movie INNER JOIN movie_keywords AS T2 ON T1.movie_id = T2.movie_id WHERE movie.title = '[placeholder-type:string]'",
        "ba": "The virtual table counts the number of keywords associated with a specific movie title from the 'movie' table. The placeholder in the WHERE clause represents the title of the movie for which the keyword count is being requested.",
        "gold_complexity": 7,
        "gold_sql": "SELECT COUNT(T2.keyword_id) FROM movie AS T1 INNER JOIN movie_keywords AS T2 ON T1.movie_id = T2.movie_id WHERE T1.title = 'I Hope They Serve Beer in Hell'"
    },
    {
        "sample_id": 555,
        "vt": "SELECT movie.title FROM production_company INNER JOIN movie_company AS T2 ON T1.company_id = T2.company_id INNER JOIN movie AS T3 ON T2.movie_id = T3.movie_id WHERE production_company.company_name = '[placeholder-type:string]' AND CAST(STRFTIME('%Y', movie.release_date) AS INT) = [placeholder-type:numeric]",
        "ba": "The virtual table lists the titles of movies produced by a specific production company in a given release year. It joins the 'production_company' table with the 'movie_company' table to link companies to their movies, and then further joins with the 'movie' table to access movie details. The placeholders represent the production company's name and the release year of the movies.",
        "gold_complexity": 9,
        "gold_sql": "SELECT T3.title FROM production_company AS T1 INNER JOIN movie_company AS T2 ON T1.company_id = T2.company_id INNER JOIN movie AS T3 ON T2.movie_id = T3.movie_id WHERE T1.company_name = 'Paramount Pictures' AND CAST(STRFTIME('%Y', T3.release_date) AS INT) = 2000"
    },
    {
        "sample_id": 487,
        "vt": "SELECT movie_keywords.keyword_id FROM movie INNER JOIN movie_keywords AS T2 ON T1.movie_id = T2.movie_id WHERE movie.title = '[placeholder-type:string]'",
        "ba": "The virtual table retrieves the unique identifiers of keywords associated with a specific movie title from the 'movie_keywords' table, which is linked to the 'movie' table. The placeholder in the WHERE clause represents the title of the movie being queried.",
        "gold_complexity": 7,
        "gold_sql": "SELECT T2.keyword_id FROM movie AS T1 INNER JOIN movie_keywords AS T2 ON T1.movie_id = T2.movie_id WHERE T1.title = 'Sin City'"
    },
    {
        "sample_id": 515,
        "vt": "SELECT SUM(movie.revenue) FROM production_company INNER JOIN movie_company AS T2 ON T1.company_id = T2.company_id INNER JOIN movie AS T3 ON T2.movie_id = T3.movie_id WHERE production_company.company_name IN ('[placeholder-type:string]', '[placeholder-type:string]')",
        "ba": "The virtual table calculates the total revenue generated by movies produced by specific production companies. It joins the 'production_company' table with the 'movie_company' table to link companies to their respective movies, and then sums the revenue from the 'movie' table for the specified production companies.",
        "gold_complexity": 8,
        "gold_sql": "SELECT SUM(T3.revenue) FROM production_company AS T1 INNER JOIN movie_company AS T2 ON T1.company_id = T2.company_id INNER JOIN movie AS T3 ON T2.movie_id = T3.movie_id WHERE T1.company_name IN ('Fantasy Films', 'Live Entertainment')"
    },
    {
        "sample_id": 460,
        "vt": "SELECT movie_cast.movie_id, movie_cast.character_name FROM person INNER JOIN movie_cast AS T2 ON T1.person_id = T2.person_id WHERE person.person_name = '[placeholder-type:string]'",
        "ba": "The virtual table describes the movie IDs and character names of cast members from the 'movie_cast' table who are associated with a specific person. The query uses an INNER JOIN to connect the 'person' table with the 'movie_cast' table based on the person's ID, filtering results by the person's name using a placeholder.",
        "gold_complexity": 9,
        "gold_sql": "SELECT T2.movie_id, T2.character_name FROM person AS T1 INNER JOIN movie_cast AS T2 ON T1.person_id = T2.person_id WHERE T1.person_name = 'Jim Carrey'"
    },
    {
        "sample_id": 410,
        "vt": "SELECT movie.title FROM production_company INNER JOIN movie_company AS T2 ON T1.company_id = T2.company_id INNER JOIN movie AS T3 ON T2.movie_id = T3.movie_id WHERE production_company.company_name = '[placeholder-type:string]'",
        "ba": "The virtual table lists the titles of movies produced by a specific production company. It retrieves data from the 'production_company' table and joins it with the 'movie_company' table to link production companies with their respective movies. The final join with the 'movie' table allows access to the movie titles. The placeholder in the WHERE clause represents the name of the production company.",
        "gold_complexity": 8,
        "gold_sql": "SELECT T3.title FROM production_company AS T1 INNER JOIN movie_company AS T2 ON T1.company_id = T2.company_id INNER JOIN movie AS T3 ON T2.movie_id = T3.movie_id WHERE T1.company_name = 'Universal Pictures'"
    },
    {
        "sample_id": 565,
        "vt": "SELECT AVG(movie.revenue), movie.title FROM movie INNER JOIN movie_keywords AS T2 ON T1.movie_id = T2.movie_id INNER JOIN keyword AS T3 ON T2.keyword_id = T3.keyword_id WHERE keyword.keyword_name = '[placeholder-type:string]'",
        "ba": "The virtual table calculates the average revenue of movies from the 'movie' table, displaying the title of each movie. It joins the 'movie_keywords' table to associate movies with their keywords and further joins the 'keyword' table to filter results based on a specific keyword name. The placeholder in the WHERE clause represents the keyword used for filtering.",
        "gold_complexity": 10,
        "gold_sql": "SELECT AVG(T1.revenue), T1.title FROM movie AS T1 INNER JOIN movie_keywords AS T2 ON T1.movie_id = T2.movie_id INNER JOIN keyword AS T3 ON T2.keyword_id = T3.keyword_id WHERE T3.keyword_name = 'paris'"
    },
    {
        "sample_id": 416,
        "vt": "SELECT person.person_name FROM movie INNER JOIN movie_crew AS T2 ON T1.movie_id = T2.movie_id INNER JOIN person AS T3 ON T2.person_id = T3.person_id WHERE movie.title LIKE '[placeholder-type:string]' AND movie_crew.job = '[placeholder-type:string]'",
        "ba": "The virtual table describes the names of persons who worked on a specific movie in a particular job role. It retrieves data from the 'movie' table and joins it with the 'movie_crew' table to find the relevant crew members, and then further joins with the 'person' table to get the names of those crew members. The placeholders in the WHERE clause represent the movie title and the job title.",
        "gold_complexity": 10,
        "gold_sql": "SELECT T3.person_name FROM movie AS T1 INNER JOIN movie_crew AS T2 ON T1.movie_id = T2.movie_id INNER JOIN person AS T3 ON T2.person_id = T3.person_id WHERE T1.title LIKE 'Pirates of the Caribbean: At World%s End' AND T2.job = 'Producer'"
    },
    {
        "sample_id": 452,
        "vt": "SELECT COUNT(movie.movie_id) FROM movie INNER JOIN movie_cast AS T2 ON T1.movie_id = T2.movie_id INNER JOIN person AS T3 ON T2.person_id = T3.person_id WHERE person.person_name = '[placeholder-type:string]' AND CAST(STRFTIME('%Y', movie.release_date) AS INT) = [placeholder-type:numeric]",
        "ba": "The virtual table counts the number of movies from the 'movie' table that feature a specific person in the cast, filtered by the person's name and the year of the movie's release. The placeholders represent the person's name and the release year of the movie.",
        "gold_complexity": 9,
        "gold_sql": "SELECT COUNT(T1.movie_id) FROM movie AS T1 INNER JOIN movie_cast AS T2 ON T1.movie_id = T2.movie_id INNER JOIN person AS T3 ON T2.person_id = T3.person_id WHERE T3.person_name = 'Quentin Tarantino' AND CAST(STRFTIME('%Y', T1.release_date) AS INT) = 1995"
    },
    {
        "sample_id": 428,
        "vt": "SELECT COUNT(*) FROM movie INNER JOIN movie_cast AS T2 ON T1.movie_id = T2.movie_id INNER JOIN gender AS T3 ON T2.gender_id = T3.gender_id WHERE movie.title = '[placeholder-type:string]' AND gender.gender = '[placeholder-type:string]'",
        "ba": "The virtual table counts the number of cast members in a specific movie filtered by their gender. It joins the 'movie' table with the 'movie_cast' table to link movies with their respective cast members, and further joins the 'gender' table to filter the cast based on gender. The placeholders represent the movie title and the gender of the cast members.",
        "gold_complexity": 9,
        "gold_sql": "SELECT COUNT(*) FROM movie AS T1 INNER JOIN movie_cast AS T2 ON T1.movie_id = T2.movie_id INNER JOIN gender AS T3 ON T2.gender_id = T3.gender_id WHERE T1.title = 'Spider-Man 3' AND T3.gender = 'Female'"
    },
    {
        "sample_id": 432,
        "vt": "SELECT COUNT(movie_keywords.movie_id) FROM keyword INNER JOIN movie_keywords AS T2 ON T1.keyword_id = T2.keyword_id WHERE keyword.keyword_name = '[placeholder-type:string]'",
        "ba": "The virtual table counts the number of movies associated with a specific keyword from the 'keyword' table. It joins the 'keyword' table with the 'movie_keywords' table to find all movies that have a particular keyword, represented by a placeholder in the WHERE clause.",
        "gold_complexity": 7,
        "gold_sql": "SELECT COUNT(T2.movie_id) FROM keyword AS T1 INNER JOIN movie_keywords AS T2 ON T1.keyword_id = T2.keyword_id WHERE keyword_name = 'saving the world'"
    },
    {
        "sample_id": 443,
        "vt": "SELECT production_company.company_name FROM production_company INNER JOIN movie_company AS T2 ON T1.company_id = T2.company_id GROUP BY production_company.company_id ORDER BY COUNT(movie_company.movie_id) LIMIT [placeholder-type:numeric]",
        "ba": "The virtual table lists the names of production companies that have produced movies. It joins the 'production_company' table with the 'movie_company' table to associate each company with the movies they have produced. The results are grouped by the unique identifier of the production company, and ordered by the count of movies produced by each company. The query limits the output to a specified number of production companies.",
        "gold_complexity": 10,
        "gold_sql": "SELECT T1.company_name FROM production_company AS T1 INNER JOIN movie_company AS T2 ON T1.company_id = T2.company_id GROUP BY T1.company_id ORDER BY COUNT(T2.movie_id) DESC LIMIT 1"
    },
    {
        "sample_id": 528,
        "vt": "SELECT language.language_name FROM movie INNER JOIN movie_languages AS T2 ON T1.movie_id = T2.movie_id INNER JOIN language AS T3 ON T2.language_id = T3.language_id INNER JOIN language_role AS T4 ON T2.language_role_id = T4.role_id WHERE language_role.language_role = '[placeholder-type:string]' AND movie.tagline LIKE '[placeholder-type:string]'",
        "ba": "The virtual table retrieves the names of languages used in movies from the 'movie' table, specifically filtering for movies that have a certain language role and a tagline that matches a specified pattern. The placeholders allow users to specify the desired language role and tagline for their query.",
        "gold_complexity": 11,
        "gold_sql": "SELECT T3.language_name FROM movie AS T1 INNER JOIN movie_languages AS T2 ON T1.movie_id = T2.movie_id INNER JOIN language AS T3 ON T2.language_id = T3.language_id INNER JOIN language_role AS T4 ON T2.language_role_id = T4.role_id WHERE T4.language_role = 'Original' AND T1.tagline LIKE 'An offer you can%t refuse.'"
    },
    {
        "sample_id": 418,
        "vt": "SELECT movie.title FROM movie INNER JOIN movie_crew AS T2 ON T1.movie_id = T2.movie_id INNER JOIN person AS T3 ON T2.person_id = T3.person_id WHERE person.person_name = '[placeholder-type:string]' AND movie_crew.job = '[placeholder-type:string]' ORDER BY movie.vote_average LIMIT [placeholder-type:numeric]",
        "ba": "The virtual table lists the titles of movies from the 'movie' table that have been worked on by a specific person in a specific job role. The query joins the 'movie' table with the 'movie_crew' table to link movies with their crew members, and then further joins with the 'person' table to filter by the person's name. The results are ordered by the movie's average vote and limited to a specified number of results.",
        "gold_complexity": 12,
        "gold_sql": "SELECT T1.title FROM movie AS T1 INNER JOIN movie_crew AS T2 ON T1.movie_id = T2.movie_id INNER JOIN person AS T3 ON T2.person_id = T3.person_id WHERE T3.person_name = 'Dariusz Wolski' AND T2.job = 'Director of Photography' ORDER BY T1.vote_average DESC LIMIT 1"
    },
    {
        "sample_id": 488,
        "vt": "SELECT movie.title FROM movie INNER JOIN movie_keywords AS T2 ON T1.movie_id = T2.movie_id INNER JOIN keyword AS T3 ON T2.keyword_id = T3.keyword_id WHERE keyword.keyword_name = '[placeholder-type:string]'",
        "ba": "The virtual table describes the titles of movies from the 'movie' table that are associated with a specific keyword. The query uses inner joins to connect the 'movie' table with the 'movie_keywords' table and the 'keyword' table, filtering results based on a specified keyword name.",
        "gold_complexity": 8,
        "gold_sql": "SELECT T1.title FROM movie AS T1 INNER JOIN movie_keywords AS T2 ON T1.movie_id = T2.movie_id INNER JOIN keyword AS T3 ON T2.keyword_id = T3.keyword_id WHERE T3.keyword_name = 'angel'"
    },
    {
        "sample_id": 414,
        "vt": "SELECT person.person_name FROM movie INNER JOIN movie_crew AS T2 ON T1.movie_id = T2.movie_id INNER JOIN person AS T3 ON T2.person_id = T3.person_id WHERE movie.title LIKE '[placeholder-type:string]'",
        "ba": "The virtual table describes the names of persons who worked on a specific movie from the 'movie' table. It retrieves the names by joining the 'movie' table with the 'movie_crew' table to find the crew members associated with that movie, and then joins with the 'person' table to get the actual names of those crew members. The placeholder in the WHERE clause represents the title of the movie being queried.",
        "gold_complexity": 8,
        "gold_sql": "SELECT T3.person_name FROM movie AS T1 INNER JOIN movie_crew AS T2 ON T1.movie_id = T2.movie_id INNER JOIN person AS T3 ON T2.person_id = T3.person_id WHERE T1.title LIKE 'Pirates of the Caribbean: At World%s End'"
    },
    {
        "sample_id": 448,
        "vt": "SELECT COUNT(gender.gender) FROM movie INNER JOIN movie_cast AS T2 ON T1.movie_id = T2.movie_id INNER JOIN gender AS T3 ON T2.gender_id = T3.gender_id WHERE movie.title = '[placeholder-type:string]' AND gender.gender = '[placeholder-type:string]'",
        "ba": "The virtual table counts the number of cast members of a specific gender in a particular movie. It joins the 'movie' table with the 'movie_cast' table to link movies with their cast, and then further joins with the 'gender' table to filter by gender. The placeholders represent the movie title and the gender type.",
        "gold_complexity": 9,
        "gold_sql": "SELECT COUNT(T3.gender) FROM movie AS T1 INNER JOIN movie_cast AS T2 ON T1.movie_id = T2.movie_id INNER JOIN gender AS T3 ON T2.gender_id = T3.gender_id WHERE T1.title = 'Mr. Smith Goes to Washington' AND T3.gender = 'Female'"
    },
    {
        "sample_id": 495,
        "vt": "SELECT genre.genre_name FROM movie INNER JOIN movie_genres AS T2 ON T1.movie_id = T2.movie_id INNER JOIN genre AS T3 ON T2.genre_id = T3.genre_id ORDER BY movie.vote_average, movie.revenue LIMIT [placeholder-type:numeric]",
        "ba": "The virtual table lists the names of genres associated with movies from the 'movie' table. It joins the 'movie_genres' table to link movies to their respective genres and orders the results based on the movie's average vote and revenue. The placeholder in the LIMIT clause allows for specifying the maximum number of genre names to retrieve.",
        "gold_complexity": 11,
        "gold_sql": "SELECT T3.genre_name FROM movie AS T1 INNER JOIN movie_genres AS T2 ON T1.movie_id = T2.movie_id INNER JOIN genre AS T3 ON T2.genre_id = T3.genre_id ORDER BY T1.vote_average DESC, T1.revenue LIMIT 1"
    },
    {
        "sample_id": 463,
        "vt": "SELECT person.person_name FROM movie_cast INNER JOIN person AS T2 ON T1.person_id = T2.person_id INNER JOIN movie AS T3 ON T1.movie_id = T3.movie_id INNER JOIN movie_crew AS T4 ON T1.movie_id = T4.movie_id WHERE movie_crew.job = '[placeholder-type:string]' AND movie.release_date BETWEEN '[placeholder-type:string]' AND '[placeholder-type:string]'",
        "ba": "The virtual table describes the names of persons who are part of the movie cast and also worked in a specific job role in the movie crew. It filters the results based on the job title and the release date of the movie.",
        "gold_complexity": 11,
        "gold_sql": "SELECT T2.person_name FROM movie_cast AS T1 INNER JOIN person AS T2 ON T1.person_id = T2.person_id INNER JOIN movie AS T3 ON T1.movie_id = T3.movie_id INNER JOIN movie_crew AS T4 ON T1.movie_id = T4.movie_id WHERE T4.job = 'Director' AND T3.release_date BETWEEN '1916-01-01' AND '1925-12-31'"
    },
    {
        "sample_id": 526,
        "vt": "SELECT COUNT(movie_languages.movie_id) FROM movie_languages INNER JOIN language AS T2 ON T1.language_id = T2.language_id WHERE language.language_code = '[placeholder-type:string]'",
        "ba": "The virtual table counts the number of movies that are associated with a specific language code from the 'movie_languages' table. It joins the 'movie_languages' table with the 'language' table to filter the results based on the specified language code. The placeholder in the WHERE clause represents the language code being queried.",
        "gold_complexity": 7,
        "gold_sql": "SELECT COUNT(T1.movie_id) FROM movie_languages AS T1 INNER JOIN language AS T2 ON T1.language_id = T2.language_id WHERE T2.language_code = 'vi'"
    },
    {
        "sample_id": 456,
        "vt": "SELECT COUNT(movie_crew.movie_id) FROM movie_crew WHERE movie_crew.movie_id = [placeholder-type:numeric] AND movie_crew.job = '[placeholder-type:string]'",
        "ba": "The virtual table counts the number of crew members associated with a specific movie and job title from the 'movie_crew' table. The placeholders represent the unique identifier of the movie and the job title of the crew member.",
        "gold_complexity": 7,
        "gold_sql": "SELECT COUNT(movie_id) FROM movie_crew WHERE movie_id = 129 AND job = 'Animation'"
    },
    {
        "sample_id": 467,
        "vt": "SELECT COUNT(production_country.movie_id) FROM movie INNER JOIN production_COUNTry AS T2 ON T1.movie_id = T2.movie_id WHERE movie.revenue > [placeholder-type:numeric] AND movie.popularity >= [placeholder-type:numeric] AND movie.release_date BETWEEN '[placeholder-type:string]' AND '[placeholder-type:string]'",
        "ba": "The virtual table counts the number of movies produced in a specific country based on certain criteria. It filters movies that have a revenue greater than a specified amount, a popularity rating that meets or exceeds a certain threshold, and a release date that falls within a specified range. The query joins the 'movie' table with the 'production_country' table to achieve this.",
        "gold_complexity": 11,
        "gold_sql": "SELECT COUNT(T2.movie_id) FROM movie AS T1 INNER JOIN production_COUNTry AS T2 ON T1.movie_id = T2.movie_id WHERE T1.revenue > 75000000 AND T1.popularity >= 20 AND T1.release_date BETWEEN '1990-01-01' AND '2003-12-31'"
    },
    {
        "sample_id": 415,
        "vt": "SELECT COUNT(person.person_id) FROM movie INNER JOIN movie_crew AS T2 ON T1.movie_id = T2.movie_id INNER JOIN person AS T3 ON T2.person_id = T3.person_id WHERE movie.title LIKE '[placeholder-type:string]' AND movie_crew.job = '[placeholder-type:string]'",
        "ba": "The virtual table counts the number of crew members associated with a specific movie title and job role. It joins the 'movie' table with the 'movie_crew' table to link movies with their respective crew members, and then further joins with the 'person' table to access the crew member details. The placeholders in the WHERE clause allow users to specify the movie title and job role they are interested in.",
        "gold_complexity": 10,
        "gold_sql": "SELECT COUNT(T3.person_id) FROM movie AS T1 INNER JOIN movie_crew AS T2 ON T1.movie_id = T2.movie_id INNER JOIN person AS T3 ON T2.person_id = T3.person_id WHERE T1.title LIKE 'Pirates of the Caribbean: At World%s End' AND T2.job = 'Producer'"
    },
    {
        "sample_id": 520,
        "vt": "SELECT MAX(movie.runtime) FROM movie",
        "ba": "The virtual table retrieves the maximum runtime of movies from the 'movie' table. This provides insight into the longest movie available in the dataset.",
        "gold_complexity": 4,
        "gold_sql": "SELECT MAX(runtime) FROM movie"
    },
    {
        "sample_id": 424,
        "vt": "SELECT COUNT(movie_crew.movie_id) FROM person INNER JOIN movie_crew AS T2 ON T1.person_id = T2.person_id WHERE person.person_name = '[placeholder-type:string]' AND movie_crew.job = '[placeholder-type:string]'",
        "ba": "The virtual table counts the number of movies associated with a specific person based on their job title in the movie crew. It joins the 'person' table with the 'movie_crew' table to filter results by the person's name and their job role.",
        "gold_complexity": 8,
        "gold_sql": "SELECT COUNT(T2.movie_id) FROM person AS T1 INNER JOIN movie_crew AS T2 ON T1.person_id = T2.person_id WHERE T1.person_name = 'Michael Bay' AND T2.job = 'Director'"
    },
    {
        "sample_id": 498,
        "vt": "SELECT movie.title FROM movie INNER JOIN production_COUNTry AS T2 ON T1.movie_id = T2.movie_id INNER JOIN COUNTry AS T3 ON T2.COUNTry_id = T3.COUNTry_id WHERE country.country_name = '[placeholder-type:string]'",
        "ba": "The virtual table describes the titles of movies from the 'movie' table that are produced in a specific country. It joins the 'production_country' table to link movies with their respective countries and filters the results based on the country name provided as a placeholder.",
        "gold_complexity": 8,
        "gold_sql": "SELECT T1.title FROM movie AS T1 INNER JOIN production_COUNTry AS T2 ON T1.movie_id = T2.movie_id INNER JOIN COUNTry AS T3 ON T2.COUNTry_id = T3.COUNTry_id WHERE T3.COUNTry_name = 'Canada'"
    },
    {
        "sample_id": 480,
        "vt": "SELECT movie.title FROM movie INNER JOIN movie_keywords AS T2 ON T1.movie_id = T2.movie_id INNER JOIN keyword AS T3 ON T2.keyword_id = T3.keyword_id WHERE keyword.keyword_name = '[placeholder-type:string]'",
        "ba": "The virtual table lists the titles of movies from the 'movie' table that are associated with a specific keyword. It joins the 'movie' table with the 'movie_keywords' table to link movies to their keywords, and then further joins with the 'keyword' table to filter based on a specific keyword name provided as a placeholder.",
        "gold_complexity": 8,
        "gold_sql": "SELECT T1.title FROM movie AS T1 INNER JOIN movie_keywords AS T2 ON T1.movie_id = T2.movie_id INNER JOIN keyword AS T3 ON T2.keyword_id = T3.keyword_id WHERE T3.keyword_name = 'extremis'"
    },
    {
        "sample_id": 481,
        "vt": "SELECT movie.title FROM movie INNER JOIN production_COUNTry AS T2 ON T1.movie_id = T2.movie_id INNER JOIN COUNTry AS T3 ON T2.COUNTry_id = T3.COUNTry_id WHERE country.country_name = '[placeholder-type:string]' LIMIT [placeholder-type:numeric]",
        "ba": "The virtual table lists the titles of movies from the 'movie' table that are produced in a specific country. It joins the 'production_country' table to link movies with their respective countries and filters the results based on the country name provided by the user. The placeholders represent the country name and the limit on the number of results returned.",
        "gold_complexity": 9,
        "gold_sql": "SELECT T1.title FROM movie AS T1 INNER JOIN production_COUNTry AS T2 ON T1.movie_id = T2.movie_id INNER JOIN COUNTry AS T3 ON T2.COUNTry_id = T3.COUNTry_id WHERE T3.COUNTry_name = 'France' LIMIT 10"
    },
    {
        "sample_id": 489,
        "vt": "SELECT keyword.keyword_name FROM movie INNER JOIN movie_keywords AS T2 ON T1.movie_id = T2.movie_id INNER JOIN keyword AS T3 ON T2.keyword_id = T3.keyword_id ORDER BY movie.popularity LIMIT [placeholder-type:numeric]",
        "ba": "The virtual table retrieves the names of keywords associated with movies from the 'movie' table. It joins the 'movie_keywords' table to link movies with their respective keywords and orders the results by the popularity of the movies. The query limits the number of results returned based on a specified numeric value.",
        "gold_complexity": 9,
        "gold_sql": "SELECT T3.keyword_name FROM movie AS T1 INNER JOIN movie_keywords AS T2 ON T1.movie_id = T2.movie_id INNER JOIN keyword AS T3 ON T2.keyword_id = T3.keyword_id ORDER BY T1.popularity DESC LIMIT 1"
    },
    {
        "sample_id": 558,
        "vt": "SELECT COUNT(*) FROM (SELECT production_company.company_name FROM production_company AS T1 INNER JOIN movie_company AS T2 ON T1.company_id = T2.company_id GROUP BY T1.company_id HAVING COUNT(T1.company_name) > 150)",
        "ba": "The virtual table counts the number of production companies that have produced more than 150 movies. It does this by selecting the company names from the 'production_company' table, joining it with the 'movie_company' table to associate each company with its movies, and then grouping the results by company ID. The HAVING clause filters the groups to include only those with a count greater than 150.",
        "gold_complexity": 13,
        "gold_sql": "SELECT COUNT(*) FROM ( SELECT T1.company_name AS CNAME FROM production_company AS T1 INNER JOIN movie_company AS T2 ON T1.company_id = T2.company_id GROUP BY T1.company_id HAVING COUNT(T1.company_name) > 150 )"
    },
    {
        "sample_id": 453,
        "vt": "SELECT movie.title FROM movie INNER JOIN movie_genres AS T2 ON T1.movie_id = T2.movie_id INNER JOIN genre AS T3 ON T2.genre_id = T3.genre_id WHERE genre.genre_name = '[placeholder-type:string]' ORDER BY movie.release_date LIMIT [placeholder-type:numeric]",
        "ba": "The virtual table lists the titles of movies from the 'movie' table that belong to a specific genre. It joins the 'movie' table with the 'movie_genres' table to link movies with their respective genres, and further joins with the 'genre' table to filter by the genre name. The results are ordered by the release date of the movies and limited to a specified number of entries.",
        "gold_complexity": 11,
        "gold_sql": "SELECT T1.title FROM movie AS T1 INNER JOIN movie_genres AS T2 ON T1.movie_id = T2.movie_id INNER JOIN genre AS T3 ON T2.genre_id = T3.genre_id WHERE T3.genre_name = 'Crime' ORDER BY T1.release_date LIMIT 1"
    },
    {
        "sample_id": 438,
        "vt": "SELECT COUNT(movie.movie_id) FROM movie WHERE movie.revenue > [placeholder-type:numeric]",
        "ba": "The virtual table counts the number of movies from the 'movie' table that have a revenue greater than a specified amount. The placeholder in the WHERE clause represents the revenue threshold.",
        "gold_complexity": 6,
        "gold_sql": "SELECT COUNT(movie_id) FROM movie WHERE revenue > 1000000000"
    },
    {
        "sample_id": 522,
        "vt": "SELECT movie.overview FROM movie WHERE movie.title = '[placeholder-type:string]'",
        "ba": "The virtual table provides an overview of a movie from the 'movie' table based on its title. The placeholder in the WHERE clause represents the specific title of the movie being queried.",
        "gold_complexity": 6,
        "gold_sql": "SELECT overview FROM movie WHERE title = 'The Pacifier'"
    },
    {
        "sample_id": 561,
        "vt": "SELECT movie.title FROM movie INNER JOIN movie_cast AS T2 ON T1.movie_id = T2.movie_id INNER JOIN person AS T3 ON T2.person_id = T3.person_id WHERE person.person_name = '[placeholder-type:string]'",
        "ba": "The virtual table lists the titles of movies from the 'movie' table that feature a specific person in the cast. It joins the 'movie_cast' table to link movies with their respective cast members and the 'person' table to filter by the name of the person. The placeholder in the WHERE clause represents the name of the person whose movies are being queried.",
        "gold_complexity": 8,
        "gold_sql": "SELECT T1.title FROM movie AS T1 INNER JOIN movie_cast AS T2 ON T1.movie_id = T2.movie_id INNER JOIN person AS T3 ON T2.person_id = T3.person_id WHERE T3.person_name = 'Harrison Ford'"
    },
    {
        "sample_id": 514,
        "vt": "SELECT SUM(CASE WHEN language.language_name = '[placeholder-type:string]' THEN movie.revenue ELSE [placeholder-type:numeric] END) - SUM(CASE WHEN language.language_name = '[placeholder-type:string]' THEN movie.revenue ELSE [placeholder-type:numeric] END) FROM movie INNER JOIN movie_languages AS T2 ON T1.movie_id = T2.movie_id INNER JOIN language AS T3 ON T2.language_id = T3.language_id",
        "ba": "The virtual table calculates the total revenue of movies based on a specific language. It sums the revenue of movies that match the specified language name and subtracts the sum of revenues for movies that do not match the specified language. The placeholders represent the language name and numeric values for revenue calculations.",
        "gold_complexity": 7,
        "gold_sql": "SELECT SUM(CASE WHEN T3.language_name = 'English' THEN T1.revenue ELSE 0 END) - SUM(CASE WHEN T3.language_name = 'Latin' THEN T1.revenue ELSE 0 END) AS DIFFERENCE FROM movie AS T1 INNER JOIN movie_languages AS T2 ON T1.movie_id = T2.movie_id INNER JOIN language AS T3 ON T2.language_id = T3.language_id"
    },
    {
        "sample_id": 451,
        "vt": "SELECT movie.title FROM movie INNER JOIN movie_cast AS T2 ON T1.movie_id = T2.movie_id INNER JOIN person AS T3 ON T2.person_id = T3.person_id WHERE person.person_name = '[placeholder-type:string]' ORDER BY movie.release_date LIMIT [placeholder-type:numeric]",
        "ba": "The virtual table lists the titles of movies from the 'movie' table that feature a specific person in the cast. It joins the 'movie_cast' table to link movies with their respective cast members and the 'person' table to filter by the name of the person. The results are ordered by the release date of the movies, and a limit is applied to control the number of results returned.",
        "gold_complexity": 11,
        "gold_sql": "SELECT T1.title FROM movie AS T1 INNER JOIN movie_cast AS T2 ON T1.movie_id = T2.movie_id INNER JOIN person AS T3 ON T2.person_id = T3.person_id WHERE T3.person_name = 'Jamie Foxx' ORDER BY T1.release_date DESC LIMIT 1"
    },
    {
        "sample_id": 475,
        "vt": "SELECT production_company.company_name FROM production_company INNER JOIN movie_company AS T2 ON T1.company_id = T2.company_id INNER JOIN movie AS T3 ON T2.movie_id = T3.movie_id WHERE movie.title = '[placeholder-type:string]'",
        "ba": "The virtual table lists the names of production companies associated with a specific movie title from the 'production_company' table. It joins the 'movie_company' table to link production companies to movies and filters the results based on the provided movie title.",
        "gold_complexity": 8,
        "gold_sql": "SELECT T1.company_name FROM production_company AS T1 INNER JOIN movie_company AS T2 ON T1.company_id = T2.company_id INNER JOIN movie AS T3 ON T2.movie_id = T3.movie_id WHERE T3.title = 'Ultramarines: A Warhammer 40,000 Movie'"
    },
    {
        "sample_id": 538,
        "vt": "SELECT country.country_id, country.country_iso_code FROM country WHERE country.country_name = '[placeholder-type:string]'",
        "ba": "The virtual table describes the unique identifiers and ISO codes of countries from the 'country' table that match a specific country name. The placeholder in the WHERE clause represents the name of the country being queried.",
        "gold_complexity": 8,
        "gold_sql": "SELECT COUNTry_id, COUNTry_iso_code FROM COUNTry WHERE COUNTry_name = 'Belgium'"
    },
    {
        "sample_id": 447,
        "vt": "SELECT production_company.company_name FROM production_company INNER JOIN movie_company AS T2 ON T1.company_id = T2.company_id INNER JOIN movie AS T3 ON T2.movie_id = T3.movie_id GROUP BY production_company.company_id ORDER BY SUM(movie.revenue) LIMIT [placeholder-type:numeric]",
        "ba": "The virtual table lists the names of production companies that have produced movies, ordered by the total revenue generated by those movies. The query joins the 'production_company' table with the 'movie_company' table to link companies to their respective movies, and then further joins with the 'movie' table to access revenue data. The results are grouped by company ID and limited to a specified number of entries.",
        "gold_complexity": 11,
        "gold_sql": "SELECT T1.company_name FROM production_company AS T1 INNER JOIN movie_company AS T2 ON T1.company_id = T2.company_id INNER JOIN movie AS T3 ON T2.movie_id = T3.movie_id GROUP BY T1.company_id ORDER BY SUM(T3.revenue) DESC LIMIT 1"
    },
    {
        "sample_id": 478,
        "vt": "SELECT keyword.keyword_name FROM movie INNER JOIN movie_keywords AS T2 ON T1.movie_id = T2.movie_id INNER JOIN keyword AS T3 ON T2.keyword_id = T3.keyword_id WHERE movie.title = '[placeholder-type:string]'",
        "ba": "The virtual table retrieves the names of keywords associated with a specific movie title from the 'movie' table. It joins the 'movie_keywords' table to link movies with their respective keywords and the 'keyword' table to get the actual keyword names. The placeholder in the WHERE clause represents the title of the movie being queried.",
        "gold_complexity": 8,
        "gold_sql": "SELECT T3.keyword_name FROM movie AS T1 INNER JOIN movie_keywords AS T2 ON T1.movie_id = T2.movie_id INNER JOIN keyword AS T3 ON T2.keyword_id = T3.keyword_id WHERE T1.title = 'Sky Captain and the World of Tomorrow'"
    },
    {
        "sample_id": 472,
        "vt": "SELECT CAST(COUNT(CASE WHEN genre.genre_name = '[placeholder-type:string]' THEN movie.movie_id ELSE NULL END) AS FLOAT) * [placeholder-type:numeric] / COUNT(movie.movie_id) FROM movie INNER JOIN movie_genres AS T2 ON T1.movie_id = T2.movie_id INNER JOIN production_COUNTry AS T3 ON T1.movie_id = T3.movie_id INNER JOIN genre AS T4 ON T2.genre_id = T4.genre_id INNER JOIN COUNTry AS T5 ON T3.COUNTry_id = T5.COUNTry_id WHERE country.country_name = '[placeholder-type:string]' AND movie.release_date BETWEEN '[placeholder-type:string]' AND '[placeholder-type:string]'",
        "ba": "The virtual table calculates the percentage of movies of a specific genre produced in a specific country within a given release date range. It counts the number of movies that match the specified genre and divides it by the total number of movies released in that country during the specified time frame, multiplying the result by a numeric placeholder to adjust the final output.",
        "gold_complexity": 13,
        "gold_sql": "SELECT CAST(COUNT(CASE WHEN T4.genre_name = 'Romance' THEN T1.movie_id ELSE NULL END) AS REAL) * 100 / COUNT(T1.movie_id) FROM movie AS T1 INNER JOIN movie_genres AS T2 ON T1.movie_id = T2.movie_id INNER JOIN production_COUNTry AS T3 ON T1.movie_id = T3.movie_id INNER JOIN genre AS T4 ON T2.genre_id = T4.genre_id INNER JOIN COUNTry AS T5 ON T3.COUNTry_id = T5.COUNTry_id WHERE T5.COUNTry_name = 'India' AND T1.release_date BETWEEN '2015-01-01' AND '2015-12-31'"
    },
    {
        "sample_id": 482,
        "vt": "SELECT person.person_name FROM movie INNER JOIN movie_crew AS T2 ON T1.movie_id = T2.movie_id INNER JOIN person AS T3 ON T2.person_id = T3.person_id WHERE movie.title = '[placeholder-type:string]' AND movie_crew.job = '[placeholder-type:string]'",
        "ba": "The virtual table describes the names of persons who worked on a specific movie in a particular job role. It retrieves data from the 'movie' table and joins it with the 'movie_crew' table to find the relevant crew members, and then joins with the 'person' table to get the names of those crew members. The placeholders in the WHERE clause represent the title of the movie and the job role of the crew member.",
        "gold_complexity": 9,
        "gold_sql": "SELECT T3.person_name FROM movie AS T1 INNER JOIN movie_crew AS T2 ON T1.movie_id = T2.movie_id INNER JOIN person AS T3 ON T2.person_id = T3.person_id WHERE T1.title = 'Transformers' AND T2.job = 'Director'"
    },
    {
        "sample_id": 450,
        "vt": "SELECT COUNT(movie_cast.movie_id) FROM person INNER JOIN movie_cast AS T2 ON T1.person_id = T2.person_id WHERE person.person_name = '[placeholder-type:string]'",
        "ba": "The virtual table counts the number of movies in which a specific person has acted. It retrieves data from the 'person' table and joins it with the 'movie_cast' table to find the relevant movie IDs associated with that person. The placeholder in the WHERE clause represents the name of the person whose movie count is being queried.",
        "gold_complexity": 7,
        "gold_sql": "SELECT COUNT(T2.movie_id) FROM person AS T1 INNER JOIN movie_cast AS T2 ON T1.person_id = T2.person_id WHERE T1.person_name = 'Harrison Ford'"
    },
    {
        "sample_id": 518,
        "vt": "SELECT CAST(SUM(subquery_q0.cd) AS FLOAT) / COUNT(movie_crew.movie_id) FROM (SELECT movie_crew.movie_id, COUNT(movie_crew.person_id) FROM movie_crew GROUP BY movie_id)",
        "ba": "The virtual table calculates the average number of crew members per movie from the 'movie_crew' table. It first counts the number of crew members for each movie and then sums these counts to find the total number of crew members across all movies. Finally, it divides this total by the count of distinct movies to get the average.",
        "gold_complexity": 12,
        "gold_sql": "SELECT CAST(SUM(CD) AS REAL) / COUNT(movie_id) FROM ( SELECT movie_id, COUNT(person_id) AS CD FROM movie_crew GROUP BY movie_id )"
    },
    {
        "sample_id": 542,
        "vt": "SELECT language.language_name FROM movie INNER JOIN movie_languages AS T2 ON T1.movie_id = T2.movie_id INNER JOIN language AS T3 ON T2.language_id = T3.language_id INNER JOIN language_role AS T4 ON T2.language_role_id = T4.role_id WHERE language_role.language_role = '[placeholder-type:string]' AND movie.title = '[placeholder-type:string]'",
        "ba": "The virtual table lists the names of languages used in a specific movie, filtered by the role of the language (e.g., original or spoken) and the title of the movie.",
        "gold_complexity": 10,
        "gold_sql": "SELECT T3.language_name FROM movie AS T1 INNER JOIN movie_languages AS T2 ON T1.movie_id = T2.movie_id INNER JOIN language AS T3 ON T2.language_id = T3.language_id INNER JOIN language_role AS T4 ON T2.language_role_id = T4.role_id WHERE T4.language_role = 'Original' AND T1.title = 'Four Rooms'"
    },
    {
        "sample_id": 479,
        "vt": "SELECT country.country_name FROM movie INNER JOIN production_COUNTry AS T2 ON T1.movie_id = T2.movie_id INNER JOIN COUNTry AS T3 ON T2.COUNTry_id = T3.COUNTry_id WHERE movie.title = '[placeholder-type:string]'",
        "ba": "The virtual table describes the names of countries associated with a specific movie title from the 'movie' table. It uses joins to connect the 'movie' table with the 'production_country' table and the 'country' table, allowing for the retrieval of country names based on the movie title provided in the placeholder.",
        "gold_complexity": 8,
        "gold_sql": "SELECT T3.COUNTry_name FROM movie AS T1 INNER JOIN production_COUNTry AS T2 ON T1.movie_id = T2.movie_id INNER JOIN COUNTry AS T3 ON T2.COUNTry_id = T3.COUNTry_id WHERE T1.title = 'Gojira ni-sen mireniamu'"
    },
    {
        "sample_id": 512,
        "vt": "SELECT DISTINCT movie.tagline FROM movie INNER JOIN movie_languages AS T2 ON T1.movie_id = T2.movie_id INNER JOIN language AS T3 ON T2.language_id = T3.language_id WHERE language.language_name = '[placeholder-type:string]'",
        "ba": "The virtual table retrieves distinct taglines of movies from the 'movie' table that are associated with a specific language. It joins the 'movie_languages' table to link movies with their respective languages and the 'language' table to filter by the language name provided in the placeholder.",
        "gold_complexity": 9,
        "gold_sql": "SELECT DISTINCT T1.tagline FROM movie AS T1 INNER JOIN movie_languages AS T2 ON T1.movie_id = T2.movie_id INNER JOIN language AS T3 ON T2.language_id = T3.language_id WHERE T3.language_name = 'Polski'"
    },
    {
        "sample_id": 442,
        "vt": "SELECT person.person_name FROM person WHERE person.person_id = [placeholder-type:numeric]",
        "ba": "The virtual table describes the names of individuals from the 'person' table based on a specific unique identifier. The placeholder in the WHERE clause represents the unique identifier of the person.",
        "gold_complexity": 6,
        "gold_sql": "SELECT person_name FROM person WHERE person_id = 1325273"
    },
    {
        "sample_id": 457,
        "vt": "SELECT COUNT(DISTINCT job) FROM movie_crew WHERE movie_crew.movie_id = [placeholder-type:numeric] AND movie_crew.department_id = [placeholder-type:numeric]",
        "ba": "The virtual table counts the distinct job titles from the 'movie_crew' table for a specific movie and department. The placeholders represent the unique identifiers for the movie and the department.",
        "gold_complexity": 8,
        "gold_sql": "SELECT COUNT(DISTINCT job) FROM movie_crew WHERE movie_id = 19 AND department_id = 7"
    },
    {
        "sample_id": 419,
        "vt": "SELECT movie.release_date FROM movie INNER JOIN movie_crew AS T2 ON T1.movie_id = T2.movie_id INNER JOIN person AS T3 ON T2.person_id = T3.person_id WHERE person.person_name = '[placeholder-type:string]' ORDER BY movie.release_date LIMIT [placeholder-type:numeric]",
        "ba": "The virtual table provides a list of release dates for movies that a specific person has worked on, by joining the 'movie' table with the 'movie_crew' and 'person' tables. The placeholder in the WHERE clause represents the name of the person, and the LIMIT clause allows for specifying the maximum number of results to return.",
        "gold_complexity": 11,
        "gold_sql": "SELECT T1.release_date FROM movie AS T1 INNER JOIN movie_crew AS T2 ON T1.movie_id = T2.movie_id INNER JOIN person AS T3 ON T2.person_id = T3.person_id WHERE T3.person_name = 'Dariusz Wolski' ORDER BY T1.release_date DESC LIMIT 1"
    },
    {
        "sample_id": 486,
        "vt": "SELECT movie.title FROM movie WHERE CAST(STRFTIME('%Y', movie.release_date) AS INT) < [placeholder-type:numeric] LIMIT [placeholder-type:numeric]",
        "ba": "The virtual table lists the titles of movies from the 'movie' table that were released before a specified year. The placeholders represent the year and the limit on the number of results returned.",
        "gold_complexity": 7,
        "gold_sql": "SELECT title FROM movie WHERE CAST(STRFTIME('%Y', release_date) AS INT) < 2000 LIMIT 5"
    },
    {
        "sample_id": 439,
        "vt": "SELECT MIN(movie.release_date) FROM movie WHERE movie.movie_status = '[placeholder-type:string]'",
        "ba": "The virtual table retrieves the earliest release date of movies from the 'movie' table that have a specific status. The placeholder in the WHERE clause represents the movie status, which is used to filter the results accordingly.",
        "gold_complexity": 6,
        "gold_sql": "SELECT MIN(release_date) FROM movie WHERE movie_status = 'Released'"
    },
    {
        "sample_id": 409,
        "vt": "SELECT COUNT(subquery_q0.cname) FROM (SELECT production_company.company_name FROM production_company AS T1 INNER JOIN movie_company AS T2 ON T1.company_id = T2.company_id INNER JOIN movie AS T3 ON T2.movie_id = T3.movie_id WHERE T3.title = 'Four Rooms')",
        "ba": "The virtual table counts the number of production companies associated with a specific movie title. It retrieves the company names from the 'production_company' table, joins it with the 'movie_company' table to link companies to movies, and further joins with the 'movie' table to filter by the movie title. The placeholder in the WHERE clause represents the title of the movie being queried.",
        "gold_complexity": 12,
        "gold_sql": "SELECT COUNT(CNAME) FROM ( SELECT T1.company_name AS CNAME FROM production_company AS T1 INNER JOIN movie_company AS T2 ON T1.company_id = T2.company_id INNER JOIN movie AS T3 ON T2.movie_id = T3.movie_id WHERE T3.title = 'Four Rooms' )"
    },
    {
        "sample_id": 431,
        "vt": "SELECT production_company.company_name FROM production_company INNER JOIN movie_company AS T2 ON T1.company_id = T2.company_id INNER JOIN movie AS T3 ON T2.movie_id = T3.movie_id WHERE movie.title = '[placeholder-type:string]'",
        "ba": "The virtual table lists the names of production companies associated with a specific movie title from the 'production_company' table. It joins the 'movie_company' table to link production companies to their respective movies, and filters the results based on the provided movie title.",
        "gold_complexity": 8,
        "gold_sql": "SELECT T1.company_name FROM production_company AS T1 INNER JOIN movie_company AS T2 ON T1.company_id = T2.company_id INNER JOIN movie AS T3 ON T2.movie_id = T3.movie_id WHERE T3.title = 'Crazy Heart'"
    },
    {
        "sample_id": 505,
        "vt": "SELECT movie.title FROM production_company INNER JOIN movie_company AS T2 ON T1.company_id = T2.company_id INNER JOIN movie AS T3 ON T2.movie_id = T3.movie_id WHERE production_company.company_name = '[placeholder-type:string]'",
        "ba": "The virtual table lists the titles of movies produced by a specific production company. It retrieves data from the 'production_company' table and joins it with the 'movie_company' table to link production companies with their respective movies. The final join with the 'movie' table allows access to the movie titles. The placeholder in the WHERE clause represents the name of the production company.",
        "gold_complexity": 8,
        "gold_sql": "SELECT T3.title FROM production_company AS T1 INNER JOIN movie_company AS T2 ON T1.company_id = T2.company_id INNER JOIN movie AS T3 ON T2.movie_id = T3.movie_id WHERE T1.company_name = 'Lucasfilm'"
    },
    {
        "sample_id": 411,
        "vt": "SELECT movie.title FROM production_company INNER JOIN movie_company AS T2 ON T1.company_id = T2.company_id INNER JOIN movie AS T3 ON T2.movie_id = T3.movie_id WHERE production_company.company_name = '[placeholder-type:string]' ORDER BY movie.release_date LIMIT [placeholder-type:numeric]",
        "ba": "The virtual table lists the titles of movies produced by a specific production company. It joins the 'production_company' table with the 'movie_company' table to link companies to their movies, and then further joins with the 'movie' table to retrieve the movie titles. The results are filtered by the name of the production company and ordered by the release date of the movies, with a limit on the number of results returned.",
        "gold_complexity": 11,
        "gold_sql": "SELECT T3.title FROM production_company AS T1 INNER JOIN movie_company AS T2 ON T1.company_id = T2.company_id INNER JOIN movie AS T3 ON T2.movie_id = T3.movie_id WHERE T1.company_name = 'Universal Pictures' ORDER BY T3.release_date DESC LIMIT 1"
    },
    {
        "sample_id": 535,
        "vt": "SELECT CAST(COUNT(CASE WHEN country.country_iso_code = '[placeholder-type:string]' THEN movie.movie_id ELSE NULL END) AS FLOAT) * [placeholder-type:numeric] / COUNT(movie.movie_id) FROM movie INNER JOIN production_COUNTry AS T2 ON T1.movie_id = T2.movie_id INNER JOIN COUNTry AS T3 ON T2.COUNTry_id = T3.COUNTry_id",
        "ba": "The virtual table calculates the percentage of movies produced in a specific country, identified by its ISO code, relative to the total number of movies. It does this by counting the number of movies associated with the specified country and dividing it by the total count of movies, then multiplying by a numeric placeholder for scaling purposes.",
        "gold_complexity": 7,
        "gold_sql": "SELECT CAST(COUNT(CASE WHEN T3.COUNTry_iso_code = 'US' THEN T1.movie_id ELSE NULL END) AS REAL) * 100 / COUNT(T1.movie_id) FROM movie AS T1 INNER JOIN production_COUNTry AS T2 ON T1.movie_id = T2.movie_id INNER JOIN COUNTry AS T3 ON T2.COUNTry_id = T3.COUNTry_id"
    },
    {
        "sample_id": 559,
        "vt": "SELECT movie_crew.job FROM person INNER JOIN movie_crew AS T2 ON T1.person_id = T2.person_id WHERE person.person_name = '[placeholder-type:string]'",
        "ba": "The virtual table describes the job titles of crew members from the 'movie_crew' table who are associated with a specific person. The query joins the 'person' table to filter based on the person's name, using a placeholder for the name.",
        "gold_complexity": 7,
        "gold_sql": "SELECT T2.job FROM person AS T1 INNER JOIN movie_crew AS T2 ON T1.person_id = T2.person_id WHERE T1.person_name = 'Mark Hammel'"
    },
    {
        "sample_id": 543,
        "vt": "SELECT movie_cast.character_name FROM movie INNER JOIN movie_cast AS T2 ON T1.movie_id = T2.movie_id WHERE movie.title = '[placeholder-type:string]'",
        "ba": "The virtual table describes the character names of cast members from the 'movie' table for a specific movie title. The placeholder in the WHERE clause represents the title of the movie.",
        "gold_complexity": 7,
        "gold_sql": "SELECT T2.character_name FROM movie AS T1 INNER JOIN movie_cast AS T2 ON T1.movie_id = T2.movie_id WHERE T1.title = 'Open Water'"
    },
    {
        "sample_id": 553,
        "vt": "SELECT genre.genre_name FROM movie INNER JOIN movie_genres AS T2 ON T1.movie_id = T2.movie_id INNER JOIN genre AS T3 ON T2.genre_id = T3.genre_id WHERE movie.title = '[placeholder-type:string]'",
        "ba": "The virtual table describes the genre names of movies from the 'movie' table that match a specific title. The query uses inner joins to connect the 'movie' table with the 'movie_genres' table and the 'genre' table, allowing for the retrieval of genre information based on the movie's title. The placeholder in the WHERE clause represents the title of the movie being queried.",
        "gold_complexity": 8,
        "gold_sql": "SELECT T3.genre_name FROM movie AS T1 INNER JOIN movie_genres AS T2 ON T1.movie_id = T2.movie_id INNER JOIN genre AS T3 ON T2.genre_id = T3.genre_id WHERE T1.title = 'Dancer in the Dark'"
    },
    {
        "sample_id": 539,
        "vt": "SELECT movie_cast.character_name FROM person INNER JOIN movie_cast AS T2 ON T1.person_id = T2.person_id WHERE person.person_name = '[placeholder-type:string]'",
        "ba": "The virtual table describes the character names of actors from the 'movie_cast' table who are associated with a specific person. The query joins the 'person' table to filter based on the person's name, represented by a placeholder.",
        "gold_complexity": 7,
        "gold_sql": "SELECT T2.character_name FROM person AS T1 INNER JOIN movie_cast AS T2 ON T1.person_id = T2.person_id WHERE T1.person_name = 'Catherine Deneuve'"
    },
    {
        "sample_id": 563,
        "vt": "SELECT CAST(COUNT(CASE WHEN genre.genre_name = '[placeholder-type:string]' THEN movie.movie_id ELSE NULL END) AS FLOAT) / COUNT(movie.movie_id) FROM movie INNER JOIN movie_genres AS T2 ON T1.movie_id = T2.movie_id INNER JOIN genre AS T3 ON T2.genre_id = T3.genre_id",
        "ba": "The virtual table calculates the proportion of movies that belong to a specific genre from the 'movie' table. It counts the number of movies that match the specified genre and divides it by the total number of movies. The placeholder in the COUNT function represents the genre name being queried.",
        "gold_complexity": 7,
        "gold_sql": "SELECT CAST(COUNT(CASE WHEN T3.genre_name = 'Horror' THEN T1.movie_id ELSE NULL END) AS REAL) / COUNT(T1.movie_id) FROM movie AS T1 INNER JOIN movie_genres AS T2 ON T1.movie_id = T2.movie_id INNER JOIN genre AS T3 ON T2.genre_id = T3.genre_id"
    },
    {
        "sample_id": 540,
        "vt": "SELECT movie.title FROM movie INNER JOIN movie_languages AS T2 ON T1.movie_id = T2.movie_id INNER JOIN language AS T3 ON T2.language_id = T3.language_id WHERE language.language_name = '[placeholder-type:string]'",
        "ba": "The virtual table lists the titles of movies from the 'movie' table that are associated with a specific language. It joins the 'movie' table with the 'movie_languages' table to link movies with their respective languages, and further joins with the 'language' table to filter by the specified language name.",
        "gold_complexity": 8,
        "gold_sql": "SELECT T1.title FROM movie AS T1 INNER JOIN movie_languages AS T2 ON T1.movie_id = T2.movie_id INNER JOIN language AS T3 ON T2.language_id = T3.language_id WHERE T3.language_name = 'Somali'"
    },
    {
        "sample_id": 507,
        "vt": "SELECT movie.release_date FROM production_company INNER JOIN movie_company AS T2 ON T1.company_id = T2.company_id INNER JOIN movie AS T3 ON T2.movie_id = T3.movie_id WHERE production_company.company_name = '[placeholder-type:string]'",
        "ba": "The virtual table describes the release dates of movies produced by a specific production company. It retrieves data from the 'production_company' table and joins it with the 'movie_company' and 'movie' tables to filter the results based on the company's name.",
        "gold_complexity": 8,
        "gold_sql": "SELECT T3.release_date FROM production_company AS T1 INNER JOIN movie_company AS T2 ON T1.company_id = T2.company_id INNER JOIN movie AS T3 ON T2.movie_id = T3.movie_id WHERE T1.company_name = 'Twentieth Century Fox Film Corporation'"
    },
    {
        "sample_id": 417,
        "vt": "SELECT COUNT(movie_crew.movie_id) FROM person INNER JOIN movie_crew AS T2 ON T1.person_id = T2.person_id WHERE person.person_name = '[placeholder-type:string]' AND movie_crew.job = '[placeholder-type:string]'",
        "ba": "The virtual table counts the number of movies associated with a specific person based on their job title in the movie crew. It joins the 'person' table with the 'movie_crew' table to filter results by the person's name and their job role.",
        "gold_complexity": 8,
        "gold_sql": "SELECT COUNT(T2.movie_id) FROM person AS T1 INNER JOIN movie_crew AS T2 ON T1.person_id = T2.person_id WHERE T1.person_name = 'Dariusz Wolski' AND T2.job = 'Director of Photography'"
    },
    {
        "sample_id": 547,
        "vt": "SELECT person.person_name, department.department_name FROM movie INNER JOIN movie_crew AS T2 ON T1.movie_id = T2.movie_id INNER JOIN person AS T3 ON T2.person_id = T3.person_id INNER JOIN department AS T4 ON T2.department_id = T4.department_id WHERE movie.title LIKE '[placeholder-type:string]' AND movie_crew.job = '[placeholder-type:string]'",
        "ba": "The virtual table describes the names of persons and their respective department names from the 'movie' table, filtered by a specific movie title and job role. The placeholders in the WHERE clause represent the movie title and job title.",
        "gold_complexity": 13,
        "gold_sql": "SELECT T3.person_name, T4.department_name FROM movie AS T1 INNER JOIN movie_crew AS T2 ON T1.movie_id = T2.movie_id INNER JOIN person AS T3 ON T2.person_id = T3.person_id INNER JOIN department AS T4 ON T2.department_id = T4.department_id WHERE T1.title LIKE 'Pirates of the Caribbean: At World%s End' AND T2.job = 'Music Editor'"
    },
    {
        "sample_id": 440,
        "vt": "SELECT COUNT(person.person_id) FROM person WHERE person.person_name = '[placeholder-type:string]'",
        "ba": "The virtual table counts the number of persons from the 'person' table whose name matches a specified name. The placeholder in the WHERE clause represents the person's name.",
        "gold_complexity": 6,
        "gold_sql": "SELECT COUNT(person_id) FROM person WHERE person_name = 'John Young'"
    },
    {
        "sample_id": 446,
        "vt": "SELECT COUNT(movie_company.movie_id) FROM production_company INNER JOIN movie_company AS T2 ON T1.company_id = T2.company_id WHERE production_company.company_name = '[placeholder-type:string]'",
        "ba": "The virtual table counts the number of movies produced by a specific production company from the 'production_company' table. It joins the 'production_company' table with the 'movie_company' table to link each movie to its respective production company. The placeholder in the WHERE clause represents the name of the production company being queried.",
        "gold_complexity": 7,
        "gold_sql": "SELECT COUNT(T2.movie_id) FROM production_company AS T1 INNER JOIN movie_company AS T2 ON T1.company_id = T2.company_id WHERE T1.company_name = 'Universal Studios'"
    },
    {
        "sample_id": 492,
        "vt": "SELECT movie.title FROM movie INNER JOIN movie_genres AS T2 ON T1.movie_id = T2.movie_id INNER JOIN genre AS T3 ON T2.genre_id = T3.genre_id WHERE movie.movie_status = '[placeholder-type:string]' AND genre.genre_name = '[placeholder-type:string]' LIMIT [placeholder-type:numeric]",
        "ba": "The virtual table lists the titles of movies from the 'movie' table that are associated with a specific genre and have a particular status. The query uses inner joins to connect the 'movie' table with the 'movie_genres' and 'genre' tables, allowing for filtering based on the movie's status and genre name. The placeholders represent the movie status and genre name, while a limit is applied to restrict the number of results returned.",
        "gold_complexity": 10,
        "gold_sql": "SELECT T1.title FROM movie AS T1 INNER JOIN movie_genres AS T2 ON T1.movie_id = T2.movie_id INNER JOIN genre AS T3 ON T2.genre_id = T3.genre_id WHERE T1.movie_status = 'Rumored' AND T3.genre_name = 'Drama' LIMIT 5"
    }
]