[
    {
        "sample_id": 1587,
        "vt": "SELECT COUNT(payments.customernumber) FROM (SELECT payments.customernumber FROM payments WHERE STRFTIME('%Y', paymentDate) >= '2003' AND STRFTIME('%Y', paymentDate) <= '2004' GROUP BY customernumber HAVING COUNT(customernumber) > 3) AS t",
        "ba": "The virtual table counts the number of unique customers who made more than three payments in the years 2003 and 2004. It first filters the payments based on the payment date, grouping them by customer number, and then applies a condition to count only those customers who have more than three payments during that period.",
        "gold_complexity": 15,
        "gold_sql": "SELECT COUNT(customernumber) FROM ( SELECT customernumber FROM payments WHERE STRFTIME('%Y', paymentDate) >= '2003' AND STRFTIME('%Y', paymentDate) <= '2004' GROUP BY customernumber HAVING COUNT(customernumber) > 3 ) T"
    },
    {
        "sample_id": 1582,
        "vt": "SELECT employees.email FROM customers INNER JOIN employees AS T2 ON T1.salesRepEmployeeNumber = T2.employeeNumber WHERE employees.jobtitle = '[placeholder-type:string]' AND customers.country = '[placeholder-type:string]' GROUP BY customers.customername, employees.email ORDER BY SUM(customers.creditlimit) LIMIT [placeholder-type:numeric]",
        "ba": "The virtual table retrieves the email addresses of employees who are sales representatives for customers in a specific country. It joins the 'customers' table with the 'employees' table based on the sales representative's employee number. The results are filtered by the job title of the employees and the country of the customers. The results are grouped by customer name and employee email, and ordered by the total credit limit of the customers, with a limit on the number of results returned.",
        "gold_complexity": 15,
        "gold_sql": "SELECT T2.email FROM customers AS T1 INNER JOIN employees AS T2 ON T1.salesRepEmployeeNumber = T2.employeeNumber WHERE T2.jobTitle = 'Sales Rep' AND T1.country = 'UK' GROUP BY T1.customerName, T2.email ORDER BY SUM(T1.creditLimit) DESC LIMIT 3"
    },
    {
        "sample_id": 1648,
        "vt": "SELECT customers.customername FROM products INNER JOIN orderdetails AS t2 ON t1.productCode = t2.productCode INNER JOIN orders AS t3 ON t2.orderNumber = t3.orderNumber INNER JOIN customers AS t4 ON t3.customerNumber = t4.customerNumber WHERE products.productname = '[placeholder-type:string]' ORDER BY orderdetails.priceeach LIMIT [placeholder-type:numeric]",
        "ba": "The virtual table retrieves the names of customers who have ordered a specific product. It joins the 'products' table with 'orderdetails' to link products to their respective orders, then connects to the 'orders' table to find the associated customers. The query filters results based on the product name and limits the number of results based on a specified numeric value.",
        "gold_complexity": 12,
        "gold_sql": "SELECT t4.customerName FROM products AS t1 INNER JOIN orderdetails AS t2 ON t1.productCode = t2.productCode INNER JOIN orders AS t3 ON t2.orderNumber = t3.orderNumber INNER JOIN customers AS t4 ON t3.customerNumber = t4.customerNumber WHERE t1.productName = '1939 Chevrolet Deluxe Coupe' ORDER BY t2.priceEach DESC LIMIT 1"
    },
    {
        "sample_id": 1665,
        "vt": "SELECT SUM(orderdetails.ordernumber) FROM orderdetails INNER JOIN products AS t2 ON t1.productCode = t2.productCode WHERE products.productname = '[placeholder-type:string]'",
        "ba": "The virtual table calculates the total number of orders from the 'orderdetails' table for a specific product based on its name. It joins the 'orderdetails' table with the 'products' table to filter the results by the product name provided in the placeholder.",
        "gold_complexity": 7,
        "gold_sql": "SELECT SUM(t1.orderNumber) FROM orderdetails AS t1 INNER JOIN products AS t2 ON t1.productCode = t2.productCode WHERE t2.productName = '2001 Ferrari Enzo'"
    },
    {
        "sample_id": 1589,
        "vt": "SELECT products.productname FROM products INNER JOIN orderdetails AS T2 ON T1.productCode = T2.productCode INNER JOIN orders AS T3 ON T2.orderNumber = T3.orderNumber INNER JOIN customers AS T4 ON T3.customerNumber = T4.customerNumber WHERE products.productline = '[placeholder-type:string]' AND products.productscale = '[placeholder-type:string]' AND customers.country = '[placeholder-type:string]' GROUP BY products.productname ORDER BY SUM(orderdetails.quantityordered) LIMIT [placeholder-type:numeric]",
        "ba": "The virtual table lists the names of products from the 'products' table that belong to a specific product line and scale, filtered by customers from a specified country. The query joins multiple tables: 'products', 'orderdetails', 'orders', and 'customers' to gather the necessary information. It groups the results by product name and orders them based on the total quantity ordered, with a limit on the number of results returned.",
        "gold_complexity": 16,
        "gold_sql": "SELECT T1.productName FROM products AS T1 INNER JOIN orderdetails AS T2 ON T1.productCode = T2.productCode INNER JOIN orders AS T3 ON T2.orderNumber = T3.orderNumber INNER JOIN customers AS T4 ON T3.customerNumber = T4.customerNumber WHERE T1.productLine = 'Motorcycles' AND T1.productScale = '1:10' AND T4.country = 'USA' GROUP BY T1.productName ORDER BY SUM(T2.quantityOrdered) DESC LIMIT 1"
    },
    {
        "sample_id": 1666,
        "vt": "SELECT products.productname FROM orderdetails INNER JOIN products AS t2 ON t1.productCode = t2.productCode GROUP BY products.productname ORDER BY SUM(orderdetails.quantityordered) LIMIT [placeholder-type:numeric]",
        "ba": "The virtual table lists the product names from the 'products' table that are associated with order details. It aggregates the total quantity ordered for each product and sorts them in descending order, allowing users to see the most ordered products. The placeholder in the LIMIT clause specifies the maximum number of product names to return.",
        "gold_complexity": 10,
        "gold_sql": "SELECT t2.productName FROM orderdetails AS t1 INNER JOIN products AS t2 ON t1.productCode = t2.productCode GROUP BY t2.productName ORDER BY SUM(t1.quantityOrdered) ASC LIMIT 5"
    },
    {
        "sample_id": 1565,
        "vt": "SELECT DISTINCT customers.customername FROM payments INNER JOIN customers AS T2 ON T1.customerNumber = T2.customerNumber WHERE payments.amount > [placeholder-type:numeric]",
        "ba": "The virtual table lists the unique names of customers who have made payments exceeding a specified amount. It retrieves data from the 'payments' table and joins it with the 'customers' table to ensure that only those customers who have made payments above the given threshold are included.",
        "gold_complexity": 8,
        "gold_sql": "SELECT DISTINCT T2.customerName FROM payments AS T1 INNER JOIN customers AS T2 ON T1.customerNumber = T2.customerNumber WHERE T1.amount > 50000"
    },
    {
        "sample_id": 1586,
        "vt": "SELECT COUNT(customers.customernumber) FROM customers WHERE customers.creditlimit = [placeholder-type:numeric] AND customers.country = '[placeholder-type:string]'",
        "ba": "The virtual table counts the number of customers from the 'customers' table who have a specific credit limit and are located in a specified country. The placeholders represent the credit limit as a numeric value and the country as a string value.",
        "gold_complexity": 7,
        "gold_sql": "SELECT COUNT(customerNumber) FROM customers WHERE creditLimit = 0 AND country = 'Germany'"
    },
    {
        "sample_id": 1646,
        "vt": "SELECT employees.firstname, employees.lastname FROM offices INNER JOIN employees AS t2 ON t1.officeCode = t2.officeCode WHERE employees.jobtitle = '[placeholder-type:string]'",
        "ba": "The virtual table describes the first and last names of employees from the 'employees' table who work in a specific office and hold a specific job title. The query joins the 'offices' table to filter employees based on their office code, and it uses a placeholder for the job title to allow users to specify which job title they are interested in.",
        "gold_complexity": 9,
        "gold_sql": "SELECT t2.firstName, t2.lastName FROM offices AS t1 INNER JOIN employees AS t2 ON t1.officeCode = t2.officeCode WHERE t2.jobTitle = 'Sale Manager (EMEA)'"
    },
    {
        "sample_id": 1651,
        "vt": "SELECT SUM(payments.amount) FROM payments WHERE payments.customernumber = '[placeholder-type:string]'",
        "ba": "The virtual table summarizes the total payment amount made by a specific customer from the 'payments' table. The placeholder in the WHERE clause represents the unique customer number associated with the payments.",
        "gold_complexity": 6,
        "gold_sql": "SELECT SUM(t.amount) FROM payments t WHERE t.customerNumber = '103'"
    },
    {
        "sample_id": 1618,
        "vt": "SELECT productlines.textdescription FROM productlines INNER JOIN products AS t2 ON t1.productLine = t2.productLine WHERE products.productcode = '[placeholder-type:string]'",
        "ba": "The virtual table describes the text description of product lines from the 'productlines' table that are associated with a specific product code from the 'products' table. The placeholder in the WHERE clause represents the unique product code.",
        "gold_complexity": 7,
        "gold_sql": "SELECT t1.textDescription FROM productlines AS t1 INNER JOIN products AS t2 ON t1.productLine = t2.productLine WHERE t2.productCode = 'S18_2949'"
    },
    {
        "sample_id": 1558,
        "vt": "SELECT COUNT(DISTINCT T1.orderNumber) FROM orderdetails INNER JOIN orders AS T2 ON T1.orderNumber = T2.orderNumber WHERE orderdetails.quantityordered < [placeholder-type:numeric] AND STRFTIME('%Y', orders.orderdate) = '[placeholder-type:string]'",
        "ba": "The virtual table counts the distinct order numbers from the 'orderdetails' table that meet specific criteria. It joins the 'orderdetails' table with the 'orders' table to access the order date. The query filters the results to include only those orders where the quantity ordered is less than a specified numeric value and the order date falls within a specified year, represented by a string placeholder.",
        "gold_complexity": 10,
        "gold_sql": "SELECT COUNT(DISTINCT T1.orderNumber) FROM orderdetails AS T1 INNER JOIN orders AS T2 ON T1.orderNumber = T2.orderNumber WHERE T1.quantityOrdered < 30 AND STRFTIME('%Y', T2.orderDate) = '2003'"
    },
    {
        "sample_id": 1598,
        "vt": "SELECT AVG(payments.amount) FROM payments WHERE payments.paymentdate BETWEEN '[placeholder-type:string]' AND '[placeholder-type:string]'",
        "ba": "The virtual table calculates the average payment amount from the 'payments' table for a specified date range. The placeholders represent the start and end dates for filtering the payments made within that period.",
        "gold_complexity": 6,
        "gold_sql": "SELECT AVG(amount) FROM payments WHERE paymentDate BETWEEN '2004-01-01' AND '2004-06-30'"
    },
    {
        "sample_id": 1573,
        "vt": "SELECT employees.email FROM employees INNER JOIN offices AS T2 ON T1.officeCode = T2.officeCode WHERE employees.reportsto = [placeholder-type:numeric] AND offices.city = '[placeholder-type:string]'",
        "ba": "The virtual table retrieves the email addresses of employees from the 'employees' table who report to a specific manager and work in a specified city. The query joins the 'employees' table with the 'offices' table to filter based on the office location.",
        "gold_complexity": 8,
        "gold_sql": "SELECT T1.email FROM employees AS T1 INNER JOIN offices AS T2 ON T1.officeCode = T2.officeCode WHERE T1.reportsTo = 1002 AND T2.city = 'San Francisco'"
    },
    {
        "sample_id": 1551,
        "vt": "SELECT DISTINCT customers.country, customers.addressline1, customers.addressline2 FROM payments INNER JOIN customers AS T2 ON T1.customerNumber = T2.customerNumber ORDER BY payments.amount LIMIT [placeholder-type:numeric]",
        "ba": "The virtual table provides a distinct list of countries along with their corresponding address lines from the 'customers' table, filtered by payment records. It joins the 'payments' table with the 'customers' table based on the customer number, ensuring that only customers who have made payments are included. The results are ordered by the payment amount, and a limit is applied to control the number of records returned.",
        "gold_complexity": 13,
        "gold_sql": "SELECT DISTINCT T2.country, T2.addressLine1, T2.addressLine2 FROM payments AS T1 INNER JOIN customers AS T2 ON T1.customerNumber = T2.customerNumber ORDER BY T1.amount DESC LIMIT 5"
    },
    {
        "sample_id": 1544,
        "vt": "SELECT customers.country, COUNT(customers.customernumber) FROM customers GROUP BY customers.country",
        "ba": "The virtual table summarizes the number of customers from each country by counting the unique customer numbers in the 'customers' table, grouped by the country field.",
        "gold_complexity": 8,
        "gold_sql": "SELECT country, COUNT(customerNumber) FROM customers GROUP BY country"
    },
    {
        "sample_id": 1624,
        "vt": "SELECT employees.email FROM employees WHERE employees.jobtitle = '[placeholder-type:string]'",
        "ba": "The virtual table describes the email addresses of employees from the 'employees' table who hold a specific job title. The placeholder in the WHERE clause represents the job title of the employees.",
        "gold_complexity": 6,
        "gold_sql": "SELECT t.email FROM employees t WHERE t.jobTitle = 'President'"
    },
    {
        "sample_id": 1649,
        "vt": "SELECT SUM(CASE WHEN customers.customername = '[placeholder-type:string]' THEN payments.amount ELSE [placeholder-type:numeric] END) * [placeholder-type:numeric] / SUM(payments.amount) FROM customers INNER JOIN payments AS t2 ON t1.customerNumber = t2.customerNumber WHERE STRFTIME('%Y', payments.paymentdate) = '[placeholder-type:string]'",
        "ba": "The virtual table calculates the weighted sum of payments made by a specific customer over a given year. It sums the payment amounts for the specified customer and multiplies it by a placeholder numeric value, then divides this by the total sum of all payments made in that year. The query joins the 'customers' and 'payments' tables to correlate customer data with their payment records, filtering results based on the payment date's year.",
        "gold_complexity": 8,
        "gold_sql": "SELECT SUM(CASE WHEN t1.customerName = 'Atelier graphique' THEN t2.amount ELSE 0 END) * 100 / SUM(t2.amount) FROM customers AS t1 INNER JOIN payments AS t2 ON t1.customerNumber = t2.customerNumber WHERE STRFTIME('%Y', t2.paymentDate) = '2004'"
    },
    {
        "sample_id": 1635,
        "vt": "SELECT products.productname FROM orderdetails INNER JOIN orders AS t2 ON t1.orderNumber = t2.orderNumber INNER JOIN customers AS t3 ON t2.customerNumber = t3.customerNumber INNER JOIN products AS t4 ON t1.productCode = t4.productCode WHERE customers.customername = '[placeholder-type:string]' ORDER BY orderdetails.priceeach * orderdetails.quantityordered LIMIT [placeholder-type:numeric]",
        "ba": "The virtual table describes the product names from the 'products' table that are associated with orders made by a specific customer. It joins multiple tables: 'orderdetails' to get the details of each order, 'orders' to link orders to customers, and 'customers' to filter by a specific customer's name. The results are ordered by the total price of each order (calculated as the product of quantity ordered and price each), and a limit is applied to restrict the number of results returned.",
        "gold_complexity": 13,
        "gold_sql": "SELECT t4.productName FROM orderdetails AS t1 INNER JOIN orders AS t2 ON t1.orderNumber = t2.orderNumber INNER JOIN customers AS t3 ON t2.customerNumber = t3.customerNumber INNER JOIN products AS t4 ON t1.productCode = t4.productCode WHERE t3.customerName = 'Cruz & Sons Co.' ORDER BY t1.priceEach * t1.quantityOrdered DESC LIMIT 1"
    },
    {
        "sample_id": 1628,
        "vt": "SELECT COUNT(customers.customernumber) FROM customers INNER JOIN employees AS t2 ON t1.salesRepEmployeeNumber = t2.employeeNumber WHERE employees.firstname = '[placeholder-type:string]' AND employees.lastname = '[placeholder-type:string]'",
        "ba": "The virtual table provides a count of customers associated with a specific sales representative from the 'employees' table. It uses an inner join to link the 'customers' table with the 'employees' table based on the sales representative's employee number. The placeholders in the WHERE clause represent the first and last names of the sales representative.",
        "gold_complexity": 8,
        "gold_sql": "SELECT COUNT(t1.customerNumber) FROM customers AS t1 INNER JOIN employees AS t2 ON t1.salesRepEmployeeNumber = t2.employeeNumber WHERE t2.firstName = 'William' AND t2.lastName = 'Patterson'"
    },
    {
        "sample_id": 1569,
        "vt": "SELECT COUNT(customers.country) FROM orders INNER JOIN customers AS T2 ON T1.customerNumber = T2.customerNumber WHERE orders.status = '[placeholder-type:string]' AND customers.country = '[placeholder-type:string]' GROUP BY customers.customernumber HAVING COUNT(orders.status) = [placeholder-type:numeric]",
        "ba": "The virtual table counts the number of customers from a specific country who have placed a certain number of orders with a specified status. It joins the 'orders' table with the 'customers' table based on the customer number, filters the results by order status and customer country, and groups the results by customer number to ensure that only those customers who meet the order count criteria are included.",
        "gold_complexity": 11,
        "gold_sql": "SELECT COUNT(T2.country) FROM orders AS T1 INNER JOIN customers AS T2 ON T1.customerNumber = T2.customerNumber WHERE T1.status = 'Shipped' AND T2.country = 'France' GROUP BY T2.customerNumber HAVING COUNT(T1.status) = 2"
    },
    {
        "sample_id": 1647,
        "vt": "SELECT employees.firstname, employees.lastname, employees.reportsto FROM offices INNER JOIN employees AS t2 ON t1.officeCode = t2.officeCode WHERE offices.country = '[placeholder-type:string]'",
        "ba": "The virtual table describes the first and last names of employees along with their reporting structure from the 'employees' table, filtered by the country of the office they belong to. The placeholder in the WHERE clause represents the country name.",
        "gold_complexity": 11,
        "gold_sql": "SELECT t2.firstName, t2.lastName, t2.reportsTo FROM offices AS t1 INNER JOIN employees AS t2 ON t1.officeCode = t2.officeCode WHERE t1.country = 'Japan'"
    },
    {
        "sample_id": 1555,
        "vt": "SELECT customers.customername, customers.contactfirstname, customers.contactlastname, SUM(payments.amount) FROM employees INNER JOIN customers AS T2 ON T2.salesRepEmployeeNumber = T1.employeeNumber INNER JOIN payments AS T3 ON T2.customerNumber = T3.customerNumber INNER JOIN offices AS T4 ON T1.officeCode = T4.officeCode WHERE offices.city = '[placeholder-type:string]' AND employees.reportsto = [placeholder-type:numeric] GROUP BY customers.customername, customers.contactfirstname, customers.contactlastname ORDER BY payments.amount LIMIT [placeholder-type:numeric]",
        "ba": "The virtual table summarizes customer information along with the total payment amounts made by each customer. It retrieves the customer's name, contact first name, and contact last name from the 'customers' table, and calculates the total payment amount from the 'payments' table. The data is filtered based on the office's city and the reporting structure of employees, ensuring that only relevant customers associated with a specific employee and office location are included. The results are grouped by customer details and ordered by the total payment amount, with a limit on the number of results returned.",
        "gold_complexity": 25,
        "gold_sql": "SELECT T2.customerName, T2.contactFirstName, T2.contactLastName, SUM(T3.amount) FROM employees AS T1 INNER JOIN customers AS T2 ON T2.salesRepEmployeeNumber = T1.employeeNumber INNER JOIN payments AS T3 ON T2.customerNumber = T3.customerNumber INNER JOIN offices AS T4 ON T1.officeCode = T4.officeCode WHERE T4.city = 'Tokyo' AND T1.reportsTo = 1056 GROUP BY T2.customerName, T2.contactFirstName, T2.contactLastName ORDER BY amount DESC LIMIT 1"
    },
    {
        "sample_id": 1644,
        "vt": "SELECT employees.firstname, employees.lastname FROM orders INNER JOIN customers AS t2 ON t1.customerNumber = t2.customerNumber INNER JOIN employees AS t3 ON t2.salesRepEmployeeNumber = t3.employeeNumber WHERE orders.status = '[placeholder-type:string]'",
        "ba": "The virtual table describes the first and last names of employees who are associated with orders that have a specific status. It combines data from the 'orders', 'customers', and 'employees' tables, filtering based on the order status provided by the user.",
        "gold_complexity": 10,
        "gold_sql": "SELECT t3.firstName, t3.lastName FROM orders AS t1 INNER JOIN customers AS t2 ON t1.customerNumber = t2.customerNumber INNER JOIN employees AS t3 ON t2.salesRepEmployeeNumber = t3.employeeNumber WHERE t1.status = 'Disputed'"
    },
    {
        "sample_id": 1634,
        "vt": "SELECT products.productname FROM orderdetails INNER JOIN orders AS t2 ON t1.orderNumber = t2.orderNumber INNER JOIN customers AS t3 ON t2.customerNumber = t3.customerNumber INNER JOIN products AS t4 ON t1.productCode = t4.productCode WHERE customers.customername = '[placeholder-type:string]' AND orders.orderdate = '[placeholder-type:string]'",
        "ba": "The virtual table describes the product names from the 'products' table that are associated with specific orders made by a customer. It retrieves this information by joining the 'orderdetails', 'orders', 'customers', and 'products' tables. The placeholders in the WHERE clause represent the customer's name and the order date, allowing users to filter results based on these criteria.",
        "gold_complexity": 10,
        "gold_sql": "SELECT t4.productName FROM orderdetails AS t1 INNER JOIN orders AS t2 ON t1.orderNumber = t2.orderNumber INNER JOIN customers AS t3 ON t2.customerNumber = t3.customerNumber INNER JOIN products AS t4 ON t1.productCode = t4.productCode WHERE t3.customerName = 'Cruz & Sons Co.' AND t2.orderDate = '2003-03-03'"
    },
    {
        "sample_id": 1545,
        "vt": "SELECT DISTINCT products.productvendor, products.msrp - products.buyprice FROM products INNER JOIN orderdetails AS T2 ON T1.productCode = T2.productCode GROUP BY products.productvendor, products.msrp, products.buyprice ORDER BY COUNT(orderdetails.quantityordered) LIMIT [placeholder-type:numeric]",
        "ba": "The virtual table provides a summary of the profit margins for each product vendor by calculating the difference between the Manufacturer Suggested Retail Price (MSRP) and the buy price from vendors. It aggregates the data from the 'products' table and joins it with the 'orderdetails' table to count the number of orders for each product vendor. The results are grouped by product vendor and ordered by the count of ordered quantities, with a limit on the number of results returned.",
        "gold_complexity": 18,
        "gold_sql": "SELECT DISTINCT T1.productVendor, T1.MSRP - T1.buyPrice FROM products AS T1 INNER JOIN orderdetails AS T2 ON T1.productCode = T2.productCode GROUP BY T1.productVendor, T1.MSRP, T1.buyPrice ORDER BY COUNT(T2.quantityOrdered) DESC LIMIT 1"
    },
    {
        "sample_id": 1547,
        "vt": "SELECT orderdetails.priceeach * orderdetails.quantityordered FROM customers INNER JOIN orders AS T2 ON T1.customerNumber = T2.customerNumber INNER JOIN orderdetails AS T3 ON T2.orderNumber = T3.orderNumber WHERE customers.customername = '[placeholder-type:string]' AND orders.status = '[placeholder-type:string]' AND STRFTIME('%Y', orders.shippeddate) = '[placeholder-type:string]'",
        "ba": "The virtual table calculates the total price of ordered products for a specific customer based on their name, the status of the orders, and the year in which the orders were shipped. It combines data from the 'customers', 'orders', and 'orderdetails' tables to achieve this.",
        "gold_complexity": 11,
        "gold_sql": "SELECT T3.priceEach * T3.quantityOrdered FROM customers AS T1 INNER JOIN orders AS T2 ON T1.customerNumber = T2.customerNumber INNER JOIN orderdetails AS T3 ON T2.orderNumber = T3.orderNumber WHERE T1.customerName = 'Rovelli Gifts' AND T2.status = 'Shipped' AND STRFTIME('%Y', T2.shippedDate) = '2003'"
    },
    {
        "sample_id": 1613,
        "vt": "SELECT SUM(orderdetails.quantityordered) FROM orderdetails INNER JOIN (SELECT t1.productCode FROM products AS t1 ORDER BY t1.MSRP - t1.buyPrice DESC LIMIT 1) AS t3 ON t2.productCode = t3.productCode",
        "ba": "The virtual table calculates the total quantity ordered for the product that has the highest expected profit, which is determined by the difference between the Manufacturer Suggested Retail Price (MSRP) and the buy price from vendors.",
        "gold_complexity": 13,
        "gold_sql": "SELECT SUM(t2.quantityOrdered) FROM orderdetails AS t2 INNER JOIN ( SELECT t1.productCode FROM products AS t1 ORDER BY t1.MSRP - t1.buyPrice DESC LIMIT 1 ) AS t3 ON t2.productCode = t3.productCode"
    },
    {
        "sample_id": 1612,
        "vt": "SELECT orders.orderdate FROM orderdetails INNER JOIN orders AS T2 ON T1.orderNumber = T2.orderNumber WHERE STRFTIME('%Y-%m-%d', orders.orderdate) = '[placeholder-type:string]' OR STRFTIME('%Y-%m-%d', orders.orderdate) = '[placeholder-type:string]' ORDER BY orderdetails.quantityordered * orderdetails.priceeach LIMIT [placeholder-type:numeric]",
        "ba": "The virtual table retrieves the order dates from the 'orders' table based on specific date conditions. It joins the 'orderdetails' table to access details about the orders, specifically filtering for orders that match either of the two specified dates. The results are ordered by the total price of the ordered items, calculated as the product of quantity ordered and price for each item, and limited to a specified number of results.",
        "gold_complexity": 11,
        "gold_sql": "SELECT T2.orderDate FROM orderdetails AS T1 INNER JOIN orders AS T2 ON T1.orderNumber = T2.orderNumber WHERE STRFTIME('%Y-%m-%d', T2.orderDate) = '2005-04-08' OR STRFTIME('%Y-%m-%d', T2.orderDate) = '2005-04-10' ORDER BY T1.quantityOrdered * T1.priceEach DESC LIMIT 1"
    },
    {
        "sample_id": 1564,
        "vt": "SELECT COUNT(employees.officecode) FROM employees WHERE employees.jobtitle = '[placeholder-type:string]' AND employees.officecode = [placeholder-type:numeric]",
        "ba": "The virtual table counts the number of employees in a specific office who hold a particular job title. The placeholders represent the job title and the office code, allowing users to specify their criteria for the count.",
        "gold_complexity": 7,
        "gold_sql": "SELECT COUNT(officeCode) FROM employees WHERE jobTitle = 'Sales Rep' AND officeCode = 1"
    },
    {
        "sample_id": 1626,
        "vt": "SELECT employees.email FROM customers INNER JOIN employees AS t2 ON t1.salesRepEmployeeNumber = t2.employeeNumber WHERE customers.customername = '[placeholder-type:string]'",
        "ba": "The virtual table retrieves the email addresses of employees who are sales representatives for a specific customer. It joins the 'customers' table with the 'employees' table based on the sales representative's employee number, filtering the results by the customer's name.",
        "gold_complexity": 7,
        "gold_sql": "SELECT t2.email FROM customers AS t1 INNER JOIN employees AS t2 ON t1.salesRepEmployeeNumber = t2.employeeNumber WHERE t1.customerName = 'Muscle Machine Inc'"
    },
    {
        "sample_id": 1606,
        "vt": "SELECT SUM(products.msrp - products.buyprice) FROM productlines INNER JOIN products AS T2 ON T1.productLine = T2.productLine WHERE products.productvendor = '[placeholder-type:string]' AND productlines.textdescription LIKE '[placeholder-type:string]'",
        "ba": "The virtual table calculates the total expected profits from products based on their MSRP and buy price. It joins the 'productlines' table with the 'products' table to filter products by vendor and a specific text description of the product line.",
        "gold_complexity": 10,
        "gold_sql": "SELECT SUM(T2.MSRP - T2.buyPrice) FROM productlines AS T1 INNER JOIN products AS T2 ON T1.productLine = T2.productLine WHERE T2.productVendor = 'Carousel DieCast Legends' AND T1.textDescription LIKE '%perfect holiday or anniversary gift for executives%'"
    },
    {
        "sample_id": 1553,
        "vt": "SELECT products.productname FROM products INNER JOIN orderdetails AS T2 ON T1.productCode = T2.productCode WHERE products.productscale = '[placeholder-type:string]' AND products.productline = '[placeholder-type:string]' GROUP BY products.productname ORDER BY SUM(orderdetails.quantityordered) LIMIT [placeholder-type:numeric]",
        "ba": "The virtual table lists the names of products from the 'products' table that belong to a specific product scale and product line. It joins the 'products' table with the 'orderdetails' table to aggregate the total quantity ordered for each product. The results are grouped by product name and ordered by the total quantity ordered, with a limit on the number of results returned.",
        "gold_complexity": 13,
        "gold_sql": "SELECT T1.productName FROM products AS T1 INNER JOIN orderdetails AS T2 ON T1.productCode = T2.productCode WHERE T1.productScale = '1:18' AND T1.productLine = 'Classic Cars' GROUP BY T1.productName ORDER BY SUM(T2.quantityOrdered) DESC LIMIT 1"
    },
    {
        "sample_id": 1566,
        "vt": "SELECT SUM(payments.amount) FROM payments INNER JOIN customers AS T2 ON T1.customerNumber = T2.customerNumber WHERE customers.country = '[placeholder-type:string]'",
        "ba": "The virtual table summarizes the total payment amounts made by customers from a specific country. It combines data from the 'payments' and 'customers' tables, filtering the results based on the country of the customers.",
        "gold_complexity": 7,
        "gold_sql": "SELECT SUM(T1.amount) FROM payments AS T1 INNER JOIN customers AS T2 ON T1.customerNumber = T2.customerNumber WHERE T2.country = 'USA'"
    },
    {
        "sample_id": 1574,
        "vt": "SELECT employees.email, employees.employeenumber FROM employees INNER JOIN offices AS T2 ON T1.officeCode = T2.officeCode WHERE offices.state = '[placeholder-type:string]' AND offices.country = '[placeholder-type:string]'",
        "ba": "The virtual table describes the email addresses and employee numbers of employees from the 'employees' table who work in offices located in a specific state and country. The placeholders in the WHERE clause represent the state and country of the office.",
        "gold_complexity": 10,
        "gold_sql": "SELECT T1.email, T1.employeeNumber FROM employees AS T1 INNER JOIN offices AS T2 ON T1.officeCode = T2.officeCode WHERE T2.state = 'MA' AND T2.country = 'USA'"
    },
    {
        "sample_id": 1636,
        "vt": "SELECT orders.shippeddate FROM orders INNER JOIN customers AS t2 ON t1.customerNumber = t2.customerNumber WHERE customers.customername = '[placeholder-type:string]' AND orders.orderdate = '[placeholder-type:string]'",
        "ba": "The virtual table provides the shipped dates of orders from the 'orders' table that are associated with a specific customer name from the 'customers' table. The placeholders in the WHERE clause represent the customer's name and the order date.",
        "gold_complexity": 8,
        "gold_sql": "SELECT t1.shippedDate FROM orders AS t1 INNER JOIN customers AS t2 ON t1.customerNumber = t2.customerNumber WHERE t2.customerName = 'Cruz & Sons Co.' AND t1.orderDate = '2003-03-03'"
    },
    {
        "sample_id": 1550,
        "vt": "SELECT CAST(SUM(payments.amount) AS FLOAT) / [placeholder-type:numeric], MAX(payments.amount), MIN(payments.amount) FROM payments INNER JOIN customers AS T2 ON T1.customerNumber = T2.customerNumber WHERE payments.paymentdate BETWEEN '[placeholder-type:string]' AND '[placeholder-type:string]'",
        "ba": "The virtual table calculates the average, maximum, and minimum payment amounts from the 'payments' table, filtered by a specific date range. It joins the 'payments' table with the 'customers' table to ensure that the payments are associated with valid customers. The placeholders represent the numeric divisor for calculating the average and the date range for filtering the payments.",
        "gold_complexity": 9,
        "gold_sql": "SELECT CAST(SUM(T1.amount) AS REAL) / 3, MAX(T1.amount) , MIN(T1.amount) FROM payments AS T1 INNER JOIN customers AS T2 ON T1.customerNumber = T2.customerNumber WHERE T1.paymentDate BETWEEN '2003-01-01' AND '2005-12-31'"
    },
    {
        "sample_id": 1596,
        "vt": "SELECT customers.addressline1, customers.addressline2, customers.phone FROM orderdetails INNER JOIN orders AS T2 ON T1.orderNumber = T2.orderNumber INNER JOIN customers AS T3 ON T2.customerNumber = T3.customerNumber INNER JOIN employees AS T4 ON T3.salesRepEmployeeNumber = T4.employeeNumber INNER JOIN offices AS T5 ON T4.officeCode = T5.officeCode WHERE STRFTIME('%Y', orders.orderdate) = '[placeholder-type:string]' AND employees.jobtitle = '[placeholder-type:string]' ORDER BY orderdetails.quantityordered LIMIT [placeholder-type:numeric]",
        "ba": "The virtual table provides a view of customer addresses and phone numbers associated with specific orders. It combines data from multiple tables: 'orderdetails', 'orders', 'customers', 'employees', and 'offices'. The query filters results based on the year of the order date and the job title of the sales representative, allowing users to focus on specific criteria. The results are ordered by the quantity of items ordered, with a limit on the number of records returned.",
        "gold_complexity": 18,
        "gold_sql": "SELECT T3.addressLine1, T3.addressLine2, T3.phone FROM orderdetails AS T1 INNER JOIN orders AS T2 ON T1.orderNumber = T2.orderNumber INNER JOIN customers AS T3 ON T2.customerNumber = T3.customerNumber INNER JOIN employees AS T4 ON T3.salesRepEmployeeNumber = T4.employeeNumber INNER JOIN offices AS T5 ON T4.officeCode = T5.officeCode WHERE STRFTIME('%Y', T2.orderDate) = '2005' AND T4.jobTitle = 'Sales Rep' ORDER BY T1.quantityOrdered DESC LIMIT 1"
    },
    {
        "sample_id": 1579,
        "vt": "SELECT payments.customernumber FROM payments ORDER BY payments.amount LIMIT [placeholder-type:numeric]",
        "ba": "The virtual table retrieves the customer numbers from the 'payments' table, sorted by the payment amount in ascending order, and limits the results to a specified number of entries.",
        "gold_complexity": 7,
        "gold_sql": "SELECT customerNumber FROM payments ORDER BY amount DESC LIMIT 3"
    },
    {
        "sample_id": 1621,
        "vt": "SELECT products.productname FROM orderdetails INNER JOIN orders AS t2 ON t1.orderNumber = t2.orderNumber INNER JOIN products AS t3 ON t1.productCode = t3.productCode WHERE orders.customernumber = '[placeholder-type:string]' ORDER BY orders.orderdate LIMIT [placeholder-type:numeric]",
        "ba": "The virtual table lists the names of products from the 'products' table that are associated with orders made by a specific customer. It joins the 'orderdetails' table with the 'orders' table to link orders to their details, and then further joins with the 'products' table to retrieve product names. The results are filtered by the customer's unique identifier and ordered by the order date, with a limit on the number of results returned.",
        "gold_complexity": 11,
        "gold_sql": "SELECT t3.productName FROM orderdetails AS t1 INNER JOIN orders AS t2 ON t1.orderNumber = t2.orderNumber INNER JOIN products AS t3 ON t1.productCode = t3.productCode WHERE t2.customerNumber = '114' ORDER BY t2.orderDate DESC LIMIT 1"
    },
    {
        "sample_id": 1595,
        "vt": "SELECT SUM(orderdetails.priceeach - products.buyprice) FROM products INNER JOIN orderdetails AS T2 ON T1.productCode = T2.productCode INNER JOIN orders AS T3 ON T2.orderNumber = T3.orderNumber INNER JOIN customers AS T4 ON T3.customerNumber = T4.customerNumber WHERE orders.orderdate > '[placeholder-type:string]' AND orders.orderdate < '[placeholder-type:string]'",
        "ba": "The virtual table calculates the total profit from products sold within a specific date range. It does this by summing the difference between the selling price of each product (from order details) and the buying price (from products). The query joins multiple tables: 'products' to get product details, 'orderdetails' to find out how many of each product was sold, 'orders' to filter by order date, and 'customers' to link orders to customers. The placeholders represent the start and end dates for filtering the orders.",
        "gold_complexity": 12,
        "gold_sql": "SELECT SUM(T2.priceEach - T1.buyPrice) FROM products AS T1 INNER JOIN orderdetails AS T2 ON T1.productCode = T2.productCode INNER JOIN orders AS T3 ON T2.orderNumber = T3.orderNumber INNER JOIN customers AS T4 ON T3.customerNumber = T4.customerNumber WHERE T3.orderDate > '2003-01-05' AND T3.orderDate < '2005-05-10'"
    },
    {
        "sample_id": 1669,
        "vt": "SELECT SUM(orderdetails.priceeach * orderdetails.quantityordered) FROM customers INNER JOIN orders AS t2 ON t1.customerNumber = t2.customerNumber INNER JOIN orderdetails AS t3 ON t2.orderNumber = t3.orderNumber INNER JOIN products AS t4 ON t3.productCode = t4.productCode WHERE products.productline = '[placeholder-type:string]' AND customers.customername = '[placeholder-type:string]' AND orders.status = '[placeholder-type:string]'",
        "ba": "The virtual table calculates the total sales amount for a specific product line sold to a specific customer, filtered by the order status. It combines data from multiple tables: 'customers', 'orders', 'orderdetails', and 'products'. The placeholders represent the product line, customer name, and order status that can be specified by the user.",
        "gold_complexity": 12,
        "gold_sql": "SELECT SUM(t3.priceEach * t3.quantityOrdered) FROM customers AS t1 INNER JOIN orders AS t2 ON t1.customerNumber = t2.customerNumber INNER JOIN orderdetails AS t3 ON t2.orderNumber = t3.orderNumber INNER JOIN products AS t4 ON t3.productCode = t4.productCode WHERE t4.productLine = 'Classic Cars' AND t1.customerName = 'Land of Toys Inc.' AND t2.status = 'Shipped'"
    },
    {
        "sample_id": 1645,
        "vt": "SELECT CAST(COUNT(CASE WHEN offices.city = '[placeholder-type:string]' THEN employees.employeenumber ELSE NULL END) AS FLOAT) * [placeholder-type:numeric] / COUNT(employees.employeenumber) FROM offices INNER JOIN employees AS t2 ON t1.officeCode = t2.officeCode",
        "ba": "The virtual table calculates the proportion of employees in a specific city compared to the total number of employees, adjusted by a numeric factor. It does this by counting the number of employees whose office is located in the specified city and dividing it by the total count of employees, then multiplying by a placeholder for a numeric value.",
        "gold_complexity": 6,
        "gold_sql": "SELECT CAST(COUNT(CASE WHEN t1.city = 'Paris' THEN t2.employeeNumber ELSE NULL END) AS REAL) * 100 / COUNT(t2.employeeNumber) FROM offices AS t1 INNER JOIN employees AS t2 ON t1.officeCode = t2.officeCode"
    },
    {
        "sample_id": 1609,
        "vt": "SELECT COUNT(orderdetails.productcode) FROM orderdetails WHERE orderdetails.ordernumber = '[placeholder-type:string]'",
        "ba": "The virtual table provides a count of the number of products associated with a specific order from the 'orderdetails' table. The placeholder in the WHERE clause represents the unique order number for which the product count is being requested.",
        "gold_complexity": 6,
        "gold_sql": "SELECT COUNT(t.productCode) FROM orderdetails t WHERE t.orderNumber = '10252'"
    },
    {
        "sample_id": 1654,
        "vt": "SELECT customers.contactfirstname, customers.contactlastname FROM employees INNER JOIN customers AS t2 ON t1.employeeNumber = t2.salesRepEmployeeNumber WHERE employees.employeenumber = '[placeholder-type:string]' ORDER BY customers.creditlimit LIMIT [placeholder-type:numeric]",
        "ba": "The virtual table describes the first and last names of customers who are represented by a specific employee. It retrieves this information by joining the 'employees' table with the 'customers' table based on the sales representative's employee number. The results are ordered by the customers' credit limit and limited to a specified number of entries.",
        "gold_complexity": 12,
        "gold_sql": "SELECT t2.contactFirstName, t2.contactLastName FROM employees AS t1 INNER JOIN customers AS t2 ON t1.employeeNumber = t2.salesRepEmployeeNumber WHERE t1.employeeNumber = '1370' ORDER BY t2.creditLimit DESC LIMIT 1"
    },
    {
        "sample_id": 1559,
        "vt": "SELECT SUM(orderdetails.quantityordered * orderdetails.priceeach) FROM orderdetails INNER JOIN orders AS T2 ON T1.orderNumber = T2.orderNumber WHERE orders.status = '[placeholder-type:string]'",
        "ba": "The virtual table calculates the total revenue generated from orders based on their status by summing the product of quantity ordered and price for each product in the order details. It joins the 'orderdetails' table with the 'orders' table to filter the results according to the specified order status.",
        "gold_complexity": 8,
        "gold_sql": "SELECT SUM(T1.quantityOrdered * T1.priceEach) FROM orderdetails AS T1 INNER JOIN orders AS T2 ON T1.orderNumber = T2.orderNumber WHERE T2.status = 'Cancelled'"
    },
    {
        "sample_id": 1562,
        "vt": "SELECT COUNT(orderdetails.productcode) FROM orderdetails INNER JOIN products AS T2 ON T1.productCode = T2.productCode WHERE products.msrp - products.buyprice > [placeholder-type:numeric]",
        "ba": "The virtual table counts the number of product codes from the 'orderdetails' table that are associated with products having a profit margin greater than a specified value. The profit margin is calculated as the difference between the Manufacturer Suggested Retail Price (msrp) and the buy price from vendors (buyprice).",
        "gold_complexity": 7,
        "gold_sql": "SELECT COUNT(T1.productCode) FROM orderdetails AS T1 INNER JOIN products AS T2 ON T1.productCode = T2.productCode WHERE T2.MSRP - T2.buyPrice > 100"
    },
    {
        "sample_id": 1567,
        "vt": "SELECT SUM(payments.amount) FROM payments WHERE STRFTIME('%Y', payments.paymentdate) = '[placeholder-type:string]' AND customers.customernumber IN (SELECT customers.customernumber FROM customers WHERE creditLimit = 0)",
        "ba": "The virtual table calculates the total amount of payments made by customers who have a credit limit of zero for a specific year. It filters the payments based on the payment date's year and checks the customers' credit limit.",
        "gold_complexity": 13,
        "gold_sql": "SELECT SUM(amount) FROM payments WHERE STRFTIME('%Y', paymentDate) = '2003' AND customerNumber IN ( SELECT customerNumber FROM customers WHERE creditLimit = 0 )"
    },
    {
        "sample_id": 1657,
        "vt": "SELECT SUM(orderdetails.quantityordered) FROM orders INNER JOIN orderdetails AS t2 ON t1.orderNumber = t2.orderNumber INNER JOIN products AS t3 ON t2.productCode = t3.productCode WHERE products.productline = '[placeholder-type:string]' AND STRFTIME('%Y', orders.orderdate) = '[placeholder-type:string]'",
        "ba": "The virtual table summarizes the total quantity of products ordered from a specific product line during a specified year. It combines data from the 'orders', 'orderdetails', and 'products' tables, filtering results based on the product line and the year of the order date.",
        "gold_complexity": 9,
        "gold_sql": "SELECT SUM(t2.quantityOrdered) FROM orders AS t1 INNER JOIN orderdetails AS t2 ON t1.orderNumber = t2.orderNumber INNER JOIN products AS t3 ON t2.productCode = t3.productCode WHERE t3.productLine = 'motorcycles' AND STRFTIME('%Y', t1.orderDate) = '2004'"
    },
    {
        "sample_id": 1576,
        "vt": "SELECT employees.email, offices.country FROM customers INNER JOIN employees AS T2 ON T1.salesRepEmployeeNumber = T2.employeeNumber INNER JOIN offices AS T3 ON T2.officeCode = T3.officeCode WHERE offices.country = '[placeholder-type:string]' AND customers.creditlimit < [placeholder-type:numeric] AND employees.jobtitle = '[placeholder-type:string]'",
        "ba": "The virtual table provides a view of the email addresses of employees and the countries of their respective offices. It filters the results based on the country of the office, the credit limit of customers, and the job title of employees. The placeholders allow users to specify the desired country, credit limit, and job title for their query.",
        "gold_complexity": 13,
        "gold_sql": "SELECT T2.email, T3.country FROM customers AS T1 INNER JOIN employees AS T2 ON T1.salesRepEmployeeNumber = T2.employeeNumber INNER JOIN offices AS T3 ON T2.officeCode = T3.officeCode WHERE T3.country = 'Australia' AND T1.creditLimit < 200000 AND T2.jobTitle = 'Sales Rep'"
    },
    {
        "sample_id": 1607,
        "vt": "SELECT customers.customernumber FROM customers INNER JOIN payments AS T2 ON T1.customerNumber = T2.customerNumber WHERE customers.city = '[placeholder-type:string]' GROUP BY customers.customernumber ORDER BY SUM(payments.amount) / COUNT(payments.paymentdate) LIMIT [placeholder-type:numeric]",
        "ba": "The virtual table retrieves a list of unique customer numbers from the 'customers' table, filtering by a specific city. It joins the 'payments' table to calculate the average payment amount for each customer based on their payment history. The results are grouped by customer number and ordered by the average payment amount, with a limit on the number of results returned.",
        "gold_complexity": 13,
        "gold_sql": "SELECT T1.customerNumber FROM customers AS T1 INNER JOIN payments AS T2 ON T1.customerNumber = T2.customerNumber WHERE T1.city = 'Boston' GROUP BY T1.customerNumber ORDER BY SUM(T2.amount) / COUNT(T2.paymentDate) DESC LIMIT 1"
    },
    {
        "sample_id": 1638,
        "vt": "SELECT products.productname, products.msrp - products.buyprice FROM products WHERE products.productline = '[placeholder-type:string]' ORDER BY products.msrp - products.buyprice LIMIT [placeholder-type:numeric]",
        "ba": "The virtual table displays the product names along with their expected profits, calculated as the difference between the Manufacturer Suggested Retail Price (MSRP) and the buy price from vendors. It filters the results based on a specific product line and orders them by the expected profit, limiting the number of results returned.",
        "gold_complexity": 13,
        "gold_sql": "SELECT t.productName, t.MSRP - t.buyPrice FROM products AS t WHERE t.productLine = 'Classic Cars' ORDER BY t.MSRP - t.buyPrice DESC LIMIT 1"
    },
    {
        "sample_id": 1570,
        "vt": "SELECT SUM(orderdetails.quantityordered * orderdetails.priceeach) / COUNT(orders.ordernumber) FROM customers INNER JOIN orders AS T2 ON T1.customerNumber = T2.customerNumber INNER JOIN orderdetails AS T3 ON T2.orderNumber = T3.orderNumber WHERE orders.status = '[placeholder-type:string]' AND customers.country = '[placeholder-type:string]'",
        "ba": "The virtual table calculates the average total order value for customers based on their country and the status of their orders. It sums the total price of ordered items by multiplying the quantity ordered by the price for each item, and then divides this sum by the count of orders to find the average. The query involves joining the 'customers', 'orders', and 'orderdetails' tables to gather the necessary data, applying filters for order status and customer country.",
        "gold_complexity": 11,
        "gold_sql": "SELECT SUM(T3.quantityOrdered * T3.priceEach) / COUNT(T2.orderNumber) FROM customers AS T1 INNER JOIN orders AS T2 ON T1.customerNumber = T2.customerNumber INNER JOIN orderdetails AS T3 ON T2.orderNumber = T3.orderNumber WHERE T2.status = 'Shipped' AND T1.country = 'Germany'"
    },
    {
        "sample_id": 1662,
        "vt": "SELECT employees.firstname, employees.lastname, SUM(orderdetails.quantityordered) FROM products INNER JOIN orderdetails AS t2 ON t1.productCode = t2.productCode INNER JOIN orders AS t3 ON t2.orderNumber = t3.orderNumber INNER JOIN customers AS t4 ON t3.customerNumber = t4.customerNumber INNER JOIN employees AS t5 ON t4.salesRepEmployeeNumber = t5.employeeNumber WHERE products.productname = '[placeholder-type:string]' GROUP BY employees.lastname, employees.firstname",
        "ba": "The virtual table summarizes the total quantity of a specific product ordered by each employee's first and last name. It combines data from multiple tables including 'products', 'orderdetails', 'orders', 'customers', and 'employees'. The placeholder in the WHERE clause represents the name of the product being queried.",
        "gold_complexity": 18,
        "gold_sql": "SELECT t5.firstName, t5.lastName, SUM(t2.quantityOrdered) FROM products AS t1 INNER JOIN orderdetails AS t2 ON t1.productCode = t2.productCode INNER JOIN orders AS t3 ON t2.orderNumber = t3.orderNumber INNER JOIN customers AS t4 ON t3.customerNumber = t4.customerNumber INNER JOIN employees AS t5 ON t4.salesRepEmployeeNumber = t5.employeeNumber WHERE t1.productName = '1969 Harley Davidson Ultimate Chopper' GROUP BY t5.lastName, t5.firstName"
    },
    {
        "sample_id": 1577,
        "vt": "SELECT DISTINCT employees.email FROM customers INNER JOIN employees AS T2 ON T1.salesRepEmployeeNumber = T2.employeeNumber WHERE employees.jobtitle = '[placeholder-type:string]' AND customers.country = '[placeholder-type:string]' ORDER BY customers.creditlimit LIMIT [placeholder-type:numeric]",
        "ba": "The virtual table retrieves distinct email addresses of employees who are sales representatives for customers in a specific country. The query filters employees based on their job title and customers based on their country, ensuring that only relevant records are selected. The results are ordered by the customers' credit limit, and a limit is applied to the number of results returned.",
        "gold_complexity": 12,
        "gold_sql": "SELECT DISTINCT T2.email FROM customers AS T1 INNER JOIN employees AS T2 ON T1.salesRepEmployeeNumber = T2.employeeNumber WHERE T2.jobTitle = 'Sales Rep' AND T1.country = 'UK' ORDER BY T1.creditLimit LIMIT 10"
    },
    {
        "sample_id": 1608,
        "vt": "SELECT SUM(orderdetails.quantityordered), SUM(orderdetails.quantityordered * orderdetails.priceeach) / SUM(orderdetails.quantityordered) FROM products INNER JOIN orderdetails AS T2 ON T1.productCode = T2.productCode WHERE products.productname = '[placeholder-type:string]'",
        "ba": "The virtual table calculates the total quantity ordered and the average price for a specific product from the 'products' and 'orderdetails' tables. The placeholder in the WHERE clause represents the name of the product being queried.",
        "gold_complexity": 9,
        "gold_sql": "SELECT SUM(T2.quantityOrdered) , SUM(T2.quantityOrdered * T2.priceEach) / SUM(T2.quantityOrdered) FROM products AS T1 INNER JOIN orderdetails AS T2 ON T1.productCode = T2.productCode WHERE T1.productName = '18th Century Vintage Horse Carriage'"
    },
    {
        "sample_id": 1637,
        "vt": "SELECT COUNT(orders.customernumber) FROM orderdetails INNER JOIN orders AS T2 ON T1.orderNumber = T2.orderNumber WHERE orderdetails.productcode IN (SELECT products.productcode FROM products WHERE productName = '1957 Chevy Pickup')",
        "ba": "The virtual table counts the number of unique customers who have placed orders for a specific product, identified by its name. It does this by joining the 'orderdetails' table with the 'orders' table to link order details to the corresponding orders. A subquery is used to filter the product codes based on the product name provided, ensuring that only orders for the specified product are counted.",
        "gold_complexity": 13,
        "gold_sql": "SELECT COUNT(T2.customerNumber) FROM orderdetails AS T1 INNER JOIN orders AS T2 ON T1.orderNumber = T2.orderNumber WHERE T1.productCode IN ( SELECT productCode FROM products WHERE productName = '1957 Chevy Pickup' )"
    },
    {
        "sample_id": 1640,
        "vt": "SELECT COUNT(CASE WHEN JULIANDAY(t1.shippeddate) - JULIANDAY(t1.requireddate) > [placeholder-type:numeric] THEN orders.customernumber ELSE NULL END) FROM orders INNER JOIN orderdetails AS T2 ON T1.orderNumber = T2.orderNumber WHERE orders.status = '[placeholder-type:string]'",
        "ba": "The virtual table counts the number of customers who have orders that were shipped later than the required date by a specified number of days. It joins the 'orders' table with the 'orderdetails' table to access the necessary order information and applies a filter based on the order status.",
        "gold_complexity": 9,
        "gold_sql": "SELECT COUNT(CASE WHEN JULIANDAY(t1.shippeddate) - JULIANDAY(t1.requireddate) > 3 THEN T1.customerNumber ELSE NULL END) FROM orders AS T1 INNER JOIN orderdetails AS T2 ON T1.orderNumber = T2.orderNumber WHERE T1.status = 'Shipped'"
    },
    {
        "sample_id": 1601,
        "vt": "SELECT payments.paymentdate FROM employees INNER JOIN customers AS T2 ON T1.employeeNumber = T2.salesRepEmployeeNumber INNER JOIN payments AS T3 ON T2.customerNumber = T3.customerNumber WHERE employees.firstname = '[placeholder-type:string]' AND employees.lastname = '[placeholder-type:string]' AND employees.jobtitle = '[placeholder-type:string]' ORDER BY customers.creditlimit LIMIT [placeholder-type:numeric]",
        "ba": "The virtual table retrieves the payment dates associated with customers handled by a specific employee. It joins the 'employees' table with the 'customers' table based on the sales representative's employee number, and then further joins with the 'payments' table to get the relevant payment information. The query filters results based on the first name, last name, and job title of the employee, and orders the results by the customer's credit limit, limiting the number of results returned.",
        "gold_complexity": 13,
        "gold_sql": "SELECT T3.paymentDate FROM employees AS T1 INNER JOIN customers AS T2 ON T1.employeeNumber = T2.salesRepEmployeeNumber INNER JOIN payments AS T3 ON T2.customerNumber = T3.customerNumber WHERE T1.firstName = 'Barry' AND T1.lastName = 'Jones' AND T1.jobTitle = 'Sales Rep' ORDER BY T2.creditLimit ASC LIMIT 1"
    },
    {
        "sample_id": 1594,
        "vt": "SELECT products.productname, orderdetails.quantityordered * orderdetails.priceeach FROM orderdetails INNER JOIN products AS T2 ON T1.productCode = T2.productCode INNER JOIN orders AS T3 ON T1.orderNumber = T3.orderNumber INNER JOIN customers AS T4 ON T3.customerNumber = T4.customerNumber WHERE customers.city = '[placeholder-type:string]' AND customers.salesrepemployeenumber IN (SELECT employees.employeenumber FROM employees WHERE jobTitle = 'Sales Rep') ORDER BY orderdetails.quantityordered LIMIT [placeholder-type:numeric]",
        "ba": "The virtual table describes the product names and total prices of ordered products from the 'orderdetails' table, filtered by customers located in a specific city and whose sales representatives hold the job title 'Sales Rep'. The placeholders represent the city name and the limit on the number of results returned.",
        "gold_complexity": 22,
        "gold_sql": "SELECT T2.productName, T1.quantityOrdered * T1.priceEach FROM orderdetails AS T1 INNER JOIN products AS T2 ON T1.productCode = T2.productCode INNER JOIN orders AS T3 ON T1.orderNumber = T3.orderNumber INNER JOIN customers AS T4 ON T3.customerNumber = T4.customerNumber WHERE T4.city = 'Boston' AND T4.salesRepEmployeeNumber IN ( SELECT employeeNumber FROM employees WHERE jobTitle = 'Sales Rep' ) ORDER BY T1.quantityOrdered DESC LIMIT 1"
    },
    {
        "sample_id": 1667,
        "vt": "SELECT customers.customername FROM customers INNER JOIN orders AS t2 ON t1.customerNumber = t2.customerNumber WHERE orders.status = '[placeholder-type:string]'",
        "ba": "The virtual table lists the names of customers from the 'customers' table who have placed orders with a specific status. The query joins the 'customers' table with the 'orders' table based on the customer number, allowing us to filter the results based on the order status.",
        "gold_complexity": 7,
        "gold_sql": "SELECT t1.customerName FROM customers AS t1 INNER JOIN orders AS t2 ON t1.customerNumber = t2.customerNumber WHERE t2.status = 'Disputed'"
    },
    {
        "sample_id": 1643,
        "vt": "SELECT employees.firstname, employees.lastname FROM offices INNER JOIN employees AS T2 ON T1.officeCode = T2.officeCode WHERE employees.employeenumber = (SELECT MAX(employees.employeenumber) FROM employees)",
        "ba": "The virtual table describes the first and last names of the employee who has the highest employee number from the 'employees' table, along with their associated office information from the 'offices' table. The query uses an inner join to connect the 'offices' and 'employees' tables based on the office code, ensuring that only the relevant employee's details are retrieved.",
        "gold_complexity": 13,
        "gold_sql": "SELECT T2.firstName, T2.lastName FROM offices AS T1 INNER JOIN employees AS T2 ON T1.officeCode = T2.officeCode WHERE T2.employeeNumber = ( SELECT MAX(employeeNumber) FROM employees )"
    },
    {
        "sample_id": 1639,
        "vt": "SELECT customers.customername FROM orders INNER JOIN customers AS t2 ON t1.customerNumber = t2.customerNumber WHERE orders.status = '[placeholder-type:string]'",
        "ba": "The virtual table lists the names of customers who have placed orders with a specific status. It retrieves data from the 'customers' table and joins it with the 'orders' table based on the customer number. The placeholder in the WHERE clause represents the order status being queried.",
        "gold_complexity": 7,
        "gold_sql": "SELECT t2.customerName FROM orders AS t1 INNER JOIN customers AS t2 ON t1.customerNumber = t2.customerNumber WHERE t1.status = 'In Process'"
    },
    {
        "sample_id": 1588,
        "vt": "SELECT SUM(orderdetails.priceeach - products.buyprice) / COUNT(*) FROM orderdetails INNER JOIN products AS T2 ON T1.productCode = T2.productCode WHERE products.productname = '[placeholder-type:string]'",
        "ba": "The virtual table calculates the average profit margin for a specific product by subtracting the buy price from the selling price for each order detail and then averaging these values.",
        "gold_complexity": 9,
        "gold_sql": "SELECT SUM(T1.priceEach - T2.buyPrice) / COUNT(*) FROM orderdetails AS T1 INNER JOIN products AS T2 ON T1.productCode = T2.productCode WHERE T2.productName = '1937 Lincoln Berline'"
    },
    {
        "sample_id": 1623,
        "vt": "SELECT employees.firstname, employees.lastname FROM employees INNER JOIN employees AS t2 ON t2.employeeNumber = t1.reportsTo WHERE employees.firstname = '[placeholder-type:string]' AND employees.lastname = '[placeholder-type:string]'",
        "ba": "The virtual table describes the first and last names of employees who report to a specific manager within the 'employees' table. The placeholders in the WHERE clause represent the first and last names of the employee being queried.",
        "gold_complexity": 10,
        "gold_sql": "SELECT t2.firstName, t2.lastName FROM employees AS t1 INNER JOIN employees AS t2 ON t2.employeeNumber = t1.reportsTo WHERE t1.firstName = 'Steve' AND t1.lastName = 'Patterson'"
    },
    {
        "sample_id": 1571,
        "vt": "SELECT employees.firstname, employees.lastname FROM employees INNER JOIN offices AS T2 ON T1.officeCode = T2.officeCode WHERE offices.city = '[placeholder-type:string]'",
        "ba": "The virtual table describes the first and last names of employees from the 'employees' table who work in a specific city. The query joins the 'employees' table with the 'offices' table to filter employees based on the city they are located in, using a placeholder for the city name.",
        "gold_complexity": 9,
        "gold_sql": "SELECT T1.firstName, T1.lastName FROM employees AS T1 INNER JOIN offices AS T2 ON T1.officeCode = T2.officeCode WHERE T2.city = 'Tokyo'"
    },
    {
        "sample_id": 1614,
        "vt": "SELECT payments.amount FROM payments INNER JOIN customers AS t2 ON t1.customerNumber = t2.customerNumber WHERE customers.customername = '[placeholder-type:string]' AND payments.paymentdate = '[placeholder-type:string]'",
        "ba": "The virtual table displays the payment amounts from the 'payments' table for a specific customer based on their name and the date of the payment. The query joins the 'payments' table with the 'customers' table to filter results according to the customer's name and the payment date.",
        "gold_complexity": 8,
        "gold_sql": "SELECT t1.amount FROM payments AS t1 INNER JOIN customers AS t2 ON t1.customerNumber = t2.customerNumber WHERE t2.customerName = 'Petit Auto' AND t1.paymentDate = '2004-08-09'"
    },
    {
        "sample_id": 1603,
        "vt": "SELECT customers.addressline1, customers.addressline2 FROM customers INNER JOIN orders AS T2 ON T1.customerNumber = T2.customerNumber WHERE orders.shippeddate = '[placeholder-type:string]' AND orders.status = '[placeholder-type:string]'",
        "ba": "The virtual table provides the address details of customers who have placed orders that were shipped on a specific date and have a particular status. The placeholders in the WHERE clause represent the shipped date and the order status.",
        "gold_complexity": 10,
        "gold_sql": "SELECT T1.addressLine1, T1.addressLine2 FROM customers AS T1 INNER JOIN orders AS T2 ON T1.customerNumber = T2.customerNumber WHERE T2.shippedDate = '2005-04-04' AND T2.status = 'Shipped'"
    },
    {
        "sample_id": 1580,
        "vt": "SELECT employees.email, employees.employeenumber FROM employees INNER JOIN offices AS T2 ON T1.officeCode = T2.officeCode WHERE offices.country = '[placeholder-type:string]' AND offices.state = '[placeholder-type:string]' GROUP BY employees.email, employees.officecode",
        "ba": "The virtual table retrieves the email addresses and unique employee numbers of employees who work in offices located in a specific country and state. The query joins the 'employees' table with the 'offices' table based on the office code, filtering results based on the specified country and state.",
        "gold_complexity": 14,
        "gold_sql": "SELECT T1.email, T1.employeeNumber FROM employees AS T1 INNER JOIN offices AS T2 ON T1.officeCode = T2.officeCode WHERE T2.country = 'USA' AND T2.state = 'CA' GROUP BY T1.email, T1.officeCode"
    },
    {
        "sample_id": 1561,
        "vt": "SELECT COUNT(orderdetails.productcode) FROM orderdetails INNER JOIN products AS T2 ON T1.productCode = T2.productCode WHERE products.productline = '[placeholder-type:string]'",
        "ba": "The virtual table counts the number of products sold from the 'orderdetails' table, specifically filtering by the product line from the 'products' table. The placeholder in the WHERE clause represents the specific product line being queried.",
        "gold_complexity": 7,
        "gold_sql": "SELECT COUNT(T1.productCode) FROM orderdetails AS T1 INNER JOIN products AS T2 ON T1.productCode = T2.productCode WHERE T2.productLine = 'Planes'"
    },
    {
        "sample_id": 1591,
        "vt": "SELECT MAX(orderdetails.quantityordered * orderdetails.priceeach) - AVG(orderdetails.priceeach) FROM orderdetails WHERE products.productcode IN (SELECT products.productcode FROM products WHERE productLine = 'Planes')",
        "ba": "The virtual table calculates the difference between the maximum total price of ordered products in the 'orderdetails' table and the average price of those products. The total price is determined by multiplying the quantity ordered by the price for each product. The query specifically focuses on products that belong to the 'Planes' product line.",
        "gold_complexity": 13,
        "gold_sql": "SELECT MAX(quantityOrdered * priceEach) - AVG(priceEach) FROM orderdetails WHERE productCode IN ( SELECT productCode FROM products WHERE productLine = 'Planes' )"
    },
    {
        "sample_id": 1620,
        "vt": "SELECT COUNT(customers.customernumber) FROM customers INNER JOIN employees AS t2 ON t1.salesRepEmployeeNumber = t2.employeeNumber WHERE customers.country = '[placeholder-type:string]' AND employees.firstname = '[placeholder-type:string]' AND employees.lastname = '[placeholder-type:string]'",
        "ba": "The virtual table counts the number of customers from the 'customers' table who are associated with a specific sales representative from the 'employees' table. The query filters customers based on their country and the first and last names of the sales representative.",
        "gold_complexity": 9,
        "gold_sql": "SELECT COUNT(t1.customerNumber) FROM customers AS t1 INNER JOIN employees AS t2 ON t1.salesRepEmployeeNumber = t2.employeeNumber WHERE t1.country = 'France' AND t2.firstName = 'Gerard' AND t2.lastName = 'Hernandez'"
    },
    {
        "sample_id": 1615,
        "vt": "SELECT customers.contactfirstname, customers.contactlastname FROM payments INNER JOIN customers AS t2 ON t1.customerNumber = t2.customerNumber WHERE payments.checknumber = '[placeholder-type:string]'",
        "ba": "The virtual table describes the first and last names of contacts from the 'customers' table who have made a payment identified by a specific check number. The placeholder in the WHERE clause represents the check number used to filter the results.",
        "gold_complexity": 9,
        "gold_sql": "SELECT t2.contactFirstName, t2.contactLastName FROM payments AS t1 INNER JOIN customers AS t2 ON t1.customerNumber = t2.customerNumber WHERE t1.checkNumber = 'NR157385'"
    },
    {
        "sample_id": 1581,
        "vt": "SELECT employees.firstname, employees.lastname FROM employees INNER JOIN offices AS T2 ON T1.officeCode = T2.officeCode WHERE offices.city = '[placeholder-type:string]'",
        "ba": "The virtual table describes the first and last names of employees from the 'employees' table who work in a specific city. The query joins the 'employees' table with the 'offices' table to filter employees based on the city they are located in, using a placeholder for the city name.",
        "gold_complexity": 9,
        "gold_sql": "SELECT T1.firstName, T1.lastName FROM employees AS T1 INNER JOIN offices AS T2 ON T1.officeCode = T2.officeCode WHERE T2.city = 'Boston'"
    },
    {
        "sample_id": 1602,
        "vt": "SELECT employees.reportsto FROM employees INNER JOIN customers AS T2 ON T1.employeeNumber = T2.salesRepEmployeeNumber WHERE customers.country = '[placeholder-type:string]'",
        "ba": "The virtual table retrieves the reporting structure of employees who are sales representatives for customers located in a specific country. It joins the 'employees' table with the 'customers' table to filter based on the country of the customers.",
        "gold_complexity": 7,
        "gold_sql": "SELECT T1.reportsTo FROM employees AS T1 INNER JOIN customers AS T2 ON T1.employeeNumber = T2.salesRepEmployeeNumber WHERE T2.country = 'France'"
    }
]