[
    {
        "sample_id": 101,
        "vt": "SELECT COUNT(ratings.user_id) FROM ratings INNER JOIN movies AS T2 ON T1.movie_id = T2.movie_id WHERE movies.movie_title = '[placeholder-type:string]' AND ratings.user_trialist = [placeholder-type:numeric]",
        "ba": "The virtual table counts the number of users who rated a specific movie from the 'ratings' table, joining it with the 'movies' table to filter by the movie title. It also includes a condition to check if the user was a trialist when they rated the movie, using placeholders for both the movie title and the trialist status.",
        "gold_complexity": 8,
        "gold_sql": "SELECT COUNT(T1.user_id) FROM ratings AS T1 INNER JOIN movies AS T2 ON T1.movie_id = T2.movie_id WHERE T2.movie_title = 'Patti Smith: Dream of Life' AND T1.user_trialist = 0"
    },
    {
        "sample_id": 108,
        "vt": "SELECT movies.movie_title FROM ratings INNER JOIN movies AS T2 ON T1.movie_id = T2.movie_id WHERE ratings.critic_likes > [placeholder-type:numeric]",
        "ba": "The virtual table displays the titles of movies that have received a significant number of likes on user-written critiques. It retrieves data from the 'ratings' table, which contains user ratings and associated critiques, and joins it with the 'movies' table to access the movie titles. The condition filters for critiques that have more likes than a specified threshold.",
        "gold_complexity": 7,
        "gold_sql": "SELECT T2.movie_title FROM ratings AS T1 INNER JOIN movies AS T2 ON T1.movie_id = T2.movie_id WHERE T1.critic_likes > 20"
    },
    {
        "sample_id": 78,
        "vt": "SELECT COUNT(ratings.rating_id) FROM ratings INNER JOIN movies AS T2 ON T1.movie_id = T2.movie_id WHERE movies.movie_title = '[placeholder-type:string]' AND ratings.rating_timestamp_utc >= '[placeholder-type:string]'",
        "ba": "The virtual table counts the number of ratings for a specific movie title from the 'movies' table, filtering by the movie's title and a specified rating timestamp. The placeholders represent the movie title and the date from which to count ratings.",
        "gold_complexity": 9,
        "gold_sql": "SELECT COUNT(T1.rating_id) FROM ratings AS T1 INNER JOIN movies AS T2 ON T1.movie_id = T2.movie_id WHERE T2.movie_title = 'A Way of Life' AND T1.rating_timestamp_utc >= '2012-01-01'"
    },
    {
        "sample_id": 56,
        "vt": "SELECT movies.movie_url FROM movies WHERE movies.movie_title = '[placeholder-type:string]'",
        "ba": "The virtual table retrieves the URL of a movie from the 'movies' table based on the specified movie title. The placeholder in the WHERE clause represents the title of the movie being queried.",
        "gold_complexity": 6,
        "gold_sql": "SELECT movie_url FROM movies WHERE movie_title = 'La Antena'"
    },
    {
        "sample_id": 98,
        "vt": "SELECT SUM(lists.list_followers) FROM lists_users INNER JOIN lists AS T2 ON T1.list_id = T2.list_id WHERE lists_users.user_avatar_image_url = '[placeholder-type:string]'",
        "ba": "The virtual table calculates the total number of followers across all lists created by users who have a specific avatar image URL. It joins the 'lists_users' table with the 'lists' table to access the 'list_followers' column, filtering the results based on the user's avatar image URL.",
        "gold_complexity": 7,
        "gold_sql": "SELECT SUM(T2.list_followers) FROM lists_users AS T1 INNER JOIN lists AS T2 ON T1.list_id = T2.list_id WHERE T1.user_avatar_image_url = 'https://assets.mubicdn.net/images/avatars/74983/images-w150.jpg?1523895214'"
    },
    {
        "sample_id": 29,
        "vt": "SELECT movies.movie_title FROM ratings INNER JOIN movies AS T2 ON T1.movie_id = T2.movie_id ORDER BY ratings.critic_likes LIMIT [placeholder-type:numeric]",
        "ba": "The virtual table retrieves the titles of movies that have been rated, ordered by the number of likes received on the critics' comments. The query joins the 'ratings' table with the 'movies' table to access the movie titles associated with each rating. The result is limited to a specified number of entries, allowing users to see the most liked critics' comments for rated movies.",
        "gold_complexity": 8,
        "gold_sql": "SELECT T2.movie_title FROM ratings AS T1 INNER JOIN movies AS T2 ON T1.movie_id = T2.movie_id ORDER BY T1.critic_likes DESC LIMIT 1"
    },
    {
        "sample_id": 105,
        "vt": "SELECT movies.movie_title FROM ratings INNER JOIN movies AS T2 ON T1.movie_id = T2.movie_id WHERE ratings.rating_timestamp_utc LIKE '[placeholder-type:string]' GROUP BY movies.movie_title ORDER BY COUNT(movies.movie_title) LIMIT [placeholder-type:numeric]",
        "ba": "The virtual table retrieves the titles of movies from the 'movies' table that have been rated, based on a specific timestamp. It joins the 'ratings' table to filter the movies rated within a certain time frame, grouping the results by movie title and ordering them by the count of ratings. The placeholders allow users to specify the desired timestamp and limit the number of results returned.",
        "gold_complexity": 12,
        "gold_sql": "SELECT T2.movie_title FROM ratings AS T1 INNER JOIN movies AS T2 ON T1.movie_id = T2.movie_id WHERE T1.rating_timestamp_utc LIKE '2020%' GROUP BY T2.movie_title ORDER BY COUNT(T2.movie_title) DESC LIMIT 1"
    },
    {
        "sample_id": 82,
        "vt": "SELECT CAST(SUM(CASE WHEN ratings.rating_score = [placeholder-type:numeric] THEN [placeholder-type:numeric] ELSE [placeholder-type:numeric] END) AS FLOAT) * [placeholder-type:numeric] / COUNT(*) FROM ratings INNER JOIN movies AS T2 ON T1.movie_id = T2.movie_id WHERE movies.movie_title = '[placeholder-type:string]'",
        "ba": "The virtual table calculates the average rating score for a specific movie title from the 'movies' table. It sums up the ratings that match a specified score and multiplies it by a placeholder value, then divides by the total count of ratings. The placeholders represent the rating score to filter, a numeric value for multiplication, and the movie title to identify the specific movie.",
        "gold_complexity": 8,
        "gold_sql": "SELECT CAST(SUM(CASE WHEN T1.rating_score = 1 THEN 1 ELSE 0 END) AS REAL) * 100 / COUNT(*) FROM ratings AS T1 INNER JOIN movies AS T2 ON T1.movie_id = T2.movie_id WHERE T2.movie_title = 'When Will I Be Loved'"
    },
    {
        "sample_id": 104,
        "vt": "SELECT lists.list_title, lists_users.user_avatar_image_url FROM lists_users INNER JOIN lists AS T2 ON T1.list_id = T2.list_id WHERE lists_users.user_id = [placeholder-type:numeric] ORDER BY lists.list_creation_timestamp_utc LIMIT [placeholder-type:numeric]",
        "ba": "The virtual table describes the titles of lists and the avatar images of users who created those lists from the 'lists' and 'lists_users' tables. It filters the results based on a specific user ID and orders the lists by their creation timestamp, limiting the number of results returned.",
        "gold_complexity": 12,
        "gold_sql": "SELECT T2.list_title, T1.user_avatar_image_url FROM lists_users AS T1 INNER JOIN lists AS T2 ON T1.list_id = T2.list_id WHERE T1.user_id = 85981819 ORDER BY T2.list_creation_timestamp_utc LIMIT 1"
    },
    {
        "sample_id": 109,
        "vt": "SELECT SUM(ratings.rating_score) / COUNT(ratings.rating_id) FROM ratings INNER JOIN movies AS T2 ON T1.movie_id = T2.movie_id WHERE ratings.rating_timestamp_utc LIKE '[placeholder-type:string]' AND movies.movie_title LIKE '[placeholder-type:string]'",
        "ba": "The virtual table calculates the average rating score of movies from the 'ratings' table, joining it with the 'movies' table to access movie titles. It filters the results based on a specific rating timestamp and movie title, both represented by placeholders.",
        "gold_complexity": 9,
        "gold_sql": "SELECT SUM(T1.rating_score) / COUNT(T1.rating_id) FROM ratings AS T1 INNER JOIN movies AS T2 ON T1.movie_id = T2.movie_id WHERE T1.rating_timestamp_utc LIKE '2019%' AND T2.movie_title LIKE 'The Fall of Berlin'"
    },
    {
        "sample_id": 19,
        "vt": "SELECT COUNT(*) FROM ratings WHERE ratings.movie_id = [placeholder-type:numeric] AND ratings.rating_score <= [placeholder-type:numeric] AND ratings.user_eligible_for_trial = [placeholder-type:numeric] AND ratings.user_has_payment_method = [placeholder-type:numeric]",
        "ba": "The virtual table counts the number of ratings for a specific movie that meet certain criteria. It filters ratings based on the movie ID, the rating score being less than or equal to a specified value, and the user's eligibility for trial and payment method status.",
        "gold_complexity": 10,
        "gold_sql": "SELECT COUNT(*) FROM ratings WHERE movie_id = 1269 AND rating_score <= 2 AND user_eligible_for_trial = 1 AND user_has_payment_method = 1"
    },
    {
        "sample_id": 42,
        "vt": "SELECT ratings.critic_likes FROM movies INNER JOIN ratings AS T2 ON T1.movie_id = T2.movie_id WHERE ratings.user_trialist = [placeholder-type:numeric] AND ratings.rating_score = [placeholder-type:numeric] AND movies.movie_title = '[placeholder-type:string]'",
        "ba": "The virtual table retrieves the number of likes associated with critics for a specific movie from the 'movies' and 'ratings' tables. It filters the results based on whether the user was a trialist and the rating score given to the movie.",
        "gold_complexity": 9,
        "gold_sql": "SELECT T2.critic_likes FROM movies AS T1 INNER JOIN ratings AS T2 ON T1.movie_id = T2.movie_id WHERE T2.user_trialist = 0 AND T2.rating_score = 5 AND T1.movie_title = 'Apocalypse Now'"
    },
    {
        "sample_id": 15,
        "vt": "SELECT movies.director_name FROM movies WHERE movies.movie_title = '[placeholder-type:string]'",
        "ba": "The virtual table retrieves the name of the director from the 'movies' table based on a specific movie title provided by the user. The placeholder in the WHERE clause represents the title of the movie for which the director's name is being queried.",
        "gold_complexity": 6,
        "gold_sql": "SELECT director_name FROM movies WHERE movie_title = 'Sex, Drink and Bloodshed'"
    },
    {
        "sample_id": 67,
        "vt": "SELECT ratings.critic FROM ratings INNER JOIN movies AS T2 ON T1.movie_id = T2.movie_id WHERE movies.movie_title = '[placeholder-type:string]'",
        "ba": "The virtual table retrieves the critics' comments from the 'ratings' table for movies that match a specific title. The query uses an inner join to connect the 'ratings' table with the 'movies' table based on the movie ID, ensuring that only ratings for the specified movie title are selected.",
        "gold_complexity": 7,
        "gold_sql": "SELECT T1.critic FROM ratings AS T1 INNER JOIN movies AS T2 ON T1.movie_id = T2.movie_id WHERE T2.movie_title = 'A Way of Life'"
    },
    {
        "sample_id": 24,
        "vt": "SELECT lists_users.user_eligible_for_trial, lists.list_followers FROM lists INNER JOIN lists_users AS T2 ON T1.user_id = T1.user_id AND T1.list_id = T2.list_id WHERE lists.list_title = '[placeholder-type:string]'",
        "ba": "The virtual table provides information about the eligibility for trial of users who created lists and the number of followers on those lists. It combines data from the 'lists' and 'lists_users' tables based on the user ID and list ID, filtering for a specific list title.",
        "gold_complexity": 9,
        "gold_sql": "SELECT T2.user_eligible_for_trial, T1.list_followers FROM lists AS T1 INNER JOIN lists_users AS T2 ON T1.user_id = T1.user_id AND T1.list_id = T2.list_id WHERE T1.list_title = 'World War 2 and Kids'"
    },
    {
        "sample_id": 31,
        "vt": "SELECT COUNT(movies.movie_title), ratings.critic FROM ratings INNER JOIN movies AS T2 ON T1.movie_id = T2.movie_id WHERE movies.director_name = '[placeholder-type:string]' AND movies.movie_popularity > [placeholder-type:numeric]",
        "ba": "The virtual table provides a count of movie titles along with the critics' comments for movies directed by a specific director. It filters the results based on the director's name and the popularity of the movies, ensuring that only those with a popularity score above a certain threshold are included.",
        "gold_complexity": 11,
        "gold_sql": "SELECT COUNT(T2.movie_title), T1.critic FROM ratings AS T1 INNER JOIN movies AS T2 ON T1.movie_id = T2.movie_id WHERE T2.director_name = 'Francis Ford Coppola' AND T2.movie_popularity > 1000"
    },
    {
        "sample_id": 132,
        "vt": "SELECT COUNT(lists_users.user_id) FROM lists_users INNER JOIN lists AS T2 ON T1.list_id = T2.list_id WHERE lists.list_followers > [placeholder-type:numeric] AND lists_users.user_has_payment_method = [placeholder-type:numeric]",
        "ba": "The virtual table counts the number of users who have created lists on Mubi, filtering for those lists that have a certain number of followers and where the users have a payment method.",
        "gold_complexity": 9,
        "gold_sql": "SELECT COUNT(T1.user_id) FROM lists_users AS T1 INNER JOIN lists AS T2 ON T1.list_id = T2.list_id WHERE T2.list_followers > 3000 AND T1.user_has_payment_method = 1"
    },
    {
        "sample_id": 51,
        "vt": "SELECT lists.list_description FROM lists WHERE lists.list_title = '[placeholder-type:string]'",
        "ba": "The virtual table describes the list description from the 'lists' table for a specific list title. The placeholder in the WHERE clause represents the title of the list.",
        "gold_complexity": 6,
        "gold_sql": "SELECT list_description FROM lists WHERE list_title = 'Short and pretty damn sweet'"
    },
    {
        "sample_id": 160,
        "vt": "SELECT DISTINCT movies.movie_id, SUM(ratings.rating_score = [placeholder-type:numeric]) FROM ratings INNER JOIN movies AS T2 ON T1.movie_id = T2.movie_id ORDER BY movies.movie_popularity LIMIT [placeholder-type:numeric]",
        "ba": "The virtual table provides a summary of movie ratings by aggregating the total scores for each movie from the 'ratings' table, while also joining with the 'movies' table to include movie details. The results are filtered to show only distinct movie IDs and are ordered by the popularity of the movies. The placeholders allow for dynamic input of specific rating scores and limits on the number of results returned.",
        "gold_complexity": 11,
        "gold_sql": "SELECT DISTINCT T2.movie_id, SUM(T1.rating_score = 5) FROM ratings AS T1 INNER JOIN movies AS T2 ON T1.movie_id = T2.movie_id ORDER BY T2.movie_popularity DESC LIMIT 5"
    },
    {
        "sample_id": 16,
        "vt": "SELECT lists.list_title FROM lists ORDER BY lists.list_followers LIMIT [placeholder-type:numeric]",
        "ba": "The virtual table presents the titles of lists from the 'lists' table, ordered by the number of followers each list has. The query limits the results to a specified number of lists, allowing users to see the most popular lists based on follower count.",
        "gold_complexity": 7,
        "gold_sql": "SELECT list_title FROM lists ORDER BY list_followers DESC LIMIT 1"
    },
    {
        "sample_id": 76,
        "vt": "SELECT movies.movie_title FROM ratings INNER JOIN movies AS T2 ON T1.movie_id = T2.movie_id WHERE ratings.user_id = [placeholder-type:numeric] AND ratings.critic_likes = [placeholder-type:numeric] AND ratings.critic_comments = [placeholder-type:numeric]",
        "ba": "The virtual table retrieves the titles of movies rated by a specific user, filtered by the number of likes and comments associated with the user's critic. It joins the 'ratings' table with the 'movies' table to access movie details based on the user's ratings.",
        "gold_complexity": 9,
        "gold_sql": "SELECT T2.movie_title FROM ratings AS T1 INNER JOIN movies AS T2 ON T1.movie_id = T2.movie_id WHERE T1.user_id = 58149469 AND T1.critic_likes = 1 AND T1.critic_comments = 2"
    },
    {
        "sample_id": 18,
        "vt": "SELECT lists_users.list_id FROM lists_users WHERE lists_users.user_id = [placeholder-type:numeric] ORDER BY lists_users.list_creation_date_utc LIMIT [placeholder-type:numeric]",
        "ba": "The virtual table retrieves the list IDs of lists created by a specific user from the 'lists_users' table. The results are ordered by the creation date of the lists, and a limit is applied to control the number of results returned.",
        "gold_complexity": 9,
        "gold_sql": "SELECT list_id FROM lists_users WHERE user_id = 85981819 ORDER BY list_creation_date_utc ASC LIMIT 1"
    },
    {
        "sample_id": 12,
        "vt": "SELECT movies.movie_title, ratings.user_id, ratings.rating_score, ratings.critic FROM ratings INNER JOIN movies AS T2 ON T1.movie_id = T2.movie_id WHERE NOT ratings.critic IS NULL",
        "ba": "The virtual table presents a selection of movie titles along with user ratings and associated critiques from the 'ratings' and 'movies' tables. It filters out any ratings that do not include a critic's comment, ensuring that only those ratings with feedback are displayed.",
        "gold_complexity": 13,
        "gold_sql": "SELECT T2.movie_title, T1.user_id, T1.rating_score, T1.critic FROM ratings AS T1 INNER JOIN movies AS T2 ON T1.movie_id = T2.movie_id WHERE T1.critic IS NOT NULL"
    },
    {
        "sample_id": 9,
        "vt": "SELECT ratings.user_id FROM ratings INNER JOIN movies AS T2 ON T1.movie_id = T2.movie_id WHERE movies.movie_title = '[placeholder-type:string]' AND ratings.rating_score = [placeholder-type:numeric]",
        "ba": "The virtual table retrieves the user IDs of users who have rated a specific movie with a particular score. It joins the 'ratings' table with the 'movies' table to filter the results based on the movie title and the rating score.",
        "gold_complexity": 8,
        "gold_sql": "SELECT T1.user_id FROM ratings AS T1 INNER JOIN movies AS T2 ON T1.movie_id = T2.movie_id WHERE T2.movie_title = 'Love Will Tear Us Apart' AND T1.rating_score = 1"
    },
    {
        "sample_id": 133,
        "vt": "SELECT movies.movie_title FROM ratings INNER JOIN movies AS T2 ON T1.movie_id = T2.movie_id WHERE movies.movie_release_year = [placeholder-type:numeric] ORDER BY ratings.rating_score LIMIT [placeholder-type:numeric]",
        "ba": "The virtual table displays the titles of movies from the 'movies' table that have been rated, filtered by their release year. The query joins the 'ratings' table to associate ratings with the corresponding movies, and it orders the results by the rating score. The placeholders represent the specific release year of the movies and the limit on the number of results to return.",
        "gold_complexity": 10,
        "gold_sql": "SELECT T2.movie_title FROM ratings AS T1 INNER JOIN movies AS T2 ON T1.movie_id = T2.movie_id WHERE T2.movie_release_year = 1988 ORDER BY T1.rating_score DESC LIMIT 1"
    },
    {
        "sample_id": 75,
        "vt": "SELECT COUNT(ratings.rating_id) FROM ratings WHERE movies.movie_id = (SELECT movies.movie_id FROM movies ORDER BY movie_popularity DESC LIMIT 1)",
        "ba": "The virtual table provides the count of ratings for the most popular movie from the 'movies' table. It uses a subquery to first identify the movie with the highest popularity, and then counts the number of ratings associated with that movie.",
        "gold_complexity": 13,
        "gold_sql": "SELECT COUNT(rating_id) FROM ratings WHERE movie_id = ( SELECT movie_id FROM movies ORDER BY movie_popularity DESC LIMIT 1 )"
    },
    {
        "sample_id": 136,
        "vt": "SELECT CAST(SUM(CASE WHEN lists_users.user_subscriber = [placeholder-type:numeric] THEN [placeholder-type:numeric] ELSE [placeholder-type:numeric] END) AS FLOAT) * [placeholder-type:numeric] / COUNT(*) FROM ratings INNER JOIN movies AS T2 ON T1.movie_id = T2.movie_id INNER JOIN lists_users AS T3 ON T1.user_id = T3.user_id WHERE movies.movie_title = '[placeholder-type:string]'",
        "ba": "The virtual table calculates the average rating score for a specific movie title from the 'movies' table, considering only the ratings from users who are subscribers. It uses a conditional sum to differentiate between subscriber and non-subscriber ratings, and then computes the average by dividing the total score by the count of ratings. The placeholders represent the subscriber status, the movie title, and the necessary numeric values for calculations.",
        "gold_complexity": 9,
        "gold_sql": "SELECT CAST(SUM(CASE WHEN T3.user_subscriber = 1 THEN 1 ELSE 0 END) AS REAL) * 100 / COUNT(*) FROM ratings AS T1 INNER JOIN movies AS T2 ON T1.movie_id = T2.movie_id INNER JOIN lists_users AS T3 ON T1.user_id = T3.user_id WHERE T2.movie_title = 'G.I. Jane'"
    },
    {
        "sample_id": 60,
        "vt": "SELECT lists.list_title FROM lists INNER JOIN lists_users AS T2 ON T1.list_id = T2.list_id AND T1.user_id = T2.user_id WHERE lists.user_id = [placeholder-type:numeric] AND lists_users.user_eligible_for_trial = [placeholder-type:numeric]",
        "ba": "The virtual table describes the titles of lists created by users from the 'lists' table, filtered by a specific user ID and whether the user was eligible for a trial when creating the list. The placeholders represent the user ID and trial eligibility status.",
        "gold_complexity": 8,
        "gold_sql": "SELECT T1.list_title FROM lists AS T1 INNER JOIN lists_users AS T2 ON T1.list_id = T2.list_id AND T1.user_id = T2.user_id WHERE T1.user_id = 32172230 AND T2.user_eligible_for_trial = 1"
    },
    {
        "sample_id": 55,
        "vt": "SELECT movies.movie_release_year FROM movies WHERE movies.movie_title = '[placeholder-type:string]'",
        "ba": "The virtual table retrieves the release year of a specific movie from the 'movies' table based on the movie's title. The placeholder in the WHERE clause represents the title of the movie being queried.",
        "gold_complexity": 6,
        "gold_sql": "SELECT movie_release_year FROM movies WHERE movie_title = 'La Antena'"
    },
    {
        "sample_id": 147,
        "vt": "SELECT lists_users.user_id, lists_users.user_subscriber FROM lists_users INNER JOIN lists AS T2 ON T1.list_id = T2.list_id WHERE lists.list_title LIKE '[placeholder-type:string]'",
        "ba": "The virtual table provides information about users who have created lists on Mubi, specifically their user IDs and subscription status. It retrieves this data by joining the 'lists_users' table with the 'lists' table based on the list ID. The query filters the results to include only those lists that match a specified title, represented by a placeholder for string values.",
        "gold_complexity": 9,
        "gold_sql": "SELECT T1.user_id, T1.user_subscriber FROM lists_users AS T1 INNER JOIN lists AS T2 ON T1.list_id = T2.list_id WHERE T2.list_title LIKE 'Sound and Vision'"
    },
    {
        "sample_id": 30,
        "vt": "SELECT MAX(movies.movie_popularity), MIN(ratings.rating_timestamp_utc) FROM ratings INNER JOIN movies AS T2 ON T1.movie_id = T2.movie_id WHERE movies.movie_release_year BETWEEN [placeholder-type:numeric] AND [placeholder-type:numeric] AND ratings.rating_score = [placeholder-type:numeric] AND ratings.user_has_payment_method = [placeholder-type:numeric]",
        "ba": "The virtual table provides insights into movie popularity and rating timestamps from the 'ratings' and 'movies' tables. It retrieves the maximum popularity of movies released within a specified year range, along with the earliest rating timestamp for those movies that meet certain rating criteria and user payment status.",
        "gold_complexity": 12,
        "gold_sql": "SELECT MAX(T2.movie_popularity), MIN(T1.rating_timestamp_utc) FROM ratings AS T1 INNER JOIN movies AS T2 ON T1.movie_id = T2.movie_id WHERE T2.movie_release_year BETWEEN 1920 AND 1929 AND T1.rating_score = 1 AND T1.user_has_payment_method = 1"
    },
    {
        "sample_id": 141,
        "vt": "SELECT DISTINCT lists.list_id FROM lists_users INNER JOIN lists AS T2 ON T1.list_id = T2.list_id WHERE lists_users.user_subscriber = [placeholder-type:numeric]",
        "ba": "The virtual table retrieves unique list IDs from the 'lists' table for users who are subscribers. It uses an inner join between the 'lists_users' and 'lists' tables to ensure that only lists created by subscribers are selected. The placeholder in the WHERE clause represents the subscriber status, which is a numeric value indicating whether the user is a subscriber.",
        "gold_complexity": 8,
        "gold_sql": "SELECT DISTINCT T2.list_id FROM lists_users AS T1 INNER JOIN lists AS T2 ON T1.list_id = T2.list_id WHERE T1.user_subscriber = 1"
    },
    {
        "sample_id": 120,
        "vt": "SELECT movies.movie_title FROM ratings INNER JOIN movies AS T2 ON T1.movie_id = T2.movie_id WHERE ratings.rating_score = [placeholder-type:numeric]",
        "ba": "The virtual table retrieves the titles of movies from the 'movies' table that have received a specific rating score from users. The query uses an inner join between the 'ratings' and 'movies' tables to connect movie ratings with their corresponding movie titles. The placeholder in the WHERE clause represents the rating score that is being filtered.",
        "gold_complexity": 7,
        "gold_sql": "SELECT T2.movie_title FROM ratings AS T1 INNER JOIN movies AS T2 ON T1.movie_id = T2.movie_id WHERE T1.rating_score = 5"
    },
    {
        "sample_id": 148,
        "vt": "SELECT lists.list_title, [placeholder-type:numeric] * (STRFTIME('%Y', 'now') - STRFTIME('%Y', lists.list_creation_timestamp_utc)) + [placeholder-type:numeric] * (STRFTIME('%m', 'now') - STRFTIME('%m', lists.list_creation_timestamp_utc)) + STRFTIME('%d', 'now') - STRFTIME('%d', lists.list_creation_timestamp_utc) FROM lists WHERE lists.list_followers > [placeholder-type:numeric]",
        "ba": "The virtual table describes the titles of lists from the 'lists' table that have a number of followers exceeding a specified threshold. It also calculates the age of each list in days based on its creation timestamp, using placeholders for numeric values to represent the number of followers and the calculated age.",
        "gold_complexity": 8,
        "gold_sql": "SELECT list_title , 365 * (strftime('%Y', 'now') - strftime('%Y', list_creation_timestamp_utc)) + 30 * (strftime('%m', 'now') - strftime('%m', list_creation_timestamp_utc)) + strftime('%d', 'now') - strftime('%d', list_creation_timestamp_utc) FROM lists WHERE list_followers > 200"
    },
    {
        "sample_id": 158,
        "vt": "SELECT COUNT(ratings.user_id) FROM ratings INNER JOIN movies AS T2 ON T1.movie_id = T2.movie_id WHERE movies.movie_title = '[placeholder-type:string]' AND ratings.rating_score = [placeholder-type:numeric] AND ratings.user_trialist = [placeholder-type:numeric] AND ratings.rating_timestamp_utc BETWEEN '[placeholder-type:string]' AND '[placeholder-type:string]'",
        "ba": "The virtual table counts the number of users who rated a specific movie with a given score, filtering by whether the user was a trialist and the date range of the rating.",
        "gold_complexity": 11,
        "gold_sql": "SELECT COUNT(T1.user_id) FROM ratings AS T1 INNER JOIN movies AS T2 ON T1.movie_id = T2.movie_id WHERE T2.movie_title = 'The Secret Life of Words' AND T1.rating_score = 3 AND T1.user_trialist = 0 AND T1.rating_timestamp_utc BETWEEN '2010%' AND '2020%'"
    },
    {
        "sample_id": 2,
        "vt": "SELECT movies.movie_title, movies.movie_release_year FROM movies ORDER BY LENGTH(movies.movie_popularity) LIMIT [placeholder-type:numeric]",
        "ba": "The virtual table provides a list of movie titles and their release years from the 'movies' table, ordered by the length of the popularity metric. The placeholder in the LIMIT clause allows for specifying the maximum number of results to return.",
        "gold_complexity": 9,
        "gold_sql": "SELECT movie_title, movie_release_year FROM movies ORDER BY LENGTH(movie_popularity) DESC LIMIT 1"
    },
    {
        "sample_id": 100,
        "vt": "SELECT movies.movie_title FROM ratings INNER JOIN movies AS T2 ON T1.movie_id = T2.movie_id WHERE movies.movie_release_year = [placeholder-type:numeric] AND ratings.user_id = [placeholder-type:numeric]",
        "ba": "The virtual table displays the titles of movies from the 'movies' table that have been rated by a specific user in a given release year. The placeholders represent the year of release and the user ID.",
        "gold_complexity": 8,
        "gold_sql": "SELECT T2.movie_title FROM ratings AS T1 INNER JOIN movies AS T2 ON T1.movie_id = T2.movie_id WHERE T2.movie_release_year = 2003 AND T1.user_id = 2941"
    },
    {
        "sample_id": 126,
        "vt": "SELECT COUNT(ratings.critic) FROM ratings INNER JOIN movies AS T2 ON T1.movie_id = T2.movie_id WHERE movies.movie_popularity = (SELECT MAX(movies.movie_popularity) FROM movies)",
        "ba": "The virtual table counts the number of critics for the most popular movie in the 'movies' table. It does this by joining the 'ratings' table with the 'movies' table to access the movie's popularity and filter for the movie with the highest popularity score.",
        "gold_complexity": 11,
        "gold_sql": "SELECT COUNT(T1.critic) FROM ratings AS T1 INNER JOIN movies AS T2 ON T1.movie_id = T2.movie_id WHERE T2.movie_popularity = ( SELECT MAX(movie_popularity) FROM movies )"
    },
    {
        "sample_id": 68,
        "vt": "SELECT COUNT(*) FROM ratings INNER JOIN movies AS T2 ON T1.movie_id = T2.movie_id WHERE movies.movie_title = '[placeholder-type:string]' AND ratings.critic_likes > [placeholder-type:numeric]",
        "ba": "The virtual table counts the number of ratings for a specific movie title from the 'movies' table, where the number of likes on the critic's review exceeds a specified threshold. The placeholders represent the movie title and the minimum number of likes required.",
        "gold_complexity": 9,
        "gold_sql": "SELECT COUNT(*) FROM ratings AS T1 INNER JOIN movies AS T2 ON T1.movie_id = T2.movie_id WHERE T2.movie_title = 'Imitation of Life' AND T1.critic_likes > 1"
    },
    {
        "sample_id": 131,
        "vt": "SELECT COUNT(ratings.user_id) FROM ratings INNER JOIN movies AS T2 ON T1.movie_id = T2.movie_id INNER JOIN ratings_users AS T3 ON T1.user_id = T3.user_id WHERE movies.movie_title = '[placeholder-type:string]' AND ratings_users.user_has_payment_method = [placeholder-type:numeric]",
        "ba": "The virtual table counts the number of users who have rated a specific movie and have a payment method on Mubi. It joins the 'ratings' table with the 'movies' table to filter by the movie title and also joins with the 'ratings_users' table to check if the user has a payment method.",
        "gold_complexity": 9,
        "gold_sql": "SELECT COUNT(T1.user_id) FROM ratings AS T1 INNER JOIN movies AS T2 ON T1.movie_id = T2.movie_id INNER JOIN ratings_users AS T3 ON T1.user_id = T3.user_id WHERE T2.movie_title = 'One Flew Over the Cuckoo''s Nest' AND T3.user_has_payment_method = 1"
    },
    {
        "sample_id": 45,
        "vt": "SELECT movies.movie_title, MAX(ratings.rating_score) FROM movies INNER JOIN ratings AS T2 ON T1.movie_id = T2.movie_id WHERE movies.movie_popularity BETWEEN [placeholder-type:numeric] AND [placeholder-type:numeric] GROUP BY movies.movie_title",
        "ba": "The virtual table provides a list of movie titles along with their highest rating scores from the 'movies' and 'ratings' tables. It filters movies based on their popularity, allowing users to specify a range for the popularity score.",
        "gold_complexity": 11,
        "gold_sql": "SELECT T1.movie_title, MAX(T2.rating_score) FROM movies AS T1 INNER JOIN ratings AS T2 ON T1.movie_id = T2.movie_id WHERE T1.movie_popularity BETWEEN 400 AND 500 GROUP BY T1.movie_title"
    },
    {
        "sample_id": 26,
        "vt": "SELECT movies.director_url FROM ratings INNER JOIN movies AS T2 ON T1.movie_id = T2.movie_id WHERE ratings.user_id = [placeholder-type:numeric] AND ratings.critic_likes = [placeholder-type:numeric]",
        "ba": "The virtual table retrieves the URL of the director for movies rated by a specific user, filtered by the number of likes their critic received. It joins the 'ratings' table with the 'movies' table based on the movie ID, ensuring that only ratings from a particular user and those with a specified number of likes are considered.",
        "gold_complexity": 8,
        "gold_sql": "SELECT T2.director_url FROM ratings AS T1 INNER JOIN movies AS T2 ON T1.movie_id = T2.movie_id WHERE T1.user_id = 2452551 AND T1.critic_likes = 39"
    },
    {
        "sample_id": 143,
        "vt": "SELECT COUNT(lists_users.list_id) FROM lists_users INNER JOIN lists AS T2 ON T1.list_id = T2.list_id WHERE lists.list_followers >= [placeholder-type:numeric] AND lists_users.user_subscriber = [placeholder-type:numeric]",
        "ba": "The virtual table counts the number of lists created by users who are subscribers, filtered by the number of followers on those lists. It joins the 'lists_users' table with the 'lists' table to access the necessary columns for this count.",
        "gold_complexity": 9,
        "gold_sql": "SELECT COUNT(T1.list_id) FROM lists_users AS T1 INNER JOIN lists AS T2 ON T1.list_id = T2.list_id WHERE T2.list_followers >= 1 AND T1.user_subscriber = 1"
    },
    {
        "sample_id": 85,
        "vt": "SELECT COUNT(*) FROM movies WHERE movies.movie_release_year = [placeholder-type:numeric]",
        "ba": "The virtual table counts the number of movies from the 'movies' table that were released in a specific year. The placeholder in the WHERE clause represents the release year of the movies.",
        "gold_complexity": 6,
        "gold_sql": "SELECT COUNT(*) FROM movies WHERE movie_release_year = 2007"
    },
    {
        "sample_id": 96,
        "vt": "SELECT COUNT(ratings.user_id) FROM ratings INNER JOIN movies AS T2 ON T1.movie_id = T2.movie_id WHERE ratings.rating_score = [placeholder-type:numeric] AND movies.movie_title = '[placeholder-type:string]'",
        "ba": "The virtual table counts the number of users who have rated a specific movie with a given score. It joins the 'ratings' table with the 'movies' table to filter ratings based on the movie title and the rating score.",
        "gold_complexity": 8,
        "gold_sql": "SELECT COUNT(T1.user_id) FROM ratings AS T1 INNER JOIN movies AS T2 ON T1.movie_id = T2.movie_id WHERE T1.rating_score = 5 AND T2.movie_title = 'White Night Wedding'"
    },
    {
        "sample_id": 94,
        "vt": "SELECT movies.movie_title FROM ratings INNER JOIN movies AS T2 ON T1.movie_id = T2.movie_id ORDER BY ratings.critic_likes LIMIT [placeholder-type:numeric]",
        "ba": "The virtual table retrieves the titles of movies that have been rated, sorted by the number of likes received on the critics' comments. The query joins the 'ratings' table with the 'movies' table to access the movie titles associated with each rating. The results are limited to a specified number of entries, allowing users to focus on the most liked critics' comments.",
        "gold_complexity": 8,
        "gold_sql": "SELECT T2.movie_title FROM ratings AS T1 INNER JOIN movies AS T2 ON T1.movie_id = T2.movie_id ORDER BY T1.critic_likes DESC LIMIT 3"
    },
    {
        "sample_id": 36,
        "vt": "SELECT AVG(lists.list_movie_number), lists_users.user_avatar_image_url FROM lists INNER JOIN lists_users AS T2 ON T1.list_id = T2.list_id AND T1.user_id = T2.user_id WHERE lists_users.user_id = [placeholder-type:numeric]",
        "ba": "The virtual table calculates the average number of movies in lists created by a specific user and retrieves the user's avatar image URL. It joins the 'lists' and 'lists_users' tables based on the list ID and user ID to ensure that the data corresponds to the correct user.",
        "gold_complexity": 9,
        "gold_sql": "SELECT AVG(T1.list_movie_number), T2.user_avatar_image_url FROM lists AS T1 INNER JOIN lists_users AS T2 ON T1.list_id = T2.list_id AND T1.user_id = T2.user_id WHERE T2.user_id = 8516503"
    },
    {
        "sample_id": 118,
        "vt": "SELECT SUM(lists.list_followers) FROM lists_users INNER JOIN lists AS T2 ON T1.list_id = T2.list_id WHERE lists.list_title LIKE '[placeholder-type:string]'",
        "ba": "The virtual table calculates the total number of followers for lists that match a specific title from the 'lists' table. It joins the 'lists_users' table to associate users with their respective lists, filtering based on the list title provided as a placeholder.",
        "gold_complexity": 7,
        "gold_sql": "SELECT SUM(T2.list_followers) FROM lists_users AS T1 INNER JOIN lists AS T2 ON T1.list_id = T2.list_id WHERE T2.list_title LIKE 'Non-American Films about World War II'"
    },
    {
        "sample_id": 22,
        "vt": "SELECT lists_users.user_id FROM lists_users WHERE lists_users.user_subscriber = [placeholder-type:numeric] GROUP BY lists_users.user_id HAVING MAX(SUBSTRING(lists_users.list_creation_date_utc, [placeholder-type:numeric], [placeholder-type:numeric])) - MIN(SUBSTRING(lists_users.list_creation_date_utc, [placeholder-type:numeric], [placeholder-type:numeric])) >= [placeholder-type:numeric]",
        "ba": "The virtual table identifies users who have created lists on Mubi and filters them based on their subscription status. It groups the results by user ID and calculates the difference between the maximum and minimum creation dates of the lists they created. The query ensures that only those users whose lists span a certain duration are included, as specified by the placeholder.",
        "gold_complexity": 10,
        "gold_sql": "SELECT user_id FROM lists_users WHERE user_subscriber = 1 GROUP BY user_id HAVING MAX(SUBSTR(list_creation_date_utc, 1, 4)) - MIN(SUBSTR(list_creation_date_utc, 1, 4)) >= 10"
    },
    {
        "sample_id": 119,
        "vt": "SELECT COUNT(ratings.user_id) FROM ratings INNER JOIN movies AS T2 ON T1.movie_id = T2.movie_id WHERE movies.movie_title = '[placeholder-type:string]' AND ratings.rating_score = [placeholder-type:numeric]",
        "ba": "The virtual table counts the number of users who have rated a specific movie with a given score. It joins the 'ratings' table with the 'movies' table to filter the results based on the movie title and the rating score provided by the user.",
        "gold_complexity": 8,
        "gold_sql": "SELECT COUNT(T1.user_id) FROM ratings AS T1 INNER JOIN movies AS T2 ON T1.movie_id = T2.movie_id WHERE T2.movie_title = 'Downfall' AND T1.rating_score = 4"
    },
    {
        "sample_id": 135,
        "vt": "SELECT CAST(SUM(CASE WHEN ratings.rating_score = [placeholder-type:numeric] THEN [placeholder-type:numeric] ELSE [placeholder-type:numeric] END) AS FLOAT) * [placeholder-type:numeric] / COUNT(ratings.user_id) FROM ratings INNER JOIN movies AS T2 ON T1.movie_id = T2.movie_id WHERE movies.movie_title = '[placeholder-type:string]'",
        "ba": "The virtual table calculates the average rating score for a specific movie based on user ratings. It sums the scores of ratings that match a specified score and applies a multiplier to this sum, then divides by the total count of users who rated the movie. The placeholder in the WHERE clause represents the title of the movie being queried.",
        "gold_complexity": 8,
        "gold_sql": "SELECT CAST(SUM(CASE WHEN T1.rating_score = 5 THEN 1 ELSE 0 END) AS REAL) * 100 / COUNT(T1.user_id) FROM ratings AS T1 INNER JOIN movies AS T2 ON T1.movie_id = T2.movie_id WHERE T2.movie_title = 'Go Go Tales'"
    },
    {
        "sample_id": 95,
        "vt": "SELECT COUNT(lists_users.user_id) FROM lists_users INNER JOIN lists AS T2 ON T1.list_id = T2.list_id WHERE lists.list_followers > [placeholder-type:numeric] AND lists_users.list_creation_date_utc LIKE '[placeholder-type:string]'",
        "ba": "The virtual table counts the number of users who have created lists on Mubi, filtering for lists that have a number of followers greater than a specified threshold and were created on a specific date. The placeholders represent the minimum number of followers and the creation date of the lists.",
        "gold_complexity": 9,
        "gold_sql": "SELECT COUNT(T1.user_id) FROM lists_users AS T1 INNER JOIN lists AS T2 ON T1.list_id = T2.list_id WHERE T2.list_followers > 100 AND T1.list_creation_date_utc LIKE '2009%'"
    },
    {
        "sample_id": 11,
        "vt": "SELECT movies.movie_title FROM ratings INNER JOIN movies AS T2 ON T1.movie_id = T2.movie_id WHERE CAST(SUBSTRING(ratings.rating_timestamp_utc, [placeholder-type:numeric], [placeholder-type:numeric]) AS INT) = [placeholder-type:numeric] AND CAST(SUBSTRING(ratings.rating_timestamp_utc, [placeholder-type:numeric], [placeholder-type:numeric]) AS INT) > [placeholder-type:numeric]",
        "ba": "The virtual table retrieves the titles of movies from the 'movies' table that have been rated, based on specific conditions related to the rating timestamp. The placeholders represent numeric values that will be used to filter the ratings based on their timestamp, ensuring that only those ratings that meet the specified criteria are included in the results.",
        "gold_complexity": 9,
        "gold_sql": "SELECT T2.movie_title FROM ratings AS T1 INNER JOIN movies AS T2 ON T1.movie_id = T2.movie_id WHERE CAST(SUBSTR(T1.rating_timestamp_utc, 1, 4) AS INTEGER) = 2020 AND CAST(SUBSTR(T1.rating_timestamp_utc, 6, 2) AS INTEGER) > 4"
    },
    {
        "sample_id": 66,
        "vt": "SELECT COUNT(ratings.user_id) FROM ratings INNER JOIN movies AS T2 ON T1.movie_id = T2.movie_id WHERE movies.movie_title = '[placeholder-type:string]' AND ratings.rating_score = [placeholder-type:numeric]",
        "ba": "The virtual table counts the number of users who have rated a specific movie with a given score. It joins the 'ratings' table with the 'movies' table to filter the results based on the movie title and the rating score.",
        "gold_complexity": 8,
        "gold_sql": "SELECT COUNT(T1.user_id) FROM ratings AS T1 INNER JOIN movies AS T2 ON T1.movie_id = T2.movie_id WHERE T2.movie_title = 'A Way of Life' AND T1.rating_score = 5"
    },
    {
        "sample_id": 97,
        "vt": "SELECT lists_users.user_cover_image_url FROM lists_users INNER JOIN lists AS T2 ON T1.list_id = T2.list_id WHERE lists.list_title LIKE '[placeholder-type:string]'",
        "ba": "The virtual table retrieves the cover image URL of users who created lists on Mubi, specifically filtering for lists that have a title matching a certain pattern. The placeholder in the WHERE clause allows for dynamic input of the list title to search for.",
        "gold_complexity": 7,
        "gold_sql": "SELECT T1.user_cover_image_url FROM lists_users AS T1 INNER JOIN lists AS T2 ON T1.list_id = T2.list_id WHERE T2.list_title LIKE 'Georgia related films'"
    },
    {
        "sample_id": 6,
        "vt": "SELECT ratings_users.user_avatar_image_url, ratings_users.rating_date_utc FROM movies INNER JOIN ratings AS T2 ON T1.movie_id = T2.movie_id INNER JOIN ratings_users AS T3 ON T3.user_id = T2.user_id WHERE ratings_users.user_id = [placeholder-type:numeric] ORDER BY ratings_users.rating_date_utc LIMIT [placeholder-type:numeric]",
        "ba": "The virtual table displays the avatar image URL and the rating date of users who rated movies. It combines data from the 'movies', 'ratings', and 'ratings_users' tables. The query filters results based on a specific user ID and limits the number of returned records.",
        "gold_complexity": 13,
        "gold_sql": "SELECT T3.user_avatar_image_url, T3.rating_date_utc FROM movies AS T1 INNER JOIN ratings AS T2 ON T1.movie_id = T2.movie_id INNER JOIN ratings_users AS T3 ON T3.user_id = T2.user_id WHERE T3.user_id = 41579158 ORDER BY T3.rating_date_utc DESC LIMIT 1"
    },
    {
        "sample_id": 27,
        "vt": "SELECT AVG(ratings.rating_score), movies.director_name FROM ratings INNER JOIN movies AS T2 ON T1.movie_id = T2.movie_id WHERE movies.movie_title = '[placeholder-type:string]'",
        "ba": "The virtual table calculates the average rating score of a movie and retrieves the director's name from the 'movies' table. It filters the results based on the specified movie title.",
        "gold_complexity": 9,
        "gold_sql": "SELECT AVG(T1.rating_score), T2.director_name FROM ratings AS T1 INNER JOIN movies AS T2 ON T1.movie_id = T2.movie_id WHERE T2.movie_title = 'When Will I Be Loved'"
    },
    {
        "sample_id": 146,
        "vt": "SELECT lists.list_title, DATETIME(CURRENT_TIMESTAMP(), '[placeholder-type:string]') - DATETIME(lists.list_update_timestamp_utc) FROM lists ORDER BY lists.list_update_timestamp_utc LIMIT [placeholder-type:numeric]",
        "ba": "The virtual table provides a list of titles from the 'lists' table along with the time difference between the current timestamp and the last update timestamp of each list. The results are ordered by the last update timestamp, and a limit is applied to control the number of records returned.",
        "gold_complexity": 9,
        "gold_sql": "SELECT list_title , datetime(CURRENT_TIMESTAMP, 'localtime') - datetime(list_update_timestamp_utc) FROM lists ORDER BY list_update_timestamp_utc LIMIT 1"
    },
    {
        "sample_id": 144,
        "vt": "SELECT AVG(lists.list_followers) FROM lists WHERE lists.list_movie_number > [placeholder-type:numeric]",
        "ba": "The virtual table calculates the average number of followers for lists in the 'lists' table that contain more than a specified number of movies. The placeholder in the WHERE clause represents the minimum number of movies a list must have to be included in the average calculation.",
        "gold_complexity": 6,
        "gold_sql": "SELECT AVG(list_followers) FROM lists WHERE list_movie_number > 200"
    },
    {
        "sample_id": 38,
        "vt": "SELECT lists.list_followers FROM lists INNER JOIN lists_users AS T2 ON T1.user_id = T2.user_id AND T1.list_id = T2.list_id WHERE lists_users.list_creation_date_utc BETWEEN '[placeholder-type:string]' AND '[placeholder-type:string]' AND lists_users.user_eligible_for_trial = [placeholder-type:numeric]",
        "ba": "The virtual table provides the number of followers for lists created by users within a specific date range. It joins the 'lists' and 'lists_users' tables to filter the results based on the creation date of the lists and whether the user was eligible for a trial when creating the list. The placeholders represent the date range and eligibility status.",
        "gold_complexity": 9,
        "gold_sql": "SELECT T1.list_followers FROM lists AS T1 INNER JOIN lists_users AS T2 ON T1.user_id = T2.user_id AND T1.list_id = T2.list_id WHERE T2.list_creation_date_utc BETWEEN '2016-02-01' AND '2016-02-29' AND T2.user_eligible_for_trial = 1"
    },
    {
        "sample_id": 41,
        "vt": "SELECT COUNT(ratings.user_id) FROM movies INNER JOIN ratings AS T2 ON T1.movie_id = T2.movie_id WHERE ratings.user_trialist = [placeholder-type:numeric] AND ratings.rating_score <= [placeholder-type:numeric] AND movies.movie_title = '[placeholder-type:string]'",
        "ba": "The virtual table counts the number of users who rated a specific movie on Mubi, filtering by whether they were trialists and the rating score they provided. It joins the 'movies' table with the 'ratings' table to access the necessary movie and rating information.",
        "gold_complexity": 10,
        "gold_sql": "SELECT COUNT(T2.user_id) FROM movies AS T1 INNER JOIN ratings AS T2 ON T1.movie_id = T2.movie_id WHERE T2.user_trialist = 0 AND T2.rating_score <= 2 AND T1.movie_title = 'The South'"
    },
    {
        "sample_id": 4,
        "vt": "SELECT AVG(movies.movie_popularity) FROM movies WHERE movies.director_name = '[placeholder-type:string]'",
        "ba": "The virtual table calculates the average popularity of movies directed by a specific director. It retrieves data from the 'movies' table, focusing on the 'movie_popularity' column, and filters the results based on the director's name provided as a placeholder.",
        "gold_complexity": 6,
        "gold_sql": "SELECT AVG(movie_popularity) FROM movies WHERE director_name = 'Stanley Kubrick'"
    },
    {
        "sample_id": 140,
        "vt": "SELECT CAST(SUM(CASE WHEN lists_users.user_subscriber = [placeholder-type:numeric] THEN [placeholder-type:numeric] ELSE [placeholder-type:numeric] END) AS FLOAT) * [placeholder-type:numeric] / COUNT(lists_users.list_id) FROM lists_users",
        "ba": "The virtual table calculates the average score of lists created by users based on their subscription status. It sums up a specific value for users who are subscribers and another for those who are not, then divides this total by the count of lists to get the average. The placeholders represent the values to be summed and the multiplier for the average calculation.",
        "gold_complexity": 5,
        "gold_sql": "SELECT CAST(SUM(CASE WHEN user_subscriber = 1 THEN 1 ELSE 0 END) AS REAL) * 100 / COUNT(list_id) FROM lists_users"
    },
    {
        "sample_id": 32,
        "vt": "SELECT ratings_users.user_avatar_image_url FROM ratings INNER JOIN ratings_users AS T2 ON T1.user_id = T2.user_id WHERE ratings_users.user_id = [placeholder-type:numeric] AND ratings.rating_score = [placeholder-type:numeric] AND ratings_users.rating_date_utc = '[placeholder-type:string]'",
        "ba": "The virtual table retrieves the avatar image URLs of users who rated movies, based on specific conditions. It joins the 'ratings' table with the 'ratings_users' table to link user ratings with their respective user details. The query filters results by a specific user ID, a rating score, and a rating date, allowing for targeted retrieval of user avatar images associated with particular ratings.",
        "gold_complexity": 9,
        "gold_sql": "SELECT T2.user_avatar_image_url FROM ratings AS T1 INNER JOIN ratings_users AS T2 ON T1.user_id = T2.user_id WHERE T2.user_id = 1103 AND rating_score = 5 AND T2.rating_date_utc = '2020-04-19'"
    },
    {
        "sample_id": 65,
        "vt": "SELECT COUNT(lists.list_id) FROM lists_users WHERE lists.user_id = (SELECT lists.user_id FROM lists WHERE list_title = '250 Favourite Films')",
        "ba": "The virtual table counts the number of lists created by users who have a specific list title, in this case, '250 Favourite Films'. It retrieves the user ID associated with that list title from the 'lists' table and uses it to filter the 'lists_users' table to count how many lists belong to that user.",
        "gold_complexity": 11,
        "gold_sql": "SELECT COUNT(list_id) FROM lists_users WHERE user_id = ( SELECT user_id FROM lists WHERE list_title = '250 Favourite Films' )"
    },
    {
        "sample_id": 112,
        "vt": "SELECT movies.movie_release_year FROM movies GROUP BY movies.movie_release_year ORDER BY COUNT(movies.movie_id) LIMIT [placeholder-type:numeric]",
        "ba": "The virtual table provides a list of movie release years from the 'movies' table, grouped by each release year. It orders the results based on the count of movies released in each year and limits the output to a specified number of years.",
        "gold_complexity": 9,
        "gold_sql": "SELECT movie_release_year FROM movies GROUP BY movie_release_year ORDER BY COUNT(movie_id) DESC LIMIT 1"
    },
    {
        "sample_id": 69,
        "vt": "SELECT ratings.user_id FROM ratings INNER JOIN movies AS T2 ON T1.movie_id = T2.movie_id WHERE movies.movie_title = '[placeholder-type:string]' AND ratings.critic_comments = [placeholder-type:numeric]",
        "ba": "The virtual table retrieves the user IDs of individuals who have rated a specific movie and have provided a certain number of comments on their critique. It joins the 'ratings' table with the 'movies' table to filter results based on the movie title and the number of comments associated with the rating.",
        "gold_complexity": 8,
        "gold_sql": "SELECT T1.user_id FROM ratings AS T1 INNER JOIN movies AS T2 ON T1.movie_id = T2.movie_id WHERE T2.movie_title = 'When Will I Be Loved' AND T1.critic_comments = 2"
    },
    {
        "sample_id": 10,
        "vt": "SELECT DISTINCT movies.movie_title, movies.movie_popularity FROM ratings INNER JOIN movies AS T2 ON T1.movie_id = T2.movie_id WHERE ratings.rating_score = [placeholder-type:numeric]",
        "ba": "The virtual table provides a distinct list of movie titles along with their popularity ratings from the 'movies' table, filtered by a specific rating score from the 'ratings' table. The placeholder in the WHERE clause represents the rating score that is used to filter the results.",
        "gold_complexity": 10,
        "gold_sql": "SELECT DISTINCT T2.movie_title, T2.movie_popularity FROM ratings AS T1 INNER JOIN movies AS T2 ON T1.movie_id = T2.movie_id WHERE T1.rating_score = 5"
    },
    {
        "sample_id": 155,
        "vt": "SELECT lists.user_id FROM lists WHERE lists.list_comments = [placeholder-type:numeric]",
        "ba": "The virtual table retrieves the user IDs of users who have created lists with a specific number of comments on them. The placeholder in the WHERE clause represents the number of comments that the user is interested in filtering by.",
        "gold_complexity": 6,
        "gold_sql": "SELECT user_id FROM lists WHERE list_comments = 142"
    },
    {
        "sample_id": 114,
        "vt": "SELECT COUNT(movies.movie_id) FROM movies WHERE movies.director_id = (SELECT movies.director_id FROM movies ORDER BY movie_popularity DESC LIMIT 1)",
        "ba": "The virtual table counts the number of movies directed by the most popular director based on user ratings. It first identifies the director with the highest popularity score and then counts how many movies are associated with that director.",
        "gold_complexity": 12,
        "gold_sql": "SELECT COUNT(movie_id) FROM movies WHERE director_id = ( SELECT director_id FROM movies ORDER BY movie_popularity DESC LIMIT 1 )"
    },
    {
        "sample_id": 0,
        "vt": "SELECT movies.movie_title FROM movies WHERE movies.movie_release_year = [placeholder-type:numeric] ORDER BY movies.movie_popularity LIMIT [placeholder-type:numeric]",
        "ba": "The virtual table retrieves the titles of movies from the 'movies' table that were released in a specific year. The results are ordered by the popularity of the movies, and the number of results returned is limited to a specified amount.",
        "gold_complexity": 9,
        "gold_sql": "SELECT movie_title FROM movies WHERE movie_release_year = 1945 ORDER BY movie_popularity DESC LIMIT 1"
    },
    {
        "sample_id": 124,
        "vt": "SELECT lists_users.user_has_payment_method FROM lists_users INNER JOIN lists AS T2 ON T1.list_id = T2.list_id WHERE lists.list_movie_number = (SELECT MAX(lists.list_movie_number) FROM lists)",
        "ba": "The virtual table retrieves the payment method status of users who created lists on Mubi. It specifically focuses on users associated with the list that has the highest number of movies added to it. The query joins the 'lists_users' table with the 'lists' table to filter based on the maximum movie count.",
        "gold_complexity": 11,
        "gold_sql": "SELECT T1.user_has_payment_method FROM lists_users AS T1 INNER JOIN lists AS T2 ON T1.list_id = T2.list_id WHERE T2.list_movie_number = ( SELECT MAX(list_movie_number) FROM lists )"
    },
    {
        "sample_id": 156,
        "vt": "SELECT movies.movie_title, AVG(ratings.rating_score) FROM ratings INNER JOIN movies AS T2 ON T1.movie_id = T2.movie_id WHERE movies.director_name = '[placeholder-type:string]' ORDER BY movies.movie_popularity LIMIT [placeholder-type:numeric]",
        "ba": "The virtual table provides a list of movie titles along with their average rating scores from the 'ratings' table, filtered by the director's name. The results are ordered by the movie's popularity and limited to a specified number of entries.",
        "gold_complexity": 12,
        "gold_sql": "SELECT T2.movie_title, AVG(T1.rating_score) FROM ratings AS T1 INNER JOIN movies AS T2 ON T1.movie_id = T2.movie_id WHERE T2.director_name = 'Jeannot Szwarc' ORDER BY T2.movie_popularity DESC LIMIT 1"
    },
    {
        "sample_id": 64,
        "vt": "SELECT lists_users.user_avatar_image_url FROM lists INNER JOIN lists_users AS T2 ON T1.list_id = T2.list_id AND T1.user_id = T2.user_id WHERE lists.list_title = '[placeholder-type:string]'",
        "ba": "The virtual table retrieves the avatar image URL of users who created lists on Mubi, specifically filtering for lists with a given title. It combines data from the 'lists' and 'lists_users' tables based on matching user IDs and list IDs.",
        "gold_complexity": 7,
        "gold_sql": "SELECT T2.user_avatar_image_url FROM lists AS T1 INNER JOIN lists_users AS T2 ON T1.list_id = T2.list_id AND T1.user_id = T2.user_id WHERE T1.list_title = '250 Favourite Films'"
    },
    {
        "sample_id": 44,
        "vt": "SELECT MIN(movies.movie_release_year) FROM movies WHERE movies.director_name = (SELECT movies.director_name FROM ratings AS T1 INNER JOIN movies AS T2 ON T1.movie_id = T2.movie_id WHERE T2.movie_release_year BETWEEN 1960 AND 1985 GROUP BY T2.director_name ORDER BY COUNT(T2.director_name) DESC LIMIT 1)",
        "ba": "The virtual table retrieves the earliest release year of movies directed by the most prolific director, based on the number of movies rated between 1960 and 1985. It first identifies the director with the highest count of rated movies in that time frame and then finds the minimum release year of their films.",
        "gold_complexity": 18,
        "gold_sql": "SELECT MIN(movie_release_year) FROM movies WHERE director_name = ( SELECT T2.director_name FROM ratings AS T1 INNER JOIN movies AS T2 ON T1.movie_id = T2.movie_id WHERE T2.movie_release_year BETWEEN 1960 AND 1985 GROUP BY T2.director_name ORDER BY COUNT(T2.director_name) DESC LIMIT 1 )"
    },
    {
        "sample_id": 90,
        "vt": "SELECT movies.director_id FROM movies WHERE movies.movie_title = '[placeholder-type:string]'",
        "ba": "The virtual table retrieves the director ID of a movie from the 'movies' table based on the specified movie title. The placeholder in the WHERE clause represents the title of the movie being queried.",
        "gold_complexity": 6,
        "gold_sql": "SELECT director_id FROM movies WHERE movie_title = 'It''s Winter'"
    },
    {
        "sample_id": 28,
        "vt": "SELECT lists.list_movie_number, lists_users.user_has_payment_method FROM lists INNER JOIN lists_users AS T2 ON T1.list_id = T2.list_id ORDER BY lists.list_movie_number LIMIT [placeholder-type:numeric]",
        "ba": "The virtual table provides a summary of the number of movies in each list along with the payment method status of the user who created the list. It combines data from the 'lists' and 'lists_users' tables, linking them through the 'list_id'. The results are ordered by the number of movies in each list, and a limit is applied to control the number of records returned.",
        "gold_complexity": 10,
        "gold_sql": "SELECT T1.list_movie_number, T2.user_has_payment_method FROM lists AS T1 INNER JOIN lists_users AS T2 ON T1.list_id = T2.list_id ORDER BY T1.list_movie_number DESC LIMIT 1"
    },
    {
        "sample_id": 40,
        "vt": "SELECT movies.director_name FROM ratings INNER JOIN movies AS T2 ON T1.movie_id = T2.movie_id WHERE movies.movie_release_year BETWEEN [placeholder-type:numeric] AND [placeholder-type:numeric] GROUP BY movies.director_name HAVING COUNT(movies.movie_id) > [placeholder-type:numeric]",
        "ba": "The virtual table provides a list of director names from the 'movies' table who have directed a significant number of movies released within a specified range of years. The placeholders represent the start and end years for the movie release year range, as well as a minimum count of movies directed by each director.",
        "gold_complexity": 11,
        "gold_sql": "SELECT T2.director_name FROM ratings AS T1 INNER JOIN movies AS T2 ON T1.movie_id = T2.movie_id WHERE T2.movie_release_year BETWEEN 1960 AND 1985 GROUP BY T2.director_name HAVING COUNT(T2.movie_id) > 10"
    },
    {
        "sample_id": 117,
        "vt": "SELECT SUM(lists.list_followers) FROM lists INNER JOIN lists_users AS T2 ON T1.list_id = T2.list_id GROUP BY lists.user_id ORDER BY COUNT(lists.list_id) LIMIT [placeholder-type:numeric]",
        "ba": "The virtual table aggregates the total number of followers for each user's lists from the 'lists' table. It joins the 'lists' table with the 'lists_users' table to associate each list with its creator. The results are grouped by the user ID, allowing us to see the total followers per user. The output is ordered by the count of lists each user has created, and it limits the results to a specified number of users.",
        "gold_complexity": 10,
        "gold_sql": "SELECT SUM(T1.list_followers) FROM lists AS T1 INNER JOIN lists_users AS T2 ON T1.list_id = T2.list_id GROUP BY T1.user_id ORDER BY COUNT(T1.list_id) DESC LIMIT 1"
    },
    {
        "sample_id": 25,
        "vt": "SELECT movies.movie_release_year, ratings.user_id FROM ratings INNER JOIN movies AS T2 ON T1.movie_id = T2.movie_id WHERE ratings.movie_id = (SELECT movies.movie_id FROM movies WHERE director_name = 'Quentin Tarantino' ORDER BY movie_release_year ASC LIMIT 1 OFFSET 2) AND ratings.rating_score = [placeholder-type:numeric]",
        "ba": "The virtual table retrieves the release year of movies and the user ID of users who rated a specific movie directed by Quentin Tarantino. It filters the ratings based on a specific rating score and selects the third movie in chronological order of release from the director's filmography.",
        "gold_complexity": 18,
        "gold_sql": "SELECT T2.movie_release_year, T1.user_id FROM ratings AS T1 INNER JOIN movies AS T2 ON T1.movie_id = T2.movie_id WHERE T1.movie_id = ( SELECT movie_id FROM movies WHERE director_name = 'Quentin Tarantino' ORDER BY movie_release_year ASC LIMIT 2, 1 ) AND T1.rating_score = 4"
    },
    {
        "sample_id": 23,
        "vt": "SELECT COUNT(ratings.user_id) FROM movies INNER JOIN ratings AS T2 ON T1.movie_id = T2.movie_id WHERE movies.movie_title = '[placeholder-type:string]' AND ratings.rating_score = [placeholder-type:numeric]",
        "ba": "The virtual table counts the number of users who rated a specific movie with a given score. It joins the 'movies' table with the 'ratings' table based on the movie ID, filtering for a specific movie title and rating score.",
        "gold_complexity": 8,
        "gold_sql": "SELECT COUNT(T2.user_id) FROM movies AS T1 INNER JOIN ratings AS T2 ON T1.movie_id = T2.movie_id WHERE T1.movie_title = 'Pavee Lackeen: The Traveller Girl' AND T2.rating_score = 4"
    },
    {
        "sample_id": 122,
        "vt": "SELECT lists_users.user_avatar_image_url FROM ratings INNER JOIN lists_users AS T2 ON T1.user_id = T2.user_id WHERE ratings.rating_timestamp_utc LIKE '[placeholder-type:string]'",
        "ba": "The virtual table retrieves the user avatar image URLs from the 'lists_users' table for users who have rated movies in the 'ratings' table. The query joins these two tables based on the user ID, ensuring that only the relevant user avatars are selected. The placeholder in the WHERE clause is used to filter the results based on a specific rating timestamp.",
        "gold_complexity": 7,
        "gold_sql": "SELECT T2.user_avatar_image_url FROM ratings AS T1 INNER JOIN lists_users AS T2 ON T1.user_id = T2.user_id WHERE T1.rating_timestamp_utc LIKE '2019-10-17 01:36:36'"
    },
    {
        "sample_id": 81,
        "vt": "SELECT AVG(ratings.rating_score) FROM ratings INNER JOIN movies AS T2 ON T1.movie_id = T2.movie_id WHERE movies.movie_title = '[placeholder-type:string]'",
        "ba": "The virtual table calculates the average rating score of a specific movie from the 'ratings' table by joining it with the 'movies' table. The placeholder in the WHERE clause represents the title of the movie for which the average rating is being calculated.",
        "gold_complexity": 7,
        "gold_sql": "SELECT AVG(T1.rating_score) FROM ratings AS T1 INNER JOIN movies AS T2 ON T1.movie_id = T2.movie_id WHERE T2.movie_title = 'A Way of Life'"
    },
    {
        "sample_id": 79,
        "vt": "SELECT ratings.rating_score FROM ratings INNER JOIN movies AS T2 ON T1.movie_id = T2.movie_id INNER JOIN lists AS T3 ON T3.user_id = T1.user_id WHERE movies.movie_title = '[placeholder-type:string]' AND lists.list_title = '[placeholder-type:string]'",
        "ba": "The virtual table retrieves the rating scores for movies from the 'ratings' table, specifically for movies that match a given title and are associated with lists that also match a specified title. The query joins the 'ratings' table with the 'movies' table to access movie details and with the 'lists' table to filter by list title.",
        "gold_complexity": 9,
        "gold_sql": "SELECT T1.rating_score FROM ratings AS T1 INNER JOIN movies AS T2 ON T1.movie_id = T2.movie_id INNER JOIN lists AS T3 ON T3.user_id = T1.user_id WHERE T2.movie_title = 'Innocence Unprotected' AND T3.list_title = '250 Favourite Films'"
    },
    {
        "sample_id": 84,
        "vt": "SELECT movies.director_name FROM movies WHERE movies.movie_title = '[placeholder-type:string]'",
        "ba": "The virtual table retrieves the name of the director from the 'movies' table based on a specific movie title provided by the user. The placeholder in the WHERE clause represents the title of the movie for which the director's name is being queried.",
        "gold_complexity": 6,
        "gold_sql": "SELECT director_name FROM movies WHERE movie_title = 'Tokyo Eyes'"
    },
    {
        "sample_id": 39,
        "vt": "SELECT ratings.rating_url FROM movies INNER JOIN ratings AS T2 ON T1.movie_id = T2.movie_id WHERE ratings.user_id = [placeholder-type:numeric] AND ratings.rating_score = [placeholder-type:numeric] AND movies.movie_title = '[placeholder-type:string]'",
        "ba": "The virtual table retrieves the URLs of ratings for a specific movie based on the user's ID and the rating score. It joins the 'movies' table with the 'ratings' table to filter the results according to the specified user and score, while also ensuring that the movie title matches the provided string.",
        "gold_complexity": 9,
        "gold_sql": "SELECT T2.rating_url FROM movies AS T1 INNER JOIN ratings AS T2 ON T1.movie_id = T2.movie_id WHERE T2.user_id = 22030372 AND T2.rating_score = 5 AND T1.movie_title = 'Riff-Raff'"
    },
    {
        "sample_id": 93,
        "vt": "SELECT movies.movie_title FROM ratings INNER JOIN movies AS T2 ON T1.movie_id = T2.movie_id WHERE movies.movie_release_year = [placeholder-type:numeric] ORDER BY ratings.rating_score LIMIT [placeholder-type:numeric]",
        "ba": "The virtual table displays the titles of movies from the 'movies' table that have been rated, filtered by their release year. The query joins the 'ratings' table to access the ratings associated with each movie, and it orders the results by the rating score to show the highest-rated movies first. The placeholders allow users to specify the desired release year and limit the number of results returned.",
        "gold_complexity": 10,
        "gold_sql": "SELECT T2.movie_title FROM ratings AS T1 INNER JOIN movies AS T2 ON T1.movie_id = T2.movie_id WHERE T2.movie_release_year = 2008 ORDER BY T1.rating_score DESC LIMIT 1"
    },
    {
        "sample_id": 86,
        "vt": "SELECT movies.movie_title FROM movies WHERE movies.movie_release_year = [placeholder-type:numeric] ORDER BY movies.movie_popularity LIMIT [placeholder-type:numeric]",
        "ba": "The virtual table retrieves the titles of movies from the 'movies' table that were released in a specific year. The results are ordered by the popularity of the movies, and the number of results returned is limited to a specified amount.",
        "gold_complexity": 9,
        "gold_sql": "SELECT movie_title FROM movies WHERE movie_release_year = 2006 ORDER BY movie_popularity DESC LIMIT 1"
    },
    {
        "sample_id": 111,
        "vt": "SELECT movies.movie_title FROM ratings INNER JOIN movies AS T2 ON T1.movie_id = T2.movie_id WHERE movies.director_name = '[placeholder-type:string]' GROUP BY movies.movie_title ORDER BY SUM(ratings.rating_score) / COUNT(ratings.rating_id) LIMIT [placeholder-type:numeric]",
        "ba": "The virtual table retrieves the titles of movies directed by a specific director from the 'movies' table. It calculates the average rating score for each movie by joining the 'ratings' table and groups the results by movie title. The results are ordered by the average rating score in descending order, and a limit is applied to restrict the number of returned movie titles.",
        "gold_complexity": 13,
        "gold_sql": "SELECT T2.movie_title FROM ratings AS T1 INNER JOIN movies AS T2 ON T1.movie_id = T2.movie_id WHERE T2.director_name = 'Abbas Kiarostami' GROUP BY T2.movie_title ORDER BY SUM(T1.rating_score) / COUNT(T1.rating_id) DESC LIMIT 1"
    },
    {
        "sample_id": 162,
        "vt": "SELECT COUNT(ratings.user_id), movies.movie_image_url FROM ratings INNER JOIN movies AS T2 ON T1.movie_id = T2.movie_id WHERE DATETIME(ratings.rating_timestamp_utc) BETWEEN '[placeholder-type:string]' AND '[placeholder-type:string]'",
        "ba": "The virtual table provides a count of users who rated movies along with the corresponding movie image URLs. It retrieves data from the 'ratings' table and joins it with the 'movies' table based on the movie ID. The results are filtered to include only those ratings that fall within a specified date range, represented by placeholders for the start and end dates.",
        "gold_complexity": 9,
        "gold_sql": "SELECT COUNT(T1.user_id), T2.movie_image_url FROM ratings AS T1 INNER JOIN movies AS T2 ON T1.movie_id = T2.movie_id WHERE datetime(T1.rating_timestamp_utc) BETWEEN '2017-01-01 00:00:00' AND '2017-12-31 00:00:00'"
    },
    {
        "sample_id": 139,
        "vt": "SELECT lists.list_title FROM lists WHERE STRFTIME('%Y', lists.list_update_timestamp_utc) = '[placeholder-type:string]' ORDER BY lists.list_update_timestamp_utc LIMIT [placeholder-type:numeric]",
        "ba": "The virtual table retrieves the titles of lists from the 'lists' table that were last updated in a specific year. The query filters the results based on the year extracted from the 'list_update_timestamp_utc' column and orders the results by the update timestamp. Additionally, it limits the number of results returned based on a specified numeric value.",
        "gold_complexity": 9,
        "gold_sql": "SELECT list_title FROM lists WHERE strftime('%Y', list_update_timestamp_utc) = '2016' ORDER BY list_update_timestamp_utc DESC LIMIT 1"
    },
    {
        "sample_id": 47,
        "vt": "SELECT AVG(movies.movie_popularity) FROM ratings INNER JOIN movies AS T2 ON T1.movie_id = T2.movie_id WHERE movies.director_name = '[placeholder-type:string]'",
        "ba": "The virtual table calculates the average popularity of movies directed by a specific director from the 'movies' table. It joins the 'ratings' table to associate ratings with the corresponding movies, filtering the results based on the director's name provided as a placeholder.",
        "gold_complexity": 7,
        "gold_sql": "SELECT AVG(T2.movie_popularity) FROM ratings AS T1 INNER JOIN movies AS T2 ON T1.movie_id = T2.movie_id WHERE T2.director_name = 'Christopher Nolan'"
    },
    {
        "sample_id": 127,
        "vt": "SELECT ratings.user_id FROM ratings INNER JOIN movies AS T2 ON T1.movie_id = T2.movie_id WHERE ratings.rating_score = [placeholder-type:numeric] AND ratings.rating_timestamp_utc LIKE '[placeholder-type:string]' AND movies.movie_title LIKE '[placeholder-type:string]'",
        "ba": "The virtual table retrieves the user IDs of users who have rated movies based on specific criteria. It joins the 'ratings' table with the 'movies' table to filter ratings by a specified score, a timestamp pattern, and a movie title pattern.",
        "gold_complexity": 10,
        "gold_sql": "SELECT T1.user_id FROM ratings AS T1 INNER JOIN movies AS T2 ON T1.movie_id = T2.movie_id WHERE rating_score = 4 AND rating_timestamp_utc LIKE '2013-05-04 06:33:32' AND T2.movie_title LIKE 'Freaks'"
    },
    {
        "sample_id": 61,
        "vt": "SELECT COUNT(*) FROM lists INNER JOIN lists_users AS T2 ON T1.list_id = T2.list_id AND T1.user_id = T2.user_id WHERE lists.user_id = [placeholder-type:numeric] AND lists.list_movie_number > [placeholder-type:numeric] AND lists_users.user_has_payment_method = [placeholder-type:numeric]",
        "ba": "The virtual table counts the number of lists created by a specific user that have more than a certain number of movies and where the user has a payment method.",
        "gold_complexity": 10,
        "gold_sql": "SELECT COUNT(*) FROM lists AS T1 INNER JOIN lists_users AS T2 ON T1.list_id = T2.list_id AND T1.user_id = T2.user_id WHERE T1.user_id = 85981819 AND T1.list_movie_number > 100 AND T2.user_has_payment_method = 1"
    },
    {
        "sample_id": 73,
        "vt": "SELECT COUNT(ratings.user_id) FROM ratings INNER JOIN movies AS T2 ON T1.movie_id = T2.movie_id WHERE movies.movie_title = '[placeholder-type:string]' AND ratings.user_trialist = [placeholder-type:numeric]",
        "ba": "The virtual table provides a count of users who have rated a specific movie, identified by its title, from the 'ratings' table. It joins the 'ratings' table with the 'movies' table to filter the results based on the movie title and whether the user was a trialist when they rated the movie. The placeholders represent the movie title and the trialist status.",
        "gold_complexity": 8,
        "gold_sql": "SELECT COUNT(T1.user_id) FROM ratings AS T1 INNER JOIN movies AS T2 ON T1.movie_id = T2.movie_id WHERE T2.movie_title = 'When Will I Be Loved' AND T1.user_trialist = 1"
    },
    {
        "sample_id": 33,
        "vt": "SELECT lists.list_followers, lists_users.user_subscriber = [placeholder-type:numeric] FROM lists INNER JOIN lists_users AS T2 ON T1.user_id = T2.user_id AND T2.list_id = T2.list_id WHERE lists_users.user_id = [placeholder-type:numeric] ORDER BY lists.list_followers LIMIT [placeholder-type:numeric]",
        "ba": "The virtual table provides information about the number of followers for lists created by users, along with a condition to check if the user is a subscriber. It joins the 'lists' and 'lists_users' tables based on user IDs and list IDs, filtering results for a specific user and ordering them by the number of followers. The placeholders represent the user ID and the limit for the number of results returned.",
        "gold_complexity": 12,
        "gold_sql": "SELECT T1.list_followers, T2.user_subscriber = 1 FROM lists AS T1 INNER JOIN lists_users AS T2 ON T1.user_id = T2.user_id AND T2.list_id = T2.list_id WHERE T2.user_id = 4208563 ORDER BY T1.list_followers DESC LIMIT 1"
    },
    {
        "sample_id": 115,
        "vt": "SELECT COUNT(ratings_users.user_subscriber) FROM ratings_users WHERE ratings_users.user_has_payment_method = [placeholder-type:numeric] AND ratings_users.rating_date_utc > '[placeholder-type:string]'",
        "ba": "The virtual table counts the number of users who are subscribers and have a payment method, filtering by the date of their ratings. The placeholders represent the criteria for filtering the results based on whether the user has a payment method and the date after which the ratings were made.",
        "gold_complexity": 8,
        "gold_sql": "SELECT COUNT(user_subscriber) FROM ratings_users WHERE user_has_payment_method = 1 AND rating_date_utc > '2014%'"
    },
    {
        "sample_id": 123,
        "vt": "SELECT lists_users.user_avatar_image_url FROM lists_users INNER JOIN lists AS T2 ON T1.list_id = T2.list_id WHERE lists.list_title LIKE '[placeholder-type:string]'",
        "ba": "The virtual table retrieves the user avatar image URLs from the 'lists_users' table for users who created lists with titles matching a specific pattern. The query joins the 'lists_users' table with the 'lists' table to filter the results based on the list title, which is represented by a placeholder for string values.",
        "gold_complexity": 7,
        "gold_sql": "SELECT T1.user_avatar_image_url FROM lists_users AS T1 INNER JOIN lists AS T2 ON T1.list_id = T2.list_id WHERE T2.list_title LIKE 'Vladimir Vladimirovich Nabokov'"
    },
    {
        "sample_id": 134,
        "vt": "SELECT COUNT(ratings.rating_score) FROM ratings INNER JOIN movies AS T2 ON T1.movie_id = T2.movie_id WHERE ratings.rating_score < [placeholder-type:numeric] AND movies.movie_release_year = [placeholder-type:numeric] AND movies.movie_popularity = (SELECT MAX(movies.movie_popularity) FROM movies WHERE movie_release_year = 1995)",
        "ba": "The virtual table counts the number of ratings for movies that have a rating score below a specified threshold and were released in a specific year. Additionally, it filters the movies to only include those that have the highest popularity for the specified release year.",
        "gold_complexity": 14,
        "gold_sql": "SELECT COUNT(T1.rating_score) FROM ratings AS T1 INNER JOIN movies AS T2 ON T1.movie_id = T2.movie_id WHERE T1.rating_score < 3 AND T2.movie_release_year = 1995 AND T2.movie_popularity = ( SELECT MAX(movie_popularity) FROM movies WHERE movie_release_year = 1995 )"
    },
    {
        "sample_id": 62,
        "vt": "SELECT lists.list_description FROM lists INNER JOIN lists_users AS T2 ON T1.list_id = T2.list_id AND T1.user_id = T2.user_id WHERE lists.user_id = [placeholder-type:numeric] ORDER BY lists.list_followers LIMIT [placeholder-type:numeric]",
        "ba": "The virtual table retrieves the descriptions of lists created by a specific user from the 'lists' table. It joins the 'lists' table with the 'lists_users' table to ensure that the lists belong to the specified user. The results are ordered by the number of followers each list has, and a limit is applied to control the number of results returned.",
        "gold_complexity": 10,
        "gold_sql": "SELECT T1.list_description FROM lists AS T1 INNER JOIN lists_users AS T2 ON T1.list_id = T2.list_id AND T1.user_id = T2.user_id WHERE T1.user_id = 85981819 ORDER BY T1.list_followers DESC LIMIT 1"
    }
]