[
    {
        "sample_id": 6286,
        "vt": "SELECT coins.name FROM coins INNER JOIN historical AS T2 ON T1.id = T2.coin_id WHERE historical.volume_24h = (SELECT MAX(historical.volume_24h) FROM historical)",
        "ba": "The virtual table lists the names of coins from the 'coins' table that have the highest trading volume in the last 24 hours, by joining with the 'historical' table to access the volume data.",
        "gold_complexity": 11,
        "gold_sql": "SELECT T1.name FROM coins AS T1 INNER JOIN historical AS T2 ON T1.id = T2.coin_id WHERE T2.volume_24h = ( SELECT MAX(volume_24h) FROM historical )"
    },
    {
        "sample_id": 6280,
        "vt": "SELECT coins.name, coins.symbol FROM coins WHERE coins.date_added LIKE '[placeholder-type:string]'",
        "ba": "The virtual table describes the names and symbols of coins from the 'coins' table that were added on a specific date. The placeholder in the WHERE clause represents the date when the coins were added.",
        "gold_complexity": 8,
        "gold_sql": "SELECT name, symbol FROM coins WHERE date_added LIKE '2013-06-14%'"
    },
    {
        "sample_id": 6263,
        "vt": "SELECT coins.name FROM coins INNER JOIN historical AS T2 ON T1.id = T2.coin_id WHERE historical.date = '[placeholder-type:string]' AND historical.cmc_rank = [placeholder-type:numeric]",
        "ba": "The virtual table describes the names of coins from the 'coins' table that are associated with a specific transaction date and have a particular CMC rank. The placeholders in the WHERE clause represent the date and CMC rank criteria for filtering the results.",
        "gold_complexity": 8,
        "gold_sql": "SELECT T1.name FROM coins AS T1 INNER JOIN historical AS T2 ON T1.id = T2.coin_id WHERE T2.date = '2013-04-28' AND T2.cmc_rank = 1"
    },
    {
        "sample_id": 6257,
        "vt": "SELECT AVG(historical.price) FROM coins INNER JOIN historical AS T2 ON T1.id = T2.coin_id WHERE coins.name = '[placeholder-type:string]' AND STRFTIME('%Y', historical.date) = '[placeholder-type:string]'",
        "ba": "The virtual table calculates the average price of a specific coin from the 'coins' table by joining it with the 'historical' table based on the coin's unique identifier. The query filters the results based on the coin's name and the year of the transaction date, both represented by placeholders for user input.",
        "gold_complexity": 8,
        "gold_sql": "SELECT AVG(T2.price) FROM coins AS T1 INNER JOIN historical AS T2 ON T1.id = T2.coin_id WHERE T1.name = 'Bitcoin' AND STRFTIME('%Y', T2.date) = '2016'"
    },
    {
        "sample_id": 6277,
        "vt": "SELECT coins.name FROM coins WHERE coins.status = '[placeholder-type:string]'",
        "ba": "The virtual table describes the names of coins from the 'coins' table that have a specific status. The placeholder in the WHERE clause represents the status of the coins, which can be active, untracked, inactive, or extinct.",
        "gold_complexity": 6,
        "gold_sql": "SELECT name FROM coins WHERE status = 'extinct'"
    },
    {
        "sample_id": 6293,
        "vt": "SELECT historical.date FROM coins INNER JOIN historical AS T2 ON T1.id = T2.coin_id WHERE coins.name = '[placeholder-type:string]' ORDER BY historical.price LIMIT [placeholder-type:numeric]",
        "ba": "The virtual table retrieves the transaction dates of a specific coin from the 'coins' table by joining it with the 'historical' table based on the coin's unique identifier. The results are filtered by the coin's name and ordered by the price, with a limit on the number of records returned.",
        "gold_complexity": 10,
        "gold_sql": "SELECT T2.date FROM coins AS T1 INNER JOIN historical AS T2 ON T1.id = T2.coin_id WHERE T1.name = 'Terracoin' ORDER BY T2.price DESC LIMIT 1"
    },
    {
        "sample_id": 6279,
        "vt": "SELECT COUNT(id) AS num FROM coins WHERE STRFTIME('%Y-%m', date_added) = '2013-05' UNION ALL SELECT name FROM coins WHERE STRFTIME('%Y-%m', date_added) = '2013-05'",
        "ba": "The virtual table provides a count of coins added in May 2013 and lists their names. It combines two queries: one that counts the number of coins added during that month and another that retrieves the names of those coins.",
        "gold_complexity": 9,
        "gold_sql": "SELECT COUNT(id) num FROM coins WHERE STRFTIME('%Y-%m', date_added) = '2013-05' UNION ALL SELECT name FROM coins WHERE STRFTIME('%Y-%m', date_added) = '2013-05'"
    },
    {
        "sample_id": 6252,
        "vt": "SELECT historical.time_high, historical.time_low, historical.date FROM coins INNER JOIN historical AS T2 ON T1.id = T2.coin_id WHERE coins.name = '[placeholder-type:string]' AND STRFTIME('%Y-%m', historical.date) = '[placeholder-type:string]'",
        "ba": "The virtual table provides information about the highest and lowest prices of a specific coin over a specified month. It retrieves the time of these price points along with the corresponding date from the 'historical' table, which is linked to the 'coins' table based on the coin's unique identifier. The placeholders allow users to specify the coin's name and the month they are interested in.",
        "gold_complexity": 12,
        "gold_sql": "SELECT T2.time_high, T2.time_low, T2.date FROM coins AS T1 INNER JOIN historical AS T2 ON T1.id = T2.coin_id WHERE T1.name = 'WARP' AND STRFTIME('%Y-%m', T2.date) = '2016-08'"
    },
    {
        "sample_id": 6273,
        "vt": "SELECT coins.name FROM coins INNER JOIN historical AS T2 ON T1.id = T2.coin_id WHERE historical.date = '[placeholder-type:string]' AND coins.name IN ('[placeholder-type:string]', '[placeholder-type:string]') ORDER BY historical.circulating_supply LIMIT [placeholder-type:numeric]",
        "ba": "The virtual table retrieves the names of specific coins from the 'coins' table that have historical transaction data on a given date. It filters the results based on the specified date and a list of coin names, ordering the results by their circulating supply and limiting the number of results returned.",
        "gold_complexity": 12,
        "gold_sql": "SELECT T1.name FROM coins AS T1 INNER JOIN historical AS T2 ON T1.id = T2.coin_id WHERE T2.date = '2013-04-28' AND T1.name IN ('Bitcoin', 'Litecoin') ORDER BY T2.circulating_supply DESC LIMIT 1"
    },
    {
        "sample_id": 6290,
        "vt": "SELECT historical.date FROM coins INNER JOIN historical AS T2 ON T1.id = T2.coin_id WHERE coins.name = '[placeholder-type:string]' ORDER BY historical.market_cap LIMIT [placeholder-type:numeric]",
        "ba": "The virtual table retrieves the transaction dates of a specific coin from the 'coins' table by joining it with the 'historical' table based on the coin's unique identifier. The results are filtered by the coin's name and ordered by market capitalization, with a limit on the number of records returned.",
        "gold_complexity": 10,
        "gold_sql": "SELECT T2.date FROM coins AS T1 INNER JOIN historical AS T2 ON T1.id = T2.coin_id WHERE T1.name = 'Devcoin' ORDER BY T2.market_cap DESC LIMIT 1"
    },
    {
        "sample_id": 6275,
        "vt": "SELECT AVG(historical.price) FROM coins INNER JOIN historical AS T2 ON T1.id = T2.coin_id WHERE STRFTIME('%Y', historical.date) = '[placeholder-type:string]' AND coins.name = '[placeholder-type:string]'",
        "ba": "The virtual table calculates the average price of a specific coin from the 'coins' table, based on its name, for a given year. The query joins the 'coins' table with the 'historical' table using the coin's unique identifier. The placeholders represent the year and the name of the coin, allowing users to specify which coin's average price they want to retrieve for that year.",
        "gold_complexity": 8,
        "gold_sql": "SELECT AVG(T2.price) FROM coins AS T1 INNER JOIN historical AS T2 ON T1.id = T2.coin_id WHERE STRFTIME('%Y', T2.date) = '2013' AND T1.name = 'Bitcoin'"
    },
    {
        "sample_id": 6276,
        "vt": "SELECT CAST((SUM(historical.max_supply) - SUM(historical.total_supply)) AS FLOAT) / SUM(historical.total_supply) FROM coins INNER JOIN historical AS T2 ON T1.id = T2.coin_id WHERE historical.date < '[placeholder-type:string]' AND coins.name = '[placeholder-type:string]'",
        "ba": "The virtual table calculates the percentage of coins that have been burned relative to the total supply of a specific coin by joining the 'coins' and 'historical' tables. It sums the difference between the maximum supply and total supply of the coin, divides it by the total supply, and filters the results based on a specific date and coin name.",
        "gold_complexity": 10,
        "gold_sql": "SELECT CAST((SUM(T2.max_supply) - SUM(T2.total_supply)) AS REAL) / SUM(T2.total_supply) FROM coins AS T1 INNER JOIN historical AS T2 ON T1.id = T2.coin_id WHERE T2.date < '2018-04-28' AND T1.name = 'Bitcoin'"
    },
    {
        "sample_id": 6255,
        "vt": "SELECT CAST(SUM(historical.circulating_supply) AS FLOAT) / [placeholder-type:numeric] FROM coins INNER JOIN historical AS T2 ON T1.id = T2.coin_id WHERE coins.name = '[placeholder-type:string]' AND STRFTIME('%Y', historical.date) = '[placeholder-type:string]'",
        "ba": "The virtual table calculates the average circulating supply of a specific coin over a given year. It joins the 'coins' table with the 'historical' table based on the coin's ID, filtering by the coin's name and the year of the transaction date.",
        "gold_complexity": 8,
        "gold_sql": "SELECT CAST(SUM(T2.circulating_supply) AS REAL) / 12 FROM coins AS T1 INNER JOIN historical AS T2 ON T1.id = T2.coin_id WHERE T1.name = 'Frozen' AND STRFTIME('%Y', T2.date) = '2014'"
    },
    {
        "sample_id": 6285,
        "vt": "SELECT historical.date FROM coins INNER JOIN historical AS T2 ON T1.id = T2.coin_id WHERE coins.name = '[placeholder-type:string]' ORDER BY historical.low LIMIT [placeholder-type:numeric]",
        "ba": "The virtual table retrieves the transaction dates of a specific coin from the 'coins' table by joining it with the 'historical' table based on the coin's unique identifier. The results are filtered by the coin's name and ordered by the lowest price recorded in the historical data, with a limit on the number of results returned.",
        "gold_complexity": 10,
        "gold_sql": "SELECT T2.date FROM coins AS T1 INNER JOIN historical AS T2 ON T1.id = T2.coin_id WHERE T1.name = 'Bitcoin' ORDER BY T2.low LIMIT 1"
    },
    {
        "sample_id": 6291,
        "vt": "SELECT coins.name FROM coins INNER JOIN historical AS T2 ON T1.id = T2.coin_id WHERE historical.date = '[placeholder-type:string]' AND historical.cmc_rank <= [placeholder-type:numeric]",
        "ba": "The virtual table describes the names of coins from the 'coins' table that have historical data matching a specific date and a CMC rank that is less than or equal to a specified value. The placeholders in the WHERE clause represent the date and the CMC rank criteria.",
        "gold_complexity": 9,
        "gold_sql": "SELECT T1.name FROM coins AS T1 INNER JOIN historical AS T2 ON T1.id = T2.coin_id WHERE T2.date = '2014-01-01' AND T2.cmc_rank <= 5"
    },
    {
        "sample_id": 6254,
        "vt": "SELECT coins.name, historical.date, historical.price FROM coins INNER JOIN historical AS T2 ON T1.id = T2.coin_id WHERE historical.percent_change_24h = (SELECT MAX(historical.percent_change_24h) FROM historical)",
        "ba": "The virtual table displays the names of coins along with their historical transaction dates and prices. It retrieves data from the 'coins' table and the 'historical' table, joining them based on the coin's unique identifier. The query specifically filters for the coin that has experienced the highest percentage change in price over the last 24 hours, ensuring that users can identify which coin has had the most significant price movement recently.",
        "gold_complexity": 15,
        "gold_sql": "SELECT T1.name, T2.DATE, T2.price FROM coins AS T1 INNER JOIN historical AS T2 ON T1.id = T2.coin_id WHERE T2.percent_change_24h = ( SELECT MAX(percent_change_24h) FROM historical )"
    },
    {
        "sample_id": 6264,
        "vt": "SELECT historical.market_cap FROM coins INNER JOIN historical AS T2 ON T1.id = T2.coin_id WHERE historical.date = '[placeholder-type:string]' AND coins.name = '[placeholder-type:string]'",
        "ba": "The virtual table retrieves the market capitalization of a specific coin from the 'coins' and 'historical' tables based on a given date and the coin's name. The placeholders represent the date for which the market cap is being queried and the name of the coin.",
        "gold_complexity": 8,
        "gold_sql": "SELECT T2.market_cap FROM coins AS T1 INNER JOIN historical AS T2 ON T1.id = T2.coin_id WHERE T2.date = '2013-04-28' AND T1.name = 'Bitcoin'"
    },
    {
        "sample_id": 6256,
        "vt": "SELECT coins.name, MAX(historical.date) FROM coins INNER JOIN historical AS T2 ON T1.ID = T2.coin_id WHERE coins.status = '[placeholder-type:string]' ORDER BY historical.date LIMIT [placeholder-type:numeric]",
        "ba": "The virtual table describes the names of coins from the 'coins' table along with the most recent transaction date from the 'historical' table. It filters the results based on the status of the coins, which can be active, untracked, inactive, or extinct. The query also limits the number of results returned based on a specified numeric value.",
        "gold_complexity": 12,
        "gold_sql": "SELECT T1.NAME, MAX(T2.DATE) FROM coins AS T1 INNER JOIN historical AS T2 ON T1.ID = T2.coin_id WHERE T1.status = 'inactive' ORDER BY T2.DATE DESC LIMIT 1"
    },
    {
        "sample_id": 6269,
        "vt": "SELECT historical.max_supply - historical.total_supply FROM coins INNER JOIN historical AS T2 ON T1.id = T2.coin_id WHERE historical.date = '[placeholder-type:string]' AND coins.name = '[placeholder-type:string]'",
        "ba": "The virtual table calculates the number of coins that have been verifiably burned by subtracting the total supply from the maximum supply for a specific coin on a given date. It retrieves this information by joining the 'coins' table with the 'historical' table based on the coin's ID, while filtering for a specific date and coin name.",
        "gold_complexity": 9,
        "gold_sql": "SELECT T2.max_supply - T2.total_supply FROM coins AS T1 INNER JOIN historical AS T2 ON T1.id = T2.coin_id WHERE T2.date = '2013-04-28' AND T1.name = 'Bitcoin'"
    },
    {
        "sample_id": 6294,
        "vt": "SELECT COUNT(historical.coin_id) FROM coins INNER JOIN historical AS T2 ON T1.id = T2.coin_id WHERE coins.name = '[placeholder-type:string]' AND STRFTIME('%Y-%m', historical.date) = '[placeholder-type:string]'",
        "ba": "The virtual table counts the number of historical records for a specific coin based on its name and the date in a specified month. It joins the 'coins' table with the 'historical' table using the coin's unique identifier, filtering results to match the provided coin name and the formatted date string representing the year and month.",
        "gold_complexity": 8,
        "gold_sql": "SELECT COUNT(T2.coin_id) FROM coins AS T1 INNER JOIN historical AS T2 ON T1.id = T2.coin_id WHERE T1.name = 'Bytecoin' AND STRFTIME('%Y-%m', T2.date) = '2013-06'"
    },
    {
        "sample_id": 6251,
        "vt": "SELECT T2.price FROM coins AS T1 INNER JOIN historical AS T2 ON T1.id = T2.coin_id WHERE T1.name = 'Zetacoin' AND T2.date BETWEEN '2013-11-01' AND '2013-11-07' UNION ALL SELECT AVG(T2.PRICE) FROM coins AS T1 INNER JOIN historical AS T2 ON T1.id = T2.coin_id WHERE T1.name = 'Zetacoin' AND T2.date BETWEEN '2013-11-01' AND '2013-11-07'",
        "ba": "The virtual table retrieves the price of a specific coin, identified by its name, from the 'coins' table and correlates it with historical price data from the 'historical' table for a specified date range. Additionally, it calculates the average price of the same coin over that date range. The placeholders in the query represent the coin's name and the date range for which the prices are being queried.",
        "gold_complexity": 11,
        "gold_sql": "SELECT T2.price FROM coins AS T1 INNER JOIN historical AS T2 ON T1.id = T2.coin_id WHERE T1.name = 'Zetacoin' AND T2.date BETWEEN '2013-11-01' AND '2013-11-07' UNION ALL SELECT AVG(T2.PRICE) FROM coins AS T1 INNER JOIN historical AS T2 ON T1.id = T2.coin_id WHERE T1.name = 'Zetacoin' AND T2.date BETWEEN '2013-11-01' AND '2013-11-07'"
    },
    {
        "sample_id": 6253,
        "vt": "SELECT historical.date FROM coins INNER JOIN historical AS T2 ON T1.id = T2.coin_id WHERE coins.name = '[placeholder-type:string]' ORDER BY historical.price LIMIT [placeholder-type:numeric]",
        "ba": "The virtual table retrieves the transaction dates of a specific coin from the 'coins' table by joining it with the 'historical' table based on the coin's unique identifier. The results are filtered by the coin's name and ordered by the price, with a limit on the number of records returned.",
        "gold_complexity": 10,
        "gold_sql": "SELECT T2.date FROM coins AS T1 INNER JOIN historical AS T2 ON T1.id = T2.coin_id WHERE T1.name = 'DigixDAO' ORDER BY T2.price DESC LIMIT 1"
    },
    {
        "sample_id": 6265,
        "vt": "SELECT coins.name FROM coins INNER JOIN historical AS T2 ON T1.id = T2.coin_id WHERE historical.date = '[placeholder-type:string]' AND historical.open IS NULL",
        "ba": "The virtual table describes the names of coins from the 'coins' table that have not opened yet on a specific date. It joins the 'coins' table with the 'historical' table based on the coin's ID, filtering for records where the opening price is null and the date matches a specified placeholder.",
        "gold_complexity": 9,
        "gold_sql": "SELECT T1.name FROM coins AS T1 INNER JOIN historical AS T2 ON T1.id = T2.coin_id WHERE T2.date = '2013-05-03' AND T2.open IS NULL"
    },
    {
        "sample_id": 6268,
        "vt": "SELECT historical.high - historical.low FROM coins INNER JOIN historical AS T2 ON T1.id = T2.coin_id WHERE historical.date = '[placeholder-type:string]' AND coins.name = '[placeholder-type:string]'",
        "ba": "The virtual table calculates the maximum profit that can be made today by subtracting the lowest price from the highest price of a specific coin on a given date. It retrieves this information by joining the 'coins' table with the 'historical' table based on the coin's unique identifier. The placeholders represent the date for which the historical data is being queried and the name of the coin.",
        "gold_complexity": 9,
        "gold_sql": "SELECT T2.high - T2.low FROM coins AS T1 INNER JOIN historical AS T2 ON T1.id = T2.coin_id WHERE T2.date = '2013-04-28' AND T1.name = 'Bitcoin'"
    },
    {
        "sample_id": 6278,
        "vt": "SELECT coins.description FROM coins WHERE coins.name = '[placeholder-type:string]'",
        "ba": "The virtual table describes the description of a specific coin from the 'coins' table based on its name. The placeholder in the WHERE clause represents the name of the coin being queried.",
        "gold_complexity": 6,
        "gold_sql": "SELECT description FROM coins WHERE name = 'BitBar'"
    },
    {
        "sample_id": 6288,
        "vt": "SELECT historical.date FROM coins INNER JOIN historical AS T2 ON T1.id = T2.coin_id WHERE coins.name = '[placeholder-type:string]' ORDER BY historical.close LIMIT [placeholder-type:numeric]",
        "ba": "The virtual table retrieves the transaction dates of a specific coin from the 'coins' table by joining it with the 'historical' table based on the coin's unique identifier. The results are filtered by the coin's name and ordered by the closing price, with a limit on the number of records returned.",
        "gold_complexity": 10,
        "gold_sql": "SELECT T2.date FROM coins AS T1 INNER JOIN historical AS T2 ON T1.id = T2.coin_id WHERE T1.name = 'CHNCoin' ORDER BY T2.close DESC LIMIT 1"
    },
    {
        "sample_id": 6281,
        "vt": "SELECT coins.name FROM coins WHERE coins.date_added LIKE '[placeholder-type:string]' AND coins.status = '[placeholder-type:string]'",
        "ba": "The virtual table describes the names of coins from the 'coins' table that were added on a specific date and have a specific status. The placeholders in the WHERE clause represent the date added and the status of the coins.",
        "gold_complexity": 8,
        "gold_sql": "SELECT name FROM coins WHERE date_added LIKE '2014%' AND status = 'untracked'"
    },
    {
        "sample_id": 6292,
        "vt": "SELECT DISTINCT historical.date FROM coins INNER JOIN historical AS T2 ON T1.id = T2.coin_id WHERE coins.name = '[placeholder-type:string]' AND (historical.open IS NULL OR historical.open = [placeholder-type:numeric])",
        "ba": "The virtual table retrieves distinct transaction dates for a specific coin from the 'coins' and 'historical' tables. It filters the results based on the coin's name and checks if the opening price is either null or zero, indicating that the coin has not opened yet for trading on that date.",
        "gold_complexity": 11,
        "gold_sql": "SELECT DISTINCT T2.date FROM coins AS T1 INNER JOIN historical AS T2 ON T1.id = T2.coin_id WHERE T1.name = 'Lebowskis' AND (T2.open IS NULL OR T2.open = 0)"
    }
]