[
    {
        "sample_id": 766,
        "vt": "SELECT actor.networth FROM movie INNER JOIN characters AS T2 ON T1.MovieID = T2.MovieID INNER JOIN actor AS T3 ON T3.ActorID = T2.ActorID WHERE movie.title = '[placeholder-type:string]' AND actor.\"height (inches)\" BETWEEN [placeholder-type:numeric] AND [placeholder-type:numeric] AND actor.gender = '[placeholder-type:string]'",
        "ba": "The virtual table retrieves the net worth of actors from the 'actor' table who have played in a specific movie, filtered by the movie's title, the actor's height range, and gender. The placeholders allow users to specify the movie title, height range, and gender criteria.",
        "gold_complexity": 11,
        "gold_sql": "SELECT T3.NetWorth FROM movie AS T1 INNER JOIN characters AS T2 ON T1.MovieID = T2.MovieID INNER JOIN actor AS T3 ON T3.ActorID = T2.ActorID WHERE T1.Title = 'Misery' AND T3.\"Height (Inches)\" BETWEEN 60 AND 70 AND T3.Gender = 'Male'"
    },
    {
        "sample_id": 756,
        "vt": "SELECT actor.name FROM movie INNER JOIN characters AS T2 ON T1.MovieID = T2.MovieID INNER JOIN actor AS T3 ON T3.ActorID = T2.ActorID WHERE movie.\"release date\" = '[placeholder-type:string]' AND characters.creditorder = '[placeholder-type:string]'",
        "ba": "The virtual table describes the names of actors from the 'actor' table who played characters in movies released on a specific date and with a specific credit order. The placeholders in the WHERE clause represent the release date of the movie and the credit order of the character.",
        "gold_complexity": 9,
        "gold_sql": "SELECT T3.Name FROM movie AS T1 INNER JOIN characters AS T2 ON T1.MovieID = T2.MovieID INNER JOIN actor AS T3 ON T3.ActorID = T2.ActorID WHERE T1.\"Release Date\" = '2015-10-26' AND T2.creditOrder = '1'"
    },
    {
        "sample_id": 775,
        "vt": "SELECT actor.name FROM movie INNER JOIN characters AS T2 ON T1.MovieID = T2.MovieID INNER JOIN actor AS T3 ON T3.ActorID = T2.ActorID WHERE actor.gender = '[placeholder-type:string]' AND movie.title = '[placeholder-type:string]' AND actor.\"birth city\" = '[placeholder-type:string]' AND actor.\"height (inches)\" * [placeholder-type:numeric] > (SELECT AVG(actor.\"height (inches)\") FROM actor) * [placeholder-type:numeric]",
        "ba": "The virtual table describes the names of actors from the 'actor' table who have played in a specific movie, filtered by their gender, birth city, and height. The query also ensures that the actor's height is above a certain average height multiplied by a numeric placeholder, indicating a focus on taller actors.",
        "gold_complexity": 16,
        "gold_sql": "SELECT T3.Name FROM movie AS T1 INNER JOIN characters AS T2 ON T1.MovieID = T2.MovieID INNER JOIN actor AS T3 ON T3.ActorID = T2.ActorID WHERE T3.Gender = 'Female' AND T1.Title = 'Godzilla' AND T3.\"Birth City\" = 'Sherman Oaks' AND T3.\"Height (Inches)\" * 100 > ( SELECT AVG(\"Height (Inches)\") FROM actor ) * 50"
    },
    {
        "sample_id": 745,
        "vt": "SELECT movie.\"mpaa rating\" FROM movie INNER JOIN characters AS T2 ON T1.MovieID = T2.MovieID WHERE characters.\"character name\" = '[placeholder-type:string]'",
        "ba": "The virtual table retrieves the MPAA rating of movies from the 'movie' table based on a specific character's name from the 'characters' table. The query uses an inner join to connect the 'movie' and 'characters' tables through the movie ID, allowing for filtering by the character's name.",
        "gold_complexity": 7,
        "gold_sql": "SELECT T1.\"MPAA Rating\" FROM movie AS T1 INNER JOIN characters AS T2 ON T1.MovieID = T2.MovieID WHERE T2.\"Character Name\" = 'Peter Quill'"
    },
    {
        "sample_id": 749,
        "vt": "SELECT actor.name FROM characters INNER JOIN actor AS T2 ON T1.ActorID = T2.ActorID WHERE characters.\"character name\" = '[placeholder-type:string]'",
        "ba": "The virtual table describes the names of actors from the 'actor' table who have played a specific character in a movie. The query uses an inner join between the 'characters' and 'actor' tables to link the actor's ID with the character's name, allowing for the retrieval of the actor's name based on the specified character name.",
        "gold_complexity": 7,
        "gold_sql": "SELECT T2.Name FROM characters AS T1 INNER JOIN actor AS T2 ON T1.ActorID = T2.ActorID WHERE T1.\"Character Name\" = 'Chanice Kobolowski'"
    },
    {
        "sample_id": 740,
        "vt": "SELECT actor.name FROM movie INNER JOIN characters AS T2 ON T1.MovieID = T2.MovieID INNER JOIN actor AS T3 ON T3.ActorID = T2.ActorID WHERE movie.title = '[placeholder-type:string]' ORDER BY actor.\"height (inches)\" LIMIT [placeholder-type:numeric]",
        "ba": "The virtual table describes the names of actors from the 'actor' table who have played in a specific movie. The query joins the 'movie' and 'characters' tables to link movies with their respective characters and actors. It filters the results based on the movie title provided as a placeholder and orders the actors by their height in inches. Additionally, it limits the number of results returned based on a numeric placeholder.",
        "gold_complexity": 11,
        "gold_sql": "SELECT T3.Name FROM movie AS T1 INNER JOIN characters AS T2 ON T1.MovieID = T2.MovieID INNER JOIN actor AS T3 ON T3.ActorID = T2.ActorID WHERE T1.Title = 'Batman' ORDER BY T3.\"Height (Inches)\" DESC LIMIT 1"
    },
    {
        "sample_id": 759,
        "vt": "SELECT movie.movieid FROM movie WHERE movie.rating BETWEEN [placeholder-type:numeric] AND [placeholder-type:numeric] AND movie.budget = [placeholder-type:numeric]",
        "ba": "The virtual table retrieves the unique identifiers of movies from the 'movie' table that fall within a specified rating range and have a specific budget. The placeholders represent the numeric values for the rating range and budget.",
        "gold_complexity": 8,
        "gold_sql": "SELECT MovieID FROM movie WHERE Rating BETWEEN 7 AND 8 AND Budget = 15000000"
    },
    {
        "sample_id": 751,
        "vt": "SELECT actor.\"birth city\" FROM characters INNER JOIN actor AS T2 ON T1.ActorID = T2.ActorID WHERE characters.\"character name\" = '[placeholder-type:string]'",
        "ba": "The virtual table describes the birth city of actors from the 'actor' table who have played a specific character in a movie. The query joins the 'characters' table with the 'actor' table to find the relevant actor based on the character's name, using a placeholder for the character's name.",
        "gold_complexity": 7,
        "gold_sql": "SELECT T2.\"Birth City\" FROM characters AS T1 INNER JOIN actor AS T2 ON T1.ActorID = T2.ActorID WHERE T1.\"Character Name\" = 'Gabriel Martin'"
    },
    {
        "sample_id": 774,
        "vt": "SELECT SUM(CASE WHEN CAST(REPLACE(REPLACE(actor.networth, ',', ''), '$', '') AS FLOAT) > [placeholder-type:numeric] THEN [placeholder-type:numeric] ELSE [placeholder-type:numeric] END) - SUM(CASE WHEN CAST(REPLACE(REPLACE(actor.networth, ',', ''), '$', '') AS FLOAT) < [placeholder-type:numeric] THEN [placeholder-type:numeric] ELSE [placeholder-type:numeric] END) FROM movie INNER JOIN characters AS T2 ON T1.MovieID = T2.MovieID INNER JOIN actor AS T3 ON T3.ActorID = T2.ActorID WHERE movie.genre = '[placeholder-type:string]'",
        "ba": "The virtual table calculates the difference between the total net worth of actors who are richer than a specified amount and the total net worth of actors who are less wealthy than that amount, filtered by a specific movie genre. The placeholders represent the numeric values for the net worth thresholds and the string value for the genre.",
        "gold_complexity": 8,
        "gold_sql": "SELECT SUM(CASE WHEN CAST(REPLACE(REPLACE(T3.NetWorth, ',', ''), '$', '') AS REAL) > 400000000 THEN 1 ELSE 0 END) - SUM(CASE WHEN CAST(REPLACE(REPLACE(T3.NetWorth, ',', ''), '$', '') AS REAL) < 400000000 THEN 1 ELSE 0 END) FROM movie AS T1 INNER JOIN characters AS T2 ON T1.MovieID = T2.MovieID INNER JOIN actor AS T3 ON T3.ActorID = T2.ActorID WHERE T1.Genre = 'Drama'"
    },
    {
        "sample_id": 765,
        "vt": "SELECT movie.genre FROM movie INNER JOIN characters AS T2 ON T1.MovieID = T2.MovieID INNER JOIN actor AS T3 ON T3.ActorID = T2.ActorID WHERE movie.\"mpaa rating\" = '[placeholder-type:string]' ORDER BY CAST(REPLACE(REPLACE(actor.networth, ',', ''), '$', '') AS FLOAT) LIMIT [placeholder-type:numeric]",
        "ba": "The virtual table describes the genres of movies from the 'movie' table that have a specific MPAA rating. It joins the 'characters' table to associate actors with their respective movies and the 'actor' table to access actor details, including their net worth. The results are ordered by the net worth of the actors, and a limit is applied to control the number of results returned.",
        "gold_complexity": 11,
        "gold_sql": "SELECT T1.Genre FROM movie AS T1 INNER JOIN characters AS T2 ON T1.MovieID = T2.MovieID INNER JOIN actor AS T3 ON T3.ActorID = T2.ActorID WHERE T1.\"MPAA Rating\" = 'PG' ORDER BY CAST(REPLACE(REPLACE(T3.NetWorth, ',', ''), '$', '') AS REAL) DESC LIMIT 1"
    },
    {
        "sample_id": 741,
        "vt": "SELECT COUNT(*) FROM characters INNER JOIN actor AS T2 ON T1.ActorID = T2.ActorID WHERE actor.gender = '[placeholder-type:string]' AND actor.ethnicity = '[placeholder-type:string]'",
        "ba": "The virtual table counts the number of characters from the 'characters' table who are portrayed by actors of a specific gender and ethnicity. It joins the 'characters' table with the 'actor' table to filter based on the actor's gender and ethnicity.",
        "gold_complexity": 8,
        "gold_sql": "SELECT COUNT(*) FROM characters AS T1 INNER JOIN actor AS T2 ON T1.ActorID = T2.ActorID WHERE T2.Gender = 'Male' AND T2.Ethnicity = 'African American'"
    },
    {
        "sample_id": 771,
        "vt": "SELECT actor.name FROM movie INNER JOIN characters AS T2 ON T1.MovieID = T2.MovieID INNER JOIN actor AS T3 ON T3.ActorID = T2.ActorID WHERE movie.gross = [placeholder-type:numeric] AND characters.\"character name\" = '[placeholder-type:string]' AND movie.genre = '[placeholder-type:string]'",
        "ba": "The virtual table describes the names of actors from the 'actor' table who played a specific character in a movie that has a certain gross revenue and belongs to a specific genre. The placeholders in the WHERE clause represent the gross revenue, character name, and genre of the movie.",
        "gold_complexity": 10,
        "gold_sql": "SELECT T3.Name FROM movie AS T1 INNER JOIN characters AS T2 ON T1.MovieID = T2.MovieID INNER JOIN actor AS T3 ON T3.ActorID = T2.ActorID WHERE T1.Gross = 136766062 AND T2.\"Character Name\" = 'Don Altobello' AND T1.Genre = 'Drama'"
    },
    {
        "sample_id": 747,
        "vt": "SELECT actor.name FROM characters INNER JOIN actor AS T2 ON T1.ActorID = T2.ActorID INNER JOIN movie AS T3 ON T3.MovieID = T1.MovieID WHERE movie.title = '[placeholder-type:string]' ORDER BY characters.screentime LIMIT [placeholder-type:numeric]",
        "ba": "The virtual table lists the names of actors who played characters in a specific movie. It joins the 'characters' table with the 'actor' table to retrieve actor names and the 'movie' table to filter by the movie title. The results are ordered by the screentime of the characters, indicating their importance, and limited to a specified number of results.",
        "gold_complexity": 11,
        "gold_sql": "SELECT T2.Name FROM characters AS T1 INNER JOIN actor AS T2 ON T1.ActorID = T2.ActorID INNER JOIN movie AS T3 ON T3.MovieID = T1.MovieID WHERE T3.Title = 'Batman' ORDER BY T1.screentime DESC LIMIT 1"
    },
    {
        "sample_id": 744,
        "vt": "SELECT movie.title FROM movie ORDER BY movie.budget LIMIT [placeholder-type:numeric]",
        "ba": "The virtual table lists the titles of movies from the 'movie' table, ordered by their budget in ascending order. The placeholder in the LIMIT clause allows the user to specify the number of movie titles to retrieve.",
        "gold_complexity": 7,
        "gold_sql": "SELECT Title FROM movie ORDER BY Budget DESC LIMIT 1"
    },
    {
        "sample_id": 762,
        "vt": "SELECT movie.genre FROM movie INNER JOIN characters AS T2 ON T1.MovieID = T2.MovieID INNER JOIN actor AS T3 ON T3.ActorID = T2.ActorID WHERE actor.\"birth city\" = '[placeholder-type:string]' AND movie.rating > [placeholder-type:numeric]",
        "ba": "The virtual table retrieves the genres of movies from the 'movie' table that feature actors born in a specific city and have a rating above a certain threshold. The placeholders represent the actor's birth city and the minimum movie rating.",
        "gold_complexity": 10,
        "gold_sql": "SELECT T1.Genre FROM movie AS T1 INNER JOIN characters AS T2 ON T1.MovieID = T2.MovieID INNER JOIN actor AS T3 ON T3.ActorID = T2.ActorID WHERE T3.\"Birth City\" = 'New York City' AND T1.Rating > 5"
    },
    {
        "sample_id": 736,
        "vt": "SELECT COUNT(*) FROM movie INNER JOIN characters AS T2 ON T1.MovieID = T2.MovieID INNER JOIN actor AS T3 ON T3.ActorID = T2.ActorID WHERE actor.name = '[placeholder-type:string]' AND movie.\"mpaa rating\" = '[placeholder-type:string]'",
        "ba": "The virtual table counts the number of movies that feature a specific actor and have a certain MPAA rating. It combines data from the 'movie', 'characters', and 'actor' tables to filter results based on the actor's name and the movie's MPAA rating.",
        "gold_complexity": 9,
        "gold_sql": "SELECT COUNT(*) FROM movie AS T1 INNER JOIN characters AS T2 ON T1.MovieID = T2.MovieID INNER JOIN actor AS T3 ON T3.ActorID = T2.ActorID WHERE T3.Name = 'Morgan Freeman' AND T1.\"MPAA Rating\" = 'PG'"
    },
    {
        "sample_id": 754,
        "vt": "SELECT characters.\"character name\" FROM movie INNER JOIN characters AS T2 ON T1.MovieID = T2.MovieID WHERE movie.title = '[placeholder-type:string]' AND characters.creditorder = '[placeholder-type:string]'",
        "ba": "The virtual table describes the names of characters from the 'movie' and 'characters' tables based on a specific movie title and the character's credit order. The placeholders in the WHERE clause represent the movie title and the credit order of the character.",
        "gold_complexity": 8,
        "gold_sql": "SELECT T2.\"Character Name\" FROM movie AS T1 INNER JOIN characters AS T2 ON T1.MovieID = T2.MovieID WHERE T1.Title = 'G.I. Joe: The Rise of Cobra' AND T2.creditOrder = '3'"
    },
    {
        "sample_id": 731,
        "vt": "SELECT characters.\"character name\" FROM movie INNER JOIN characters AS T2 ON T1.MovieID = T2.MovieID WHERE movie.title = '[placeholder-type:string]' ORDER BY characters.screentime LIMIT [placeholder-type:numeric]",
        "ba": "The virtual table describes the names of characters from movies based on a specific movie title. It retrieves character names by joining the 'movie' and 'characters' tables, filtering by the movie title provided as a placeholder. The results are ordered by the screentime of the characters, indicating their importance, and limited to a specified number of results.",
        "gold_complexity": 10,
        "gold_sql": "SELECT T2.\"Character Name\" FROM movie AS T1 INNER JOIN characters AS T2 ON T1.MovieID = T2.MovieID WHERE T1.Title = 'Batman' ORDER BY T2.screentime DESC LIMIT 1"
    },
    {
        "sample_id": 737,
        "vt": "SELECT movie.title FROM movie INNER JOIN characters AS T2 ON T1.MovieID = T2.MovieID INNER JOIN actor AS T3 ON T3.ActorID = T2.ActorID WHERE actor.name = '[placeholder-type:string]' ORDER BY movie.rating LIMIT [placeholder-type:numeric]",
        "ba": "The virtual table lists the titles of movies featuring a specific actor, ordered by their rating. It joins the 'movie', 'characters', and 'actor' tables to filter movies based on the actor's name and limits the results to a specified number.",
        "gold_complexity": 11,
        "gold_sql": "SELECT T1.Title FROM movie AS T1 INNER JOIN characters AS T2 ON T1.MovieID = T2.MovieID INNER JOIN actor AS T3 ON T3.ActorID = T2.ActorID WHERE T3.Name = 'Tom Cruise' ORDER BY T1.Rating DESC LIMIT 1"
    },
    {
        "sample_id": 767,
        "vt": "SELECT COUNT(*) FROM movie INNER JOIN characters AS T2 ON T1.MovieID = T2.MovieID INNER JOIN actor AS T3 ON T3.ActorID = T2.ActorID WHERE movie.title = '[placeholder-type:string]' AND actor.gender = '[placeholder-type:string]' AND actor.\"birth country\" = '[placeholder-type:string]'",
        "ba": "The virtual table counts the number of movies that feature actors of a specific gender from a particular birth country, filtered by the movie title.",
        "gold_complexity": 10,
        "gold_sql": "SELECT COUNT(*) FROM movie AS T1 INNER JOIN characters AS T2 ON T1.MovieID = T2.MovieID INNER JOIN actor AS T3 ON T3.ActorID = T2.ActorID WHERE T1.Title = 'Ghost' AND T3.Gender = 'Male' AND T3.\"Birth Country\" = 'USA'"
    },
    {
        "sample_id": 755,
        "vt": "SELECT actor.name FROM movie INNER JOIN characters AS T2 ON T1.MovieID = T2.MovieID INNER JOIN actor AS T3 ON T3.ActorID = T2.ActorID WHERE movie.title = '[placeholder-type:string]' AND characters.creditorder = '[placeholder-type:string]'",
        "ba": "The virtual table describes the names of actors from the 'actor' table who played a specific character in a specific movie. The query joins the 'movie', 'characters', and 'actor' tables to filter based on the movie title and the character's credit order. The placeholders represent the movie title and the character's credit order.",
        "gold_complexity": 9,
        "gold_sql": "SELECT T3.Name FROM movie AS T1 INNER JOIN characters AS T2 ON T1.MovieID = T2.MovieID INNER JOIN actor AS T3 ON T3.ActorID = T2.ActorID WHERE T1.Title = 'American Hustle' AND T2.creditOrder = '2'"
    },
    {
        "sample_id": 733,
        "vt": "SELECT actor.name FROM movie INNER JOIN characters AS T2 ON T1.MovieID = T2.MovieID INNER JOIN actor AS T3 ON T3.ActorID = T2.ActorID WHERE movie.title = '[placeholder-type:string]'",
        "ba": "The virtual table describes the names of actors from the 'actor' table who have played in a specific movie. The query joins the 'movie' and 'characters' tables to link actors to their respective movies, filtering by the movie title provided as a placeholder.",
        "gold_complexity": 8,
        "gold_sql": "SELECT T3.Name FROM movie AS T1 INNER JOIN characters AS T2 ON T1.MovieID = T2.MovieID INNER JOIN actor AS T3 ON T3.ActorID = T2.ActorID WHERE T1.Title = 'Batman'"
    },
    {
        "sample_id": 753,
        "vt": "SELECT actor.\"height (inches)\" FROM characters INNER JOIN actor AS T2 ON T1.ActorID = T2.ActorID WHERE characters.\"character name\" = '[placeholder-type:string]'",
        "ba": "The virtual table retrieves the height of actors from the 'actor' table based on the character name they portrayed in the 'characters' table. The query uses an inner join to connect the 'characters' and 'actor' tables through the actor's unique ID, allowing for the selection of the height of the actor associated with a specific character name provided as a placeholder.",
        "gold_complexity": 7,
        "gold_sql": "SELECT T2.\"Height (Inches)\" FROM characters AS T1 INNER JOIN actor AS T2 ON T1.ActorID = T2.ActorID WHERE T1.\"Character Name\" = 'Lurch'"
    },
    {
        "sample_id": 742,
        "vt": "SELECT AVG(movie.rating) FROM movie INNER JOIN characters AS T2 ON T1.MovieID = T2.MovieID INNER JOIN actor AS T3 ON T3.ActorID = T2.ActorID WHERE actor.name = '[placeholder-type:string]'",
        "ba": "The virtual table calculates the average rating of movies featuring a specific actor. It joins the 'movie', 'characters', and 'actor' tables to correlate the actor's name with their respective movies and ratings.",
        "gold_complexity": 8,
        "gold_sql": "SELECT AVG(T1.Rating) FROM movie AS T1 INNER JOIN characters AS T2 ON T1.MovieID = T2.MovieID INNER JOIN actor AS T3 ON T3.ActorID = T2.ActorID WHERE T3.Name = 'Tom Cruise'"
    },
    {
        "sample_id": 761,
        "vt": "SELECT actor.name FROM actor WHERE actor.actorid = [placeholder-type:numeric] AND actor.gender = '[placeholder-type:string]' AND actor.ethnicity = '[placeholder-type:string]'",
        "ba": "The virtual table describes the names of actors from the 'actor' table who match a specific actor ID, gender, and ethnicity. The placeholders in the WHERE clause represent the actor's unique identifier, gender, and ethnicity.",
        "gold_complexity": 8,
        "gold_sql": "SELECT Name FROM actor WHERE ActorID = 439 AND Gender = 'Male' AND Ethnicity = 'White'"
    },
    {
        "sample_id": 773,
        "vt": "SELECT movie.runtime FROM movie INNER JOIN characters AS T2 ON T1.MovieID = T2.MovieID INNER JOIN actor AS T3 ON T3.ActorID = T2.ActorID WHERE actor.name = '[placeholder-type:string]' AND movie.rating > [placeholder-type:numeric]",
        "ba": "The virtual table retrieves the runtime of movies from the 'movie' table, specifically for those movies in which a particular actor has participated. It joins the 'characters' table to link actors to their respective movies and filters the results based on the actor's name and a minimum movie rating. The placeholders represent the actor's name and the minimum rating threshold.",
        "gold_complexity": 10,
        "gold_sql": "SELECT T1.Runtime FROM movie AS T1 INNER JOIN characters AS T2 ON T1.MovieID = T2.MovieID INNER JOIN actor AS T3 ON T3.ActorID = T2.ActorID WHERE T3.Name = 'Jackie Chan' AND T1.Rating > 7"
    },
    {
        "sample_id": 758,
        "vt": "SELECT CAST(SUM(CASE WHEN actor.\"date of birth\" > '[placeholder-type:string]' THEN [placeholder-type:numeric] ELSE [placeholder-type:numeric] END) AS FLOAT) * [placeholder-type:numeric] / COUNT(actor.\"date of birth\") FROM movie INNER JOIN characters AS T2 ON T1.MovieID = T2.MovieID INNER JOIN actor AS T3 ON T3.ActorID = T2.ActorID WHERE movie.title = '[placeholder-type:string]'",
        "ba": "The virtual table calculates a weighted average based on the birth dates of actors associated with a specific movie title. It sums up a conditional value based on whether the actor's date of birth is after a specified date, multiplies it by a placeholder numeric value, and divides by the count of actors' birth dates to get the average. The query involves joining the 'movie', 'characters', and 'actor' tables to gather the necessary data.",
        "gold_complexity": 8,
        "gold_sql": "SELECT CAST(SUM(CASE WHEN T3.\"Date of Birth\" > '1970-01-01' THEN 1 ELSE 0 END) AS REAL) * 100 / COUNT(T3.\"Date of Birth\") FROM movie AS T1 INNER JOIN characters AS T2 ON T1.MovieID = T2.MovieID INNER JOIN actor AS T3 ON T3.ActorID = T2.ActorID WHERE T1.Title = 'Dawn of the Planet of the Apes'"
    }
]