[
    {
        "sample_id": 2703,
        "vt": "SELECT sales team.\"sales team\" FROM \"sales orders\" INNER JOIN \"Sales Team\" AS T2 ON T2.SalesTeamID = T1._SalesTeamID WHERE REPLACE(sales orders.\"unit price\", ',', '') = (SELECT REPLACE(sales orders.\"unit price\", ',', '') FROM \"Sales Orders\" AS T1 INNER JOIN \"Sales Team\" AS T2 ON T2.SalesTeamID = T1._SalesTeamID ORDER BY REPLACE(T1.\"Unit Price\", ',', '') DESC LIMIT 1) ORDER BY REPLACE(sales orders.\"unit price\", ',', '') LIMIT [placeholder-type:numeric]",
        "ba": "The virtual table retrieves the names of sales teams from the 'sales orders' table, specifically those associated with the highest unit price of orders. It uses an inner join to connect the 'sales orders' table with the 'sales team' table based on the sales team ID. The query filters for sales orders that have a unit price equal to the maximum unit price found in the 'sales orders' table, and it limits the results to a specified number of sales teams.",
        "gold_complexity": 13,
        "gold_sql": "SELECT T2.\"Sales Team\" FROM \"Sales Orders\" AS T1 INNER JOIN \"Sales Team\" AS T2 ON T2.SalesTeamID = T1._SalesTeamID WHERE REPLACE(T1.\"Unit Price\", ',', '') = ( SELECT REPLACE(T1.\"Unit Price\", ',', '') FROM \"Sales Orders\" AS T1 INNER JOIN \"Sales Team\" AS T2 ON T2.SalesTeamID = T1._SalesTeamID ORDER BY REPLACE(T1.\"Unit Price\", ',', '') DESC LIMIT 1 ) ORDER BY REPLACE(T1.\"Unit Price\", ',', '') DESC LIMIT 1"
    },
    {
        "sample_id": 2643,
        "vt": "SELECT CAST(SUM(CASE WHEN REPLACE(sales orders.\"unit price\", ',', '') - REPLACE(sales orders.\"unit cost\", ',', '') > [placeholder-type:numeric] THEN [placeholder-type:numeric] ELSE [placeholder-type:numeric] END) AS FLOAT) * [placeholder-type:numeric] / COUNT(sales orders.ordernumber) FROM \"sales orders\" INNER JOIN \"Sales Team\" AS T2 ON T2.SalesTeamID = T1._SalesTeamID WHERE sales team.\"sales team\" = '[placeholder-type:string]'",
        "ba": "The virtual table calculates the average profit margin for a specific sales team by summing the profits from sales orders where the profit exceeds a certain threshold. It uses placeholders for the profit threshold and a multiplier to adjust the final result, while filtering the results based on the sales team's name.",
        "gold_complexity": 9,
        "gold_sql": "SELECT CAST(SUM(CASE WHEN REPLACE(T1.\"Unit Price\", ',', '') - REPLACE(T1.\"Unit Cost\", ',', '') > 1000 THEN 1 ELSE 0 END) AS REAL) * 100 / COUNT(T1.OrderNumber) FROM \"Sales Orders\" AS T1 INNER JOIN \"Sales Team\" AS T2 ON T2.SalesTeamID = T1._SalesTeamID WHERE T2.\"Sales Team\" = 'Stephen Payne'"
    },
    {
        "sample_id": 2675,
        "vt": "SELECT SUM(CASE WHEN sales orders.\"order quantity\" = [placeholder-type:numeric] AND sales orders.\"sales channel\" = '[placeholder-type:string]' THEN [placeholder-type:numeric] ELSE [placeholder-type:numeric] END) FROM \"sales orders\"",
        "ba": "The virtual table calculates the total order quantity from the 'sales orders' table based on specific conditions. It sums the order quantities where the order quantity matches a specified numeric value and the sales channel matches a specified string value. The placeholders represent the values that can be modified by the user to filter the results accordingly.",
        "gold_complexity": 5,
        "gold_sql": "SELECT SUM(CASE WHEN \"Order Quantity\" = 1 AND \"Sales Channel\" = 'Distributor' THEN 1 ELSE 0 END) FROM \"Sales Orders\""
    },
    {
        "sample_id": 2684,
        "vt": "SELECT products.\"product name\", customers.\"customer names\" FROM customers INNER JOIN \"Sales Orders\" AS T2 ON T2._CustomerID = T1.CustomerID INNER JOIN Products AS T3 ON T3.ProductID = T2._ProductID WHERE sales orders.orderdate = '[placeholder-type:string]' AND sales orders.deliverydate = '[placeholder-type:string]'",
        "ba": "The virtual table describes the product names and customer names from the 'customers' and 'products' tables, respectively. It retrieves this information by joining the 'sales orders' table to link customers with their orders and products. The placeholders in the WHERE clause represent specific order and delivery dates for filtering the results.",
        "gold_complexity": 11,
        "gold_sql": "SELECT T3.\"Product Name\", T1.\"Customer Names\" FROM Customers AS T1 INNER JOIN \"Sales Orders\" AS T2 ON T2._CustomerID = T1.CustomerID INNER JOIN Products AS T3 ON T3.ProductID = T2._ProductID WHERE T2.OrderDate = '10/21/18' AND T2.DeliveryDate = '11/21/19'"
    },
    {
        "sample_id": 2622,
        "vt": "SELECT SUM(CASE WHEN sales orders.\"discount applied\" = [placeholder-type:numeric] AND customers.\"customer names\" = '[placeholder-type:string]' THEN [placeholder-type:numeric] ELSE [placeholder-type:numeric] END) FROM \"sales orders\" INNER JOIN Customers AS T2 ON T2.CustomerID = T1._CustomerID",
        "ba": "The virtual table calculates the total order quantity from the 'sales orders' table, applying a condition based on the discount applied and the customer's name. It joins the 'sales orders' table with the 'customers' table to filter the results based on the specified customer name and discount value.",
        "gold_complexity": 6,
        "gold_sql": "SELECT SUM(CASE WHEN T1.\"Discount Applied\" = 0.05 AND T2.\"Customer Names\" = 'Pacific Ltd' THEN 1 ELSE 0 END) FROM \"Sales Orders\" AS T1 INNER JOIN Customers AS T2 ON T2.CustomerID = T1._CustomerID"
    },
    {
        "sample_id": 2598,
        "vt": "SELECT customers.\"customer names\", sales orders.deliverydate FROM customers INNER JOIN \"Sales Orders\" AS T2 ON T2._CustomerID = T1.CustomerID INNER JOIN Products AS T3 ON T3.ProductID = T2._ProductID WHERE sales orders.\"sales channel\" = '[placeholder-type:string]' AND products.\"product name\" = '[placeholder-type:string]' AND sales orders.orderdate LIKE '[placeholder-type:string]'",
        "ba": "The virtual table describes the names of customers and their corresponding delivery dates from the 'customers' and 'sales orders' tables. It filters the results based on a specific sales channel, product name, and order date using placeholders for string values.",
        "gold_complexity": 13,
        "gold_sql": "SELECT T1.\"Customer Names\", T2.DeliveryDate FROM Customers AS T1 INNER JOIN \"Sales Orders\" AS T2 ON T2._CustomerID = T1.CustomerID INNER JOIN Products AS T3 ON T3.ProductID = T2._ProductID WHERE T2.\"Sales Channel\" = 'Wholesale' AND T3.\"Product Name\" = 'Bedroom Furniture' AND T2.OrderDate LIKE '%/%/19'"
    },
    {
        "sample_id": 2637,
        "vt": "SELECT SUM(CASE WHEN store locations.county = '[placeholder-type:string]' AND sales orders.orderdate LIKE '[placeholder-type:string]' THEN [placeholder-type:numeric] ELSE [placeholder-type:numeric] END) FROM \"sales orders\" INNER JOIN \"Store Locations\" AS T2 ON T2.StoreID = T1._StoreID",
        "ba": "The virtual table summarizes the total order quantity from the 'sales orders' table for a specific county and order date. The placeholders represent the county name and the order date, allowing users to filter the results based on their input.",
        "gold_complexity": 6,
        "gold_sql": "SELECT SUM(CASE WHEN T2.County = 'Maricopa County' AND OrderDate LIKE '%/%/20' THEN 1 ELSE 0 END) FROM \"Sales Orders\" AS T1 INNER JOIN \"Store Locations\" AS T2 ON T2.StoreID = T1._StoreID"
    },
    {
        "sample_id": 2580,
        "vt": "SELECT DISTINCT customers.\"customer names\" FROM customers INNER JOIN \"Sales Orders\" AS T2 ON T2._CustomerID = T1.CustomerID INNER JOIN Products AS T3 ON T3.ProductID = T2._ProductID WHERE products.\"product name\" = '[placeholder-type:string]' AND SUBSTRING(sales orders.orderdate, -[placeholder-type:numeric]) = '[placeholder-type:string]' AND sales orders.\"discount applied\" = (SELECT sales orders.\"discount applied\" FROM Customers AS T1 INNER JOIN \"Sales Orders\" AS T2 ON T2._CustomerID = T1.CustomerID INNER JOIN Products AS T3 ON T3.ProductID = T2._ProductID WHERE T3.\"Product Name\" = 'Cocktail Glasses' AND T2.OrderDate LIKE '%/%/20' ORDER BY T2.\"Discount Applied\" DESC LIMIT 1)",
        "ba": "The virtual table retrieves distinct customer names from the 'customers' table who have placed orders for a specific product and meet certain criteria regarding the order date and discount applied. The query joins the 'customers' table with the 'sales orders' table and the 'products' table to filter based on the product name and the order date substring, while also checking for a specific discount applied that is determined by a subquery.",
        "gold_complexity": 19,
        "gold_sql": "SELECT DISTINCT T1.\"Customer Names\" FROM Customers AS T1 INNER JOIN \"Sales Orders\" AS T2 ON T2._CustomerID = T1.CustomerID INNER JOIN Products AS T3 ON T3.ProductID = T2._ProductID WHERE T3.\"Product Name\" = 'Cocktail Glasses' AND SUBSTR(T2.OrderDate, -2) = '20' AND T2.\"Discount Applied\" = ( SELECT T2.\"Discount Applied\" FROM Customers AS T1 INNER JOIN \"Sales Orders\" AS T2 ON T2._CustomerID = T1.CustomerID INNER JOIN Products AS T3 ON T3.ProductID = T2._ProductID WHERE T3.\"Product Name\" = 'Cocktail Glasses' AND T2.OrderDate LIKE '%/%/20' ORDER BY T2.\"Discount Applied\" DESC LIMIT 1 )"
    },
    {
        "sample_id": 2691,
        "vt": "SELECT sales team.region FROM \"sales orders\" INNER JOIN \"Sales Team\" AS T2 ON T2.SalesTeamID = T1._SalesTeamID WHERE sales orders.warehousecode = '[placeholder-type:string]' GROUP BY sales team.region ORDER BY COUNT(sales orders.ordernumber) LIMIT [placeholder-type:numeric]",
        "ba": "The virtual table provides a summary of the regions associated with sales orders from a specific warehouse. It retrieves the region from the 'sales team' table by joining it with the 'sales orders' table based on the sales team ID. The results are grouped by region and ordered by the count of orders, allowing users to see which regions have the most sales from that warehouse, with a limit on the number of results returned.",
        "gold_complexity": 12,
        "gold_sql": "SELECT T2.Region FROM \"Sales Orders\" AS T1 INNER JOIN \"Sales Team\" AS T2 ON T2.SalesTeamID = T1._SalesTeamID WHERE T1.WarehouseCode = 'WARE-MKL1006' GROUP BY T2.Region ORDER BY COUNT(T1.OrderNumber) DESC LIMIT 1"
    },
    {
        "sample_id": 2706,
        "vt": "SELECT DISTINCT sales orders.ordernumber, sales orders.warehousecode FROM \"sales orders\" INNER JOIN Customers AS T2 ON T2.CustomerID = T1._CustomerID WHERE customers.\"customer names\" = '[placeholder-type:string]'",
        "ba": "The virtual table provides a distinct list of order numbers and their corresponding warehouse codes from the 'sales orders' table, filtered by a specific customer's name. The placeholder in the WHERE clause represents the name of the customer being queried.",
        "gold_complexity": 10,
        "gold_sql": "SELECT DISTINCT T1.OrderNumber, T1.WarehouseCode FROM \"Sales Orders\" AS T1 INNER JOIN Customers AS T2 ON T2.CustomerID = T1._CustomerID WHERE T2.\"Customer Names\" = 'Elorac, Corp'"
    },
    {
        "sample_id": 2698,
        "vt": "SELECT AVG(store locations.\"land area\") FROM \"sales orders\" INNER JOIN \"Store Locations\" AS T2 ON T2.StoreID = T1._StoreID WHERE sales orders.\"unit price\" = '[placeholder-type:string]'",
        "ba": "The virtual table calculates the average land area of store locations based on sales orders where the unit price matches a specified value. It joins the 'sales orders' table with the 'store locations' table using the store ID to ensure that the land area is associated with the correct store for which the sales order was made. The placeholder in the WHERE clause represents the unit price of the products sold.",
        "gold_complexity": 7,
        "gold_sql": "SELECT AVG(T2.\"Land Area\") FROM \"Sales Orders\" AS T1 INNER JOIN \"Store Locations\" AS T2 ON T2.StoreID = T1._StoreID WHERE T1.\"Unit Price\" = '998.30'"
    },
    {
        "sample_id": 2682,
        "vt": "SELECT subquery_q0.t FROM (SELECT DISTINCT CASE WHEN sales orders.warehousecode = '[placeholder-type:string]' THEN regions.region END FROM Regions AS T1 INNER JOIN \"Store Locations\" AS T2 ON T2.StateCode = T1.StateCode INNER JOIN \"Sales Orders\" AS T3 ON T3._StoreID = T2.StoreID) WHERE NOT subquery_q0.t IS NULL",
        "ba": "The virtual table identifies distinct regions from the 'Regions' table based on the warehouse code from the 'Sales Orders' table. It joins the 'Store Locations' table to filter the results according to the state code, ensuring that only relevant regions are selected. The placeholder in the WHERE clause represents the specific warehouse code being queried.",
        "gold_complexity": 14,
        "gold_sql": "SELECT T FROM ( SELECT DISTINCT CASE  WHEN T3.WarehouseCode = 'WARE-UHY1004' THEN T1.Region END AS T FROM Regions T1 INNER JOIN \"Store Locations\" T2 ON T2.StateCode = T1.StateCode INNER JOIN \"Sales Orders\" T3 ON T3._StoreID = T2.StoreID ) WHERE T IS NOT NULL"
    },
    {
        "sample_id": 2615,
        "vt": "SELECT SUM(REPLACE(sales orders.\"unit price\", ',', '') - REPLACE(sales orders.\"unit cost\", ',', '')) / COUNT(sales orders.ordernumber) FROM \"sales orders\" INNER JOIN Products AS T2 ON T2.ProductID = T1._ProductID WHERE products.\"product name\" = '[placeholder-type:string]' AND sales orders.\"order quantity\" > [placeholder-type:numeric]",
        "ba": "The virtual table calculates the average profit per order for a specific product from the 'sales orders' table. It does this by summing the difference between the 'unit price' and 'unit cost' of the product, while also counting the number of orders for that product. The query filters the results based on the product name and ensures that only orders with a quantity greater than a specified number are included.",
        "gold_complexity": 11,
        "gold_sql": "SELECT SUM(REPLACE(T1.\"Unit Price\", ',', '') - REPLACE(T1.\"Unit Cost\", ',', '')) / COUNT(T1.OrderNumber) FROM \"Sales Orders\" AS T1 INNER JOIN Products AS T2 ON T2.ProductID = T1._ProductID WHERE T2.\"Product Name\" = 'Bar Tools' AND T1.\"Order Quantity\" > 5"
    },
    {
        "sample_id": 2737,
        "vt": "SELECT AVG(store locations.\"household income\") FROM \"store locations\" WHERE store locations.\"city name\" = '[placeholder-type:string]'",
        "ba": "The virtual table calculates the average household income from the 'store locations' table for a specific city. The placeholder in the WHERE clause represents the name of the city for which the average household income is being calculated.",
        "gold_complexity": 6,
        "gold_sql": "SELECT AVG(\"Household Income\") FROM \"Store Locations\" WHERE \"City Name\" = 'Glendale'"
    },
    {
        "sample_id": 2678,
        "vt": "SELECT COUNT(DISTINCT T) FROM (SELECT CASE WHEN regions.region = '[placeholder-type:string]' THEN regions.state ELSE NULL END FROM Regions) WHERE NOT subquery_q0.t IS NULL",
        "ba": "The virtual table counts the distinct states from the 'Regions' table that belong to a specific region. The placeholder in the WHERE clause represents the region's name.",
        "gold_complexity": 12,
        "gold_sql": "SELECT COUNT(DISTINCT T) FROM ( SELECT CASE  WHEN Region = 'Midwest' THEN State ELSE NULL END AS T FROM Regions ) WHERE T IS NOT NULL"
    },
    {
        "sample_id": 2709,
        "vt": "SELECT SUM(CASE WHEN store locations.state = '[placeholder-type:string]' THEN sales orders.\"unit price\" ELSE [placeholder-type:numeric] END) - SUM(CASE WHEN store locations.state = '[placeholder-type:string]' THEN sales orders.\"unit price\" ELSE [placeholder-type:numeric] END) FROM products INNER JOIN \"Sales Orders\" AS T2 ON T2._ProductID = T1.ProductID INNER JOIN \"Store Locations\" AS T3 ON T3.StoreID = T2._StoreID WHERE products.\"product name\" = '[placeholder-type:string]'",
        "ba": "The virtual table calculates the difference between the total unit price of products sold in a specific state and the total unit price of products sold in other states. It uses placeholders for the state name and product name to allow users to specify their desired values.",
        "gold_complexity": 9,
        "gold_sql": "SELECT SUM(CASE WHEN T3.State = 'Florida' THEN T2.\"Unit Price\" ELSE 0 END) - SUM(CASE WHEN T3.State = 'Texas' THEN T2.\"Unit Price\" ELSE 0 END) FROM Products AS T1 INNER JOIN \"Sales Orders\" AS T2 ON T2._ProductID = T1.ProductID INNER JOIN \"Store Locations\" AS T3 ON T3.StoreID = T2._StoreID WHERE T1.\"Product Name\" = 'Computers'"
    },
    {
        "sample_id": 2605,
        "vt": "SELECT SUM(CASE WHEN sales orders.orderdate = '[placeholder-type:string]' THEN [placeholder-type:numeric] ELSE [placeholder-type:numeric] END) FROM \"sales orders\"",
        "ba": "The virtual table calculates the total order quantity from the 'sales orders' table for a specific order date. The placeholder in the SUM function represents the order date, while the numeric placeholders represent the quantities to be summed based on the condition.",
        "gold_complexity": 4,
        "gold_sql": "SELECT SUM(IIF(OrderDate = '5/31/18', 1, 0)) FROM \"Sales Orders\""
    },
    {
        "sample_id": 2681,
        "vt": "SELECT DISTINCT sales team.\"sales team\" FROM customers INNER JOIN \"Sales Orders\" AS T2 ON T2._CustomerID = T1.CustomerID INNER JOIN \"Sales Team\" AS T3 ON T3.SalesTeamID = T2._SalesTeamID WHERE customers.\"customer names\" = '[placeholder-type:string]'",
        "ba": "The virtual table describes the distinct sales team names associated with a specific customer from the 'customers' and 'sales orders' tables. The query joins these tables based on the customer ID and further joins the 'sales team' table to retrieve the sales team names. The placeholder in the WHERE clause represents the name of the customer.",
        "gold_complexity": 9,
        "gold_sql": "SELECT DISTINCT T3.\"Sales Team\" FROM Customers AS T1 INNER JOIN \"Sales Orders\" AS T2 ON T2._CustomerID = T1.CustomerID INNER JOIN \"Sales Team\" AS T3 ON T3.SalesTeamID = T2._SalesTeamID WHERE T1.\"Customer Names\" = 'Apotheca, Ltd'"
    },
    {
        "sample_id": 2661,
        "vt": "SELECT SUM(CASE WHEN sales orders.warehousecode = '[placeholder-type:string]' THEN [placeholder-type:numeric] ELSE [placeholder-type:numeric] END) - SUM(CASE WHEN sales orders.warehousecode = '[placeholder-type:string]' THEN [placeholder-type:numeric] ELSE [placeholder-type:numeric] END) FROM \"sales orders\"",
        "ba": "The virtual table calculates the difference in total order quantities from two different warehouse codes in the 'sales orders' table. The placeholders represent the warehouse codes and the quantities to be summed for each condition.",
        "gold_complexity": 4,
        "gold_sql": "SELECT SUM(IIF(WarehouseCode = 'WARE-MKL1006', 1, 0)) - SUM(IIF(WarehouseCode = 'WARE-NBV1002', 1, 0)) AS difference FROM \"Sales Orders\""
    },
    {
        "sample_id": 2634,
        "vt": "SELECT sales orders.ordernumber FROM \"sales orders\" WHERE REPLACE(sales orders.\"unit price\", ',', '') = (SELECT REPLACE(sales orders.\"unit price\", ',', '') FROM \"Sales Orders\" ORDER BY REPLACE(\"Unit Price\", ',', '') DESC LIMIT 1)",
        "ba": "The virtual table retrieves the order numbers from the 'sales orders' table where the unit price matches the highest unit price found in the same table. The placeholder in the query represents the unit price, which is formatted to remove any commas for accurate comparison.",
        "gold_complexity": 12,
        "gold_sql": "SELECT OrderNumber FROM \"Sales Orders\" WHERE REPLACE(\"Unit Price\", ',', '') = ( SELECT REPLACE(\"Unit Price\", ',', '') FROM \"Sales Orders\" ORDER BY REPLACE(\"Unit Price\", ',', '') DESC LIMIT 1 )"
    },
    {
        "sample_id": 2729,
        "vt": "SELECT CAST(COUNT(sales orders.ordernumber) AS FLOAT) / [placeholder-type:numeric] FROM \"sales orders\" INNER JOIN \"Sales Team\" AS T2 ON T2.SalesTeamID = T1._SalesTeamID WHERE (sales team.\"sales team\" = '[placeholder-type:string]' AND sales orders.shipdate LIKE '[placeholder-type:string]') OR (sales team.\"sales team\" = '[placeholder-type:string]' AND sales orders.shipdate LIKE '[placeholder-type:string]') OR (sales team.\"sales team\" = '[placeholder-type:string]' AND sales orders.shipdate LIKE '[placeholder-type:string]')",
        "ba": "The virtual table calculates the average number of sales orders shipped by a specific sales team over a given period. It joins the 'sales orders' table with the 'sales team' table to filter results based on the sales team name and the shipping date. The placeholders represent the sales team name and the specific shipping dates for which the average is calculated.",
        "gold_complexity": 9,
        "gold_sql": "SELECT CAST(COUNT(T1.OrderNumber) AS REAL) / 3 FROM \"Sales Orders\" AS T1 INNER JOIN \"Sales Team\" AS T2 ON T2.SalesTeamID = T1._SalesTeamID WHERE (T2.\"Sales Team\" = 'Carl Nguyen' AND ShipDate LIKE '%/%/18') OR (T2.\"Sales Team\" = 'Carl Nguyen' AND ShipDate LIKE '%/%/19') OR (T2.\"Sales Team\" = 'Carl Nguyen' AND ShipDate LIKE '%/%/20')"
    },
    {
        "sample_id": 2594,
        "vt": "SELECT DISTINCT store locations.storeid, store locations.\"city name\", regions.region FROM regions INNER JOIN \"Store Locations\" AS T2 ON T2.StateCode = T1.StateCode WHERE store locations.county = '[placeholder-type:string]'",
        "ba": "The virtual table describes the unique store IDs, city names, and regions from the 'store locations' and 'regions' tables. It filters the results based on a specific county, using a placeholder for the county name.",
        "gold_complexity": 12,
        "gold_sql": "SELECT DISTINCT T2.StoreID, T2.\"City Name\", T1.Region FROM Regions AS T1 INNER JOIN \"Store Locations\" AS T2 ON T2.StateCode = T1.StateCode WHERE T2.County = 'Allen County'"
    },
    {
        "sample_id": 2600,
        "vt": "SELECT DISTINCT store locations.\"city name\" FROM regions INNER JOIN \"Store Locations\" AS T2 ON T2.StateCode = T1.StateCode WHERE store locations.state = '[placeholder-type:string]' AND store locations.\"water area\" = '[placeholder-type:string]'",
        "ba": "The virtual table describes the distinct city names from the 'store locations' table that are associated with a specific state and have a specified water area. The query uses an inner join between the 'regions' and 'store locations' tables to filter the results based on the state and water area criteria.",
        "gold_complexity": 9,
        "gold_sql": "SELECT DISTINCT T2.\"City Name\" FROM Regions AS T1 INNER JOIN \"Store Locations\" AS T2 ON T2.StateCode = T1.StateCode WHERE T2.State = 'California' AND T2.\"Water Area\" = '0'"
    },
    {
        "sample_id": 2720,
        "vt": "SELECT products.\"product name\" FROM \"sales orders\" INNER JOIN Products AS T2 ON T2.ProductID = T1._ProductID ORDER BY REPLACE(sales orders.\"unit price\", ',', '') - REPLACE(sales orders.\"unit cost\", ',', '') LIMIT [placeholder-type:numeric]",
        "ba": "The virtual table retrieves the names of products from the 'products' table that are associated with sales orders. It calculates the net profit for each product by subtracting the unit cost from the unit price, and orders the results based on this profit. The query limits the number of results returned based on a specified numeric placeholder.",
        "gold_complexity": 9,
        "gold_sql": "SELECT T2.\"Product Name\" FROM \"Sales Orders\" AS T1 INNER JOIN Products AS T2 ON T2.ProductID = T1._ProductID ORDER BY REPLACE(T1.\"Unit Price\", ',', '') - REPLACE(T1.\"Unit Cost\", ',', '') DESC LIMIT 1"
    },
    {
        "sample_id": 2696,
        "vt": "SELECT store locations.latitude, store locations.longitude FROM \"sales orders\" INNER JOIN \"Store Locations\" AS T2 ON T2.StoreID = T1._StoreID WHERE sales orders.warehousecode = '[placeholder-type:string]' GROUP BY store locations.storeid ORDER BY COUNT(sales orders.warehousecode) LIMIT [placeholder-type:numeric]",
        "ba": "The virtual table provides the latitude and longitude of store locations from the 'sales orders' table, filtered by a specific warehouse code. It groups the results by store ID and orders them based on the count of sales orders associated with each warehouse, limiting the output to a specified number of results.",
        "gold_complexity": 14,
        "gold_sql": "SELECT T2.Latitude, T2.Longitude FROM \"Sales Orders\" AS T1 INNER JOIN \"Store Locations\" AS T2 ON T2.StoreID = T1._StoreID WHERE T1.WarehouseCode = 'WARE-PUJ1005' GROUP BY T2.StoreID ORDER BY COUNT(T1.WarehouseCode) ASC LIMIT 1"
    },
    {
        "sample_id": 2583,
        "vt": "SELECT DISTINCT subquery_q0.t FROM (SELECT CASE WHEN sales orders.orderdate LIKE '[placeholder-type:string]' AND customers.\"customer names\" = '[placeholder-type:string]' THEN sales orders.ordernumber ELSE NULL END FROM \"Sales Orders\" AS T1 INNER JOIN Customers AS T2 ON T2.CustomerID = T1._CustomerID) WHERE NOT subquery_q0.t IS NULL",
        "ba": "The virtual table retrieves distinct order numbers from the 'Sales Orders' table based on specific conditions related to the order date and customer name. It uses a subquery to check if the order date matches a specified pattern and if the customer's name matches a given name, returning the order number if both conditions are met.",
        "gold_complexity": 14,
        "gold_sql": "SELECT DISTINCT T FROM ( SELECT CASE  WHEN T1.OrderDate LIKE '%/%/18' AND T2.\"Customer Names\" = 'Rochester Ltd' THEN T1.OrderNumber ELSE NULL END AS T FROM \"Sales Orders\" T1 INNER JOIN Customers T2 ON T2.CustomerID = T1._CustomerID ) WHERE T IS NOT NULL"
    },
    {
        "sample_id": 2645,
        "vt": "SELECT DISTINCT store locations.\"city name\", store locations.latitude, store locations.longitude FROM \"store locations\" WHERE store locations.county = '[placeholder-type:string]'",
        "ba": "The virtual table describes the distinct city names along with their latitude and longitude from the 'store locations' table for a specific county. The placeholder in the WHERE clause represents the name of the county.",
        "gold_complexity": 11,
        "gold_sql": "SELECT DISTINCT \"City Name\", Latitude, Longitude FROM \"Store Locations\" WHERE County = 'Maricopa County'"
    },
    {
        "sample_id": 2631,
        "vt": "SELECT sales team.\"sales team\" FROM \"sales orders\" INNER JOIN \"Sales Team\" AS T2 ON T2.SalesTeamID = T1._SalesTeamID WHERE sales orders.orderdate LIKE '[placeholder-type:string]' GROUP BY sales team.\"sales team\" ORDER BY COUNT(sales orders.ordernumber) LIMIT [placeholder-type:numeric]",
        "ba": "The virtual table provides a list of sales team names from the 'sales orders' table, filtered by a specific order date. It joins the 'sales orders' table with the 'sales team' table to associate each order with its corresponding sales team. The results are grouped by sales team names and ordered by the count of orders, allowing for a limit on the number of results returned.",
        "gold_complexity": 12,
        "gold_sql": "SELECT T2.\"Sales Team\" FROM \"Sales Orders\" AS T1 INNER JOIN \"Sales Team\" AS T2 ON T2.SalesTeamID = T1._SalesTeamID WHERE T1.OrderDate LIKE '%/%/19' GROUP BY T2.\"Sales Team\" ORDER BY COUNT(T1.OrderNumber) ASC LIMIT 1"
    },
    {
        "sample_id": 2735,
        "vt": "SELECT customers.\"customer names\" FROM customers INNER JOIN \"Sales Orders\" AS T2 ON T2._CustomerID = T1.CustomerID INNER JOIN \"Store Locations\" AS T3 ON T3.StoreID = T2._StoreID WHERE store locations.\"city name\" = '[placeholder-type:string]' AND sales orders.procureddate LIKE '[placeholder-type:string]' ORDER BY REPLACE(sales orders.\"unit price\", ',', '') - REPLACE(sales orders.\"unit cost\", ',', '') LIMIT [placeholder-type:numeric]",
        "ba": "The virtual table describes the names of customers who have placed orders from specific store locations in a given city, filtered by the procurement date of the orders. The placeholders represent the city name, procurement date, and limit for the number of results.",
        "gold_complexity": 14,
        "gold_sql": "SELECT T1.\"Customer Names\" FROM Customers AS T1 INNER JOIN \"Sales Orders\" AS T2 ON T2._CustomerID = T1.CustomerID INNER JOIN \"Store Locations\" AS T3 ON T3.StoreID = T2._StoreID WHERE T3.\"City Name\" = 'Gilbert' AND T2.ProcuredDate LIKE '%/%/19' ORDER BY REPLACE(T2.\"Unit Price\", ',', '') - REPLACE(T2.\"Unit Cost\", ',', '') DESC LIMIT 1"
    },
    {
        "sample_id": 2674,
        "vt": "SELECT DISTINCT subquery_q0.t FROM (SELECT CASE WHEN sales orders._customerid = [placeholder-type:numeric] THEN sales orders.procureddate ELSE NULL END FROM \"Sales Orders\") WHERE NOT subquery_q0.t IS NULL",
        "ba": "The virtual table provides a distinct list of procurement dates from the 'sales orders' table for a specific customer, identified by their unique customer ID. The placeholder in the WHERE clause allows for the input of a specific customer ID to filter the results accordingly.",
        "gold_complexity": 12,
        "gold_sql": "SELECT DISTINCT T FROM ( SELECT IIF(_CustomerID = 11, ProcuredDate, NULL) AS T FROM \"Sales Orders\" ) WHERE T IS NOT NULL"
    },
    {
        "sample_id": 2588,
        "vt": "SELECT sales orders.ordernumber, REPLACE(sales orders.\"unit price\", ',', '') - REPLACE(sales orders.\"unit cost\", ',', '') FROM \"sales orders\" INNER JOIN \"Sales Team\" AS T2 ON T2.SalesTeamID = T1._SalesTeamID WHERE sales team.\"sales team\" = '[placeholder-type:string]'",
        "ba": "The virtual table describes the order numbers and net profit (calculated as unit price minus unit cost) from the 'sales orders' table for a specific sales team. The placeholder in the WHERE clause represents the name of the sales team.",
        "gold_complexity": 10,
        "gold_sql": "SELECT T1.OrderNumber , REPLACE(T1.\"Unit Price\", ',', '') - REPLACE(T1.\"Unit Cost\", ',', '')  FROM \"Sales Orders\" AS T1 INNER JOIN \"Sales Team\" AS T2 ON T2.SalesTeamID = T1._SalesTeamID WHERE T2.\"Sales Team\" = 'Joshua Bennett'"
    },
    {
        "sample_id": 2715,
        "vt": "SELECT CASE WHEN MAX(store locations.population) THEN store locations.storeid END FROM \"store locations\"",
        "ba": "The virtual table identifies the store with the maximum population from the 'store locations' table. It uses a conditional statement to return the store ID if the maximum population is found.",
        "gold_complexity": 5,
        "gold_sql": "SELECT CASE WHEN MAX(Population) THEN StoreID END FROM \"Store Locations\""
    },
    {
        "sample_id": 2683,
        "vt": "SELECT subquery_q0.t FROM (SELECT DISTINCT CASE WHEN products.\"product name\" = '[placeholder-type:string]' AND sales team.\"sales team\" = '[placeholder-type:string]' THEN store locations.\"city name\" ELSE NULL END FROM \"Store Locations\" AS T1 INNER JOIN \"Sales Orders\" AS T2 ON T2._StoreID = T1.StoreID INNER JOIN \"Sales Team\" AS T3 ON T3.SalesTeamID = T2._SalesTeamID INNER JOIN Products AS T4 ON T4.ProductID = T2._ProductID) WHERE NOT subquery_q0.t IS NULL",
        "ba": "The virtual table describes the distinct city names from the 'Store Locations' table where a specific product name and sales team name match the provided placeholders. It uses inner joins to connect the 'Sales Orders', 'Sales Team', and 'Products' tables to filter the results based on the specified product and sales team.",
        "gold_complexity": 16,
        "gold_sql": "SELECT T FROM ( SELECT DISTINCT CASE  WHEN T4.\"Product Name\" = 'Audio' AND T3.\"Sales Team\" = 'Shawn Torres' THEN T1.\"City Name\" ELSE NULL END AS T FROM \"Store Locations\" T1 INNER JOIN \"Sales Orders\" T2 ON T2._StoreID = T1.StoreID INNER JOIN \"Sales Team\" T3 ON T3.SalesTeamID = T2._SalesTeamID INNER JOIN Products T4 ON T4.ProductID = T2._ProductID ) WHERE T IS NOT NULL"
    },
    {
        "sample_id": 2730,
        "vt": "SELECT sales orders.\"unit price\" * sales orders.\"discount applied\", products.\"product name\" FROM \"sales orders\" INNER JOIN Products AS T2 ON T2.ProductID = T1._ProductID ORDER BY REPLACE(sales orders.\"unit price\", ',', '') - REPLACE(sales orders.\"unit cost\", ',', '') LIMIT [placeholder-type:numeric]",
        "ba": "The virtual table calculates the total price after discount for each product sold in the sales orders, displaying the product name alongside. It joins the sales orders with the products table based on the product ID, and orders the results by the net profit (unit price minus unit cost). The limit on the number of results is specified by a placeholder for numeric values.",
        "gold_complexity": 12,
        "gold_sql": "SELECT T1.\"Unit Price\" * T1.\"Discount Applied\", T2.\"Product Name\" FROM \"Sales Orders\" AS T1 INNER JOIN Products AS T2 ON T2.ProductID = T1._ProductID ORDER BY REPLACE(T1.\"Unit Price\", ',', '') - REPLACE(T1.\"Unit Cost\", ',', '') DESC LIMIT 1"
    },
    {
        "sample_id": 2608,
        "vt": "SELECT subquery_q0.t FROM (SELECT CASE WHEN regions.statecode = '[placeholder-type:string]' THEN regions.state ELSE NULL END FROM Regions) WHERE NOT subquery_q0.t IS NULL",
        "ba": "The virtual table retrieves the full state name from the 'regions' table based on a specific state code. The placeholder in the WHERE clause represents the state code that is being queried.",
        "gold_complexity": 11,
        "gold_sql": "SELECT T FROM ( SELECT IIF(StateCode = 'GA', State, NULL) AS T FROM Regions ) WHERE T IS NOT NULL"
    },
    {
        "sample_id": 2663,
        "vt": "SELECT DISTINCT store locations.storeid, regions.region FROM regions INNER JOIN \"Store Locations\" AS T2 ON T2.StateCode = T1.StateCode WHERE store locations.state = '[placeholder-type:string]'",
        "ba": "The virtual table describes the unique store IDs and their corresponding regions from the 'store locations' and 'regions' tables. The query filters the results based on a specific state, represented by a placeholder for string values.",
        "gold_complexity": 10,
        "gold_sql": "SELECT DISTINCT T2.StoreID, T1.Region FROM Regions AS T1 INNER JOIN \"Store Locations\" AS T2 ON T2.StateCode = T1.StateCode WHERE T2.State = 'Michigan'"
    },
    {
        "sample_id": 2609,
        "vt": "SELECT COUNT(DISTINCT T) FROM (SELECT CASE WHEN regions.region = '[placeholder-type:string]' THEN regions.statecode ELSE NULL END FROM Regions) WHERE NOT subquery_q0.t IS NULL",
        "ba": "The virtual table counts the distinct state codes from the 'regions' table where the region matches a specified value. The placeholder in the WHERE clause represents the region's name.",
        "gold_complexity": 12,
        "gold_sql": "SELECT COUNT(DISTINCT T) FROM ( SELECT CASE  WHEN Region = 'Midwest' THEN StateCode ELSE NULL END AS T FROM Regions ) WHERE T IS NOT NULL"
    },
    {
        "sample_id": 2578,
        "vt": "SELECT sales team.\"sales team\", sales team.region FROM \"sales orders\" INNER JOIN \"Sales Team\" AS T2 ON T2.SalesTeamID = T1._SalesTeamID WHERE sales orders.ordernumber = '[placeholder-type:string]'",
        "ba": "The virtual table provides information about the sales team and the region associated with a specific sales order. It retrieves the sales team name and the corresponding region by joining the 'sales orders' table with the 'sales team' table based on the sales team ID. The placeholder in the WHERE clause represents the unique order number for which the details are being queried.",
        "gold_complexity": 9,
        "gold_sql": "SELECT T2.\"Sales Team\", T2.Region FROM \"Sales Orders\" AS T1 INNER JOIN \"Sales Team\" AS T2 ON T2.SalesTeamID = T1._SalesTeamID WHERE T1.OrderNumber = 'SO - 000137'"
    },
    {
        "sample_id": 2619,
        "vt": "SELECT subquery_q0.t FROM (SELECT DISTINCT CASE WHEN customers.\"customer names\" = '[placeholder-type:string]' THEN sales orders.\"discount applied\" END FROM Customers AS T1 INNER JOIN \"Sales Orders\" AS T2 ON T2._CustomerID = T1.CustomerID) WHERE NOT subquery_q0.t IS NULL",
        "ba": "The virtual table retrieves distinct discount values applied to sales orders for a specific customer from the 'Customers' table. It uses a subquery to join the 'Sales Orders' table with the 'Customers' table based on the customer ID, filtering for a specific customer name. The result will show discounts that were applied to orders made by that customer.",
        "gold_complexity": 13,
        "gold_sql": "SELECT T FROM ( SELECT DISTINCT CASE  WHEN T1.\"Customer Names\" = 'Ole Group' THEN T2.\"Discount Applied\" END AS T FROM Customers T1 INNER JOIN \"Sales Orders\" T2 ON T2._CustomerID = T1.CustomerID ) WHERE T IS NOT NULL"
    },
    {
        "sample_id": 2732,
        "vt": "SELECT sales orders.\"sales channel\" FROM \"sales orders\" WHERE sales orders.orderdate LIKE '[placeholder-type:string]' GROUP BY sales orders.\"sales channel\" ORDER BY COUNT(sales orders.\"sales channel\") LIMIT [placeholder-type:numeric]",
        "ba": "The virtual table summarizes the sales channels used for orders placed on a specific date from the 'sales orders' table. It groups the results by the sales channel and orders them based on the count of orders for each channel, allowing users to see which sales channels were most utilized on that date. The placeholders represent the date of the orders and the limit on the number of results returned.",
        "gold_complexity": 11,
        "gold_sql": "SELECT \"Sales Channel\" FROM \"Sales Orders\" WHERE OrderDate LIKE '1/%/20' GROUP BY \"Sales Channel\" ORDER BY COUNT(\"Sales Channel\") DESC LIMIT 1"
    },
    {
        "sample_id": 2724,
        "vt": "SELECT customers.\"customer names\" FROM (SELECT customers.\"customer names\", sales orders.\"unit price\" - sales orders.\"unit cost\" FROM Customers AS T1 INNER JOIN \"Sales Orders\" AS T2 ON T2._CustomerID = T1.CustomerID) ORDER BY subquery_q0.\"net profit\" LIMIT [placeholder-type:numeric]",
        "ba": "The virtual table lists the names of customers along with their net profit from sales orders. It retrieves customer names from the 'customers' table and calculates net profit by subtracting the unit cost from the unit price in the 'sales orders' table. The results are ordered by net profit, and a limit is applied to restrict the number of records returned.",
        "gold_complexity": 13,
        "gold_sql": "SELECT \"Customer Names\" FROM ( SELECT T1.\"Customer Names\", T2.\"Unit Price\" - T2.\"Unit Cost\" AS \"net profit\" FROM Customers T1 INNER JOIN \"Sales Orders\" T2 ON T2._CustomerID = T1.CustomerID ) ORDER BY \"net profit\" DESC LIMIT 1"
    },
    {
        "sample_id": 2575,
        "vt": "SELECT sales team.region FROM \"sales team\" GROUP BY sales team.region ORDER BY COUNT(DISTINCT \"Sales Team\") LIMIT [placeholder-type:numeric]",
        "ba": "The virtual table provides a summary of the regions associated with sales teams from the 'sales team' table. It groups the results by region and orders them based on the count of distinct sales teams in each region, limiting the output to a specified number of regions.",
        "gold_complexity": 10,
        "gold_sql": "SELECT Region FROM \"Sales Team\" GROUP BY Region ORDER BY COUNT(DISTINCT \"Sales Team\") DESC LIMIT 1"
    },
    {
        "sample_id": 2654,
        "vt": "SELECT DISTINCT sales orders.ordernumber, products.\"product name\" FROM \"sales orders\" INNER JOIN Products AS T2 ON T2.ProductID = T1._ProductID WHERE sales orders.\"sales channel\" = '[placeholder-type:string]'",
        "ba": "The virtual table describes the unique order numbers and product names from the 'sales orders' table, filtered by a specific sales channel. The placeholder in the WHERE clause represents the sales channel type, such as In-Store, Online, Distributor, or Wholesale.",
        "gold_complexity": 10,
        "gold_sql": "SELECT DISTINCT T1.OrderNumber, T2.\"Product Name\" FROM \"Sales Orders\" AS T1 INNER JOIN Products AS T2 ON T2.ProductID = T1._ProductID WHERE T1.\"Sales Channel\" = 'In-Store'"
    },
    {
        "sample_id": 2688,
        "vt": "SELECT MAX(sales orders.\"discount applied\") FROM \"sales orders\" INNER JOIN \"Store Locations\" AS T2 ON T2.StoreID = T1._StoreID WHERE store locations.state = '[placeholder-type:string]' AND store locations.\"land area\" = [placeholder-type:numeric]",
        "ba": "The virtual table calculates the maximum discount applied from the 'sales orders' table, filtering the results based on the state and land area of the store locations. The placeholders represent the specific state name and land area value.",
        "gold_complexity": 8,
        "gold_sql": "SELECT MAX(T1.\"Discount Applied\") FROM \"Sales Orders\" AS T1 INNER JOIN \"Store Locations\" AS T2 ON T2.StoreID = T1._StoreID WHERE T2.State = 'Colorado' AND T2.\"Land Area\" = 111039036"
    },
    {
        "sample_id": 2616,
        "vt": "SELECT subquery_q0.t FROM (SELECT DISTINCT CASE WHEN regions.region = '[placeholder-type:string]' THEN store locations.\"city name\" END FROM Regions AS T1 INNER JOIN \"Store Locations\" AS T2 ON T2.StateCode = T1.StateCode) WHERE NOT subquery_q0.t IS NULL",
        "ba": "The virtual table lists distinct city names from the 'store locations' table that belong to a specific region identified in the 'regions' table. The placeholder in the WHERE clause represents the region's name.",
        "gold_complexity": 13,
        "gold_sql": "SELECT T FROM ( SELECT DISTINCT CASE  WHEN T1.Region = 'South' THEN T2.\"City Name\" END AS T FROM Regions T1 INNER JOIN \"Store Locations\" T2 ON T2.StateCode = T1.StateCode ) WHERE T IS NOT NULL"
    },
    {
        "sample_id": 2655,
        "vt": "SELECT SUM(CASE WHEN sales orders.orderdate LIKE '[placeholder-type:string]' AND sales orders.\"sales channel\" = '[placeholder-type:string]' AND store locations.\"city name\" = '[placeholder-type:string]' THEN [placeholder-type:numeric] ELSE [placeholder-type:numeric] END) FROM \"sales orders\" INNER JOIN \"Store Locations\" AS T2 ON T2.StoreID = T1._StoreID",
        "ba": "The virtual table summarizes the total order quantity from the 'sales orders' table based on specific conditions. It filters the orders by a given order date, sales channel, and city name from the 'store locations' table. The placeholders represent the values that can be modified to generate specific queries for different scenarios.",
        "gold_complexity": 7,
        "gold_sql": "SELECT SUM(CASE WHEN T1.OrderDate LIKE '5/%/18' AND T1.\"Sales Channel\" = 'Online' AND T2.\"City Name\" = 'Norman' THEN 1 ELSE 0 END) FROM \"Sales Orders\" AS T1 INNER JOIN \"Store Locations\" AS T2 ON T2.StoreID = T1._StoreID"
    },
    {
        "sample_id": 2641,
        "vt": "SELECT SUM(CASE WHEN SUBSTRING(sales orders.orderdate, -[placeholder-type:numeric]) IN ('[placeholder-type:string]', '[placeholder-type:string]', '[placeholder-type:string]') AND customers.\"customer names\" = '[placeholder-type:string]' THEN [placeholder-type:numeric] ELSE [placeholder-type:numeric] END) FROM \"sales orders\" INNER JOIN Customers AS T2 ON T2.CustomerID = T1._CustomerID",
        "ba": "The virtual table calculates the total order quantity from the 'sales orders' table for specific order dates and a particular customer name. It uses a conditional sum to check if the last few characters of the order date match any of the specified values, and if the customer name matches the given placeholder. The result will provide insights into the order quantities for that customer during the specified time frame.",
        "gold_complexity": 6,
        "gold_sql": "SELECT SUM(CASE WHEN SUBSTR(T1.OrderDate, -2) IN ('18', '19', '20') AND T2.\"Customer Names\" = 'Medsep Group' THEN 1 ELSE 0 END) FROM \"Sales Orders\" AS T1 INNER JOIN Customers AS T2 ON T2.CustomerID = T1._CustomerID"
    },
    {
        "sample_id": 2635,
        "vt": "SELECT sales orders._salesteamid FROM \"sales orders\" WHERE sales orders.orderdate LIKE '[placeholder-type:string]' GROUP BY sales orders._salesteamid ORDER BY COUNT(sales orders._salesteamid) LIMIT [placeholder-type:numeric]",
        "ba": "The virtual table retrieves the sales team IDs from the 'sales orders' table for orders placed on a specific date. The results are grouped by sales team ID and ordered by the count of orders for each team, allowing for the identification of the most active sales teams on that date. The placeholders represent the order date and the limit on the number of results returned.",
        "gold_complexity": 11,
        "gold_sql": "SELECT _SalesTeamID FROM \"Sales Orders\" WHERE OrderDate LIKE '%/%/18' GROUP BY _SalesTeamID ORDER BY COUNT(_SalesTeamID) DESC LIMIT 1"
    },
    {
        "sample_id": 2676,
        "vt": "SELECT DISTINCT subquery_q0.t FROM (SELECT CASE WHEN sales orders.\"discount applied\" = '[placeholder-type:string]' AND sales orders.\"sales channel\" = '[placeholder-type:string]' THEN sales orders._salesteamid ELSE NULL END FROM \"Sales Orders\") WHERE NOT subquery_q0.t IS NULL",
        "ba": "The virtual table identifies unique sales team IDs from the 'Sales Orders' table based on specific conditions related to discount applied and sales channel. The placeholders represent the values for discount and sales channel that the user can specify.",
        "gold_complexity": 13,
        "gold_sql": "SELECT DISTINCT T FROM ( SELECT CASE  WHEN \"Discount Applied\" = '0.1' AND \"Sales Channel\" = 'In-Store' THEN _SalesTeamID ELSE NULL END AS T FROM \"Sales Orders\" ) WHERE T IS NOT NULL"
    },
    {
        "sample_id": 2734,
        "vt": "SELECT sales team.\"sales team\", store locations.\"city name\" FROM \"store locations\" INNER JOIN \"Sales Orders\" AS T2 ON T2._StoreID = T1.StoreID INNER JOIN \"Sales Team\" AS T3 ON T3.SalesTeamID = T2._SalesTeamID WHERE sales orders.ordernumber = '[placeholder-type:string]'",
        "ba": "The virtual table provides a list of sales team names along with the corresponding city names from the store locations. It combines data from the 'store locations', 'sales orders', and 'sales team' tables using inner joins based on the relationships defined by foreign keys. The query filters results based on a specific order number, represented by a placeholder for string values.",
        "gold_complexity": 10,
        "gold_sql": "SELECT T3.\"Sales Team\", T1.\"City Name\" FROM \"Store Locations\" AS T1 INNER JOIN \"Sales Orders\" AS T2 ON T2._StoreID = T1.StoreID INNER JOIN \"Sales Team\" AS T3 ON T3.SalesTeamID = T2._SalesTeamID WHERE T2.OrderNumber = 'SO - 0001004'"
    },
    {
        "sample_id": 2639,
        "vt": "SELECT COUNT(sales orders.ordernumber) FROM \"sales orders\" INNER JOIN \"Store Locations\" AS T2 ON T2.StoreID = T1._StoreID WHERE sales orders.orderdate LIKE '[placeholder-type:string]' GROUP BY store locations.\"city name\" HAVING COUNT(sales orders.ordernumber)",
        "ba": "The virtual table counts the number of sales orders from the 'sales orders' table, joining it with the 'store locations' table to filter by store ID. It groups the results by city name and applies a condition to count only those orders that match a specific order date, represented by a placeholder.",
        "gold_complexity": 10,
        "gold_sql": "SELECT COUNT(T1.OrderNumber) FROM \"Sales Orders\" AS T1 INNER JOIN \"Store Locations\" AS T2 ON T2.StoreID = T1._StoreID WHERE T1.OrderDate LIKE '%/%/19' GROUP BY T2.\"City Name\" HAVING COUNT(T1.OrderNumber)"
    },
    {
        "sample_id": 2662,
        "vt": "SELECT subquery_q0.t FROM (SELECT DISTINCT CASE WHEN sales orders.deliverydate LIKE '[placeholder-type:string]' AND customers.\"customer names\" = '[placeholder-type:string]' THEN products.\"product name\" END FROM Customers AS T1 INNER JOIN \"Sales Orders\" AS T2 ON T2._CustomerID = T1.CustomerID INNER JOIN Products AS T3 ON T3.ProductID = T2._ProductID) WHERE NOT subquery_q0.t IS NULL",
        "ba": "The virtual table describes the distinct product names from the 'Products' table that have been ordered by a specific customer, filtered by the delivery date. The placeholders represent the delivery date and the customer's name.",
        "gold_complexity": 15,
        "gold_sql": "SELECT T FROM ( SELECT DISTINCT CASE  WHEN T2.DeliveryDate LIKE '%/%/21' AND T1.\"Customer Names\" = 'Sundial ' THEN T3.\"Product Name\" END AS T FROM Customers T1 INNER JOIN \"Sales Orders\" T2 ON T2._CustomerID = T1.CustomerID INNER JOIN Products T3 ON T3.ProductID = T2._ProductID ) WHERE T IS NOT NULL"
    },
    {
        "sample_id": 2722,
        "vt": "SELECT subquery_q0.t FROM (SELECT DISTINCT CASE WHEN store locations.\"median income\" < [placeholder-type:numeric] THEN regions.region END FROM Regions AS T1 INNER JOIN \"Store Locations\" AS T2 ON T2.StateCode = T1.StateCode) WHERE NOT subquery_q0.t IS NULL",
        "ba": "The virtual table identifies distinct regions based on the median income of store locations. It selects regions where the median income is below a specified threshold, ensuring that only relevant regions are included in the results. The placeholder represents the income threshold for filtering the regions.",
        "gold_complexity": 13,
        "gold_sql": "SELECT T FROM ( SELECT DISTINCT CASE  WHEN T2.\"Median Income\" < 30000 THEN T1.Region END AS T FROM Regions T1 INNER JOIN \"Store Locations\" T2 ON T2.StateCode = T1.StateCode ) WHERE T IS NOT NULL"
    },
    {
        "sample_id": 2644,
        "vt": "SELECT SUM(CASE WHEN sales team.region = '[placeholder-type:string]' THEN [placeholder-type:numeric] ELSE [placeholder-type:numeric] END) FROM \"sales team\"",
        "ba": "The virtual table summarizes the total sales for a specific region by aggregating the sales data from the 'sales team' table. The placeholder in the WHERE clause represents the region for which the sales total is being calculated.",
        "gold_complexity": 4,
        "gold_sql": "SELECT SUM(CASE WHEN Region = 'Northeast' THEN 1 ELSE 0 END) FROM \"Sales Team\""
    },
    {
        "sample_id": 2640,
        "vt": "SELECT DISTINCT CASE WHEN COUNT(customers.customerid) > [placeholder-type:numeric] THEN customers.\"customer names\" ELSE NULL END FROM \"sales orders\" INNER JOIN Customers AS T2 ON T2.CustomerID = T1._CustomerID WHERE sales orders.orderdate LIKE '[placeholder-type:string]' GROUP BY sales orders._customerid HAVING COUNT(customers.customerid)",
        "ba": "The virtual table provides a list of customer names from the 'customers' table, but only includes those customers who have placed more than a specified number of orders. The query joins the 'sales orders' table with the 'customers' table based on the customer ID, filters the results by a specific order date, and groups the results by customer ID. If a customer has placed more orders than the specified threshold, their name is included in the results; otherwise, it returns NULL for that customer.",
        "gold_complexity": 12,
        "gold_sql": "SELECT DISTINCT IIF(COUNT(T2.CustomerID) > 3, T2.\"Customer Names\", NULL) FROM \"Sales Orders\" AS T1 INNER JOIN Customers AS T2 ON T2.CustomerID = T1._CustomerID WHERE T1.OrderDate LIKE '%/%/18' GROUP BY T1._CustomerID HAVING COUNT(T2.CustomerID)"
    },
    {
        "sample_id": 2593,
        "vt": "SELECT store locations.\"city name\", store locations.\"median income\" FROM \"store locations\" WHERE store locations.state = '[placeholder-type:string]' ORDER BY store locations.population LIMIT [placeholder-type:numeric]",
        "ba": "The virtual table describes the city names and median incomes of store locations from the 'store locations' table for a specific state. The placeholders in the WHERE clause represent the state name and the limit on the number of results to return.",
        "gold_complexity": 11,
        "gold_sql": "SELECT \"City Name\", \"Median Income\" FROM \"Store Locations\" WHERE State = 'Florida' ORDER BY Population DESC LIMIT 1"
    },
    {
        "sample_id": 2628,
        "vt": "SELECT products.\"product name\" FROM \"sales orders\" INNER JOIN Products AS T2 ON T2.ProductID = T1._ProductID WHERE sales orders.orderdate LIKE '[placeholder-type:string]' ORDER BY REPLACE(sales orders.\"unit price\", ',', '') - REPLACE(sales orders.\"unit cost\", ',', '') LIMIT [placeholder-type:numeric]",
        "ba": "The virtual table describes the names of products from the 'products' table that are associated with sales orders placed on a specific date. The query joins the 'sales orders' table with the 'products' table based on the product ID, and it filters the results by the order date using a placeholder for string values. Additionally, it calculates the net profit for each order by subtracting the unit cost from the unit price, and it limits the results based on a specified numeric value.",
        "gold_complexity": 11,
        "gold_sql": "SELECT T2.\"Product Name\" FROM \"Sales Orders\" AS T1 INNER JOIN Products AS T2 ON T2.ProductID = T1._ProductID WHERE T1.OrderDate LIKE '%/%/19' ORDER BY REPLACE(T1.\"Unit Price\", ',', '') - REPLACE(T1.\"Unit Cost\", ',', '') DESC LIMIT 1"
    },
    {
        "sample_id": 2577,
        "vt": "SELECT AVG(store locations.\"median income\") FROM \"store locations\" WHERE store locations.type = '[placeholder-type:string]'",
        "ba": "The virtual table calculates the average median income from the 'store locations' table for a specific type of store. The placeholder in the WHERE clause represents the type of store being queried.",
        "gold_complexity": 6,
        "gold_sql": "SELECT AVG(\"Median Income\") FROM \"Store Locations\" WHERE Type = 'City'"
    },
    {
        "sample_id": 2630,
        "vt": "SELECT subquery_q0.t FROM (SELECT DISTINCT CASE WHEN sales orders.orderdate = '[placeholder-type:string]' THEN sales team.\"sales team\" ELSE NULL END FROM \"Sales Orders\" AS T1 INNER JOIN \"Sales Team\" AS T2 ON T2.SalesTeamID = T1._SalesTeamID) WHERE NOT subquery_q0.t IS NULL",
        "ba": "The virtual table retrieves distinct sales team names from the 'Sales Orders' table based on a specific order date. It uses a subquery to join the 'Sales Orders' and 'Sales Team' tables, filtering for records where the order date matches the specified placeholder. The result will only include non-null sales team names associated with that order date.",
        "gold_complexity": 13,
        "gold_sql": "SELECT T FROM ( SELECT DISTINCT CASE  WHEN T1.OrderDate = '5/31/18' THEN T2.\"Sales Team\" ELSE NULL END AS T FROM \"Sales Orders\" T1 INNER JOIN \"Sales Team\" T2 ON T2.SalesTeamID = T1._SalesTeamID ) WHERE T IS NOT NULL"
    },
    {
        "sample_id": 2607,
        "vt": "SELECT SUM(CASE WHEN sales orders.\"order quantity\" > [placeholder-type:numeric] THEN [placeholder-type:numeric] ELSE [placeholder-type:numeric] END) FROM \"sales orders\"",
        "ba": "The virtual table calculates the total order quantity from the 'sales orders' table, applying a conditional sum based on whether the order quantity exceeds a specified threshold. The placeholders represent the threshold for order quantity and the values to sum based on that condition.",
        "gold_complexity": 4,
        "gold_sql": "SELECT SUM(IIF(\"Order Quantity\" > 5, 1, 0)) FROM \"Sales Orders\""
    },
    {
        "sample_id": 2611,
        "vt": "SELECT subquery_q0.t FROM (SELECT DISTINCT CASE WHEN products.\"product name\" = '[placeholder-type:string]' THEN sales orders.deliverydate ELSE NULL END FROM \"Sales Orders\" AS T1 INNER JOIN Products AS T2 ON T2.ProductID = T1._ProductID) WHERE NOT subquery_q0.t IS NULL",
        "ba": "The virtual table retrieves distinct delivery dates for sales orders where the product name matches a specified value. It uses a subquery to join the 'Sales Orders' and 'Products' tables based on the product ID, filtering the results to only include delivery dates for the specified product name.",
        "gold_complexity": 13,
        "gold_sql": "SELECT T FROM ( SELECT DISTINCT IIF(T2.\"Product Name\" = 'Cookware', T1.DeliveryDate, NULL) AS T FROM \"Sales Orders\" T1 INNER JOIN Products T2 ON T2.ProductID = T1._ProductID ) WHERE T IS NOT NULL"
    },
    {
        "sample_id": 2617,
        "vt": "SELECT subquery_q0.t FROM (SELECT DISTINCT CASE WHEN store locations.type = '[placeholder-type:string]' THEN regions.region END FROM Regions AS T1 INNER JOIN \"Store Locations\" AS T2 ON T2.StateCode = T1.StateCode) WHERE NOT subquery_q0.t IS NULL",
        "ba": "The virtual table identifies distinct regions based on the type of store from the 'Store Locations' table. It uses a subquery to join the 'Regions' and 'Store Locations' tables on the state code, filtering for a specific store type. The result will show the unique regions where that type of store is located, excluding any null values.",
        "gold_complexity": 13,
        "gold_sql": "SELECT T FROM ( SELECT DISTINCT CASE  WHEN T2.Type = 'Town' THEN T1.Region END AS T FROM Regions T1 INNER JOIN \"Store Locations\" T2 ON T2.StateCode = T1.StateCode ) WHERE T IS NOT NULL"
    },
    {
        "sample_id": 2649,
        "vt": "SELECT products.\"product name\" FROM \"sales orders\" INNER JOIN Products AS T2 ON T2.ProductID = T1._ProductID WHERE sales orders.orderdate LIKE '[placeholder-type:string]' GROUP BY sales orders._productid ORDER BY COUNT(sales orders._productid) LIMIT [placeholder-type:numeric]",
        "ba": "The virtual table describes the names of products from the 'sales orders' table, filtered by a specific order date. It joins the 'sales orders' table with the 'products' table to retrieve the product names associated with each order. The results are grouped by product ID to count the occurrences of each product in the orders, and the output is limited to a specified number of products based on their order frequency.",
        "gold_complexity": 12,
        "gold_sql": "SELECT T2.\"Product Name\" FROM \"Sales Orders\" AS T1 INNER JOIN Products AS T2 ON T2.ProductID = T1._ProductID WHERE T1.OrderDate LIKE '%/%/18' GROUP BY T1._ProductID ORDER BY COUNT(T1._ProductID) DESC LIMIT 1"
    },
    {
        "sample_id": 2646,
        "vt": "SELECT sales orders.ordernumber FROM \"sales orders\" WHERE REPLACE(sales orders.\"unit cost\", ',', '') = (SELECT REPLACE(sales orders.\"unit cost\", ',', '') FROM \"Sales Orders\" ORDER BY REPLACE(\"Unit Cost\", ',', '') DESC LIMIT 1)",
        "ba": "The virtual table retrieves the order numbers from the 'sales orders' table where the unit cost of the order matches the highest unit cost found in the same table. The placeholder in the query allows for dynamic filtering based on the unit cost.",
        "gold_complexity": 12,
        "gold_sql": "SELECT OrderNumber FROM \"Sales Orders\" WHERE REPLACE(\"Unit Cost\", ',', '') = ( SELECT REPLACE(\"Unit Cost\", ',', '') FROM \"Sales Orders\" ORDER BY REPLACE(\"Unit Cost\", ',', '') DESC LIMIT 1 )"
    },
    {
        "sample_id": 2668,
        "vt": "SELECT SUM(REPLACE(sales orders.\"unit price\", ',', '') - REPLACE(sales orders.\"unit cost\", ',', '')) FROM \"sales orders\" INNER JOIN Products AS T2 ON T2.ProductID = T1._ProductID WHERE sales orders.deliverydate LIKE '[placeholder-type:string]' AND products.\"product name\" = '[placeholder-type:string]'",
        "ba": "The virtual table calculates the total net profit from sales orders by subtracting the unit cost from the unit price for each order. It filters the results based on a specific delivery date and product name, allowing users to analyze profitability for a particular product over a given time period.",
        "gold_complexity": 10,
        "gold_sql": "SELECT SUM(REPLACE(T1.\"Unit Price\", ',', '') - REPLACE(T1.\"Unit Cost\", ',', '')) FROM \"Sales Orders\" AS T1 INNER JOIN Products AS T2 ON T2.ProductID = T1._ProductID WHERE T1.DeliveryDate LIKE '%/%/21' AND T2.\"Product Name\" = 'Floral'"
    },
    {
        "sample_id": 2652,
        "vt": "SELECT SUM(CASE WHEN customers.\"customer names\" = '[placeholder-type:string]' THEN [placeholder-type:numeric] ELSE [placeholder-type:numeric] END) FROM customers INNER JOIN \"Sales Orders\" AS T2 ON T2._CustomerID = T1.CustomerID",
        "ba": "The virtual table calculates the total order quantity for a specific customer from the 'customers' table by summing the order quantities from the 'sales orders' table. It uses a conditional statement to differentiate between the order quantities based on whether the customer's name matches a specified value. The placeholders represent the customer's name and the numeric values for order quantities.",
        "gold_complexity": 5,
        "gold_sql": "SELECT SUM(CASE WHEN T1.\"Customer Names\" = 'Rochester Ltd' THEN 1 ELSE 0 END) FROM Customers AS T1 INNER JOIN \"Sales Orders\" AS T2 ON T2._CustomerID = T1.CustomerID"
    },
    {
        "sample_id": 2624,
        "vt": "SELECT store locations.storeid, store locations.latitude, store locations.longitude FROM \"store locations\" WHERE store locations.\"city name\" = '[placeholder-type:string]'",
        "ba": "The virtual table describes the unique store IDs along with their latitude and longitude from the 'store locations' table for stores located in a specific city. The placeholder in the WHERE clause represents the name of the city.",
        "gold_complexity": 10,
        "gold_sql": "SELECT StoreID, Latitude, Longitude FROM \"Store Locations\" WHERE \"City Name\" = 'Birmingham'"
    },
    {
        "sample_id": 2601,
        "vt": "SELECT CAST(SUM(CASE WHEN sales team.\"sales team\" = '[placeholder-type:string]' THEN [placeholder-type:numeric] ELSE [placeholder-type:numeric] END) AS FLOAT) * [placeholder-type:numeric] / COUNT(sales orders.ordernumber) FROM \"sales orders\" INNER JOIN \"Sales Team\" AS T2 ON T2.SalesTeamID = T1._SalesTeamID",
        "ba": "The virtual table calculates the weighted average of a specific metric from the 'sales orders' table, based on the sales team specified. It sums up the values conditionally based on the sales team name and divides it by the count of orders to get an average, while also allowing for a multiplier to adjust the final result.",
        "gold_complexity": 6,
        "gold_sql": "SELECT CAST(SUM(CASE WHEN T2.\"Sales Team\" = 'Carlos Miller' THEN 1 ELSE 0 END) AS REAL) * 100 / COUNT(T1.OrderNumber) FROM \"Sales Orders\" AS T1 INNER JOIN \"Sales Team\" AS T2 ON T2.SalesTeamID = T1._SalesTeamID"
    },
    {
        "sample_id": 2626,
        "vt": "SELECT SUM(CASE WHEN store locations.state = '[placeholder-type:string]' AND store locations.type = '[placeholder-type:string]' THEN [placeholder-type:numeric] ELSE [placeholder-type:numeric] END) FROM \"store locations\"",
        "ba": "The virtual table calculates the total quantity of orders from the 'sales orders' table based on specific conditions related to store locations. It sums the order quantities for stores located in a specified state and of a specified type, using placeholders for both the state name and store type. The result will provide insights into the order quantities for different store types within a particular state.",
        "gold_complexity": 5,
        "gold_sql": "SELECT SUM(CASE WHEN State = 'California' AND Type = 'CDP' THEN 1 ELSE 0 END) FROM \"Store Locations\""
    },
    {
        "sample_id": 2677,
        "vt": "SELECT SUM(CASE WHEN store locations.population < [placeholder-type:numeric] AND store locations.type = '[placeholder-type:string]' AND store locations.\"city name\" = '[placeholder-type:string]' THEN [placeholder-type:numeric] ELSE [placeholder-type:numeric] END) FROM \"store locations\"",
        "ba": "The virtual table calculates the total order quantity from the 'store locations' table based on specific conditions. It sums the order quantities for stores that have a population less than a specified number, are of a certain type, and are located in a specific city. The placeholders represent the population limit, store type, city name, and the order quantity to be summed.",
        "gold_complexity": 6,
        "gold_sql": "SELECT SUM(CASE WHEN Population < 3000000 AND Type = 'Borough' AND \"City Name\" = 'Brooklyn' THEN 1 ELSE 0 END) FROM \"Store Locations\""
    },
    {
        "sample_id": 2704,
        "vt": "SELECT sales team.region FROM \"sales orders\" INNER JOIN \"Sales Team\" AS T2 ON T2.SalesTeamID = T1._SalesTeamID WHERE sales orders.\"sales channel\" = '[placeholder-type:string]' ORDER BY sales orders.\"discount applied\" LIMIT [placeholder-type:numeric]",
        "ba": "The virtual table provides a list of regions associated with sales orders filtered by a specific sales channel. It joins the 'sales orders' table with the 'sales team' table to retrieve the relevant region information. The placeholders allow users to specify the sales channel and limit the number of results returned.",
        "gold_complexity": 10,
        "gold_sql": "SELECT T2.Region FROM \"Sales Orders\" AS T1 INNER JOIN \"Sales Team\" AS T2 ON T2.SalesTeamID = T1._SalesTeamID WHERE T1.\"Sales Channel\" = 'Online' ORDER BY T1.\"Discount Applied\" DESC LIMIT 1"
    },
    {
        "sample_id": 2657,
        "vt": "SELECT subquery_q0.t FROM (SELECT DISTINCT CASE WHEN sales team.\"sales team\" = '[placeholder-type:string]' THEN sales orders.ordernumber ELSE NULL END FROM \"Sales Orders\" AS T1 INNER JOIN \"Sales Team\" AS T2 ON T2.SalesTeamID = T1._SalesTeamID) WHERE NOT subquery_q0.t IS NULL",
        "ba": "The virtual table retrieves distinct order numbers from the 'Sales Orders' table for a specific sales team. It uses a subquery to filter the orders based on the sales team name provided as a placeholder. The result will only include order numbers associated with the specified sales team, ensuring that any duplicates are removed.",
        "gold_complexity": 13,
        "gold_sql": "SELECT T FROM ( SELECT DISTINCT CASE  WHEN T2.\"Sales Team\" = 'Samuel Fowler' THEN T1.OrderNumber ELSE NULL END AS T FROM \"Sales Orders\" T1 INNER JOIN \"Sales Team\" T2 ON T2.SalesTeamID = T1._SalesTeamID ) WHERE T IS NOT NULL"
    },
    {
        "sample_id": 2603,
        "vt": "SELECT SUM(REPLACE(sales orders.\"unit price\", ',', '') - REPLACE(sales orders.\"unit cost\", ',', '')) FROM \"sales orders\" INNER JOIN \"Store Locations\" AS T2 ON T2.StoreID = T1._StoreID ORDER BY store locations.\"median income\" LIMIT [placeholder-type:numeric]",
        "ba": "The virtual table calculates the total net profit from sales orders by subtracting the unit cost from the unit price for each order. It joins the 'sales orders' table with the 'store locations' table to access the median income of each store's location. The result is ordered by the median income, and a limit is applied to restrict the number of results returned based on a specified numeric value.",
        "gold_complexity": 9,
        "gold_sql": "SELECT SUM(REPLACE(T1.\"Unit Price\", ',', '') - REPLACE(T1.\"Unit Cost\", ',', '')) FROM \"Sales Orders\" AS T1 INNER JOIN \"Store Locations\" AS T2 ON T2.StoreID = T1._StoreID ORDER BY T2.\"Median Income\" DESC LIMIT 1"
    },
    {
        "sample_id": 2651,
        "vt": "SELECT subquery_q0.t FROM (SELECT DISTINCT CASE WHEN store locations.\"city name\" = '[placeholder-type:string]' THEN sales orders.ordernumber END FROM \"Sales Orders\" AS T1 INNER JOIN \"Store Locations\" AS T2 ON T2.StoreID = T1._StoreID) WHERE NOT subquery_q0.t IS NULL",
        "ba": "The virtual table retrieves unique order numbers from the 'Sales Orders' table for a specific city by joining it with the 'Store Locations' table. The placeholder in the query represents the city name for which the order numbers are being queried.",
        "gold_complexity": 13,
        "gold_sql": "SELECT T FROM ( SELECT DISTINCT CASE  WHEN T2.\"City Name\" = 'Daly City' THEN T1.OrderNumber END AS T FROM \"Sales Orders\" T1 INNER JOIN \"Store Locations\" T2 ON T2.StoreID = T1._StoreID ) WHERE T IS NOT NULL"
    },
    {
        "sample_id": 2672,
        "vt": "SELECT COUNT(sales orders.ordernumber) / [placeholder-type:numeric] FROM \"sales orders\" INNER JOIN Customers AS T2 ON T2.CustomerID = T1._CustomerID WHERE (sales orders.orderdate LIKE '[placeholder-type:string]' AND customers.\"customer names\" = '[placeholder-type:string]') OR (sales orders.orderdate LIKE '[placeholder-type:string]' AND customers.\"customer names\" = '[placeholder-type:string]') OR (sales orders.orderdate LIKE '[placeholder-type:string]' AND customers.\"customer names\" = '[placeholder-type:string]')",
        "ba": "The virtual table calculates the average number of sales orders placed by a specific customer on certain dates. It counts the total number of orders from the 'sales orders' table, filtering based on the order date and customer name. The result is divided by a placeholder for numeric values to provide an average.",
        "gold_complexity": 9,
        "gold_sql": "SELECT COUNT(T1.OrderNumber) / 3 FROM \"Sales Orders\" AS T1 INNER JOIN Customers AS T2 ON T2.CustomerID = T1._CustomerID WHERE (T1.OrderDate LIKE '%/%/18' AND T2.\"Customer Names\" = 'Weimei Corp') OR (T1.OrderDate LIKE '%/%/19' AND T2.\"Customer Names\" = 'Weimei Corp') OR (T1.OrderDate LIKE '%/%/20' AND T2.\"Customer Names\" = 'Weimei Corp')"
    },
    {
        "sample_id": 2650,
        "vt": "SELECT SUM(CASE WHEN sales team.\"sales team\" = '[placeholder-type:string]' THEN [placeholder-type:numeric] ELSE [placeholder-type:numeric] END) FROM \"sales orders\" INNER JOIN \"Sales Team\" AS T2 ON T2.SalesTeamID = T1._SalesTeamID",
        "ba": "The virtual table summarizes the total order quantity from the 'sales orders' table, filtered by a specific sales team. It uses a conditional aggregation to calculate the sum based on whether the sales team matches the specified name, allowing for comparison of order quantities for that team against others.",
        "gold_complexity": 5,
        "gold_sql": "SELECT SUM(CASE WHEN T2.\"Sales Team\" = 'Adam Hernandez' THEN 1 ELSE 0 END) FROM \"Sales Orders\" AS T1 INNER JOIN \"Sales Team\" AS T2 ON T2.SalesTeamID = T1._SalesTeamID"
    },
    {
        "sample_id": 2597,
        "vt": "SELECT CAST(SUM(CASE WHEN sales orders.\"sales channel\" = '[placeholder-type:string]' THEN [placeholder-type:numeric] ELSE [placeholder-type:numeric] END) AS FLOAT) * [placeholder-type:numeric] / COUNT(sales orders._customerid) FROM \"sales orders\" INNER JOIN Customers AS T2 ON T2.CustomerID = T1._CustomerID WHERE customers.\"customer names\" = '[placeholder-type:string]'",
        "ba": "The virtual table calculates the average sales amount for a specific sales channel from the 'sales orders' table, filtered by a specific customer name from the 'customers' table. It sums the order quantities for the specified sales channel and divides it by the count of orders for that customer, applying a multiplier placeholder to adjust the result.",
        "gold_complexity": 8,
        "gold_sql": "SELECT CAST(SUM(CASE WHEN T1.\"Sales Channel\" = 'In-Store' THEN 1 ELSE 0 END) AS REAL) * 100 / COUNT(T1._CustomerID) FROM \"Sales Orders\" AS T1 INNER JOIN Customers AS T2 ON T2.CustomerID = T1._CustomerID WHERE T2.\"Customer Names\" = 'Medline '"
    },
    {
        "sample_id": 2581,
        "vt": "SELECT DISTINCT sales orders.ordernumber, store locations.\"city name\" FROM \"sales orders\" INNER JOIN \"Store Locations\" AS T2 ON T2.StoreID = T1._StoreID WHERE sales orders.\"sales channel\" = '[placeholder-type:string]'",
        "ba": "The virtual table describes the unique order numbers and corresponding city names from the 'sales orders' table, filtered by a specific sales channel. The query joins the 'sales orders' table with the 'store locations' table to retrieve the city name associated with each order, using a placeholder for the sales channel.",
        "gold_complexity": 10,
        "gold_sql": "SELECT DISTINCT T1.OrderNumber, T2.\"City Name\" FROM \"Sales Orders\" AS T1 INNER JOIN \"Store Locations\" AS T2 ON T2.StoreID = T1._StoreID WHERE T1.\"Sales Channel\" = 'In-Store'"
    },
    {
        "sample_id": 2665,
        "vt": "SELECT store locations.storeid FROM \"sales orders\" INNER JOIN \"Store Locations\" AS T2 ON T2.StoreID = T1._StoreID WHERE store locations.\"city name\" = '[placeholder-type:string]' OR store locations.\"city name\" = '[placeholder-type:string]' GROUP BY store locations.storeid ORDER BY COUNT(sales orders.ordernumber) LIMIT [placeholder-type:numeric]",
        "ba": "The virtual table retrieves unique store IDs from the 'sales orders' table by joining it with the 'store locations' table. It filters the results based on specific city names provided as placeholders, allowing for the selection of stores located in either of the specified cities. The results are grouped by store ID and ordered by the count of orders associated with each store, limiting the output to a specified number of results.",
        "gold_complexity": 12,
        "gold_sql": "SELECT T2.StoreID FROM \"Sales Orders\" AS T1 INNER JOIN \"Store Locations\" AS T2 ON T2.StoreID = T1._StoreID WHERE T2.\"City Name\" = 'Aurora (Township)' OR T2.\"City Name\" = 'Babylon (Town)' GROUP BY T2.StoreID ORDER BY COUNT(T1.OrderNumber) DESC LIMIT 1"
    },
    {
        "sample_id": 2721,
        "vt": "SELECT AVG(store locations.\"household income\") FROM regions INNER JOIN \"Store Locations\" AS T2 ON T2.StateCode = T1.StateCode WHERE regions.region = '[placeholder-type:string]' GROUP BY store locations.state ORDER BY COUNT(store locations.storeid) LIMIT [placeholder-type:numeric]",
        "ba": "The virtual table calculates the average household income from the 'store locations' table, filtered by the region specified in the 'regions' table. It joins the 'regions' and 'store locations' tables on the state code, groups the results by state, and orders them based on the count of store IDs, limiting the results to a specified number.",
        "gold_complexity": 12,
        "gold_sql": "SELECT AVG(T2.\"Household Income\") FROM Regions AS T1 INNER JOIN \"Store Locations\" AS T2 ON T2.StateCode = T1.StateCode WHERE T1.Region = 'Northeast' GROUP BY T2.State ORDER BY COUNT(T2.StoreID) DESC LIMIT 1"
    },
    {
        "sample_id": 2658,
        "vt": "SELECT COUNT(sales orders.ordernumber) FROM products INNER JOIN \"Sales Orders\" AS T2 ON T2._ProductID = T1.ProductID WHERE products.\"product name\" = '[placeholder-type:string]' AND sales orders.orderdate LIKE '[placeholder-type:string]'",
        "ba": "The virtual table counts the number of sales orders for a specific product based on its name and a specified order date. It joins the 'products' table with the 'sales orders' table to filter the results accordingly.",
        "gold_complexity": 9,
        "gold_sql": "SELECT COUNT(T2.OrderNumber) FROM Products AS T1 INNER JOIN \"Sales Orders\" AS T2 ON T2._ProductID = T1.ProductID WHERE T1.\"Product Name\" = 'Baseball' AND T2.OrderDate LIKE '12/%/18'"
    },
    {
        "sample_id": 2692,
        "vt": "SELECT store locations.\"city name\" FROM \"sales orders\" INNER JOIN \"Store Locations\" AS T2 ON T2.StoreID = T1._StoreID WHERE REPLACE(sales orders.\"unit price\", ',', '') = (SELECT REPLACE(sales orders.\"unit price\", ',', '') FROM \"Sales Orders\" AS T1 INNER JOIN \"Store Locations\" AS T2 ON T2.StoreID = T1._StoreID ORDER BY REPLACE(T1.\"Unit Price\", ',', '') DESC LIMIT 1) ORDER BY REPLACE(sales orders.\"unit price\", ',', '') LIMIT [placeholder-type:numeric]",
        "ba": "The virtual table retrieves the city names from the 'store locations' table based on the highest unit price from the 'sales orders' table. It uses an inner join to connect the 'sales orders' and 'store locations' tables through the store ID. The query filters the results to find city names where the unit price matches the highest unit price found in the sales orders, and limits the number of results returned based on a specified numeric placeholder.",
        "gold_complexity": 13,
        "gold_sql": "SELECT T2.\"City Name\" FROM \"Sales Orders\" AS T1 INNER JOIN \"Store Locations\" AS T2 ON T2.StoreID = T1._StoreID WHERE REPLACE(T1.\"Unit Price\", ',', '') = ( SELECT REPLACE(T1.\"Unit Price\", ',', '') FROM \"Sales Orders\" AS T1 INNER JOIN \"Store Locations\" AS T2 ON T2.StoreID = T1._StoreID ORDER BY REPLACE(T1.\"Unit Price\", ',', '') DESC LIMIT 1 ) ORDER BY REPLACE(T1.\"Unit Price\", ',', '') DESC LIMIT 1"
    },
    {
        "sample_id": 2731,
        "vt": "SELECT customers.\"customer names\" FROM (SELECT customers.\"customer names\", REPLACE(sales orders.\"unit price\", ',', '') * sales orders.\"order quantity\" - REPLACE(sales orders.\"unit price\", ',', '') * sales orders.\"discount applied\" FROM Customers AS T1 INNER JOIN \"Sales Orders\" AS T2 ON T2._CustomerID = T1.CustomerID) ORDER BY subquery_q0.t LIMIT [placeholder-type:numeric]",
        "ba": "The virtual table lists the names of customers from the 'customers' table, along with a calculated value representing the total revenue generated from their orders after applying any discounts. The calculation involves multiplying the unit price of each product by the order quantity and subtracting the discount applied. The results are ordered by a specified limit, allowing users to retrieve a specific number of customer names based on their total revenue.",
        "gold_complexity": 14,
        "gold_sql": "SELECT \"Customer Names\" FROM ( SELECT T1.\"Customer Names\" , REPLACE(T2.\"Unit Price\", ',', '') * T2.\"Order Quantity\" - REPLACE(T2.\"Unit Price\", ',', '') * T2.\"Discount Applied\" AS T FROM Customers T1 INNER JOIN \"Sales Orders\" T2 ON T2._CustomerID = T1.CustomerID ) ORDER BY T DESC LIMIT 3"
    },
    {
        "sample_id": 2695,
        "vt": "SELECT products.\"product name\" FROM products INNER JOIN \"Sales Orders\" AS T2 ON T2._ProductID = T1.ProductID INNER JOIN \"Store Locations\" AS T3 ON T3.StoreID = T2._StoreID WHERE store locations.\"city name\" = '[placeholder-type:string]' GROUP BY products.\"product name\" ORDER BY COUNT(products.\"product name\") LIMIT [placeholder-type:numeric]",
        "ba": "The virtual table describes the names of products sold in a specific city, along with the count of how many times each product has been ordered. It joins the 'products' table with the 'sales orders' table to link products to their respective orders, and further joins with the 'store locations' table to filter by a specific city. The results are grouped by product name and ordered by the count of orders, with a limit on the number of results returned.",
        "gold_complexity": 13,
        "gold_sql": "SELECT T1.\"Product Name\" FROM Products AS T1 INNER JOIN \"Sales Orders\" AS T2 ON T2._ProductID = T1.ProductID INNER JOIN \"Store Locations\" AS T3 ON T3.StoreID = T2._StoreID WHERE T3.\"City Name\" = 'Santa Clarita' GROUP BY T1.\"Product Name\" ORDER BY COUNT(T1.\"Product Name\") ASC LIMIT 1"
    },
    {
        "sample_id": 2621,
        "vt": "SELECT SUM(CASE WHEN sales orders.\"order quantity\" > [placeholder-type:numeric] AND customers.\"customer names\" = '[placeholder-type:string]' THEN [placeholder-type:numeric] ELSE [placeholder-type:numeric] END) FROM \"sales orders\" INNER JOIN Customers AS T2 ON T2.CustomerID = T1._CustomerID",
        "ba": "The virtual table calculates the total order quantity from the 'sales orders' table for a specific customer, where the order quantity exceeds a certain threshold. It uses a conditional sum to determine the total based on the specified criteria, joining the 'sales orders' table with the 'customers' table to filter by customer name.",
        "gold_complexity": 6,
        "gold_sql": "SELECT SUM(CASE WHEN T1.\"Order Quantity\" > 4 AND T2.\"Customer Names\" = 'Ei ' THEN 1 ELSE 0 END) FROM \"Sales Orders\" AS T1 INNER JOIN Customers AS T2 ON T2.CustomerID = T1._CustomerID"
    },
    {
        "sample_id": 2705,
        "vt": "SELECT sales orders.ordernumber, sales orders.orderdate FROM \"sales orders\" INNER JOIN Customers AS T2 ON T2.CustomerID = T1._CustomerID WHERE customers.\"customer names\" = '[placeholder-type:string]' ORDER BY sales orders.\"unit price\" LIMIT [placeholder-type:numeric]",
        "ba": "The virtual table describes the order numbers and order dates of sales orders from the 'sales orders' table, filtered by a specific customer's name. The placeholder in the WHERE clause represents the customer's name, and the query limits the results based on a specified numeric value for the number of records to return.",
        "gold_complexity": 12,
        "gold_sql": "SELECT T1.OrderNumber, T1.OrderDate FROM \"Sales Orders\" AS T1 INNER JOIN Customers AS T2 ON T2.CustomerID = T1._CustomerID WHERE T2.\"Customer Names\" = 'Apollo Ltd' ORDER BY T1.\"Unit Price\" DESC LIMIT 1"
    },
    {
        "sample_id": 2613,
        "vt": "SELECT subquery_q0.t FROM (SELECT DISTINCT CASE WHEN sales orders.\"discount applied\" = [placeholder-type:numeric] THEN products.\"product name\" ELSE NULL END FROM \"Sales Orders\" AS T1 INNER JOIN Products AS T2 ON T2.ProductID = T1._ProductID) WHERE NOT subquery_q0.t IS NULL",
        "ba": "The virtual table retrieves distinct product names from the 'products' table based on a condition related to the discount applied in the 'sales orders' table. It uses a subquery to filter products where the discount applied matches a specified numeric value, ensuring that only relevant product names are returned.",
        "gold_complexity": 13,
        "gold_sql": "SELECT T FROM ( SELECT DISTINCT IIF(T1.\"Discount Applied\" = 0.1, T2.\"Product Name\", NULL) AS T FROM \"Sales Orders\" T1 INNER JOIN Products T2 ON T2.ProductID = T1._ProductID ) WHERE T IS NOT NULL"
    },
    {
        "sample_id": 2667,
        "vt": "SELECT DISTINCT customers.\"customer names\", customers.customerid FROM (SELECT customers.\"customer names\", customers.customerid, SUM(REPLACE(sales orders.\"unit price\", ',', '') - REPLACE(sales orders.\"unit cost\", ',', '')) FROM \"Sales Orders\" AS T1 INNER JOIN Customers AS T2 ON T2.CustomerID = T1._CustomerID WHERE T1.\"Sales Channel\" = 'Online' GROUP BY T2.CustomerID) WHERE subquery_q0.t > [placeholder-type:numeric]",
        "ba": "The virtual table provides a list of distinct customer names and their unique identifiers from the 'customers' table. It filters the results to include only those customers who have made online purchases, and it calculates the total profit for each customer by subtracting the unit cost from the unit price for each order. The results are grouped by customer ID, and only those customers whose total profit exceeds a specified numeric threshold are included in the final output.",
        "gold_complexity": 19,
        "gold_sql": "SELECT DISTINCT \"Customer Names\", CustomerID FROM ( SELECT T2.\"Customer Names\", T2.CustomerID , SUM(REPLACE(T1.\"Unit Price\", ',', '') - REPLACE(T1.\"Unit Cost\", ',', '')) AS T FROM \"Sales Orders\" T1 INNER JOIN Customers T2 ON T2.CustomerID = T1._CustomerID WHERE T1.\"Sales Channel\" = 'Online' GROUP BY T2.CustomerID ) WHERE T > 5000"
    },
    {
        "sample_id": 2699,
        "vt": "SELECT AVG(store locations.\"household income\") FROM regions INNER JOIN \"Store Locations\" AS T2 ON T2.StateCode = T1.StateCode WHERE store locations.state = '[placeholder-type:string]' AND store locations.type = '[placeholder-type:string]'",
        "ba": "The virtual table calculates the average household income from the 'store locations' table, filtered by a specific state and store type. It joins the 'regions' table to ensure that the state code matches, allowing for accurate aggregation of household income data based on the specified criteria.",
        "gold_complexity": 8,
        "gold_sql": "SELECT AVG(T2.\"Household Income\") FROM Regions AS T1 INNER JOIN \"Store Locations\" AS T2 ON T2.StateCode = T1.StateCode WHERE T2.State = 'New Hampshire' AND T2.Type = 'City'"
    },
    {
        "sample_id": 2620,
        "vt": "SELECT subquery_q0.t FROM (SELECT DISTINCT CASE WHEN sales orders.shipdate = '[placeholder-type:string]' THEN customers.\"customer names\" END FROM Customers AS T1 INNER JOIN \"Sales Orders\" AS T2 ON T2._CustomerID = T1.CustomerID) WHERE NOT subquery_q0.t IS NULL",
        "ba": "The virtual table retrieves distinct customer names from the 'customers' table who have orders with a specific shipping date from the 'sales orders' table. The placeholder in the query represents the shipping date that is being filtered.",
        "gold_complexity": 13,
        "gold_sql": "SELECT T FROM ( SELECT DISTINCT CASE  WHEN T2.ShipDate = '7/8/18' THEN T1.\"Customer Names\" END AS T FROM Customers T1 INNER JOIN \"Sales Orders\" T2 ON T2._CustomerID = T1.CustomerID ) WHERE T IS NOT NULL"
    },
    {
        "sample_id": 2726,
        "vt": "SELECT products.\"product name\" FROM \"sales orders\" INNER JOIN Products AS T2 ON T2.ProductID = T1._ProductID WHERE sales orders.\"order quantity\" > [placeholder-type:numeric] AND sales orders.shipdate LIKE '[placeholder-type:string]' ORDER BY REPLACE(sales orders.\"unit price\", ',', '') - REPLACE(sales orders.\"unit cost\", ',', '') LIMIT [placeholder-type:numeric]",
        "ba": "The virtual table describes the names of products from the 'sales orders' table that have an order quantity greater than a specified number and were shipped on a specific date. The query joins the 'sales orders' table with the 'products' table to retrieve the product names, while also applying filters based on order quantity and ship date. The results are ordered by the net profit calculated from the difference between unit price and unit cost, and limited to a specified number of results.",
        "gold_complexity": 13,
        "gold_sql": "SELECT T2.\"Product Name\" FROM \"Sales Orders\" AS T1 INNER JOIN Products AS T2 ON T2.ProductID = T1._ProductID WHERE T1.\"Order Quantity\" > 5 AND ShipDate LIKE '5/%/19' ORDER BY REPLACE(T1.\"Unit Price\", ',', '') - REPLACE(T1.\"Unit Cost\", ',', '') ASC LIMIT 1"
    },
    {
        "sample_id": 2717,
        "vt": "SELECT CASE WHEN MAX(store locations.\"water area\") THEN store locations.type END FROM \"store locations\"",
        "ba": "The virtual table provides information about the type of store from the 'store locations' table based on the maximum water area available. The placeholder indicates that the query is checking for the store type associated with the largest water area.",
        "gold_complexity": 5,
        "gold_sql": "SELECT CASE WHEN MAX(\"Water Area\") THEN Type END FROM \"Store Locations\""
    },
    {
        "sample_id": 2618,
        "vt": "SELECT SUM(CASE WHEN customers.\"customer names\" = '[placeholder-type:string]' THEN [placeholder-type:numeric] ELSE [placeholder-type:numeric] END) FROM customers INNER JOIN \"Sales Orders\" AS T2 ON T2._CustomerID = T1.CustomerID",
        "ba": "The virtual table calculates the total order quantity for a specific customer from the 'customers' table by summing the order quantities from the 'sales orders' table. It uses a conditional statement to differentiate between the specified customer and others, allowing for a comparison of order quantities. The placeholders represent the customer's name and the order quantity values.",
        "gold_complexity": 5,
        "gold_sql": "SELECT SUM(CASE WHEN T1.\"Customer Names\" = 'Medsep Group' THEN 1 ELSE 0 END) FROM Customers AS T1 INNER JOIN \"Sales Orders\" AS T2 ON T2._CustomerID = T1.CustomerID"
    },
    {
        "sample_id": 2660,
        "vt": "SELECT CAST(SUM(CASE WHEN store locations.\"city name\" = '[placeholder-type:string]' THEN sales orders.\"order quantity\" ELSE [placeholder-type:numeric] END) AS FLOAT) * [placeholder-type:numeric] / SUM(sales orders.\"order quantity\") FROM products INNER JOIN \"Sales Orders\" AS T2 ON T2._ProductID = T1.ProductID INNER JOIN \"Store Locations\" AS T3 ON T3.StoreID = T2._StoreID WHERE sales orders.orderdate LIKE '[placeholder-type:string]'",
        "ba": "The virtual table calculates the weighted average of order quantities for a specific city from the 'Sales Orders' table, based on the total order quantities. It uses a placeholder for the city name and another placeholder for a numeric value to adjust the result. The query joins the 'Products' and 'Store Locations' tables to ensure that the relevant product and store information is included, while filtering the results based on a specified order date.",
        "gold_complexity": 9,
        "gold_sql": "SELECT CAST(SUM(CASE WHEN T3.\"City Name\" = 'Burbank' THEN T2.\"Order Quantity\" ELSE 0 END) AS REAL) * 100 / SUM(T2.\"Order Quantity\") FROM Products AS T1 INNER JOIN \"Sales Orders\" AS T2 ON T2._ProductID = T1.ProductID INNER JOIN \"Store Locations\" AS T3 ON T3.StoreID = T2._StoreID WHERE T2.OrderDate LIKE '%/%/18'"
    },
    {
        "sample_id": 2659,
        "vt": "SELECT CAST(SUM(sales orders.\"order quantity\") AS FLOAT) / [placeholder-type:numeric] FROM products INNER JOIN \"Sales Orders\" AS T2 ON T2._ProductID = T1.ProductID WHERE products.\"product name\" = '[placeholder-type:string]' AND sales orders.orderdate LIKE '[placeholder-type:string]'",
        "ba": "The virtual table calculates the average order quantity of a specific product from the 'Sales Orders' table, based on the product name and a specified order date. It uses an inner join between the 'products' and 'sales orders' tables to link product details with their corresponding sales orders. The result is obtained by summing the order quantities and dividing by a placeholder for numeric values, which represents the number of records or another relevant metric.",
        "gold_complexity": 9,
        "gold_sql": "SELECT CAST(SUM(T2.\"Order Quantity\") AS REAL) / 12 FROM Products AS T1 INNER JOIN \"Sales Orders\" AS T2 ON T2._ProductID = T1.ProductID WHERE T1.\"Product Name\" = 'Ornaments' AND T2.OrderDate LIKE '%/%/18'"
    },
    {
        "sample_id": 2604,
        "vt": "SELECT COUNT(sales orders.ordernumber) FROM \"sales orders\" INNER JOIN \"Sales Team\" AS T2 ON T2.SalesTeamID = T1._SalesTeamID WHERE sales team.region = '[placeholder-type:string]' AND sales team.salesteamid BETWEEN [placeholder-type:numeric] AND [placeholder-type:numeric] GROUP BY sales team.salesteamid HAVING COUNT(sales orders.ordernumber)",
        "ba": "The virtual table counts the number of sales orders from the 'sales orders' table, joining it with the 'Sales Team' table to filter based on the region and sales team ID range. The result is grouped by sales team ID, providing insights into the number of orders handled by each sales team within a specified region and ID range.",
        "gold_complexity": 12,
        "gold_sql": "SELECT COUNT(T1.OrderNumber) FROM \"Sales Orders\" AS T1 INNER JOIN \"Sales Team\" AS T2 ON T2.SalesTeamID = T1._SalesTeamID WHERE T2.Region = 'South' AND T2.SalesTeamID BETWEEN 1 AND 9 GROUP BY T2.SalesTeamID HAVING COUNT(T1.OrderNumber)"
    },
    {
        "sample_id": 2596,
        "vt": "SELECT sales team.region, sales team.\"sales team\" FROM \"sales orders\" INNER JOIN \"Sales Team\" AS T2 ON T2.SalesTeamID = T1._SalesTeamID WHERE sales team.salesteamid = [placeholder-type:numeric] AND sales orders.\"sales channel\" = '[placeholder-type:string]' OR sales orders.\"sales channel\" = '[placeholder-type:string]'",
        "ba": "The virtual table provides information about the sales teams and their corresponding regions based on sales orders. It retrieves the region and name of the sales team from the 'sales team' table, joining it with the 'sales orders' table to filter results based on a specific sales team ID and sales channel. The placeholders represent the sales team ID and the sales channel types.",
        "gold_complexity": 10,
        "gold_sql": "SELECT T2.Region, T2.\"Sales Team\" FROM \"Sales Orders\" AS T1 INNER JOIN \"Sales Team\" AS T2 ON T2.SalesTeamID = T1._SalesTeamID WHERE T2.SalesTeamID = 18 AND T1.\"Sales Channel\" = 'In-Store' OR T1.\"Sales Channel\" = 'Online'"
    }
]