[
    {
        "sample_id": 6993,
        "vt": "SELECT playerinfo.playername FROM playerinfo INNER JOIN SeasonStatus AS T2 ON T1.ELITEID = T2.ELITEID WHERE seasonstatus.team = '[placeholder-type:string]' AND seasonstatus.season = '[placeholder-type:string]' ORDER BY seasonstatus.a LIMIT [placeholder-type:numeric]",
        "ba": "The virtual table describes the names of players from the 'playerinfo' table who played for a specific team during a specific season. The query joins the 'playerinfo' table with the 'seasonstatus' table to filter players based on their team and season. The placeholders represent the team name and season, while the limit specifies the maximum number of player names to return.",
        "gold_complexity": 11,
        "gold_sql": "SELECT T1.PlayerName FROM PlayerInfo AS T1 INNER JOIN SeasonStatus AS T2 ON T1.ELITEID = T2.ELITEID WHERE T2.TEAM = 'Plymouth Whalers' AND T2.SEASON = '1999-2000' ORDER BY T2.A DESC LIMIT 1"
    },
    {
        "sample_id": 6997,
        "vt": "SELECT DISTINCT CAST(COUNT(CASE WHEN playerinfo.nation = '[placeholder-type:string]' THEN playerinfo.eliteid ELSE NULL END) OVER (PARTITION BY seasonstatus.season) AS FLOAT) * [placeholder-type:numeric] / COUNT(playerinfo.eliteid) OVER (PARTITION BY seasonstatus.season) FROM playerinfo INNER JOIN SeasonStatus AS T2 ON T1.ELITEID = T2.ELITEID WHERE seasonstatus.season IN ('[placeholder-type:string]', '[placeholder-type:string]', '[placeholder-type:string]')",
        "ba": "The virtual table calculates the percentage of players from a specific nation who participated in certain seasons, based on their elite ID. It uses a conditional count to determine how many players belong to the specified nation and divides this by the total number of players in those seasons. The result is then multiplied by a numeric placeholder to adjust the final output, providing insights into the representation of players from that nation across the selected seasons.",
        "gold_complexity": 10,
        "gold_sql": "SELECT DISTINCT CAST(COUNT(CASE WHEN T1.nation = 'Sweden' THEN T1.ELITEID ELSE NULL END) OVER (PARTITION BY T2.SEASON) AS REAL) * 100 / COUNT(T1.ELITEID) OVER (PARTITION BY T2.SEASON) FROM PlayerInfo AS T1 INNER JOIN SeasonStatus AS T2 ON T1.ELITEID = T2.ELITEID WHERE T2.SEASON IN ('1997-1998', '1998-1999', '1999-2000')"
    },
    {
        "sample_id": 6971,
        "vt": "SELECT playerinfo.playername FROM seasonstatus INNER JOIN PlayerInfo AS T2 ON T1.ELITEID = T2.ELITEID WHERE seasonstatus.season = '[placeholder-type:string]' ORDER BY seasonstatus.pim LIMIT [placeholder-type:numeric]",
        "ba": "The virtual table describes the names of players from the 'playerinfo' table who participated in a specific season, as indicated in the 'seasonstatus' table. The query joins these two tables on the 'eliteid' to correlate player information with their seasonal performance. The placeholders represent the season of interest and the limit on the number of results to return.",
        "gold_complexity": 10,
        "gold_sql": "SELECT T2.PlayerName FROM SeasonStatus AS T1 INNER JOIN PlayerInfo AS T2 ON T1.ELITEID = T2.ELITEID WHERE T1.SEASON = '2000-2001' ORDER BY T1.PIM DESC LIMIT 1"
    },
    {
        "sample_id": 6940,
        "vt": "SELECT (SELECT T2.PlayerName, T1.G AS Rs_G FROM SeasonStatus AS T1 INNER JOIN PlayerInfo AS T2 ON T1.ELITEID = T2.ELITEID WHERE T2.PlayerName = 'Pavel Brendl' AND T1.SEASON = '1998-1999' AND T1.GAMETYPE = 'Regular Season').rs_g - (SELECT T2.PlayerName, T1.G AS Pf_G FROM SeasonStatus AS T1 INNER JOIN PlayerInfo AS T2 ON T1.ELITEID = T2.ELITEID WHERE T2.PlayerName = 'Pavel Brendl' AND T1.SEASON = '1998-1999' AND T1.GAMETYPE = 'Playoffs').pf_g FROM (SELECT playerinfo.playername, seasonstatus.g FROM SeasonStatus AS T1 INNER JOIN PlayerInfo AS T2 ON T1.ELITEID = T2.ELITEID WHERE T2.PlayerName = 'Pavel Brendl' AND T1.SEASON = '1998-1999' AND T1.GAMETYPE = 'Regular Season') AS t3 INNER JOIN (SELECT T2.PlayerName, T1.G AS Pf_G FROM SeasonStatus AS T1 INNER JOIN PlayerInfo AS T2 ON T1.ELITEID = T2.ELITEID WHERE T2.PlayerName = 'Pavel Brendl' AND T1.SEASON = '1998-1999' AND T1.GAMETYPE = 'Playoffs') AS T4 ON T3.PlayerName = T4.PlayerName",
        "ba": "The virtual table calculates the difference in goals scored by a player during the regular season and playoffs for a specific season. It retrieves the player's name and their goals scored in both game types, allowing for a comparison of performance between the two types of games.",
        "gold_complexity": 22,
        "gold_sql": "SELECT T3.Rs_G - T4.Pf_G AS diff FROM ( SELECT T2.PlayerName, T1.G AS Rs_G FROM SeasonStatus AS T1 INNER JOIN PlayerInfo AS T2 ON T1.ELITEID = T2.ELITEID WHERE T2.PlayerName = 'Pavel Brendl' AND T1.SEASON = '1998-1999' AND T1.GAMETYPE = 'Regular Season' ) AS T3 INNER JOIN ( SELECT T2.PlayerName, T1.G AS Pf_G FROM SeasonStatus AS T1 INNER JOIN PlayerInfo AS T2 ON T1.ELITEID = T2.ELITEID WHERE T2.PlayerName = 'Pavel Brendl' AND T1.SEASON = '1998-1999' AND T1.GAMETYPE = 'Playoffs' ) AS T4 ON T3.PlayerName = T4.PlayerName"
    },
    {
        "sample_id": 6935,
        "vt": "SELECT playerinfo.playername FROM seasonstatus INNER JOIN PlayerInfo AS T2 ON T1.ELITEID = T2.ELITEID WHERE seasonstatus.season BETWEEN '[placeholder-type:string]' AND '[placeholder-type:string]' AND seasonstatus.league = '[placeholder-type:string]' ORDER BY seasonstatus.p LIMIT [placeholder-type:numeric]",
        "ba": "The virtual table retrieves the names of players from the 'playerinfo' table who participated in a specific league during a defined range of seasons. The results are ordered by their points scored in the draft year, with a limit on the number of players returned.",
        "gold_complexity": 12,
        "gold_sql": "SELECT T2.PlayerName FROM SeasonStatus AS T1 INNER JOIN PlayerInfo AS T2 ON T1.ELITEID = T2.ELITEID WHERE T1.SEASON BETWEEN '2004' AND '2005' AND T1.LEAGUE = 'QMJHL' ORDER BY T1.P DESC LIMIT 1"
    },
    {
        "sample_id": 6950,
        "vt": "SELECT playerinfo.playername FROM playerinfo WHERE playerinfo.overallby = '[placeholder-type:string]' AND playerinfo.draftyear = '[placeholder-type:string]' ORDER BY playerinfo.css_rank LIMIT [placeholder-type:numeric]",
        "ba": "The virtual table retrieves the names of players from the 'playerinfo' table who were drafted by a specific team in a particular draft year. The query includes placeholders for the team identifier and the draft year, allowing users to specify these values. Additionally, the results are ordered by the Central Scouting Service ranking, and a limit is set on the number of results returned.",
        "gold_complexity": 10,
        "gold_sql": "SELECT PlayerName FROM PlayerInfo WHERE overallby = 'Toronto Maple Leafs' AND draftyear = '2008' ORDER BY CSS_rank DESC LIMIT 1"
    },
    {
        "sample_id": 6995,
        "vt": "SELECT playerinfo.playername FROM playerinfo INNER JOIN SeasonStatus AS T2 ON T1.ELITEID = T2.ELITEID WHERE seasonstatus.league = '[placeholder-type:string]' AND seasonstatus.season = '[placeholder-type:string]' ORDER BY playerinfo.birthdate LIMIT [placeholder-type:numeric]",
        "ba": "The virtual table describes the names of players from the 'playerinfo' table who participated in a specific league and season. The query joins the 'playerinfo' table with the 'seasonstatus' table to filter players based on the league and season specified by placeholders. The results are ordered by the players' birthdates and limited to a specified number of entries.",
        "gold_complexity": 11,
        "gold_sql": "SELECT T1.PlayerName FROM PlayerInfo AS T1 INNER JOIN SeasonStatus AS T2 ON T1.ELITEID = T2.ELITEID WHERE T2.LEAGUE = 'OHL' AND T2.SEASON = '1999-2000' ORDER BY T1.birthdate LIMIT 1"
    },
    {
        "sample_id": 6991,
        "vt": "SELECT playerinfo.playername FROM playerinfo INNER JOIN SeasonStatus AS T2 ON T1.ELITEID = T2.ELITEID WHERE seasonstatus.team = '[placeholder-type:string]' AND seasonstatus.gametype = '[placeholder-type:string]' ORDER BY seasonstatus.g LIMIT [placeholder-type:numeric]",
        "ba": "The virtual table describes the names of players from the 'playerinfo' table who are part of a specific team and have played in a certain type of game during a given season. The placeholders in the WHERE clause represent the team name and game type, while the ORDER BY clause sorts the results based on the number of games played, limited by a numeric placeholder.",
        "gold_complexity": 11,
        "gold_sql": "SELECT T1.PlayerName FROM PlayerInfo AS T1 INNER JOIN SeasonStatus AS T2 ON T1.ELITEID = T2.ELITEID WHERE T2.TEAM = 'Rimouski Oceanic' AND T2.GAMETYPE = 'Playoffs' ORDER BY T2.G DESC LIMIT 1"
    },
    {
        "sample_id": 6928,
        "vt": "SELECT CAST(SUM(height_info.height_in_cm) AS FLOAT) / COUNT(playerinfo.eliteid) FROM playerinfo INNER JOIN height_info AS T2 ON T1.height = T2.height_id WHERE playerinfo.position_info = '[placeholder-type:string]'",
        "ba": "The virtual table calculates the average height in centimeters of players from the 'playerinfo' table who play a specific position. It joins the 'playerinfo' table with the 'height_info' table to access height data, filtering by the player's position using a placeholder for string values.",
        "gold_complexity": 8,
        "gold_sql": "SELECT CAST(SUM(T2.height_in_cm) AS REAL) / COUNT(T1.ELITEID) FROM PlayerInfo AS T1 INNER JOIN height_info AS T2 ON T1.height = T2.height_id WHERE T1.position_info = 'D'"
    },
    {
        "sample_id": 6996,
        "vt": "SELECT (SELECT T1.PlayerName, T3.height_in_cm FROM PlayerInfo AS T1 INNER JOIN SeasonStatus AS T2 ON T1.ELITEID = T2.ELITEID INNER JOIN height_info AS T3 ON T1.height = T3.height_id WHERE T2.TEAM = 'USA U20' ORDER BY T3.height_in_cm DESC).playername FROM (SELECT playerinfo.playername, height_info.height_in_cm FROM PlayerInfo AS T1 INNER JOIN SeasonStatus AS T2 ON T1.ELITEID = T2.ELITEID INNER JOIN height_info AS T3 ON T1.height = T3.height_id WHERE T2.TEAM = 'USA U20' ORDER BY T3.height_in_cm DESC) AS t WHERE (SELECT T1.PlayerName, T3.height_in_cm FROM PlayerInfo AS T1 INNER JOIN SeasonStatus AS T2 ON T1.ELITEID = T2.ELITEID INNER JOIN height_info AS T3 ON T1.height = T3.height_id WHERE T2.TEAM = 'USA U20' ORDER BY T3.height_in_cm DESC).height_in_cm = (SELECT MAX(height_info.height_in_cm) FROM PlayerInfo AS T1 INNER JOIN SeasonStatus AS T2 ON T1.ELITEID = T2.ELITEID INNER JOIN height_info AS T3 ON T1.height = T3.height_id WHERE T2.TEAM = 'USA U20')",
        "ba": "The virtual table describes the player names and their heights in centimeters from the 'PlayerInfo', 'SeasonStatus', and 'height_info' tables for players belonging to the 'USA U20' team. It specifically retrieves the name of the tallest player on that team by filtering the results based on the maximum height value.",
        "gold_complexity": 23,
        "gold_sql": "SELECT T.PlayerName FROM ( SELECT T1.PlayerName, T3.height_in_cm FROM PlayerInfo AS T1 INNER JOIN SeasonStatus AS T2 ON T1.ELITEID = T2.ELITEID INNER JOIN height_info AS T3 ON T1.height = T3.height_id WHERE T2.TEAM = 'USA U20' ORDER BY T3.height_in_cm DESC ) AS T WHERE T.height_in_cm = ( SELECT MAX(T3.height_in_cm) FROM PlayerInfo AS T1 INNER JOIN SeasonStatus AS T2 ON T1.ELITEID = T2.ELITEID INNER JOIN height_info AS T3 ON T1.height = T3.height_id WHERE T2.TEAM = 'USA U20' )"
    },
    {
        "sample_id": 6962,
        "vt": "SELECT DISTINCT seasonstatus.season FROM seasonstatus INNER JOIN PlayerInfo AS T2 ON T1.ELITEID = T2.ELITEID WHERE playerinfo.playername = '[placeholder-type:string]'",
        "ba": "The virtual table retrieves distinct seasons from the 'seasonstatus' table for a specific player identified by their name. It joins the 'seasonstatus' table with the 'playerinfo' table to ensure that the player's information is correctly linked to their respective seasons.",
        "gold_complexity": 8,
        "gold_sql": "SELECT DISTINCT T1.SEASON FROM SeasonStatus AS T1 INNER JOIN PlayerInfo AS T2 ON T1.ELITEID = T2.ELITEID WHERE T2.PlayerName = 'Niklas Eckerblom'"
    },
    {
        "sample_id": 6986,
        "vt": "SELECT weight_info.weight_in_kg FROM playerinfo INNER JOIN weight_info AS T2 ON T1.weight = T2.weight_id WHERE playerinfo.playername = '[placeholder-type:string]'",
        "ba": "The virtual table retrieves the weight in kilograms of a specific player from the 'playerinfo' table by joining it with the 'weight_info' table based on the player's weight ID. The placeholder in the WHERE clause represents the name of the player whose weight is being queried.",
        "gold_complexity": 7,
        "gold_sql": "SELECT T2.weight_in_kg FROM PlayerInfo AS T1 INNER JOIN weight_info AS T2 ON T1.weight = T2.weight_id WHERE T1.PlayerName = 'Pavel Patera'"
    },
    {
        "sample_id": 6945,
        "vt": "SELECT playerinfo.playername FROM weight_info INNER JOIN PlayerInfo AS T2 ON T1.weight_id = T2.weight WHERE weight_info.weight_in_kg = [placeholder-type:numeric]",
        "ba": "The virtual table describes the names of players from the 'playerinfo' table who have a specific weight in kilograms. The query joins the 'weight_info' table with the 'playerinfo' table based on the weight ID, allowing us to filter players by their weight.",
        "gold_complexity": 7,
        "gold_sql": "SELECT T2.PlayerName FROM weight_info AS T1 INNER JOIN PlayerInfo AS T2 ON T1.weight_id = T2.weight WHERE T1.weight_in_kg = 120"
    },
    {
        "sample_id": 6963,
        "vt": "SELECT DISTINCT seasonstatus.gametype FROM seasonstatus INNER JOIN PlayerInfo AS T2 ON T1.ELITEID = T2.ELITEID WHERE playerinfo.playername = '[placeholder-type:string]'",
        "ba": "The virtual table describes the distinct game types that a specific player has participated in, by joining the 'seasonstatus' table with the 'playerinfo' table based on the player's unique identifier. The placeholder in the WHERE clause represents the player's name.",
        "gold_complexity": 8,
        "gold_sql": "SELECT DISTINCT T1.GAMETYPE FROM SeasonStatus AS T1 INNER JOIN PlayerInfo AS T2 ON T1.ELITEID = T2.ELITEID WHERE T2.PlayerName = 'Matthias Trattnig'"
    },
    {
        "sample_id": 6988,
        "vt": "SELECT seasonstatus.team FROM playerinfo INNER JOIN SeasonStatus AS T2 ON T1.ELITEID = T2.ELITEID WHERE seasonstatus.season = '[placeholder-type:string]' AND playerinfo.playername = '[placeholder-type:string]'",
        "ba": "The virtual table describes the teams that players belong to during a specific season. It retrieves the team information from the 'seasonstatus' table by joining it with the 'playerinfo' table based on the unique player identifier (eliteid). The placeholders in the WHERE clause represent the specific season and the player's name.",
        "gold_complexity": 8,
        "gold_sql": "SELECT T2.TEAM FROM PlayerInfo AS T1 INNER JOIN SeasonStatus AS T2 ON T1.ELITEID = T2.ELITEID WHERE T2.SEASON = '1997-1998' AND T1.PlayerName = 'Niko Kapanen'"
    },
    {
        "sample_id": 6923,
        "vt": "SELECT weight_info.weight_in_kg FROM playerinfo INNER JOIN weight_info AS T2 ON T1.weight = T2.weight_id WHERE playerinfo.sum_7yr_toi = (SELECT MAX(playerinfo.sum_7yr_toi) FROM PlayerInfo AS t)",
        "ba": "The virtual table retrieves the weight in kilograms of the player who has the highest total Time on Ice (TOI) in their first seven years of NHL career. It joins the 'playerinfo' table with the 'weight_info' table based on the weight ID, ensuring that only the relevant player's weight is selected based on their TOI performance.",
        "gold_complexity": 10,
        "gold_sql": "SELECT T2.weight_in_kg FROM PlayerInfo AS T1 INNER JOIN weight_info AS T2 ON T1.weight = T2.weight_id WHERE T1.sum_7yr_TOI = ( SELECT MAX(t.sum_7yr_TOI) FROM PlayerInfo t )"
    },
    {
        "sample_id": 6981,
        "vt": "SELECT playerinfo.playername FROM seasonstatus INNER JOIN PlayerInfo AS T2 ON T1.ELITEID = T2.ELITEID WHERE seasonstatus.season = '[placeholder-type:string]' AND seasonstatus.league = '[placeholder-type:string]' AND seasonstatus.gametype = '[placeholder-type:string]' ORDER BY seasonstatus.a LIMIT [placeholder-type:numeric]",
        "ba": "The virtual table describes the names of players from the 'playerinfo' table who participated in a specific season, league, and game type. The query joins the 'seasonstatus' table to filter players based on their performance metrics such as assists. The placeholders represent the season, league, game type, and limit for the number of results returned.",
        "gold_complexity": 12,
        "gold_sql": "SELECT T2.PlayerName FROM SeasonStatus AS T1 INNER JOIN PlayerInfo AS T2 ON T1.ELITEID = T2.ELITEID WHERE T1.SEASON = '2007-2008' AND T1.LEAGUE = 'OHL' AND T1.GAMETYPE = 'Regular Season' ORDER BY T1.A DESC LIMIT 1"
    },
    {
        "sample_id": 6956,
        "vt": "SELECT playerinfo.birthplace FROM playerinfo WHERE playerinfo.playername = '[placeholder-type:string]'",
        "ba": "The virtual table describes the birthplace of a player from the 'playerinfo' table based on the player's name. The placeholder in the WHERE clause represents the specific player's name.",
        "gold_complexity": 6,
        "gold_sql": "SELECT birthplace FROM PlayerInfo WHERE PlayerName = 'Aaron Gagnon'"
    },
    {
        "sample_id": 6927,
        "vt": "SELECT CAST(weight_info.weight_in_kg AS FLOAT) / (CAST(height_info.height_in_cm AS FLOAT) / [placeholder-type:numeric] * (CAST(height_info.height_in_cm AS FLOAT) / [placeholder-type:numeric])) FROM playerinfo INNER JOIN weight_info AS T2 ON T1.weight = T2.weight_id INNER JOIN height_info AS T3 ON T1.height = T3.height_id WHERE playerinfo.playername = '[placeholder-type:string]'",
        "ba": "The virtual table calculates the Body Mass Index (BMI) of players by using their weight in kilograms and height in centimeters. It joins the 'playerinfo' table with 'weight_info' and 'height_info' to access the necessary data. The BMI is computed by dividing the weight by the square of the height (converted to meters). The placeholder in the WHERE clause allows for filtering by a specific player's name.",
        "gold_complexity": 9,
        "gold_sql": "SELECT CAST(T2.weight_in_kg AS REAL) / (CAST(T3.height_in_cm AS REAL) / 100 * (CAST(T3.height_in_cm AS REAL) / 100)) FROM PlayerInfo AS T1 INNER JOIN weight_info AS T2 ON T1.weight = T2.weight_id INNER JOIN height_info AS T3 ON T1.height = T3.height_id WHERE T1.PlayerName = 'David Bornhammar'"
    },
    {
        "sample_id": 6941,
        "vt": "SELECT CAST(SUM(weight_info.weight_in_lbs) AS FLOAT) / COUNT(playerinfo.eliteid) FROM playerinfo INNER JOIN weight_info AS T2 ON T1.weight = T2.weight_id WHERE playerinfo.css_rank = (SELECT MAX(playerinfo.css_rank) FROM PlayerInfo)",
        "ba": "The virtual table calculates the average weight in pounds of the player with the highest Central Scouting Service (CSS) ranking. It does this by summing the weights from the 'weight_info' table and dividing by the count of players from the 'playerinfo' table who have the highest CSS rank.",
        "gold_complexity": 11,
        "gold_sql": "SELECT CAST(SUM(T2.weight_in_lbs) AS REAL) / COUNT(T1.ELITEID) FROM PlayerInfo AS T1 INNER JOIN weight_info AS T2 ON T1.weight = T2.weight_id WHERE T1.CSS_rank = ( SELECT MAX(CSS_rank) FROM PlayerInfo )"
    },
    {
        "sample_id": 6957,
        "vt": "SELECT weight_info.weight_in_kg FROM playerinfo INNER JOIN weight_info AS T2 ON T1.weight = T2.weight_id WHERE playerinfo.playername = '[placeholder-type:string]'",
        "ba": "The virtual table retrieves the weight in kilograms of a specific player from the 'playerinfo' table by joining it with the 'weight_info' table based on the weight ID. The placeholder in the WHERE clause represents the player's name.",
        "gold_complexity": 7,
        "gold_sql": "SELECT T2.weight_in_kg FROM PlayerInfo AS T1 INNER JOIN weight_info AS T2 ON T1.weight = T2.weight_id WHERE T1.PlayerName = 'Tony Martensson'"
    },
    {
        "sample_id": 6926,
        "vt": "SELECT playerinfo.playername FROM playerinfo INNER JOIN weight_info AS T2 ON T1.weight = T2.weight_id WHERE weight_info.weight_in_kg > [placeholder-type:numeric] AND playerinfo.shoots = '[placeholder-type:string]'",
        "ba": "The virtual table lists the names of players from the 'playerinfo' table who have a weight greater than a specified value in kilograms and have a specific shooting preference. The query joins the 'playerinfo' table with the 'weight_info' table to filter players based on their weight and shooting style.",
        "gold_complexity": 9,
        "gold_sql": "SELECT T1.PlayerName FROM PlayerInfo AS T1 INNER JOIN weight_info AS T2 ON T1.weight = T2.weight_id WHERE T2.weight_in_kg > 90 AND T1.shoots = 'R'"
    },
    {
        "sample_id": 6943,
        "vt": "SELECT playerinfo.playername FROM seasonstatus INNER JOIN PlayerInfo AS T2 ON T1.ELITEID = T2.ELITEID WHERE seasonstatus.season = '[placeholder-type:string]' AND seasonstatus.league = '[placeholder-type:string]' ORDER BY seasonstatus.g LIMIT [placeholder-type:numeric]",
        "ba": "The virtual table describes the names of players from the 'playerinfo' table who participated in a specific season and league. The query joins the 'seasonstatus' table to filter players based on the season and league, with placeholders for the season and league values. Additionally, it limits the results to a specified number of players based on goals scored in the draft year, sorted in ascending order.",
        "gold_complexity": 11,
        "gold_sql": "SELECT T2.PlayerName FROM SeasonStatus AS T1 INNER JOIN PlayerInfo AS T2 ON T1.ELITEID = T2.ELITEID WHERE T1.SEASON = '2007-2008' AND T1.LEAGUE = 'WHL' ORDER BY T1.G DESC LIMIT 1"
    },
    {
        "sample_id": 6976,
        "vt": "SELECT DISTINCT playerinfo.playername FROM seasonstatus INNER JOIN PlayerInfo AS T2 ON T1.ELITEID = T2.ELITEID WHERE seasonstatus.season = '[placeholder-type:string]' AND seasonstatus.league = '[placeholder-type:string]' ORDER BY seasonstatus.p LIMIT [placeholder-type:numeric]",
        "ba": "The virtual table lists the distinct names of players from the 'playerinfo' table who participated in a specific season and league. The query joins the 'seasonstatus' table with 'playerinfo' to filter players based on the provided season and league, and it orders the results by points scored in the draft year, limiting the number of results based on a numeric placeholder.",
        "gold_complexity": 12,
        "gold_sql": "SELECT DISTINCT T2.PlayerName FROM SeasonStatus AS T1 INNER JOIN PlayerInfo AS T2 ON T1.ELITEID = T2.ELITEID WHERE T1.SEASON = '2000-2001' AND T1.LEAGUE = 'International' ORDER BY T1.P DESC LIMIT 1"
    },
    {
        "sample_id": 6977,
        "vt": "SELECT COUNT(playerinfo.eliteid) FROM weight_info INNER JOIN PlayerInfo AS T2 ON T1.weight_id = T2.weight WHERE weight_info.weight_in_lbs = [placeholder-type:numeric] AND STRFTIME('%Y', playerinfo.birthdate) = '[placeholder-type:string]'",
        "ba": "The virtual table counts the number of players from the 'playerinfo' table who have a specific weight in pounds and were born in a specific year. It joins the 'weight_info' table with the 'playerinfo' table based on the weight ID, filtering for the specified weight and birth year.",
        "gold_complexity": 8,
        "gold_sql": "SELECT COUNT(T2.ELITEID) FROM weight_info AS T1 INNER JOIN PlayerInfo AS T2 ON T1.weight_id = T2.weight WHERE T1.weight_in_lbs = 185 AND strftime('%Y', T2.birthdate) = '1980'"
    },
    {
        "sample_id": 6983,
        "vt": "SELECT CAST(SUM(weight_info.weight_in_lbs) AS FLOAT) / COUNT(playerinfo.eliteid) FROM weight_info INNER JOIN PlayerInfo AS T2 ON T1.weight_id = T2.weight WHERE playerinfo.overallby = '[placeholder-type:string]'",
        "ba": "The virtual table calculates the average weight in pounds of players drafted by a specific team. It does this by summing the weights from the 'weight_info' table and dividing by the count of players from the 'playerinfo' table who were drafted by that team.",
        "gold_complexity": 8,
        "gold_sql": "SELECT CAST(SUM(T1.weight_in_lbs) AS REAL) / COUNT(T2.ELITEID) FROM weight_info AS T1 INNER JOIN PlayerInfo AS T2 ON T1.weight_id = T2.weight WHERE T2.overallby = 'Arizona Coyotes'"
    },
    {
        "sample_id": 6925,
        "vt": "SELECT COUNT(playerinfo.eliteid) FROM playerinfo INNER JOIN weight_info AS T2 ON T1.weight = T2.weight_id WHERE weight_info.weight_in_kg > [placeholder-type:numeric] AND playerinfo.shoots = '[placeholder-type:string]'",
        "ba": "The virtual table counts the number of players from the 'playerinfo' table who have a weight greater than a specified value in kilograms and have a specific shooting preference. It joins the 'playerinfo' table with the 'weight_info' table to access the weight information of each player.",
        "gold_complexity": 9,
        "gold_sql": "SELECT COUNT(T1.ELITEID) FROM PlayerInfo AS T1 INNER JOIN weight_info AS T2 ON T1.weight = T2.weight_id WHERE T2.weight_in_kg > 90 AND T1.shoots = 'R'"
    },
    {
        "sample_id": 6936,
        "vt": "SELECT playerinfo.playername FROM seasonstatus INNER JOIN PlayerInfo AS T2 ON T1.ELITEID = T2.ELITEID WHERE seasonstatus.season = '[placeholder-type:string]' AND seasonstatus.gametype = '[placeholder-type:string]' AND seasonstatus.team = '[placeholder-type:string]'",
        "ba": "The virtual table describes the names of players from the 'playerinfo' table who participated in a specific season and game type for a particular team. The placeholders in the WHERE clause represent the season, game type, and team name.",
        "gold_complexity": 9,
        "gold_sql": "SELECT T2.PlayerName FROM SeasonStatus AS T1 INNER JOIN PlayerInfo AS T2 ON T1.ELITEID = T2.ELITEID WHERE T1.SEASON = '1998-1999' AND T1.GAMETYPE = 'Regular Season' AND T1.TEAM = 'Acadie-Bathurst Titan'"
    },
    {
        "sample_id": 6958,
        "vt": "SELECT playerinfo.playername FROM playerinfo INNER JOIN weight_info AS T2 ON T1.weight = T2.weight_id WHERE weight_info.weight_in_lbs = [placeholder-type:numeric]",
        "ba": "The virtual table describes the names of players from the 'playerinfo' table who have a specific weight in pounds. The query joins the 'playerinfo' table with the 'weight_info' table using the weight ID to filter players based on their weight in pounds, represented by a placeholder for numeric values.",
        "gold_complexity": 7,
        "gold_sql": "SELECT T1.PlayerName FROM PlayerInfo AS T1 INNER JOIN weight_info AS T2 ON T1.weight = T2.weight_id WHERE T2.weight_in_lbs = 190"
    },
    {
        "sample_id": 6966,
        "vt": "SELECT playerinfo.playername FROM height_info INNER JOIN PlayerInfo AS T2 ON T1.height_id = T2.height WHERE playerinfo.nation = '[placeholder-type:string]' ORDER BY height_info.height_in_cm LIMIT [placeholder-type:numeric]",
        "ba": "The virtual table describes the names of players from the 'playerinfo' table who belong to a specific nation, along with their height information from the 'height_info' table. The query joins these two tables based on the height ID and filters the results by the specified nation. The results are ordered by height in centimeters and limited to a specified number of entries.",
        "gold_complexity": 10,
        "gold_sql": "SELECT T2.PlayerName FROM height_info AS T1 INNER JOIN PlayerInfo AS T2 ON T1.height_id = T2.height WHERE T2.nation = 'Italy' ORDER BY T1.height_in_cm ASC LIMIT 1"
    },
    {
        "sample_id": 6989,
        "vt": "SELECT (SELECT T2.TEAM, COUNT(DISTINCT T1.ELITEID) FROM PlayerInfo AS T1 INNER JOIN SeasonStatus AS T2 ON T1.ELITEID = T2.ELITEID WHERE T1.nation = 'Sweden' GROUP BY T2.TEAM ORDER BY COUNT(DISTINCT T1.ELITEID) DESC LIMIT 1).team FROM (SELECT seasonstatus.team, COUNT(DISTINCT T1.ELITEID) FROM PlayerInfo AS T1 INNER JOIN SeasonStatus AS T2 ON T1.ELITEID = T2.ELITEID WHERE T1.nation = 'Sweden' GROUP BY T2.TEAM ORDER BY COUNT(DISTINCT T1.ELITEID) DESC LIMIT 1) AS t",
        "ba": "The virtual table identifies the team with the highest number of distinct players from Sweden who participated in the draft. It does this by joining the 'PlayerInfo' and 'SeasonStatus' tables on the 'eliteid' field, filtering for players from Sweden, and counting the distinct 'eliteid' for each team. The result is ordered in descending order to find the team with the most Swedish players.",
        "gold_complexity": 20,
        "gold_sql": "SELECT T.TEAM FROM ( SELECT T2.TEAM, COUNT(DISTINCT T1.ELITEID) FROM PlayerInfo AS T1 INNER JOIN SeasonStatus AS T2 ON T1.ELITEID = T2.ELITEID WHERE T1.nation = 'Sweden' GROUP BY T2.TEAM ORDER BY COUNT(DISTINCT T1.ELITEID) DESC LIMIT 1 ) AS T"
    },
    {
        "sample_id": 6921,
        "vt": "SELECT COUNT(playerinfo.eliteid) FROM playerinfo INNER JOIN weight_info AS T2 ON T1.weight = T2.weight_id WHERE weight_info.weight_in_kg > [placeholder-type:numeric] AND playerinfo.position_info = '[placeholder-type:string]'",
        "ba": "The virtual table counts the number of players from the 'playerinfo' table who have a weight greater than a specified value in kilograms and play a specific position. It joins the 'playerinfo' table with the 'weight_info' table to access the weight data associated with each player.",
        "gold_complexity": 9,
        "gold_sql": "SELECT COUNT(T1.ELITEID) FROM PlayerInfo AS T1 INNER JOIN weight_info AS T2 ON T1.weight = T2.weight_id WHERE T2.weight_in_kg > 90 AND T1.position_info = 'D'"
    },
    {
        "sample_id": 6970,
        "vt": "SELECT playerinfo.playername FROM weight_info INNER JOIN PlayerInfo AS T2 ON T1.weight_id = T2.weight WHERE playerinfo.nation = '[placeholder-type:string]' ORDER BY weight_info.weight_in_lbs LIMIT [placeholder-type:numeric]",
        "ba": "The virtual table describes the names of players from the 'playerinfo' table who belong to a specific nation, while also considering their weight information from the 'weight_info' table. The query joins these two tables based on the weight ID and filters the results by the specified nation. The results are ordered by the players' weight in pounds, and a limit is applied to control the number of returned records.",
        "gold_complexity": 10,
        "gold_sql": "SELECT T2.PlayerName FROM weight_info AS T1 INNER JOIN PlayerInfo AS T2 ON T1.weight_id = T2.weight WHERE T2.nation = 'USA' ORDER BY T1.weight_in_lbs ASC LIMIT 1"
    },
    {
        "sample_id": 6959,
        "vt": "SELECT playerinfo.playername FROM playerinfo INNER JOIN weight_info AS T2 ON T1.weight = T2.weight_id ORDER BY weight_info.weight_in_kg LIMIT [placeholder-type:numeric]",
        "ba": "The virtual table retrieves the names of players from the 'playerinfo' table who have their corresponding weight information in the 'weight_info' table. The results are ordered by the weight in kilograms, and a limit is applied to restrict the number of returned player names.",
        "gold_complexity": 8,
        "gold_sql": "SELECT T1.PlayerName FROM PlayerInfo AS T1 INNER JOIN weight_info AS T2 ON T1.weight = T2.weight_id ORDER BY T2.weight_in_kg DESC LIMIT 1"
    },
    {
        "sample_id": 6922,
        "vt": "SELECT playerinfo.playername FROM playerinfo INNER JOIN weight_info AS T2 ON T1.weight = T2.weight_id WHERE weight_info.weight_in_kg > [placeholder-type:numeric] AND playerinfo.sum_7yr_gp = (SELECT MAX(playerinfo.sum_7yr_gp) FROM PlayerInfo AS T1 INNER JOIN weight_info AS T2 ON T1.weight = T2.weight_id WHERE T2.weight_in_kg > 90)",
        "ba": "The virtual table describes the names of players from the 'playerinfo' table who have a weight greater than a specified value in kilograms. It joins the 'playerinfo' table with the 'weight_info' table to filter players based on their weight. Additionally, it selects only those players who have played the maximum number of games in their first 7 years of NHL career among those who weigh more than 90 kg.",
        "gold_complexity": 12,
        "gold_sql": "SELECT T1.PlayerName FROM PlayerInfo AS T1 INNER JOIN weight_info AS T2 ON T1.weight = T2.weight_id WHERE T2.weight_in_kg > 90 AND T1.sum_7yr_GP = ( SELECT MAX(T1.sum_7yr_GP) FROM PlayerInfo AS T1 INNER JOIN weight_info AS T2 ON T1.weight = T2.weight_id WHERE T2.weight_in_kg > 90 )"
    },
    {
        "sample_id": 6969,
        "vt": "SELECT CAST(COUNT(CASE WHEN height_info.height_in_cm < [placeholder-type:numeric] AND playerinfo.nation = '[placeholder-type:string]' THEN playerinfo.eliteid ELSE NULL END) AS FLOAT) * [placeholder-type:numeric] / COUNT(playerinfo.eliteid) FROM height_info INNER JOIN PlayerInfo AS T2 ON T1.height_id = T2.height",
        "ba": "The virtual table calculates the percentage of players from a specific nation whose height is below a certain value in centimeters. It does this by counting the number of players who meet the height condition and dividing it by the total number of players, then multiplying by a specified factor.",
        "gold_complexity": 7,
        "gold_sql": "SELECT CAST(COUNT(CASE WHEN T1.height_in_cm < 200 AND T2.nation = 'Russia' THEN T2.ELITEID ELSE NULL END) AS REAL) * 100 / COUNT(T2.ELITEID) FROM height_info AS T1 INNER JOIN PlayerInfo AS T2 ON T1.height_id = T2.height"
    },
    {
        "sample_id": 6985,
        "vt": "SELECT seasonstatus.gp FROM playerinfo INNER JOIN SeasonStatus AS T2 ON T1.ELITEID = T2.ELITEID WHERE seasonstatus.season = '[placeholder-type:string]' AND playerinfo.playername = '[placeholder-type:string]'",
        "ba": "The virtual table retrieves the number of games played (gp) by a specific player during a specified season from the 'seasonstatus' table. It joins the 'playerinfo' table to link player details with their performance in that season. The placeholders represent the season and the player's name, allowing users to specify which player's game count they want to query for a particular season.",
        "gold_complexity": 8,
        "gold_sql": "SELECT T2.GP FROM PlayerInfo AS T1 INNER JOIN SeasonStatus AS T2 ON T1.ELITEID = T2.ELITEID WHERE T2.SEASON = '1997-1998' AND T1.PlayerName = 'Pavel Patera'"
    },
    {
        "sample_id": 6965,
        "vt": "SELECT seasonstatus.p FROM seasonstatus INNER JOIN PlayerInfo AS T2 ON T1.ELITEID = T2.ELITEID WHERE playerinfo.playername = '[placeholder-type:string]' ORDER BY seasonstatus.p LIMIT [placeholder-type:numeric]",
        "ba": "The virtual table retrieves the points scored by a specific player during their draft year from the 'seasonstatus' table. It joins the 'seasonstatus' table with the 'playerinfo' table to filter results based on the player's name. The results are ordered by points scored, and a limit is applied to control the number of records returned.",
        "gold_complexity": 10,
        "gold_sql": "SELECT T1.P FROM SeasonStatus AS T1 INNER JOIN PlayerInfo AS T2 ON T1.ELITEID = T2.ELITEID WHERE T2.PlayerName = 'Per Mars' ORDER BY T1.P DESC LIMIT 1"
    },
    {
        "sample_id": 6920,
        "vt": "SELECT COUNT(playerinfo.eliteid) FROM playerinfo INNER JOIN weight_info AS T2 ON T1.weight = T2.weight_id WHERE weight_info.weight_in_kg > [placeholder-type:numeric]",
        "ba": "The virtual table counts the number of players from the 'playerinfo' table who have a weight greater than a specified value in kilograms. It joins the 'playerinfo' table with the 'weight_info' table based on the weight ID, allowing for filtering based on the weight in kilograms.",
        "gold_complexity": 7,
        "gold_sql": "SELECT COUNT(T1.ELITEID) FROM PlayerInfo AS T1 INNER JOIN weight_info AS T2 ON T1.weight = T2.weight_id WHERE T2.weight_in_kg > 90"
    },
    {
        "sample_id": 6974,
        "vt": "SELECT COUNT(playerinfo.eliteid) FROM height_info INNER JOIN PlayerInfo AS T2 ON T1.height_id = T2.height WHERE playerinfo.overallby = '[placeholder-type:string]' AND height_info.height_in_cm = [placeholder-type:numeric]",
        "ba": "The virtual table counts the number of players from the 'playerinfo' table who have a specific height and were drafted by a particular team. It joins the 'height_info' table to access height details and filters based on the team that drafted the players and their height in centimeters.",
        "gold_complexity": 8,
        "gold_sql": "SELECT COUNT(T2.ELITEID) FROM height_info AS T1 INNER JOIN PlayerInfo AS T2 ON T1.height_id = T2.height WHERE T2.overallby = 'Arizona Coyotes' AND T1.height_in_cm = 195"
    },
    {
        "sample_id": 6961,
        "vt": "SELECT DISTINCT seasonstatus.team FROM seasonstatus INNER JOIN PlayerInfo AS T2 ON T1.ELITEID = T2.ELITEID WHERE playerinfo.playername = '[placeholder-type:string]'",
        "ba": "The virtual table provides a list of unique teams from the 'seasonstatus' table for a specific player identified by their name. It uses an inner join with the 'playerinfo' table to match the player's elite ID, ensuring that only the relevant team's information for that player is retrieved.",
        "gold_complexity": 8,
        "gold_sql": "SELECT DISTINCT T1.TEAM FROM SeasonStatus AS T1 INNER JOIN PlayerInfo AS T2 ON T1.ELITEID = T2.ELITEID WHERE T2.PlayerName = 'Andreas Jamtin'"
    },
    {
        "sample_id": 6973,
        "vt": "SELECT playerinfo.playername FROM seasonstatus INNER JOIN PlayerInfo AS T2 ON T1.ELITEID = T2.ELITEID WHERE playerinfo.overallby = '[placeholder-type:string]' AND playerinfo.draftyear = [placeholder-type:numeric] ORDER BY seasonstatus.pim LIMIT [placeholder-type:numeric]",
        "ba": "The virtual table retrieves the names of players from the 'playerinfo' table who were drafted by a specific team in a given draft year. It joins the 'seasonstatus' table to filter based on the penalty minutes (pim) during the season, allowing for an ordered list of players based on their disciplinary records. The placeholders represent the team identifier, draft year, and the limit on the number of results returned.",
        "gold_complexity": 11,
        "gold_sql": "SELECT T2.PlayerName FROM SeasonStatus AS T1 INNER JOIN PlayerInfo AS T2 ON T1.ELITEID = T2.ELITEID WHERE T2.overallby = 'Arizona Coyotes' AND T2.draftyear = 2000 ORDER BY T1.PIM DESC LIMIT 1"
    },
    {
        "sample_id": 6960,
        "vt": "SELECT CAST(COUNT(CASE WHEN playerinfo.nation = '[placeholder-type:string]' AND weight_info.weight_in_lbs > [placeholder-type:numeric] THEN playerinfo.eliteid ELSE NULL END) AS FLOAT) * [placeholder-type:numeric] / COUNT(playerinfo.eliteid) FROM playerinfo INNER JOIN weight_info AS T2 ON T1.weight = T2.weight_id",
        "ba": "The virtual table calculates the proportion of players from a specific nation who weigh more than a certain amount in pounds. It counts the number of players meeting the criteria and divides it by the total number of players, then multiplies by a specified factor. The placeholders represent the nation, weight threshold, and multiplication factor.",
        "gold_complexity": 7,
        "gold_sql": "SELECT CAST(COUNT(CASE WHEN T1.nation = 'Denmark' AND T2.weight_in_lbs > 154 THEN T1.ELITEID ELSE NULL END) AS REAL) * 100 / COUNT(T1.ELITEID) FROM PlayerInfo AS T1 INNER JOIN weight_info AS T2 ON T1.weight = T2.weight_id"
    },
    {
        "sample_id": 6933,
        "vt": "SELECT COUNT(DISTINCT T1.ELITEID) FROM playerinfo INNER JOIN SeasonStatus AS T2 ON T1.ELITEID = T2.ELITEID WHERE playerinfo.overallby = '[placeholder-type:string]' AND playerinfo.draftyear = [placeholder-type:numeric] AND seasonstatus.team = '[placeholder-type:string]'",
        "ba": "The virtual table counts the distinct number of players from the 'playerinfo' table who were drafted by a specific team in a given draft year. It joins the 'seasonstatus' table to filter players based on the team they belong to during the season.",
        "gold_complexity": 10,
        "gold_sql": "SELECT COUNT(DISTINCT T1.ELITEID) FROM PlayerInfo AS T1 INNER JOIN SeasonStatus AS T2 ON T1.ELITEID = T2.ELITEID WHERE T1.overallby = 'Anaheim Ducks' AND T1.draftyear = 2008 AND T2.TEAM = 'U.S. National U18 Team'"
    },
    {
        "sample_id": 6975,
        "vt": "SELECT DISTINCT playerinfo.playername FROM seasonstatus INNER JOIN PlayerInfo AS T2 ON T1.ELITEID = T2.ELITEID WHERE seasonstatus.season = '[placeholder-type:string]' AND seasonstatus.team = '[placeholder-type:string]' AND seasonstatus.gametype = '[placeholder-type:string]'",
        "ba": "The virtual table describes the distinct names of players from the 'playerinfo' table who participated in a specific season, team, and game type. The placeholders in the WHERE clause represent the season, team, and game type for filtering the results.",
        "gold_complexity": 10,
        "gold_sql": "SELECT DISTINCT T2.PlayerName FROM SeasonStatus AS T1 INNER JOIN PlayerInfo AS T2 ON T1.ELITEID = T2.ELITEID WHERE T1.SEASON = '2000-2001' AND T1.TEAM = 'Avangard Omsk' AND T1.GAMETYPE = 'Playoffs'"
    },
    {
        "sample_id": 6952,
        "vt": "SELECT COUNT(playerinfo.eliteid) FROM playerinfo WHERE playerinfo.overallby = '[placeholder-type:string]' AND playerinfo.sum_7yr_gp > [placeholder-type:numeric]",
        "ba": "The virtual table counts the number of players from the 'playerinfo' table who were drafted by a specific team and have played more than a certain number of games in their first seven years in the NHL. The placeholders represent the team identifier and the minimum number of games played.",
        "gold_complexity": 8,
        "gold_sql": "SELECT COUNT(ELITEID) FROM PlayerInfo WHERE overallby = 'Toronto Maple Leafs' AND sum_7yr_GP > 300"
    },
    {
        "sample_id": 6939,
        "vt": "SELECT COUNT(playerinfo.eliteid) FROM seasonstatus INNER JOIN PlayerInfo AS T2 ON T1.ELITEID = T2.ELITEID WHERE seasonstatus.gp = [placeholder-type:numeric] AND playerinfo.shoots = '[placeholder-type:string]'",
        "ba": "The virtual table counts the number of players from the 'playerinfo' table who have participated in a specific number of games during a season, while also filtering based on their shooting preference. The placeholders represent the number of games played and the shooting preference of the players.",
        "gold_complexity": 8,
        "gold_sql": "SELECT COUNT(T2.ELITEID) FROM SeasonStatus AS T1 INNER JOIN PlayerInfo AS T2 ON T1.ELITEID = T2.ELITEID WHERE T1.GP = 72 AND T2.shoots = 'L'"
    }
]