[
    {
        "sample_id": 9856,
        "vt": "SELECT COUNT(sets.id) FROM sets INNER JOIN set_translations AS T2 ON T2.setCode = T1.code WHERE set_translations.language = '[placeholder-type:string]' AND (sets.mtgocode IS NULL OR sets.mtgocode = '[placeholder-type:string]')",
        "ba": "The virtual table counts the number of sets from the 'sets' table that have translations in a specified language. It joins the 'sets' table with the 'set_translations' table to filter sets based on the provided language and checks if the set is either not available on Magic: The Gathering Online or has a specific Magic: The Gathering Online code.",
        "gold_complexity": 10,
        "gold_sql": "SELECT COUNT(T1.id) FROM sets AS T1 INNER JOIN set_translations AS T2 ON T2.setCode = T1.code WHERE T2.language = 'Japanese'  AND (T1.mtgoCode IS NULL OR T1.mtgoCode = '')"
    },
    {
        "sample_id": 9874,
        "vt": "SELECT DISTINCT cards.name FROM cards WHERE cards.istextless = [placeholder-type:numeric]",
        "ba": "The virtual table lists the distinct names of cards from the 'cards' table that have a specific property indicating whether they are textless or not. The placeholder in the WHERE clause represents a numeric value that determines if the card is textless (1) or not (0).",
        "gold_complexity": 7,
        "gold_sql": "SELECT DISTINCT name FROM cards WHERE isTextless = 0"
    },
    {
        "sample_id": 9773,
        "vt": "SELECT cards.name FROM cards INNER JOIN foreign_data AS T2 ON T1.uuid = T2.uuid WHERE foreign_data.language = '[placeholder-type:string]'",
        "ba": "The virtual table retrieves the names of cards from the 'cards' table that have corresponding foreign data in a specified language. The query uses an INNER JOIN to connect the 'cards' table with the 'foreign_data' table based on the unique identifier 'uuid'. The WHERE clause filters the results to include only those entries where the language matches a specified placeholder value.",
        "gold_complexity": 7,
        "gold_sql": "SELECT T1.name FROM cards AS T1 INNER JOIN foreign_data AS T2 ON T1.uuid = T2.uuid WHERE T2.language = 'Japanese'"
    },
    {
        "sample_id": 9805,
        "vt": "SELECT COUNT(cards.id) FROM cards INNER JOIN legalities AS T2 ON T1.uuid = T2.uuid WHERE legalities.status = '[placeholder-type:string]' AND cards.bordercolor = '[placeholder-type:string]'",
        "ba": "The virtual table counts the number of cards from the 'cards' table that have a specific legality status and a specified border color. The placeholders in the WHERE clause represent the legality status and the border color of the cards.",
        "gold_complexity": 8,
        "gold_sql": "SELECT COUNT(T1.id) FROM cards AS T1 INNER JOIN legalities AS T2 ON T1.uuid = T2.uuid WHERE T2.status = 'Banned' AND T1.borderColor = 'white'"
    },
    {
        "sample_id": 9913,
        "vt": "SELECT sets.mcmname FROM sets WHERE sets.releasedate = '[placeholder-type:string]'",
        "ba": "The virtual table provides the name of card sets from the 'sets' table that were released on a specific date. The placeholder in the WHERE clause represents the release date of the set.",
        "gold_complexity": 6,
        "gold_sql": "SELECT mcmName FROM sets WHERE releaseDate = '2017-06-09'"
    },
    {
        "sample_id": 9816,
        "vt": "SELECT COUNT(cards.id) FROM cards WHERE cards.bordercolor = '[placeholder-type:string]' AND NOT cards.cardkingdomid IS NULL AND NOT cards.cardkingdomfoilid IS NULL",
        "ba": "The virtual table counts the number of cards from the 'cards' table that have a specific border color and are associated with both a card kingdom ID and a card kingdom foil ID. The placeholders in the WHERE clause represent the border color of the cards.",
        "gold_complexity": 9,
        "gold_sql": "SELECT COUNT(id) FROM cards WHERE borderColor = 'white' AND cardKingdomId IS NOT NULL AND cardKingdomFoilId IS NOT NULL"
    },
    {
        "sample_id": 9915,
        "vt": "SELECT sets.parentcode FROM sets WHERE sets.name = '[placeholder-type:string]'",
        "ba": "The virtual table retrieves the parent code of a specific card set from the 'sets' table based on the set's name. The placeholder in the WHERE clause represents the name of the card set being queried.",
        "gold_complexity": 6,
        "gold_sql": "SELECT parentCode FROM sets WHERE name = 'Commander 2014 Oversized'"
    },
    {
        "sample_id": 9788,
        "vt": "SELECT legalities.format FROM cards INNER JOIN legalities AS T2 ON T1.uuid = T2.uuid WHERE cards.name = '[placeholder-type:string]'",
        "ba": "The virtual table retrieves the formats in which a specific card is legal to play from the 'legalities' table by joining it with the 'cards' table based on their unique identifiers. The placeholder in the WHERE clause represents the name of the card being queried.",
        "gold_complexity": 7,
        "gold_sql": "SELECT T2.format FROM cards AS T1 INNER JOIN legalities AS T2 ON T1.uuid = T2.uuid WHERE T1.name = 'Benalish Knight'"
    },
    {
        "sample_id": 9877,
        "vt": "SELECT DISTINCT cards.name FROM cards WHERE cards.ispromo = [placeholder-type:numeric] AND NOT cards.side IS NULL",
        "ba": "The virtual table lists the distinct names of cards from the 'cards' table that are promotional and have multiple faces. The placeholder in the WHERE clause indicates whether to filter for promotional cards based on a numeric value.",
        "gold_complexity": 9,
        "gold_sql": "SELECT DISTINCT name FROM cards WHERE isPromo = 1 AND side IS NOT NULL"
    },
    {
        "sample_id": 9764,
        "vt": "SELECT cards.name FROM cards ORDER BY cards.faceconvertedmanacost LIMIT [placeholder-type:numeric]",
        "ba": "The virtual table lists the names of cards from the 'cards' table, ordered by their face converted mana cost. The result is limited to a specified number of entries, allowing users to retrieve a manageable subset of card names based on their mana cost.",
        "gold_complexity": 7,
        "gold_sql": "SELECT name FROM cards ORDER BY faceConvertedManaCost LIMIT 1"
    },
    {
        "sample_id": 9780,
        "vt": "SELECT DISTINCT cards.bordercolor FROM cards WHERE cards.name = '[placeholder-type:string]'",
        "ba": "The virtual table retrieves distinct border colors of cards from the 'cards' table based on a specific card name. The placeholder in the WHERE clause represents the name of the card being queried.",
        "gold_complexity": 7,
        "gold_sql": "SELECT DISTINCT borderColor FROM cards WHERE name = 'Ancestor''s Chosen'"
    },
    {
        "sample_id": 9904,
        "vt": "SELECT DISTINCT cards.type FROM cards INNER JOIN foreign_data AS T2 ON T2.uuid = T1.uuid WHERE cards.name = '[placeholder-type:string]' AND foreign_data.language = '[placeholder-type:string]'",
        "ba": "The virtual table retrieves distinct card types from the 'cards' table based on the card's name and the language of the foreign data. It joins the 'cards' table with the 'foreign_data' table using the unique identifier (uuid) to ensure that the correct foreign language data is associated with each card.",
        "gold_complexity": 9,
        "gold_sql": "SELECT DISTINCT T1.type FROM cards AS T1 INNER JOIN foreign_data AS T2 ON T2.uuid = T1.uuid WHERE T1.name = 'Ancestor''s Chosen' AND T2.language = 'German'"
    },
    {
        "sample_id": 9785,
        "vt": "SELECT COUNT(DISTINCT T1.id) FROM cards INNER JOIN legalities AS T2 ON T1.uuid = T2.uuid WHERE legalities.status = '[placeholder-type:string]' AND cards.isstarter = [placeholder-type:numeric]",
        "ba": "The virtual table counts the distinct card IDs from the 'cards' table that are associated with specific legalities. It filters the results based on the legality status and whether the card is part of a starter deck.",
        "gold_complexity": 9,
        "gold_sql": "SELECT COUNT(DISTINCT T1.id) FROM cards AS T1 INNER JOIN legalities AS T2 ON T1.uuid = T2.uuid WHERE T2.status = 'Restricted' AND T1.isStarter = 1"
    },
    {
        "sample_id": 9929,
        "vt": "SELECT CAST(SUM(CASE WHEN sets.isonlineonly = [placeholder-type:numeric] THEN [placeholder-type:numeric] ELSE [placeholder-type:numeric] END) AS FLOAT) * [placeholder-type:numeric] / COUNT(sets.id) FROM sets WHERE sets.code IN (SELECT set_translations.setcode FROM set_translations WHERE language = 'Portuguese (Brazil)')",
        "ba": "The virtual table calculates the average value of a specific attribute from the 'sets' table, specifically focusing on sets that are only available online. It uses a conditional sum to differentiate between online-only sets and others, applying a multiplier to the result. The query filters the sets based on their translations in Portuguese (Brazil).",
        "gold_complexity": 13,
        "gold_sql": "SELECT CAST(SUM(CASE WHEN isOnlineOnly = 1 THEN 1 ELSE 0 END) AS REAL) * 100 / COUNT(id) FROM sets WHERE code IN ( SELECT setCode FROM set_translations WHERE language = 'Portuguese (Brazil)' )"
    },
    {
        "sample_id": 9909,
        "vt": "SELECT CAST(SUM(CASE WHEN NOT cards.cardkingdomfoilid IS NULL AND NOT cards.cardkingdomid IS NULL THEN [placeholder-type:numeric] ELSE [placeholder-type:numeric] END) AS FLOAT) * [placeholder-type:numeric] / COUNT(cards.id) FROM cards INNER JOIN sets AS T2 ON T2.code = T1.setCode WHERE sets.name = '[placeholder-type:string]'",
        "ba": "The virtual table calculates the average value of a specific metric related to cards from a particular set. It sums up a conditional count of cards that have both a non-null card kingdom foil ID and a non-null card kingdom ID, multiplies this sum by a placeholder numeric value, and then divides it by the total count of card IDs. The query filters the results based on the name of the set, which is provided as a string placeholder.",
        "gold_complexity": 9,
        "gold_sql": "SELECT CAST(SUM(CASE WHEN T1.cardKingdomFoilId IS NOT NULL AND T1.cardKingdomId IS NOT NULL THEN 1 ELSE 0 END) AS REAL) * 100 / COUNT(T1.id) FROM cards AS T1 INNER JOIN sets AS T2 ON T2.code = T1.setCode WHERE T2.name = 'Coldsnap'"
    },
    {
        "sample_id": 9811,
        "vt": "SELECT cards.id, rulings.date FROM cards INNER JOIN rulings AS T2 ON T1.uuid = T2.uuid WHERE cards.originaltype = '[placeholder-type:string]'",
        "ba": "The virtual table displays the IDs of cards along with their corresponding ruling dates from the 'cards' and 'rulings' tables. It filters the results based on the original type of the card, which is specified by a placeholder.",
        "gold_complexity": 9,
        "gold_sql": "SELECT T1.id, T2.date FROM cards AS T1 INNER JOIN rulings AS T2 ON T1.uuid = T2.uuid WHERE T1.originalType = 'Creature - Elf'"
    },
    {
        "sample_id": 9870,
        "vt": "SELECT DISTINCT cards.name, cards.type FROM cards INNER JOIN foreign_data AS T2 ON T2.uuid = T1.uuid WHERE cards.watermark = '[placeholder-type:string]'",
        "ba": "The virtual table provides a distinct list of card names and their types from the 'cards' table, specifically filtering for cards that have a certain watermark. The watermark is specified using a placeholder for string values, allowing users to input the desired watermark to retrieve relevant card information.",
        "gold_complexity": 10,
        "gold_sql": "SELECT DISTINCT T1.name, T1.type FROM cards AS T1 INNER JOIN foreign_data AS T2 ON T2.uuid = T1.uuid WHERE T1.watermark = 'abzan'"
    },
    {
        "sample_id": 9763,
        "vt": "SELECT cards.id FROM cards WHERE cards.bordercolor = '[placeholder-type:string]' AND (cards.cardkingdomid IS NULL OR cards.cardkingdomid IS NULL)",
        "ba": "The virtual table retrieves the IDs of cards from the 'cards' table that have a specific border color and do not have a Card Kingdom ID associated with them.",
        "gold_complexity": 8,
        "gold_sql": "SELECT id FROM cards WHERE borderColor = 'borderless' AND (cardKingdomId IS NULL OR cardKingdomId IS NULL)"
    },
    {
        "sample_id": 9841,
        "vt": "SELECT COUNT(cards.id) FROM cards WHERE cards.edhrecrank > [placeholder-type:numeric] AND cards.bordercolor = '[placeholder-type:string]'",
        "ba": "The virtual table counts the number of cards from the 'cards' table that have an EDHRec rank greater than a specified value and a specific border color. The placeholders represent the numeric rank threshold and the string value for the border color.",
        "gold_complexity": 8,
        "gold_sql": "SELECT COUNT(id) FROM cards WHERE edhrecRank > 12000 AND borderColor = 'borderless'"
    },
    {
        "sample_id": 9901,
        "vt": "SELECT SUM(CASE WHEN cards.power LIKE '[placeholder-type:string]' OR cards.power IS NULL THEN [placeholder-type:numeric] ELSE [placeholder-type:numeric] END) FROM cards INNER JOIN sets AS T2 ON T2.code = T1.setCode WHERE sets.name = '[placeholder-type:string]' AND cards.convertedmanacost > [placeholder-type:numeric]",
        "ba": "The virtual table calculates the total power of cards from the 'cards' table that meet specific criteria. It sums the power of cards that either match a given string pattern or have a null value, while also applying a filter based on the set name and the converted mana cost of the cards.",
        "gold_complexity": 9,
        "gold_sql": "SELECT SUM(CASE WHEN T1.power LIKE '*' OR T1.power IS NULL THEN 1 ELSE 0 END) FROM cards AS T1 INNER JOIN sets AS T2 ON T2.code = T1.setCode WHERE T2.name = 'Coldsnap' AND T1.convertedManaCost > 5"
    },
    {
        "sample_id": 9928,
        "vt": "SELECT CAST(SUM(CASE WHEN sets.isnonfoilonly = [placeholder-type:numeric] THEN [placeholder-type:numeric] ELSE [placeholder-type:numeric] END) AS FLOAT) * [placeholder-type:numeric] / COUNT(sets.id) FROM sets WHERE sets.code IN (SELECT set_translations.setcode FROM set_translations WHERE language = 'Japanese')",
        "ba": "The virtual table calculates the average value of a specific attribute from the 'sets' table, specifically focusing on sets that are only available in non-foil format. It sums up the values based on a condition and divides it by the total count of sets that match a specific language translation, in this case, Japanese. The placeholders represent numeric values that can be adjusted to filter or modify the calculation as needed.",
        "gold_complexity": 13,
        "gold_sql": "SELECT CAST(SUM(CASE WHEN isNonFoilOnly = 1 THEN 1 ELSE 0 END) AS REAL) * 100 / COUNT(id) FROM sets WHERE code IN ( SELECT setCode FROM set_translations WHERE language = 'Japanese' )"
    },
    {
        "sample_id": 9799,
        "vt": "SELECT COUNT(cards.id) FROM cards WHERE cards.originaltype = '[placeholder-type:string]' AND cards.subtypes <> '[placeholder-type:string]'",
        "ba": "The virtual table counts the number of cards from the 'cards' table that have a specific original type and do not belong to a specified subtype. The placeholders represent the original type and subtype criteria for filtering the results.",
        "gold_complexity": 8,
        "gold_sql": "SELECT COUNT(id) FROM cards WHERE originalType = 'Summon - Angel' AND subtypes != 'Angel'"
    },
    {
        "sample_id": 9880,
        "vt": "SELECT COUNT(CASE WHEN cards.availability LIKE '[placeholder-type:string]' AND cards.bordercolor = '[placeholder-type:string]' THEN [placeholder-type:numeric] ELSE NULL END) FROM cards",
        "ba": "The virtual table counts the number of cards from the 'cards' table that match specific criteria for availability and border color. The placeholders represent the desired availability type and border color, allowing users to filter the results based on their preferences.",
        "gold_complexity": 5,
        "gold_sql": "SELECT COUNT(CASE WHEN availability LIKE '%arena,mtgo%' AND borderColor = 'black' THEN 1 ELSE NULL END) FROM cards"
    },
    {
        "sample_id": 9920,
        "vt": "SELECT set_translations.translation FROM cards INNER JOIN set_translations AS T2 ON T2.setCode = T1.setCode WHERE cards.name = '[placeholder-type:string]' AND set_translations.language = '[placeholder-type:string]' AND NOT set_translations.translation IS NULL",
        "ba": "The virtual table retrieves the translations of card set names from the 'set_translations' table based on the card's name and the specified language. It ensures that only non-null translations are returned.",
        "gold_complexity": 10,
        "gold_sql": "SELECT T2.translation FROM cards AS T1 INNER JOIN set_translations AS T2 ON T2.setCode = T1.setCode WHERE T1.name = 'Tendo Ice Bridge' AND T2.language = 'French' AND T2.translation IS NOT NULL"
    },
    {
        "sample_id": 9927,
        "vt": "SELECT set_translations.translation FROM set_translations WHERE set_translations.setcode IN (SELECT sets.code FROM sets WHERE name = 'Mirrodin') AND set_translations.language = '[placeholder-type:string]'",
        "ba": "The virtual table retrieves the translations of a specific card set from the 'set_translations' table. It filters the results based on the set code associated with the set name 'Mirrodin' from the 'sets' table, and it further narrows down the results to a specific language using a placeholder.",
        "gold_complexity": 13,
        "gold_sql": "SELECT translation FROM set_translations WHERE setCode IN ( SELECT code FROM sets WHERE name = 'Mirrodin' ) AND language = 'Chinese Simplified'"
    },
    {
        "sample_id": 9779,
        "vt": "SELECT cards.promotypes FROM cards WHERE cards.name = '[placeholder-type:string]' AND NOT cards.promotypes IS NULL",
        "ba": "The virtual table retrieves the promotional types associated with a specific card from the 'cards' table. It filters the results based on the card's name, ensuring that only cards with non-null promotional types are included.",
        "gold_complexity": 8,
        "gold_sql": "SELECT promoTypes FROM cards WHERE name = 'Duress' AND promoTypes IS NOT NULL"
    },
    {
        "sample_id": 9801,
        "vt": "SELECT cards.id FROM cards WHERE cards.dueldeck = '[placeholder-type:string]'",
        "ba": "The virtual table retrieves the unique identifiers of cards from the 'cards' table that belong to a specific duel deck. The placeholder in the WHERE clause represents the name of the duel deck.",
        "gold_complexity": 6,
        "gold_sql": "SELECT id FROM cards WHERE duelDeck = 'a'"
    },
    {
        "sample_id": 9873,
        "vt": "SELECT SUM(CASE WHEN cards.availability = '[placeholder-type:string]' AND cards.hand = '[placeholder-type:string]' THEN [placeholder-type:numeric] ELSE [placeholder-type:numeric] END) FROM cards",
        "ba": "The virtual table calculates the total sum of a specified numeric value from the 'cards' table, based on conditions related to the card's availability and hand size. The placeholders represent the specific availability type and hand size to filter the results accordingly.",
        "gold_complexity": 5,
        "gold_sql": "SELECT SUM(CASE WHEN availability = 'paper' AND hAND = '3' THEN 1 ELSE 0 END) FROM cards"
    },
    {
        "sample_id": 9847,
        "vt": "SELECT cards.id FROM cards WHERE cards.subtypes = '[placeholder-type:string]' AND cards.side IS NULL",
        "ba": "The virtual table retrieves the unique identifiers of cards from the 'cards' table that belong to a specific subtype and do not have multiple faces.",
        "gold_complexity": 8,
        "gold_sql": "SELECT id FROM cards WHERE subtypes = 'Angel,Wizard' AND side IS NULL"
    },
    {
        "sample_id": 9815,
        "vt": "SELECT COUNT(cards.id) FROM cards WHERE (cards.cardkingdomid IS NULL OR cards.cardkingdomfoilid IS NULL) AND cards.artist = '[placeholder-type:string]'",
        "ba": "The virtual table counts the number of cards from the 'cards' table where either the 'cardkingdomid' or 'cardkingdomfoilid' is null, indicating that these cards do not have a corresponding entry in the Card Kingdom database. Additionally, it filters the results based on the artist's name provided as a placeholder.",
        "gold_complexity": 9,
        "gold_sql": "SELECT COUNT(id) FROM cards WHERE (cardKingdomId IS NULL OR cardKingdomFoilId IS NULL) AND artist = 'John Avon'"
    },
    {
        "sample_id": 9863,
        "vt": "SELECT set_translations.setcode FROM sets INNER JOIN set_translations AS T2 ON T2.setCode = T1.code WHERE sets.releasedate = '[placeholder-type:string]'",
        "ba": "The virtual table retrieves the set codes of card sets from the 'sets' table that were released on a specific date. It uses an inner join with the 'set_translations' table to link the set codes, allowing for translations of the set names to be included in the results.",
        "gold_complexity": 7,
        "gold_sql": "SELECT T2.setCode FROM sets AS T1 INNER JOIN set_translations AS T2 ON T2.setCode = T1.code WHERE T1.releaseDate = '2007-07-13'"
    },
    {
        "sample_id": 9808,
        "vt": "SELECT COUNT(cards.id) FROM cards INNER JOIN legalities AS T2 ON T1.uuid = T2.uuid WHERE cards.frameversion = '[placeholder-type:string]'",
        "ba": "The virtual table counts the number of cards from the 'cards' table that have a specific frame version. It joins the 'legalities' table to filter the results based on the card's unique identifier (uuid). The placeholder in the WHERE clause represents the frame version being queried.",
        "gold_complexity": 7,
        "gold_sql": "SELECT COUNT(T1.id) FROM cards AS T1 INNER JOIN legalities AS T2 ON T1.uuid = T2.uuid WHERE T1.frameVersion = 'future'"
    },
    {
        "sample_id": 9897,
        "vt": "SELECT SUM(CASE WHEN cards.bordercolor = '[placeholder-type:string]' THEN [placeholder-type:numeric] ELSE [placeholder-type:numeric] END) FROM cards INNER JOIN sets AS T2 ON T2.code = T1.setCode WHERE sets.name = '[placeholder-type:string]'",
        "ba": "The virtual table calculates the total number of cards with a specific border color from the 'cards' table, filtered by the name of the set from the 'sets' table. The placeholders represent the border color and the set name.",
        "gold_complexity": 7,
        "gold_sql": "SELECT SUM(CASE WHEN T1.borderColor = 'black' THEN 1 ELSE 0 END) FROM cards AS T1 INNER JOIN sets AS T2 ON T2.code = T1.setCode WHERE T2.name = 'Coldsnap'"
    },
    {
        "sample_id": 9925,
        "vt": "SELECT cards.type FROM sets WHERE sets.code IN (SELECT cards.setcode FROM cards WHERE name = 'Samite Pilgrim')",
        "ba": "The virtual table retrieves the types of cards from the 'sets' table that are associated with a specific card name, 'Samite Pilgrim'. It uses a subquery to first find the set codes from the 'cards' table where the card name matches the specified value.",
        "gold_complexity": 12,
        "gold_sql": "SELECT type FROM sets WHERE code IN ( SELECT setCode FROM cards WHERE name = 'Samite Pilgrim' )"
    },
    {
        "sample_id": 9942,
        "vt": "SELECT cards.artist, legalities.format FROM cards INNER JOIN legalities AS T2 ON T2.uuid = T1.uuid GROUP BY cards.artist ORDER BY COUNT(cards.id) LIMIT [placeholder-type:numeric]",
        "ba": "The virtual table presents a list of artists along with the formats of play for cards they have illustrated. It aggregates the data by artist, counting the number of cards associated with each artist, and limits the results to a specified number of artists.",
        "gold_complexity": 12,
        "gold_sql": "SELECT T1.artist, T2.format FROM cards AS T1 INNER JOIN legalities AS T2 ON T2.uuid = T1.uuid GROUP BY T1.artist ORDER BY COUNT(T1.id) ASC LIMIT 1"
    },
    {
        "sample_id": 9951,
        "vt": "SELECT sets.name FROM sets WHERE sets.code IN (SELECT set_translations.setcode FROM set_translations WHERE language = 'Korean' AND NOT language LIKE '%Japanese%')",
        "ba": "The virtual table lists the names of card sets from the 'sets' table that are available in Korean, excluding any sets that are also available in Japanese. The query uses a subquery to filter the set codes based on the specified language criteria.",
        "gold_complexity": 14,
        "gold_sql": "SELECT name FROM sets WHERE code IN ( SELECT setCode FROM set_translations WHERE language = 'Korean' AND language NOT LIKE '%Japanese%' )"
    },
    {
        "sample_id": 9820,
        "vt": "SELECT cards.manacost FROM cards WHERE cards.artist = '[placeholder-type:string]'",
        "ba": "The virtual table retrieves the mana cost of cards from the 'cards' table that are illustrated by a specific artist. The placeholder in the WHERE clause represents the name of the artist.",
        "gold_complexity": 6,
        "gold_sql": "SELECT manaCost FROM cards WHERE artist = 'Rob Alexander'"
    },
    {
        "sample_id": 9772,
        "vt": "SELECT foreign_data.language FROM cards INNER JOIN foreign_data AS T2 ON T1.uuid = T2.uuid WHERE cards.name = '[placeholder-type:string]' AND cards.number = [placeholder-type:numeric]",
        "ba": "The virtual table retrieves the languages of foreign flavor text associated with a specific card from the 'cards' table. It uses the card's name and number to filter the results, ensuring that only the relevant foreign data is returned.",
        "gold_complexity": 8,
        "gold_sql": "SELECT T2.language FROM cards AS T1 INNER JOIN foreign_data AS T2 ON T1.uuid = T2.uuid WHERE T1.name = 'Annul' AND T1.number = 29"
    },
    {
        "sample_id": 9851,
        "vt": "SELECT set_translations.language, sets.type FROM sets INNER JOIN set_translations AS T2 ON T1.code = T2.setCode WHERE set_translations.id = [placeholder-type:numeric]",
        "ba": "The virtual table provides information about the languages and types of card sets from the 'sets' table, specifically focusing on a particular set identified by its unique ID. It utilizes an inner join with the 'set_translations' table to correlate the set code with its translations, allowing for a comprehensive view of the set's details in different languages.",
        "gold_complexity": 9,
        "gold_sql": "SELECT T2.language, T1.type FROM sets AS T1 INNER JOIN set_translations AS T2 ON T1.code = T2.setCode WHERE T2.id = 206"
    },
    {
        "sample_id": 9839,
        "vt": "SELECT CAST(SUM(CASE WHEN set_translations.language = '[placeholder-type:string]' THEN [placeholder-type:numeric] ELSE [placeholder-type:numeric] END) AS FLOAT) * [placeholder-type:numeric] / COUNT(sets.id) FROM sets INNER JOIN set_translations AS T2 ON T1.code = T2.setCode WHERE sets.type = '[placeholder-type:string]'",
        "ba": "The virtual table calculates a weighted average based on the number of translations available for a specific card set type. It sums up the values from the set_translations table where the language matches a specified placeholder, and divides this sum by the total count of sets of the specified type. The result is then multiplied by a numeric placeholder to adjust the final output.",
        "gold_complexity": 8,
        "gold_sql": "SELECT CAST(SUM(CASE WHEN T2.language = 'Japanese' THEN 1 ELSE 0 END) AS REAL) * 100 / COUNT(T1.id) FROM sets AS T1 INNER JOIN set_translations AS T2 ON T1.code = T2.setCode WHERE T1.type = 'expansion'"
    },
    {
        "sample_id": 9944,
        "vt": "SELECT cards.name, legalities.format FROM cards INNER JOIN legalities AS T2 ON T2.uuid = T1.uuid WHERE cards.edhrecrank = [placeholder-type:numeric] AND legalities.status = '[placeholder-type:string]' GROUP BY cards.name, legalities.format",
        "ba": "The virtual table describes the names of cards along with their legal formats from the 'cards' and 'legalities' tables. It filters the results based on a specific EDHRec rank and the legality status of the cards. The placeholders represent the rank and legality status that can be specified by the user.",
        "gold_complexity": 14,
        "gold_sql": "SELECT T1.name, T2.format FROM cards AS T1 INNER JOIN legalities AS T2 ON T2.uuid = T1.uuid WHERE T1.edhrecRank = 1 AND T2.status = 'Banned' GROUP BY T1.name, T2.format"
    },
    {
        "sample_id": 9778,
        "vt": "SELECT COUNT(*) FROM cards WHERE cards.power = '[placeholder-type:string]'",
        "ba": "The virtual table counts the number of cards from the 'cards' table that have a specific power value. The placeholder in the WHERE clause represents the power of the cards being queried.",
        "gold_complexity": 6,
        "gold_sql": "SELECT COUNT(*) FROM cards WHERE power = '*'"
    },
    {
        "sample_id": 9940,
        "vt": "WITH MaxBanned AS (SELECT format, COUNT(*) AS count_banned FROM legalities WHERE status = 'Banned' GROUP BY format ORDER BY COUNT(*) DESC LIMIT 1) SELECT legalities.format, cards.name FROM cards INNER JOIN legalities AS T2 ON T2.uuid = T1.uuid INNER JOIN MaxBanned AS MB ON MB.format = T2.format WHERE legalities.status = '[placeholder-type:string]'",
        "ba": "The virtual table identifies the card names from the 'cards' table that are associated with the format that has the highest number of banned cards. It uses a common table expression (CTE) to first determine which format has the most banned cards, and then retrieves the names of the cards that are banned in that format.",
        "gold_complexity": 19,
        "gold_sql": "WITH MaxBanned AS (SELECT format, COUNT(*) AS count_banned FROM legalities WHERE status = 'Banned' GROUP BY format ORDER BY COUNT(*) DESC LIMIT 1) SELECT T2.format, T1.name FROM cards AS T1 INNER JOIN legalities AS T2 ON T2.uuid = T1.uuid INNER JOIN MaxBanned MB ON MB.format = T2.format WHERE T2.status = 'Banned'"
    },
    {
        "sample_id": 9864,
        "vt": "SELECT DISTINCT sets.basesetsize, set_translations.setcode FROM sets INNER JOIN set_translations AS T2 ON T2.setCode = T1.code WHERE sets.block IN ('[placeholder-type:string]', '[placeholder-type:string]')",
        "ba": "The virtual table provides a distinct list of base set sizes and their corresponding set codes from the 'sets' table, filtered by specific block names. The placeholders in the WHERE clause represent the block names that the user can specify to retrieve relevant data.",
        "gold_complexity": 10,
        "gold_sql": "SELECT DISTINCT T1.baseSetSize, T2.setCode FROM sets AS T1 INNER JOIN set_translations AS T2 ON T2.setCode = T1.code WHERE T1.block IN ('Masques', 'Mirage')"
    },
    {
        "sample_id": 9855,
        "vt": "SELECT CAST(SUM(CASE WHEN set_translations.language = '[placeholder-type:string]' AND sets.isonlineonly = [placeholder-type:numeric] THEN [placeholder-type:numeric] ELSE [placeholder-type:numeric] END) AS FLOAT) * [placeholder-type:numeric] / COUNT(*) FROM sets INNER JOIN set_translations AS T2 ON T1.code = T2.setCode",
        "ba": "The virtual table calculates a weighted average based on the number of sets that are available only online and the translations of those sets in a specified language. It sums up a conditional value based on whether the set is online-only and matches the specified language, then divides this sum by the total count of sets to get the average. The placeholders represent the language, online availability status, and a multiplier for scaling the result.",
        "gold_complexity": 7,
        "gold_sql": "SELECT CAST(SUM(CASE WHEN T2.language = 'Chinese Simplified' AND T1.isOnlineOnly = 1 THEN 1 ELSE 0 END) AS REAL) * 100 / COUNT(*) FROM sets AS T1 INNER JOIN set_translations AS T2 ON T1.code = T2.setCode"
    },
    {
        "sample_id": 9902,
        "vt": "SELECT foreign_data.flavortext FROM cards INNER JOIN foreign_data AS T2 ON T2.uuid = T1.uuid WHERE cards.name = '[placeholder-type:string]' AND foreign_data.language = '[placeholder-type:string]'",
        "ba": "The virtual table retrieves the foreign flavor text of a specific card from the 'cards' table based on the card's name and the specified language. It joins the 'cards' table with the 'foreign_data' table using the unique identifier (UUID) to ensure that the correct flavor text is associated with the corresponding card.",
        "gold_complexity": 8,
        "gold_sql": "SELECT T2.flavorText FROM cards AS T1 INNER JOIN foreign_data AS T2 ON T2.uuid = T1.uuid WHERE T1.name = 'Ancestor''s Chosen' AND T2.language = 'Italian'"
    },
    {
        "sample_id": 9879,
        "vt": "SELECT DISTINCT cards.purchaseurls FROM cards WHERE cards.promotypes = '[placeholder-type:string]'",
        "ba": "The virtual table provides a list of unique purchase URLs for cards from the 'cards' table that belong to a specific promotional type. The placeholder in the WHERE clause represents the promotional type of the card.",
        "gold_complexity": 7,
        "gold_sql": "SELECT DISTINCT purchaseUrls FROM cards WHERE promoTypes = 'bundle'"
    },
    {
        "sample_id": 9914,
        "vt": "SELECT sets.type FROM sets WHERE sets.name LIKE '[placeholder-type:string]'",
        "ba": "The virtual table describes the types of card sets from the 'sets' table that match a specific name pattern. The placeholder in the WHERE clause represents the name of the set being queried.",
        "gold_complexity": 6,
        "gold_sql": "SELECT type FROM sets WHERE name LIKE '%FROM the Vault: Lore%'"
    },
    {
        "sample_id": 9766,
        "vt": "SELECT DISTINCT cards.id FROM cards INNER JOIN legalities AS T2 ON T1.uuid = T2.uuid WHERE legalities.format = '[placeholder-type:string]' AND legalities.status = '[placeholder-type:string]' AND cards.rarity = '[placeholder-type:string]'",
        "ba": "The virtual table retrieves unique card IDs from the 'cards' table that are associated with specific legalities. It filters the results based on the format of play, the legality status, and the rarity of the cards.",
        "gold_complexity": 10,
        "gold_sql": "SELECT DISTINCT T1.id FROM cards AS T1 INNER JOIN legalities AS T2 ON T1.uuid = T2.uuid WHERE T2.format = 'gladiator' AND T2.status = 'Banned' AND T1.rarity = 'mythic'"
    },
    {
        "sample_id": 9938,
        "vt": "SELECT COUNT((SELECT T1.id FROM cards AS T1 INNER JOIN foreign_data AS T2 ON T2.uuid = T1.uuid WHERE T1.artist = 'Volkan Ba\u01f5a' AND T2.language = 'French' GROUP BY T1.id).id) FROM (SELECT cards.id FROM cards AS T1 INNER JOIN foreign_data AS T2 ON T2.uuid = T1.uuid WHERE T1.artist = 'Volkan Ba\u01f5a' AND T2.language = 'French' GROUP BY T1.id) AS t3",
        "ba": "The virtual table counts the number of unique card IDs illustrated by a specific artist in a specified foreign language. It joins the 'cards' table with the 'foreign_data' table to filter cards based on the artist's name and the language of the foreign text.",
        "gold_complexity": 17,
        "gold_sql": "SELECT COUNT(T3.id) FROM ( SELECT T1.id FROM cards AS T1 INNER JOIN foreign_data AS T2 ON T2.uuid = T1.uuid WHERE T1.artist = 'Volkan Ba\u01f5a' AND T2.language = 'French' GROUP BY T1.id ) AS T3"
    },
    {
        "sample_id": 9774,
        "vt": "SELECT CAST(SUM(CASE WHEN foreign_data.language = '[placeholder-type:string]' THEN [placeholder-type:numeric] ELSE [placeholder-type:numeric] END) AS FLOAT) * [placeholder-type:numeric] / COUNT(cards.id) FROM cards INNER JOIN foreign_data AS T2 ON T1.uuid = T2.uuid",
        "ba": "The virtual table calculates a weighted average based on the foreign language data associated with each card in the 'cards' table. It sums up a specific numeric value for cards that match a given foreign language and divides it by the total count of cards, adjusting the result by a specified multiplier.",
        "gold_complexity": 6,
        "gold_sql": "SELECT CAST(SUM(CASE WHEN T2.language = 'Chinese Simplified' THEN 1 ELSE 0 END) AS REAL) * 100 / COUNT(T1.id) FROM cards AS T1 INNER JOIN foreign_data AS T2 ON T1.uuid = T2.uuid"
    },
    {
        "sample_id": 9930,
        "vt": "SELECT DISTINCT cards.availability FROM cards WHERE cards.artist = '[placeholder-type:string]' AND cards.istextless = [placeholder-type:numeric]",
        "ba": "The virtual table provides a distinct list of card availability types from the 'cards' table, filtered by a specific artist's name and whether the card is textless or not. The placeholders allow users to specify the artist's name and the textless status.",
        "gold_complexity": 8,
        "gold_sql": "SELECT DISTINCT availability FROM cards WHERE artist = 'Aleksi Briclot' AND isTextless = 1"
    },
    {
        "sample_id": 9857,
        "vt": "SELECT cards.id FROM cards WHERE cards.bordercolor = '[placeholder-type:string]' GROUP BY cards.id",
        "ba": "The virtual table retrieves the unique identifiers of cards from the 'cards' table that have a specific border color. The placeholder in the WHERE clause represents the desired border color of the cards.",
        "gold_complexity": 8,
        "gold_sql": "SELECT id FROM cards WHERE borderColor = 'black' GROUP BY id"
    },
    {
        "sample_id": 9912,
        "vt": "SELECT sets.mcmid FROM sets WHERE sets.code = '[placeholder-type:string]'",
        "ba": "The virtual table retrieves the Magic: The Gathering set identifier from the 'sets' table based on a specific set code. The placeholder in the WHERE clause represents the set code that the user wants to query.",
        "gold_complexity": 6,
        "gold_sql": "SELECT mcmId FROM sets WHERE code = 'SS2'"
    },
    {
        "sample_id": 9949,
        "vt": "SELECT rulings.text FROM cards INNER JOIN rulings AS T2 ON T2.uuid = T1.uuid WHERE cards.artist = '[placeholder-type:string]' ORDER BY rulings.date",
        "ba": "The virtual table retrieves the rulings associated with cards illustrated by a specific artist from the 'cards' table. The results are ordered by the date of the rulings.",
        "gold_complexity": 9,
        "gold_sql": "SELECT T2.text FROM cards AS T1 INNER JOIN rulings AS T2 ON T2.uuid = T1.uuid WHERE T1.artist = 'Kev Walker' ORDER BY T2.date DESC"
    },
    {
        "sample_id": 9905,
        "vt": "SELECT DISTINCT foreign_data.text FROM foreign_data INNER JOIN cards AS T2 ON T2.uuid = T1.uuid INNER JOIN sets AS T3 ON T3.code = T2.setCode WHERE sets.name = '[placeholder-type:string]' AND foreign_data.language = '[placeholder-type:string]'",
        "ba": "The virtual table retrieves distinct foreign text descriptions of cards from the 'foreign_data' table. It joins the 'cards' table to link each card's unique identifier (uuid) and the 'sets' table to filter results based on the specific set name and language. The placeholders represent the set name and the language for which the foreign text is requested.",
        "gold_complexity": 10,
        "gold_sql": "SELECT DISTINCT T1.text FROM foreign_data AS T1 INNER JOIN cards AS T2 ON T2.uuid = T1.uuid INNER JOIN sets AS T3 ON T3.code = T2.setCode WHERE T3.name = 'Coldsnap' AND T1.language = 'Italian'"
    },
    {
        "sample_id": 9894,
        "vt": "SELECT COUNT(DISTINCT T1.id) FROM sets INNER JOIN set_translations AS T2 ON T2.setCode = T1.code WHERE sets.block = '[placeholder-type:string]' AND set_translations.language = '[placeholder-type:string]' AND NOT set_translations.translation IS NULL",
        "ba": "The virtual table counts the distinct set IDs from the 'sets' table that belong to a specific block and have translations available in a specified language. It ensures that only sets with non-null translations are included in the count.",
        "gold_complexity": 11,
        "gold_sql": "SELECT COUNT(DISTINCT T1.id) FROM sets AS T1 INNER JOIN set_translations AS T2 ON T2.setCode = T1.code WHERE T1.block = 'Ice Age' AND T2.language = 'Italian' AND T2.translation IS NOT NULL"
    },
    {
        "sample_id": 9844,
        "vt": "SELECT foreign_data.language FROM foreign_data WHERE foreign_data.multiverseid = [placeholder-type:numeric]",
        "ba": "The virtual table retrieves the languages of foreign flavor text associated with a specific card identified by its multiverse ID from the 'foreign_data' table.",
        "gold_complexity": 6,
        "gold_sql": "SELECT language FROM foreign_data WHERE multiverseid = 149934"
    },
    {
        "sample_id": 9807,
        "vt": "SELECT rulings.text FROM cards INNER JOIN rulings AS T2 ON T1.uuid = T2.uuid WHERE cards.name = '[placeholder-type:string]'",
        "ba": "The virtual table retrieves the rulings associated with a specific card from the 'cards' table based on the card's name. It uses an inner join to connect the 'cards' table with the 'rulings' table, ensuring that only the relevant rulings for the specified card are returned.",
        "gold_complexity": 7,
        "gold_sql": "SELECT T2.text FROM cards AS T1 INNER JOIN rulings AS T2 ON T1.uuid = T2.uuid WHERE T1.name = 'Beacon of Immortality'"
    },
    {
        "sample_id": 9828,
        "vt": "SELECT cards.id FROM cards INNER JOIN rulings AS T2 ON T1.uuid = T2.uuid INNER JOIN legalities AS T3 ON T1.uuid = T3.uuid WHERE legalities.status = '[placeholder-type:string]' AND cards.types = '[placeholder-type:string]'",
        "ba": "The virtual table retrieves the IDs of cards from the 'cards' table that have specific legal statuses and types. It joins the 'rulings' and 'legalities' tables to filter the results based on the legality status and card types provided by the user.",
        "gold_complexity": 9,
        "gold_sql": "SELECT T1.id FROM cards AS T1 INNER JOIN rulings AS T2 ON T1.uuid = T2.uuid INNER JOIN legalities AS T3 ON T1.uuid = T3.uuid WHERE T3.status = 'Legal' AND T1.types = 'Creature'"
    },
    {
        "sample_id": 9865,
        "vt": "SELECT set_translations.setcode FROM sets INNER JOIN set_translations AS T2 ON T2.setCode = T1.code WHERE sets.type = '[placeholder-type:string]' GROUP BY set_translations.setcode",
        "ba": "The virtual table retrieves the set codes of card sets from the 'sets' table that match a specific type. It uses an inner join with the 'set_translations' table to ensure that only relevant translations are included. The results are grouped by the set code to avoid duplicates.",
        "gold_complexity": 9,
        "gold_sql": "SELECT T2.setCode FROM sets AS T1 INNER JOIN set_translations AS T2 ON T2.setCode = T1.code WHERE T1.type = 'expansion' GROUP BY T2.setCode"
    },
    {
        "sample_id": 9854,
        "vt": "SELECT sets.id FROM sets INNER JOIN set_translations AS T2 ON T1.code = T2.setCode WHERE set_translations.language = '[placeholder-type:string]' GROUP BY sets.basesetsize ORDER BY sets.basesetsize LIMIT [placeholder-type:numeric]",
        "ba": "The virtual table retrieves the unique identifiers of card sets from the 'sets' table, joining it with the 'set_translations' table to filter by a specific language. The results are grouped by the base set size and ordered accordingly, with a limit on the number of results returned.",
        "gold_complexity": 12,
        "gold_sql": "SELECT T1.id FROM sets AS T1 INNER JOIN set_translations AS T2 ON T1.code = T2.setCode WHERE T2.language = 'Russian' GROUP BY T1.baseSetSize ORDER BY T1.baseSetSize DESC LIMIT 1"
    },
    {
        "sample_id": 9933,
        "vt": "SELECT cards.frameeffects FROM cards WHERE NOT cards.cardkingdomfoilid IS NULL AND NOT cards.cardkingdomid IS NULL GROUP BY cards.frameeffects ORDER BY COUNT(cards.frameeffects) LIMIT [placeholder-type:numeric]",
        "ba": "The virtual table retrieves the unique frame effects of cards from the 'cards' table that have both a non-null card kingdom foil ID and a non-null card kingdom ID. The results are grouped by the frame effects and ordered by the count of occurrences, allowing users to see the most common frame effects up to a specified limit.",
        "gold_complexity": 12,
        "gold_sql": "SELECT frameEffects FROM cards WHERE cardKingdomFoilId IS NOT NULL AND cardKingdomId IS NOT NULL GROUP BY frameEffects ORDER BY COUNT(frameEffects) DESC LIMIT 1"
    },
    {
        "sample_id": 9836,
        "vt": "SELECT set_translations.language FROM sets INNER JOIN set_translations AS T2 ON T1.code = T2.setCode WHERE sets.block = '[placeholder-type:string]' AND sets.basesetsize = [placeholder-type:numeric]",
        "ba": "The virtual table retrieves the languages of translations for card sets that belong to a specific block and have a defined base set size. The placeholders allow users to specify the block name and the number of cards in the set.",
        "gold_complexity": 8,
        "gold_sql": "SELECT T2.language FROM sets AS T1 INNER JOIN set_translations AS T2 ON T1.code = T2.setCode WHERE T1.block = 'Ravnica' AND T1.baseSetSize = 180"
    },
    {
        "sample_id": 9903,
        "vt": "SELECT foreign_data.language FROM cards INNER JOIN foreign_data AS T2 ON T2.uuid = T1.uuid WHERE cards.name = '[placeholder-type:string]' AND NOT foreign_data.flavortext IS NULL",
        "ba": "The virtual table retrieves the languages of foreign versions of a specific card from the 'cards' table, ensuring that the foreign flavor text is not null. The placeholder in the WHERE clause represents the name of the card being queried.",
        "gold_complexity": 9,
        "gold_sql": "SELECT T2.language FROM cards AS T1 INNER JOIN foreign_data AS T2 ON T2.uuid = T1.uuid WHERE T1.name = 'Ancestor''s Chosen' AND T2.flavorText IS NOT NULL"
    },
    {
        "sample_id": 9822,
        "vt": "SELECT set_translations.setcode FROM set_translations WHERE set_translations.language = '[placeholder-type:string]'",
        "ba": "The virtual table provides a list of set codes from the 'set_translations' table for a specific language. The placeholder in the WHERE clause represents the language for which the set codes are being queried.",
        "gold_complexity": 6,
        "gold_sql": "SELECT setCode FROM set_translations WHERE language = 'Spanish'"
    },
    {
        "sample_id": 9939,
        "vt": "SELECT COUNT(cards.id) FROM cards INNER JOIN legalities AS T2 ON T2.uuid = T1.uuid WHERE cards.rarity = '[placeholder-type:string]' AND cards.types = '[placeholder-type:string]' AND cards.name = '[placeholder-type:string]' AND legalities.status = '[placeholder-type:string]'",
        "ba": "The virtual table counts the number of cards from the 'cards' table that meet specific criteria. It joins the 'legalities' table to filter cards based on their legality status. The placeholders represent the rarity, type, name of the card, and its legality status.",
        "gold_complexity": 10,
        "gold_sql": "SELECT COUNT(T1.id) FROM cards AS T1 INNER JOIN legalities AS T2 ON T2.uuid = T1.uuid WHERE T1.rarity = 'rare' AND T1.types = 'Enchantment' AND T1.name = 'Abundance' AND T2.status = 'Legal'"
    },
    {
        "sample_id": 9765,
        "vt": "SELECT cards.id FROM cards WHERE cards.edhrecrank < [placeholder-type:numeric] AND cards.frameversion = [placeholder-type:numeric]",
        "ba": "The virtual table retrieves the IDs of cards from the 'cards' table that have an EDHRec rank lower than a specified numeric value and belong to a specific frame version, also represented by a numeric placeholder.",
        "gold_complexity": 8,
        "gold_sql": "SELECT id FROM cards WHERE edhrecRank < 100 AND frameVersion = 2015"
    },
    {
        "sample_id": 9882,
        "vt": "SELECT cards.artist FROM cards WHERE cards.flavorname = '[placeholder-type:string]'",
        "ba": "The virtual table describes the artist of the card from the 'cards' table where the flavor name matches a specific value. The placeholder in the WHERE clause represents the flavor name of the card.",
        "gold_complexity": 6,
        "gold_sql": "SELECT artist FROM cards WHERE flavorName = 'Battra, Dark Destroyer'"
    },
    {
        "sample_id": 9888,
        "vt": "SELECT COUNT(cards.id) FROM cards INNER JOIN set_translations AS T2 ON T2.setCode = T1.setCode WHERE set_translations.translation = '[placeholder-type:string]' AND cards.artist = '[placeholder-type:string]'",
        "ba": "The virtual table counts the number of cards from the 'cards' table that are illustrated by a specific artist and belong to a specific set translation. The placeholders represent the artist's name and the translated name of the set.",
        "gold_complexity": 8,
        "gold_sql": "SELECT COUNT(T1.id) FROM cards AS T1 INNER JOIN set_translations AS T2 ON T2.setCode = T1.setCode WHERE T2.translation = 'Hauptset Zehnte Edition' AND T1.artist = 'Adam Rex'"
    },
    {
        "sample_id": 9782,
        "vt": "SELECT set_translations.language FROM set_translations WHERE cards.id IN (SELECT cards.id FROM cards WHERE name = 'Angel of Mercy')",
        "ba": "The virtual table retrieves the languages in which the card 'Angel of Mercy' has translations available. It does this by first selecting the IDs of the cards that match the name 'Angel of Mercy' from the 'cards' table, and then using those IDs to find corresponding entries in the 'set_translations' table.",
        "gold_complexity": 12,
        "gold_sql": "SELECT language FROM set_translations WHERE id IN ( SELECT id FROM cards WHERE name = 'Angel of Mercy' )"
    },
    {
        "sample_id": 9835,
        "vt": "SELECT COUNT(DISTINCT T1.id) FROM cards INNER JOIN rulings AS T2 ON T1.uuid = T2.uuid WHERE cards.rarity = '[placeholder-type:string]' AND rulings.date = '[placeholder-type:string]'",
        "ba": "The virtual table counts the distinct card IDs from the 'cards' table that have a specific rarity and are associated with rulings made on a specific date. It uses an inner join to connect the 'cards' and 'rulings' tables based on their unique identifiers (UUIDs). The placeholders represent the rarity of the card and the date of the ruling.",
        "gold_complexity": 9,
        "gold_sql": "SELECT COUNT(DISTINCT T1.id) FROM cards AS T1 INNER JOIN rulings AS T2 ON T1.uuid = T2.uuid WHERE T1.rarity = 'rare' AND T2.date = '2007-02-01'"
    },
    {
        "sample_id": 9762,
        "vt": "SELECT cards.id FROM cards WHERE NOT cards.cardkingdomfoilid IS NULL AND NOT cards.cardkingdomid IS NULL",
        "ba": "The virtual table retrieves the IDs of cards from the 'cards' table that have both a non-null 'cardkingdomfoilid' and a non-null 'cardkingdomid'. This indicates that these cards are associated with specific card kingdom identifiers for both foil and non-foil versions.",
        "gold_complexity": 7,
        "gold_sql": "SELECT id FROM cards WHERE cardKingdomFoilId IS NOT NULL AND cardKingdomId IS NOT NULL"
    },
    {
        "sample_id": 9800,
        "vt": "SELECT cards.id FROM cards WHERE NOT cards.cardkingdomid IS NULL AND NOT cards.cardkingdomfoilid IS NULL",
        "ba": "The virtual table retrieves the IDs of cards from the 'cards' table that have both a non-null 'cardkingdomid' and a non-null 'cardkingdomfoilid'. This indicates that these cards are available in both standard and foil versions on Card Kingdom.",
        "gold_complexity": 7,
        "gold_sql": "SELECT id FROM cards WHERE cardKingdomId IS NOT NULL AND cardKingdomFoilId IS NOT NULL"
    },
    {
        "sample_id": 9889,
        "vt": "SELECT sets.basesetsize FROM sets INNER JOIN set_translations AS T2 ON T2.setCode = T1.code WHERE set_translations.translation = '[placeholder-type:string]'",
        "ba": "The virtual table retrieves the base set size of a specific card set from the 'sets' table, using a join with the 'set_translations' table to filter by the translated name of the set. The placeholder in the WHERE clause represents the translated name of the card set.",
        "gold_complexity": 7,
        "gold_sql": "SELECT T1.baseSetSize FROM sets AS T1 INNER JOIN set_translations AS T2 ON T2.setCode = T1.code WHERE T2.translation = 'Hauptset Zehnte Edition'"
    },
    {
        "sample_id": 9790,
        "vt": "SELECT CAST(SUM(CASE WHEN cards.bordercolor = '[placeholder-type:string]' THEN [placeholder-type:numeric] ELSE [placeholder-type:numeric] END) AS FLOAT) * [placeholder-type:numeric] / COUNT(cards.id) FROM cards",
        "ba": "The virtual table calculates a weighted average based on the border color of cards from the 'cards' table. It sums up a specific numeric value for cards that match a given border color and divides it by the total count of cards, applying a multiplier to the result. The placeholders represent the border color to filter by, a numeric value to sum, and a multiplier for the final calculation.",
        "gold_complexity": 5,
        "gold_sql": "SELECT CAST(SUM(CASE WHEN borderColor = 'borderless' THEN 1 ELSE 0 END) AS REAL) * 100 / COUNT(id) FROM cards"
    },
    {
        "sample_id": 9916,
        "vt": "SELECT rulings.text, CASE WHEN cards.hascontentwarning = [placeholder-type:numeric] THEN '[placeholder-type:string]' ELSE '[placeholder-type:string]' END FROM cards INNER JOIN rulings AS T2 ON T2.uuid = T1.uuid WHERE cards.artist = '[placeholder-type:string]'",
        "ba": "The virtual table presents the rulings associated with cards illustrated by a specific artist, along with a conditional statement that indicates whether the card has a content warning or not. The placeholders allow for dynamic input of the artist's name and the content warning status.",
        "gold_complexity": 9,
        "gold_sql": "SELECT T2.text , CASE WHEN T1.hasContentWarning = 1 THEN 'YES' ELSE 'NO' END FROM cards AS T1 INNER JOIN rulings AS T2 ON T2.uuid = T1.uuid WHERE T1.artist = 'Jim Pavelec'"
    },
    {
        "sample_id": 9859,
        "vt": "SELECT cards.id FROM cards WHERE cards.bordercolor = '[placeholder-type:string]' AND cards.isfullart = [placeholder-type:numeric]",
        "ba": "The virtual table retrieves the unique identifiers of cards from the 'cards' table that have a specific border color and are marked as full art. The placeholders allow users to specify the desired border color and whether the card is full art or not.",
        "gold_complexity": 7,
        "gold_sql": "SELECT id FROM cards WHERE borderColor = 'black' AND isFullArt = 1"
    },
    {
        "sample_id": 9837,
        "vt": "SELECT CAST(SUM(CASE WHEN cards.hascontentwarning = [placeholder-type:numeric] THEN [placeholder-type:numeric] ELSE [placeholder-type:numeric] END) AS FLOAT) * [placeholder-type:numeric] / COUNT(cards.id) FROM cards INNER JOIN legalities AS T2 ON T1.uuid = T2.uuid WHERE legalities.format = '[placeholder-type:string]' AND legalities.status = '[placeholder-type:string]'",
        "ba": "The virtual table calculates the average value of cards that have a content warning based on their legality status in a specific format. It sums up the values of cards with a content warning and divides it by the total count of cards, applying a multiplier to the result. The placeholders represent the numeric values for the content warning and the multiplier, as well as string values for the legality format and status.",
        "gold_complexity": 9,
        "gold_sql": "SELECT CAST(SUM(CASE WHEN T1.hasContentWarning = 0 THEN 1 ELSE 0 END) AS REAL) * 100 / COUNT(T1.id) FROM cards AS T1 INNER JOIN legalities AS T2 ON T1.uuid = T2.uuid WHERE T2.format = 'commander' AND T2.status = 'Legal'"
    },
    {
        "sample_id": 9853,
        "vt": "SELECT sets.name, sets.id FROM sets INNER JOIN set_translations AS T2 ON T1.code = T2.setCode WHERE set_translations.language = '[placeholder-type:string]' AND sets.isfoilonly = [placeholder-type:numeric] AND sets.isforeignonly = [placeholder-type:numeric]",
        "ba": "The virtual table provides a list of set names and their corresponding IDs from the 'sets' table, filtered by the specified language of the set translation, and whether the set is only available in foil or foreign editions.",
        "gold_complexity": 11,
        "gold_sql": "SELECT T1.name, T1.id FROM sets AS T1 INNER JOIN set_translations AS T2 ON T1.code = T2.setCode WHERE T2.language = 'Japanese' AND T1.isFoilOnly = 1 AND T1.isForeignOnly = 0"
    },
    {
        "sample_id": 9829,
        "vt": "SELECT cards.subtypes, cards.supertypes FROM cards INNER JOIN foreign_data AS T2 ON T1.uuid = T2.uuid WHERE foreign_data.language = '[placeholder-type:string]' AND NOT cards.subtypes IS NULL AND NOT cards.supertypes IS NULL",
        "ba": "The virtual table retrieves the subtypes and supertypes of cards from the 'cards' table, joining with the 'foreign_data' table to filter results based on a specific language. The query ensures that only cards with defined subtypes and supertypes are included in the results.",
        "gold_complexity": 12,
        "gold_sql": "SELECT T1.subtypes, T1.supertypes FROM cards AS T1 INNER JOIN foreign_data AS T2 ON T1.uuid = T2.uuid WHERE T2.language = 'German' AND T1.subtypes IS NOT NULL AND T1.supertypes IS NOT NULL"
    },
    {
        "sample_id": 9892,
        "vt": "SELECT DISTINCT sets.releasedate FROM cards INNER JOIN sets AS T2 ON T2.code = T1.setCode WHERE cards.name = '[placeholder-type:string]'",
        "ba": "The virtual table retrieves the distinct release dates of card sets from the 'sets' table that are associated with a specific card name from the 'cards' table. The query uses an inner join to connect the two tables based on the set code, ensuring that only relevant sets for the specified card name are considered.",
        "gold_complexity": 8,
        "gold_sql": "SELECT DISTINCT T2.releaseDate FROM cards AS T1 INNER JOIN sets AS T2 ON T2.code = T1.setCode WHERE T1.name = 'Ancestor''s Chosen'"
    },
    {
        "sample_id": 9917,
        "vt": "SELECT sets.releasedate FROM cards INNER JOIN sets AS T2 ON T2.code = T1.setCode WHERE cards.name = '[placeholder-type:string]'",
        "ba": "The virtual table retrieves the release date of a specific card from the 'sets' table by joining it with the 'cards' table based on the set code. The placeholder in the WHERE clause represents the name of the card being queried.",
        "gold_complexity": 7,
        "gold_sql": "SELECT T2.releaseDate FROM cards AS T1 INNER JOIN sets AS T2 ON T2.code = T1.setCode WHERE T1.name = 'Evacuation'"
    },
    {
        "sample_id": 9918,
        "vt": "SELECT sets.basesetsize FROM sets INNER JOIN set_translations AS T2 ON T2.setCode = T1.code WHERE set_translations.translation = '[placeholder-type:string]'",
        "ba": "The virtual table retrieves the base set size of a specific card set from the 'sets' table, joining it with the 'set_translations' table to filter by the translated name of the set. The placeholder in the WHERE clause represents the translated name of the card set.",
        "gold_complexity": 7,
        "gold_sql": "SELECT T1.baseSetSize FROM sets AS T1 INNER JOIN set_translations AS T2 ON T2.setCode = T1.code WHERE T2.translation = 'Rinascita di Alara'"
    },
    {
        "sample_id": 9948,
        "vt": "SELECT COUNT(cards.id) FROM cards WHERE cards.artist = '[placeholder-type:string]' AND cards.availability = '[placeholder-type:string]'",
        "ba": "The virtual table counts the number of cards from the 'cards' table that are illustrated by a specific artist and are available in a specified printing type. The placeholders in the WHERE clause represent the artist's name and the availability type of the cards.",
        "gold_complexity": 7,
        "gold_sql": "SELECT COUNT(id) FROM cards WHERE artist = 'Matthew D. Wilson' AND availability = 'paper'"
    },
    {
        "sample_id": 9769,
        "vt": "SELECT cards.id, rulings.text, cards.hascontentwarning FROM cards INNER JOIN rulings AS T2 ON T1.uuid = T2.uuid WHERE cards.artist = '[placeholder-type:string]'",
        "ba": "The virtual table displays the card ID, ruling text, and content warning status from the 'cards' table, filtered by the artist's name. It combines data from the 'cards' and 'rulings' tables using a join on the unique identifier (UUID) to ensure that the rulings correspond to the correct cards.",
        "gold_complexity": 11,
        "gold_sql": "SELECT T1.id, T2.text, T1.hasContentWarning FROM cards AS T1 INNER JOIN rulings AS T2 ON T1.uuid = T2.uuid WHERE T1.artist = 'Stephen Daniele'"
    },
    {
        "sample_id": 9840,
        "vt": "SELECT DISTINCT cards.availability FROM cards WHERE cards.artist = '[placeholder-type:string]'",
        "ba": "The virtual table provides a distinct list of card availability types from the 'cards' table, filtered by a specific artist's name. The placeholder in the WHERE clause represents the artist's name.",
        "gold_complexity": 7,
        "gold_sql": "SELECT DISTINCT availability FROM cards WHERE artist = 'Daren Bader'"
    },
    {
        "sample_id": 9896,
        "vt": "SELECT COUNT(sets.id) FROM sets INNER JOIN set_translations AS T2 ON T2.setCode = T1.code WHERE NOT set_translations.translation IS NULL AND sets.basesetsize < [placeholder-type:numeric] AND set_translations.language = '[placeholder-type:string]'",
        "ba": "The virtual table counts the number of sets from the 'sets' table that have translations available in a specified language and have a base set size smaller than a given numeric value. It uses an inner join with the 'set_translations' table to filter out sets that do not have translations.",
        "gold_complexity": 11,
        "gold_sql": "SELECT COUNT(T1.id) FROM sets AS T1 INNER JOIN set_translations AS T2 ON T2.setCode = T1.code WHERE T2.translation IS NOT NULL AND T1.baseSetSize < 100 AND T2.language = 'Italian'"
    },
    {
        "sample_id": 9797,
        "vt": "SELECT cards.id FROM cards WHERE cards.convertedmanacost = [placeholder-type:numeric]",
        "ba": "The virtual table retrieves the unique identifiers of cards from the 'cards' table that have a specific converted mana cost. The placeholder in the WHERE clause represents the numeric value of the converted mana cost.",
        "gold_complexity": 6,
        "gold_sql": "SELECT id FROM cards WHERE convertedManaCost = 0"
    },
    {
        "sample_id": 9775,
        "vt": "SELECT sets.name, sets.totalsetsize FROM sets INNER JOIN set_translations AS T2 ON T1.code = T2.setCode WHERE set_translations.language = '[placeholder-type:string]'",
        "ba": "The virtual table provides the names and total sizes of card sets from the 'sets' table, filtered by a specific language from the 'set_translations' table. The placeholder in the WHERE clause represents the language for which the set translations are being queried.",
        "gold_complexity": 9,
        "gold_sql": "SELECT T1.name, T1.totalSetSize FROM sets AS T1 INNER JOIN set_translations AS T2 ON T1.code = T2.setCode WHERE T2.language = 'Italian'"
    },
    {
        "sample_id": 9924,
        "vt": "SELECT sets.releasedate FROM sets INNER JOIN set_translations AS T2 ON T2.setCode = T1.code WHERE set_translations.translation = '[placeholder-type:string]'",
        "ba": "The virtual table retrieves the release date of a specific card set from the 'sets' table by joining it with the 'set_translations' table. The join is based on the set code, and it filters the results to only include the translation that matches a specified placeholder value.",
        "gold_complexity": 7,
        "gold_sql": "SELECT T1.releaseDate FROM sets AS T1 INNER JOIN set_translations AS T2 ON T2.setCode = T1.code WHERE T2.translation = 'Ola de fr\u00edo'"
    },
    {
        "sample_id": 9908,
        "vt": "SELECT CAST(SUM(CASE WHEN cards.convertedmanacost = [placeholder-type:numeric] THEN [placeholder-type:numeric] ELSE [placeholder-type:numeric] END) AS FLOAT) * [placeholder-type:numeric] / COUNT(cards.id) FROM cards INNER JOIN sets AS T2 ON T2.code = T1.setCode WHERE sets.name = '[placeholder-type:string]'",
        "ba": "The virtual table calculates the average converted mana cost of cards from a specific set, adjusting the total based on a specified multiplier. It sums the converted mana costs of cards that match a certain value and divides this sum by the total number of cards in the set, providing a weighted average based on the given multiplier.",
        "gold_complexity": 8,
        "gold_sql": "SELECT CAST(SUM(CASE WHEN T1.convertedManaCost = 7 THEN 1 ELSE 0 END) AS REAL) * 100 / COUNT(T1.id) FROM cards AS T1 INNER JOIN sets AS T2 ON T2.code = T1.setCode WHERE T2.name = 'Coldsnap'"
    },
    {
        "sample_id": 9875,
        "vt": "SELECT DISTINCT cards.manacost FROM cards WHERE cards.name = '[placeholder-type:string]'",
        "ba": "The virtual table retrieves distinct mana costs from the 'cards' table for a specific card name. The placeholder in the WHERE clause represents the name of the card being queried.",
        "gold_complexity": 7,
        "gold_sql": "SELECT DISTINCT manaCost FROM cards WHERE name = 'Ancestor''s Chosen'"
    },
    {
        "sample_id": 9792,
        "vt": "SELECT COUNT(cards.id) FROM cards INNER JOIN foreign_data AS T2 ON T1.uuid = T2.uuid WHERE cards.bordercolor = '[placeholder-type:string]' AND foreign_data.language = '[placeholder-type:string]'",
        "ba": "The virtual table counts the number of cards from the 'cards' table that have a specific border color and are available in a specified foreign language. It joins the 'cards' table with the 'foreign_data' table based on the unique identifier (uuid) to filter the results accordingly.",
        "gold_complexity": 8,
        "gold_sql": "SELECT COUNT(T1.id) FROM cards AS T1 INNER JOIN foreign_data AS T2 ON T1.uuid = T2.uuid WHERE T1.borderColor = 'borderless' AND T2.language = 'Russian'"
    },
    {
        "sample_id": 9899,
        "vt": "SELECT cards.artist FROM cards INNER JOIN sets AS T2 ON T2.code = T1.setCode WHERE (sets.name = '[placeholder-type:string]' AND cards.artist = '[placeholder-type:string]') OR (sets.name = '[placeholder-type:string]' AND cards.artist = '[placeholder-type:string]') OR (sets.name = '[placeholder-type:string]' AND cards.artist = '[placeholder-type:string]') GROUP BY cards.artist",
        "ba": "The virtual table retrieves the names of artists who illustrated cards from specific sets. It filters the results based on the set names and artist names provided as placeholders. The query groups the results by artist to ensure unique entries for each artist.",
        "gold_complexity": 10,
        "gold_sql": "SELECT T1.artist FROM cards AS T1 INNER JOIN sets AS T2 ON T2.code = T1.setCode WHERE (T2.name = 'Coldsnap' AND T1.artist = 'Chippy') OR (T2.name = 'Coldsnap' AND T1.artist = 'Aaron Miller') OR (T2.name = 'Coldsnap' AND T1.artist = 'Jeremy Jarvis') GROUP BY T1.artist"
    },
    {
        "sample_id": 9831,
        "vt": "SELECT COUNT(cards.id) FROM cards INNER JOIN legalities AS T2 ON T1.uuid = T2.uuid INNER JOIN rulings AS T3 ON T1.uuid = T3.uuid WHERE legalities.format = '[placeholder-type:string]' AND rulings.text = '[placeholder-type:string]' AND cards.side IS NULL",
        "ba": "The virtual table counts the number of cards from the 'cards' table that meet specific criteria related to their legality and rulings. It filters the results based on the format of play and the description of the ruling, while also ensuring that only cards without multiple faces are included in the count.",
        "gold_complexity": 11,
        "gold_sql": "SELECT COUNT(T1.id) FROM cards AS T1 INNER JOIN legalities AS T2 ON T1.uuid = T2.uuid INNER JOIN rulings AS T3 ON T1.uuid = T3.uuid WHERE T2.format = 'premodern' AND T3.text = 'This is a triggered mana ability.' AND T1.Side IS NULL"
    },
    {
        "sample_id": 9862,
        "vt": "SELECT DISTINCT foreign_data.language FROM foreign_data WHERE foreign_data.name = '[placeholder-type:string]'",
        "ba": "The virtual table retrieves a distinct list of languages from the 'foreign_data' table for a specific card name. The placeholder in the WHERE clause represents the card name being queried.",
        "gold_complexity": 7,
        "gold_sql": "SELECT DISTINCT language FROM foreign_data WHERE name = 'A Pedra Fellwar'"
    },
    {
        "sample_id": 9812,
        "vt": "SELECT cards.colors, legalities.format FROM cards INNER JOIN legalities AS T2 ON T1.uuid = T2.uuid WHERE cards.id BETWEEN [placeholder-type:numeric] AND [placeholder-type:numeric]",
        "ba": "The virtual table displays the colors associated with each card and the formats in which they are legal. It retrieves data from the 'cards' table and joins it with the 'legalities' table based on the unique identifier (uuid) of the cards. The query filters the results to include only those cards whose IDs fall within a specified numeric range.",
        "gold_complexity": 9,
        "gold_sql": "SELECT T1.colors, T2.format FROM cards AS T1 INNER JOIN legalities AS T2 ON T1.uuid = T2.uuid WHERE T1.id BETWEEN 1 AND 20"
    },
    {
        "sample_id": 9858,
        "vt": "SELECT cards.id FROM cards WHERE cards.frameeffects = '[placeholder-type:string]' GROUP BY cards.id",
        "ba": "The virtual table retrieves the unique identifiers of cards from the 'cards' table that have specific visual frame effects. The placeholder in the WHERE clause represents the desired frame effect to filter the results.",
        "gold_complexity": 8,
        "gold_sql": "SELECT id FROM cards WHERE frameEffects = 'extendedart' GROUP BY id"
    },
    {
        "sample_id": 9932,
        "vt": "SELECT cards.artist FROM cards WHERE cards.side IS NULL ORDER BY cards.convertedmanacost LIMIT [placeholder-type:numeric]",
        "ba": "The virtual table retrieves the names of artists who illustrated cards from the 'cards' table that do not have multiple faces (indicated by a NULL value in the 'side' column). The results are ordered by the converted mana cost of the cards, and the number of results returned is limited by a numeric placeholder.",
        "gold_complexity": 9,
        "gold_sql": "SELECT artist FROM cards WHERE side IS NULL ORDER BY convertedManaCost DESC LIMIT 1"
    },
    {
        "sample_id": 9884,
        "vt": "SELECT set_translations.translation FROM set_translations WHERE cards.setcode IN (SELECT cards.setcode FROM cards WHERE name = 'Ancestor''s Chosen') AND set_translations.language = '[placeholder-type:string]'",
        "ba": "The virtual table retrieves the translations of a specific card set in a specified language. It filters the set translations based on the set code associated with a card named 'Ancestor's Chosen'. The placeholder in the WHERE clause represents the language for which the translation is requested.",
        "gold_complexity": 13,
        "gold_sql": "SELECT translation FROM set_translations WHERE setCode IN ( SELECT setCode FROM cards WHERE name = 'Ancestor''s Chosen' ) AND language = 'Italian'"
    },
    {
        "sample_id": 9926,
        "vt": "SELECT COUNT(cards.id) FROM cards WHERE cards.setcode IN (SELECT sets.code FROM sets WHERE name = 'World Championship Decks 2004') AND cards.convertedmanacost = [placeholder-type:numeric]",
        "ba": "The virtual table counts the number of cards from the 'cards' table that belong to a specific set, identified by its name, and have a specified converted mana cost. The placeholder in the WHERE clause represents the converted mana cost of the cards being queried.",
        "gold_complexity": 13,
        "gold_sql": "SELECT COUNT(id) FROM cards WHERE setCode IN ( SELECT code FROM sets WHERE name = 'World Championship Decks 2004' ) AND convertedManaCost = 3"
    },
    {
        "sample_id": 9824,
        "vt": "SELECT CAST(SUM(CASE WHEN cards.istextless = [placeholder-type:numeric] THEN [placeholder-type:numeric] ELSE [placeholder-type:numeric] END) AS FLOAT) * [placeholder-type:numeric] / COUNT(cards.id) FROM cards WHERE cards.isstoryspotlight = [placeholder-type:numeric]",
        "ba": "The virtual table calculates the average value of a specific numeric property from the 'cards' table, where the cards are filtered based on whether they are marked as story spotlight cards. It uses a conditional sum to account for textless cards and applies a multiplier to the result before dividing by the total count of cards that meet the criteria.",
        "gold_complexity": 7,
        "gold_sql": "SELECT CAST(SUM(CASE WHEN isTextless = 0 THEN 1 ELSE 0 END) AS REAL) * 100 / COUNT(id) FROM cards WHERE isStorySpotlight = 1"
    },
    {
        "sample_id": 9934,
        "vt": "SELECT SUM(CASE WHEN cards.power = '[placeholder-type:string]' OR cards.power IS NULL THEN [placeholder-type:numeric] ELSE [placeholder-type:numeric] END) FROM cards WHERE cards.hasfoil = [placeholder-type:numeric] AND cards.dueldeck = '[placeholder-type:string]'",
        "ba": "The virtual table calculates the total power of cards from the 'cards' table that meet specific criteria. It sums the power of cards, considering a condition where if the power is equal to a specified value or is null, it uses a placeholder for a numeric value; otherwise, it uses another placeholder for a numeric value. The query also filters the results based on whether the cards are available in foil and belong to a specific duel deck.",
        "gold_complexity": 7,
        "gold_sql": "SELECT SUM(CASE WHEN power = '*' OR power IS NULL THEN 1 ELSE 0 END) FROM cards WHERE hasFoil = 0 AND duelDeck = 'a'"
    },
    {
        "sample_id": 9767,
        "vt": "SELECT DISTINCT legalities.status FROM cards INNER JOIN legalities AS T2 ON T1.uuid = T2.uuid WHERE cards.type = '[placeholder-type:string]' AND legalities.format = '[placeholder-type:string]' AND cards.side IS NULL",
        "ba": "The virtual table retrieves the distinct legality statuses of cards from the 'cards' table that match a specific type and format. It filters out cards that have multiple faces by checking if the 'side' column is null.",
        "gold_complexity": 11,
        "gold_sql": "SELECT DISTINCT T2.status FROM cards AS T1 INNER JOIN legalities AS T2 ON T1.uuid = T2.uuid WHERE T1.type = 'Artifact' AND T2.format = 'vintage' AND T1.side IS NULL"
    },
    {
        "sample_id": 9878,
        "vt": "SELECT DISTINCT cards.subtypes, cards.supertypes FROM cards WHERE cards.name = '[placeholder-type:string]'",
        "ba": "The virtual table provides a distinct list of subtypes and supertypes for a specific card from the 'cards' table based on the card's name. The placeholder in the WHERE clause represents the name of the card being queried.",
        "gold_complexity": 9,
        "gold_sql": "SELECT DISTINCT subtypes, supertypes FROM cards WHERE name = 'Molimo, Maro-Sorcerer'"
    },
    {
        "sample_id": 9937,
        "vt": "SELECT cards.originalreleasedate, legalities.format FROM cards INNER JOIN legalities AS T2 ON T1.uuid = T2.uuid WHERE cards.rarity = '[placeholder-type:string]' AND NOT cards.originalreleasedate IS NULL AND legalities.status = '[placeholder-type:string]' ORDER BY cards.originalreleasedate LIMIT [placeholder-type:numeric]",
        "ba": "The virtual table provides a list of original release dates and formats of play for cards from the 'cards' table that match a specific rarity and legality status. The query filters out cards with null original release dates and orders the results by the release date, limiting the number of results based on a specified numeric value.",
        "gold_complexity": 15,
        "gold_sql": "SELECT T1.originalReleaseDate, T2.format FROM cards AS T1 INNER JOIN legalities AS T2 ON T1.uuid = T2.uuid WHERE T1.rarity = 'mythic' AND T1.originalReleaseDate IS NOT NULL AND T2.status = 'Legal' ORDER BY T1.originalReleaseDate LIMIT 1"
    },
    {
        "sample_id": 9786,
        "vt": "SELECT DISTINCT legalities.status FROM cards INNER JOIN legalities AS T2 ON T1.uuid = T2.uuid WHERE cards.name = '[placeholder-type:string]'",
        "ba": "The virtual table provides a distinct list of legal statuses for a specific card from the 'cards' table by joining it with the 'legalities' table based on their unique identifiers. The placeholder in the WHERE clause represents the name of the card being queried.",
        "gold_complexity": 8,
        "gold_sql": "SELECT DISTINCT T2.status FROM cards AS T1 INNER JOIN legalities AS T2 ON T1.uuid = T2.uuid WHERE T1.name = 'Cloudchaser Eagle'"
    },
    {
        "sample_id": 9869,
        "vt": "SELECT set_translations.setcode FROM sets INNER JOIN set_translations AS T2 ON T2.setCode = T1.code WHERE sets.type = '[placeholder-type:string]'",
        "ba": "The virtual table retrieves the set codes of card sets from the 'sets' table that match a specific type. It uses an inner join with the 'set_translations' table to ensure that the set codes are correctly associated with their translations.",
        "gold_complexity": 7,
        "gold_sql": "SELECT T2.setCode FROM sets AS T1 INNER JOIN set_translations AS T2 ON T2.setCode = T1.code WHERE T1.type = 'commander'"
    },
    {
        "sample_id": 9784,
        "vt": "SELECT rulings.text FROM cards INNER JOIN rulings AS T2 ON T1.uuid = T2.uuid WHERE cards.name = '[placeholder-type:string]'",
        "ba": "The virtual table provides the rulings associated with a specific card from the 'cards' table. It retrieves the ruling text by joining the 'cards' table with the 'rulings' table based on their unique identifiers (UUID). The placeholder in the WHERE clause represents the name of the card for which the rulings are being queried.",
        "gold_complexity": 7,
        "gold_sql": "SELECT T2.text FROM cards AS T1 INNER JOIN rulings AS T2 ON T1.uuid = T2.uuid WHERE T1.name = 'Condemn'"
    },
    {
        "sample_id": 9945,
        "vt": "SELECT (CAST(SUM(sets.id) AS FLOAT) / COUNT(sets.id)) / [placeholder-type:numeric], set_translations.language FROM sets INNER JOIN set_translations AS T2 ON T1.id = T2.id WHERE sets.releasedate BETWEEN '[placeholder-type:string]' AND '[placeholder-type:string]' GROUP BY sets.releasedate ORDER BY COUNT(set_translations.language) LIMIT [placeholder-type:numeric]",
        "ba": "The virtual table calculates the average of the set IDs from the 'sets' table, divided by a specified numeric placeholder, and groups the results by the release date of the sets. It also retrieves the corresponding language from the 'set_translations' table, which is joined on the set ID. The results are filtered based on a specified date range and limited to a certain number of entries based on another numeric placeholder.",
        "gold_complexity": 14,
        "gold_sql": "SELECT (CAST(SUM(T1.id) AS REAL) / COUNT(T1.id)) / 4, T2.language FROM sets AS T1 INNER JOIN set_translations AS T2 ON T1.id = T2.id WHERE T1.releaseDate BETWEEN '2012-01-01' AND '2015-12-31' GROUP BY T1.releaseDate ORDER BY COUNT(T2.language) DESC LIMIT 1"
    },
    {
        "sample_id": 9832,
        "vt": "SELECT cards.id FROM cards INNER JOIN legalities AS T2 ON T1.uuid = T2.uuid WHERE cards.artist = '[placeholder-type:string]' AND legalities.format = '[placeholder-type:string]' AND cards.availability = '[placeholder-type:string]'",
        "ba": "The virtual table retrieves the unique identifiers of cards from the 'cards' table that are illustrated by a specific artist, are legal in a specified format, and have a certain availability status. The placeholders in the WHERE clause represent the artist's name, the format of play, and the card's availability type.",
        "gold_complexity": 9,
        "gold_sql": "SELECT T1.id FROM cards AS T1 INNER JOIN legalities AS T2 ON T1.uuid = T2.uuid WHERE T1.artist = 'Erica Yang' AND T2.format = 'pauper' AND T1.availability = 'paper'"
    },
    {
        "sample_id": 9848,
        "vt": "SELECT sets.name FROM sets WHERE sets.mtgocode IS NULL ORDER BY sets.name LIMIT [placeholder-type:numeric]",
        "ba": "The virtual table lists the names of card sets from the 'sets' table that are not available on Magic: The Gathering Online. The results are ordered by the set name and limited to a specified number of entries.",
        "gold_complexity": 9,
        "gold_sql": "SELECT name FROM sets WHERE mtgoCode IS NULL ORDER BY name LIMIT 3"
    },
    {
        "sample_id": 9802,
        "vt": "SELECT cards.edhrecrank FROM cards WHERE cards.frameversion = [placeholder-type:numeric]",
        "ba": "The virtual table provides the EDHRec rank of cards from the 'cards' table that have a specific frame version. The placeholder in the WHERE clause represents the frame version number.",
        "gold_complexity": 6,
        "gold_sql": "SELECT edhrecRank FROM cards WHERE frameVersion = 2015"
    }
]