[
    {
        "sample_id": 10180,
        "vt": "SELECT DISTINCT colour.colour FROM superhero INNER JOIN race AS T2 ON T1.race_id = T2.id INNER JOIN colour AS T3 ON T1.hair_colour_id = T3.id WHERE superhero.height_cm = [placeholder-type:numeric] AND race.race = '[placeholder-type:string]'",
        "ba": "The virtual table lists the distinct colors associated with superheroes based on their hair color and race. It filters the results to include only those superheroes whose height matches a specified value and whose race corresponds to a given name.",
        "gold_complexity": 10,
        "gold_sql": "SELECT DISTINCT T3.colour FROM superhero AS T1 INNER JOIN race AS T2 ON T1.race_id = T2.id INNER JOIN colour AS T3 ON T1.hair_colour_id = T3.id WHERE T1.height_cm = 185 AND T2.race = 'Human'"
    },
    {
        "sample_id": 10261,
        "vt": "SELECT superhero.full_name FROM superhero INNER JOIN colour AS T2 ON T1.eye_colour_id = T2.id WHERE superhero.weight_kg < [placeholder-type:numeric] AND colour.colour = '[placeholder-type:string]'",
        "ba": "The virtual table describes the full names of superheroes from the 'superhero' table who have a specific eye color and weigh less than a certain amount. The placeholders in the WHERE clause represent the weight limit and the eye color.",
        "gold_complexity": 9,
        "gold_sql": "SELECT T1.full_name FROM superhero AS T1 INNER JOIN colour AS T2 ON T1.eye_colour_id = T2.id WHERE T1.weight_kg < 100 AND T2.colour = 'Brown'"
    },
    {
        "sample_id": 10215,
        "vt": "SELECT COUNT(*) FROM superhero INNER JOIN race AS T2 ON T1.race_id = T2.id INNER JOIN gender AS T3 ON T3.id = T1.gender_id WHERE superhero.race_id = [placeholder-type:numeric] AND superhero.gender_id = [placeholder-type:numeric]",
        "ba": "The virtual table counts the number of superheroes from the 'superhero' table, filtering based on their race and gender. It joins the 'race' and 'gender' tables to obtain the relevant identifiers for these attributes. The placeholders represent specific race and gender IDs that can be modified to retrieve counts for different combinations.",
        "gold_complexity": 9,
        "gold_sql": "SELECT COUNT(*) FROM superhero AS T1 INNER JOIN race AS T2 ON T1.race_id = T2.id INNER JOIN gender AS T3 ON T3.id = T1.gender_id WHERE T1.race_id = 21 AND T1.gender_id = 1"
    },
    {
        "sample_id": 10241,
        "vt": "SELECT SUM(CASE WHEN colour.id = [placeholder-type:numeric] THEN [placeholder-type:numeric] ELSE [placeholder-type:numeric] END) - SUM(CASE WHEN colour.id = [placeholder-type:numeric] THEN [placeholder-type:numeric] ELSE [placeholder-type:numeric] END) FROM superhero INNER JOIN colour AS T2 ON T1.eye_colour_id = T2.id WHERE superhero.weight_kg = [placeholder-type:numeric] OR superhero.weight_kg IS NULL",
        "ba": "The virtual table calculates the difference between two sums based on the conditions applied to the superhero's eye color and weight. It uses a conditional aggregation to sum values based on specific color IDs, while also considering superheroes with missing weight information.",
        "gold_complexity": 9,
        "gold_sql": "SELECT SUM(CASE WHEN T2.id = 7 THEN 1 ELSE 0 END) - SUM(CASE WHEN T2.id = 1 THEN 1 ELSE 0 END) FROM superhero AS T1 INNER JOIN colour AS T2 ON T1.eye_colour_id = T2.id WHERE T1.weight_kg = 0 OR T1.weight_kg is NULL"
    },
    {
        "sample_id": 10258,
        "vt": "SELECT COUNT(superhero.id) FROM superhero WHERE superhero.full_name LIKE '[placeholder-type:string]'",
        "ba": "The virtual table counts the number of superheroes from the 'superhero' table whose full name matches a specified pattern. The placeholder in the LIKE clause allows for flexible searching of superhero names based on user input.",
        "gold_complexity": 6,
        "gold_sql": "SELECT COUNT(id) FROM superhero WHERE full_name LIKE 'John%'"
    },
    {
        "sample_id": 10226,
        "vt": "SELECT superhero.superhero_name FROM superhero WHERE superhero.id = [placeholder-type:numeric]",
        "ba": "The virtual table provides the name of a superhero from the 'superhero' table based on a specific superhero identifier. The placeholder in the WHERE clause represents the unique identifier of the superhero.",
        "gold_complexity": 6,
        "gold_sql": "SELECT superhero_name FROM superhero WHERE id = 294"
    },
    {
        "sample_id": 10198,
        "vt": "SELECT superhero.superhero_name, race.race FROM superhero INNER JOIN race AS T2 ON T1.race_id = T2.id WHERE superhero.full_name = '[placeholder-type:string]'",
        "ba": "The virtual table describes the superhero's name and their race from the 'superhero' table, filtered by the superhero's full name. The placeholder in the WHERE clause represents the specific full name of the superhero being queried.",
        "gold_complexity": 9,
        "gold_sql": "SELECT T1.superhero_name, T2.race FROM superhero AS T1 INNER JOIN race AS T2 ON T1.race_id = T2.id WHERE T1.full_name = 'Charles Chandler'"
    },
    {
        "sample_id": 10206,
        "vt": "SELECT superhero.full_name FROM superhero INNER JOIN race AS T2 ON T1.race_id = T2.id WHERE race.race = '[placeholder-type:string]'",
        "ba": "The virtual table describes the full names of superheroes from the 'superhero' table who belong to a specific race. The query uses an INNER JOIN to connect the 'superhero' table with the 'race' table based on the race identifier, filtering the results by a specified race name.",
        "gold_complexity": 7,
        "gold_sql": "SELECT T1.full_name FROM superhero AS T1 INNER JOIN race AS T2 ON T1.race_id = T2.id WHERE T2.race = 'Vampire'"
    },
    {
        "sample_id": 10166,
        "vt": "SELECT SUM(CASE WHEN publisher.publisher_name = '[placeholder-type:string]' THEN [placeholder-type:numeric] ELSE [placeholder-type:numeric] END) - SUM(CASE WHEN publisher.publisher_name = '[placeholder-type:string]' THEN [placeholder-type:numeric] ELSE [placeholder-type:numeric] END) FROM superhero INNER JOIN publisher AS T2 ON T1.publisher_id = T2.id",
        "ba": "The virtual table calculates the difference between two sums based on the publisher's name from the 'superhero' and 'publisher' tables. It uses conditional aggregation to sum numeric values depending on whether the publisher's name matches a specified placeholder. This allows for a comparison of values associated with different publishers.",
        "gold_complexity": 5,
        "gold_sql": "SELECT SUM(CASE WHEN T2.publisher_name = 'Marvel Comics' THEN 1 ELSE 0 END) - SUM(CASE WHEN T2.publisher_name = 'DC Comics' THEN 1 ELSE 0 END) FROM superhero AS T1 INNER JOIN publisher AS T2 ON T1.publisher_id = T2.id"
    },
    {
        "sample_id": 10162,
        "vt": "SELECT COUNT(superhero.id) FROM superhero INNER JOIN hero_attribute AS T2 ON T1.id = T2.hero_id INNER JOIN attribute AS T3 ON T2.attribute_id = T3.id INNER JOIN gender AS T4 ON T1.gender_id = T4.id WHERE attribute.attribute_name = '[placeholder-type:string]' AND hero_attribute.attribute_value = [placeholder-type:numeric] AND gender.gender = '[placeholder-type:string]'",
        "ba": "The virtual table counts the number of superheroes from the 'superhero' table who possess a specific attribute with a defined value and belong to a specified gender. It joins the 'hero_attribute' table to link superheroes with their attributes, the 'attribute' table to filter by attribute name, and the 'gender' table to filter by gender.",
        "gold_complexity": 11,
        "gold_sql": "SELECT COUNT(T1.id) FROM superhero AS T1 INNER JOIN hero_attribute AS T2 ON T1.id = T2.hero_id INNER JOIN attribute AS T3 ON T2.attribute_id = T3.id INNER JOIN gender AS T4 ON T1.gender_id = T4.id WHERE T3.attribute_name = 'Strength' AND T2.attribute_value = 100 AND T4.gender = 'Female'"
    },
    {
        "sample_id": 10267,
        "vt": "SELECT superpower.power_name FROM superhero INNER JOIN hero_power AS T2 ON T1.id = T2.hero_id INNER JOIN superpower AS T3 ON T2.power_id = T3.id WHERE superhero.height_cm * [placeholder-type:numeric] > (SELECT AVG(superhero.height_cm) FROM superhero) * [placeholder-type:numeric]",
        "ba": "The virtual table lists the names of superpowers from the 'superpower' table for superheroes whose height is above a certain threshold. This threshold is determined by comparing the superhero's height to the average height of all superheroes, scaled by a specified numeric factor.",
        "gold_complexity": 11,
        "gold_sql": "SELECT T3.power_name FROM superhero AS T1 INNER JOIN hero_power AS T2 ON T1.id = T2.hero_id INNER JOIN superpower AS T3 ON T2.power_id = T3.id WHERE T1.height_cm * 100 > ( SELECT AVG(height_cm) FROM superhero ) * 80"
    },
    {
        "sample_id": 10225,
        "vt": "SELECT superpower.id FROM superpower WHERE superpower.power_name = '[placeholder-type:string]'",
        "ba": "The virtual table retrieves the unique identifier of a superpower from the 'superpower' table based on a specified power name. The placeholder in the WHERE clause represents the name of the superpower being queried.",
        "gold_complexity": 6,
        "gold_sql": "SELECT id FROM superpower WHERE power_name = 'Cryokinesis'"
    },
    {
        "sample_id": 10250,
        "vt": "SELECT COUNT(superhero.superhero_name) FROM hero_attribute INNER JOIN attribute AS T2 ON T1.attribute_id = T2.id INNER JOIN superhero AS T3 ON T1.hero_id = T3.id WHERE attribute.attribute_name = '[placeholder-type:string]' AND hero_attribute.attribute_value = [placeholder-type:numeric]",
        "ba": "The virtual table counts the number of superheroes that possess a specific attribute with a defined value. It joins the 'hero_attribute' table with the 'attribute' table to filter by the attribute name and checks the corresponding attribute value for each superhero in the 'superhero' table.",
        "gold_complexity": 9,
        "gold_sql": "SELECT COUNT(T3.superhero_name) FROM hero_attribute AS T1 INNER JOIN attribute AS T2 ON T1.attribute_id = T2.id INNER JOIN superhero AS T3 ON T1.hero_id = T3.id WHERE T2.attribute_name = 'Speed' AND T1.attribute_value = 100"
    },
    {
        "sample_id": 10169,
        "vt": "SELECT COUNT(superhero.id) FROM superhero WHERE superhero.full_name IS NULL",
        "ba": "The virtual table counts the number of superheroes from the 'superhero' table where the full name of the superhero is not provided. This helps identify superheroes with missing full name information.",
        "gold_complexity": 6,
        "gold_sql": "SELECT COUNT(id) FROM superhero WHERE full_name IS NULL"
    },
    {
        "sample_id": 10238,
        "vt": "SELECT superhero.superhero_name FROM superhero INNER JOIN hero_attribute AS T2 ON T1.id = T2.hero_id WHERE hero_attribute.attribute_value BETWEEN [placeholder-type:numeric] AND [placeholder-type:numeric]",
        "ba": "The virtual table lists the names of superheroes from the 'superhero' table who have attribute values within a specified range. The query joins the 'superhero' table with the 'hero_attribute' table to filter superheroes based on their attributes, using placeholders for numeric values to define the range of attribute values.",
        "gold_complexity": 7,
        "gold_sql": "SELECT T1.superhero_name FROM superhero AS T1 INNER JOIN hero_attribute AS T2 ON T1.id = T2.hero_id WHERE T2.attribute_value BETWEEN 75 AND 80"
    },
    {
        "sample_id": 10239,
        "vt": "SELECT race.race FROM superhero INNER JOIN colour AS T2 ON T1.hair_colour_id = T2.id INNER JOIN race AS T3 ON T1.race_id = T3.id INNER JOIN gender AS T4 ON T1.gender_id = T4.id WHERE colour.colour = '[placeholder-type:string]' AND gender.gender = '[placeholder-type:string]'",
        "ba": "The virtual table retrieves the race of superheroes based on their hair color and gender. It joins the 'superhero' table with the 'colour', 'race', and 'gender' tables to filter results according to specified hair color and gender values.",
        "gold_complexity": 10,
        "gold_sql": "SELECT T3.race FROM superhero AS T1 INNER JOIN colour AS T2 ON T1.hair_colour_id = T2.id INNER JOIN race AS T3 ON T1.race_id = T3.id INNER JOIN gender AS T4 ON T1.gender_id = T4.id WHERE T2.colour = 'Blue' AND T4.gender = 'Male'"
    },
    {
        "sample_id": 10172,
        "vt": "SELECT AVG(superhero.weight_kg) FROM superhero INNER JOIN gender AS T2 ON T1.gender_id = T2.id WHERE gender.gender = '[placeholder-type:string]'",
        "ba": "The virtual table calculates the average weight of superheroes from the 'superhero' table, filtered by a specific gender. It joins the 'superhero' table with the 'gender' table to access the gender information of each superhero. The placeholder in the WHERE clause represents the gender to filter the results accordingly.",
        "gold_complexity": 7,
        "gold_sql": "SELECT AVG(T1.weight_kg) FROM superhero AS T1 INNER JOIN gender AS T2 ON T1.gender_id = T2.id WHERE T2.gender = 'Female'"
    },
    {
        "sample_id": 10265,
        "vt": "SELECT hero_power.hero_id FROM hero_power INNER JOIN superpower AS T2 ON T1.power_id = T2.id WHERE superpower.power_name = '[placeholder-type:string]'",
        "ba": "The virtual table retrieves the unique identifiers of superheroes who possess a specific superpower from the 'hero_power' table. It joins the 'hero_power' table with the 'superpower' table to filter results based on the name of the superpower, represented by a placeholder for string values.",
        "gold_complexity": 7,
        "gold_sql": "SELECT T1.hero_id FROM hero_power AS T1 INNER JOIN superpower AS T2 ON T1.power_id = T2.id WHERE T2.power_name = 'Intelligence'"
    },
    {
        "sample_id": 10243,
        "vt": "SELECT superpower.power_name FROM superhero INNER JOIN hero_power AS T2 ON T1.id = T2.hero_id INNER JOIN superpower AS T3 ON T2.power_id = T3.id WHERE superhero.superhero_name = '[placeholder-type:string]'",
        "ba": "The virtual table lists the names of superpowers associated with a specific superhero from the 'superhero' table. It uses inner joins to connect the 'superhero' table with the 'hero_power' table and the 'superpower' table, allowing for the retrieval of power names based on the superhero's name provided as a placeholder.",
        "gold_complexity": 8,
        "gold_sql": "SELECT T3.power_name FROM superhero AS T1 INNER JOIN hero_power AS T2 ON T1.id = T2.hero_id INNER JOIN superpower AS T3 ON T2.power_id = T3.id WHERE T1.superhero_name = 'Ajax'"
    },
    {
        "sample_id": 10188,
        "vt": "SELECT superhero.full_name FROM superhero INNER JOIN hero_attribute AS T2 ON T1.id = T2.hero_id INNER JOIN attribute AS T3 ON T2.attribute_id = T3.id WHERE attribute.attribute_name = '[placeholder-type:string]' ORDER BY hero_attribute.attribute_value LIMIT [placeholder-type:numeric]",
        "ba": "The virtual table lists the full names of superheroes from the 'superhero' table who possess a specific attribute. It joins the 'superhero' table with the 'hero_attribute' table to link each superhero with their attributes, and further joins with the 'attribute' table to filter based on the attribute name provided. The results are ordered by the attribute value, allowing for a limit on the number of superheroes returned.",
        "gold_complexity": 11,
        "gold_sql": "SELECT T1.full_name FROM superhero AS T1 INNER JOIN hero_attribute AS T2 ON T1.id = T2.hero_id INNER JOIN attribute AS T3 ON T2.attribute_id = T3.id WHERE T3.attribute_name = 'Strength' ORDER BY T2.attribute_value DESC LIMIT 1"
    },
    {
        "sample_id": 10142,
        "vt": "SELECT DISTINCT superhero.full_name FROM superhero INNER JOIN hero_power AS T2 ON T1.id = T2.hero_id GROUP BY superhero.full_name HAVING COUNT(hero_power.power_id) > [placeholder-type:numeric]",
        "ba": "The virtual table lists the distinct full names of superheroes who possess more than a specified number of superpowers. It combines data from the 'superhero' table and the 'hero_power' table, ensuring that only those superheroes with a count of superpowers exceeding the given threshold are included in the results.",
        "gold_complexity": 10,
        "gold_sql": "SELECT DISTINCT T1.full_name FROM superhero AS T1 INNER JOIN hero_power AS T2 ON T1.id = T2.hero_id GROUP BY T1.full_name HAVING COUNT(T2.power_id) > 15"
    },
    {
        "sample_id": 10144,
        "vt": "SELECT colour.colour FROM superhero INNER JOIN colour AS T2 ON T1.skin_colour_id = T2.id WHERE superhero.superhero_name = '[placeholder-type:string]'",
        "ba": "The virtual table describes the skin color of a superhero based on their name. It retrieves the color from the 'colour' table by joining it with the 'superhero' table using the skin color identifier. The placeholder in the WHERE clause represents the superhero's name.",
        "gold_complexity": 7,
        "gold_sql": "SELECT T2.colour FROM superhero AS T1 INNER JOIN colour AS T2 ON T1.skin_colour_id = T2.id WHERE T1.superhero_name = 'Apocalypse'"
    },
    {
        "sample_id": 10155,
        "vt": "SELECT COUNT(superhero.id) FROM superhero INNER JOIN publisher AS T2 ON T1.publisher_id = T2.id INNER JOIN colour AS T3 ON T1.eye_colour_id = T3.id WHERE publisher.publisher_name = '[placeholder-type:string]' AND colour.colour = '[placeholder-type:string]'",
        "ba": "The virtual table counts the number of superheroes from the 'superhero' table who are published by a specific publisher and have a specific eye color. It joins the 'superhero' table with the 'publisher' and 'colour' tables to filter the results based on the publisher's name and the eye color of the superheroes.",
        "gold_complexity": 9,
        "gold_sql": "SELECT COUNT(T1.id) FROM superhero AS T1 INNER JOIN publisher AS T2 ON T1.publisher_id = T2.id INNER JOIN colour AS T3 ON T1.eye_colour_id = T3.id WHERE T2.publisher_name = 'Marvel Comics' AND T3.colour = 'Gold'"
    },
    {
        "sample_id": 10178,
        "vt": "SELECT COUNT(superhero.id) FROM superhero INNER JOIN alignment AS T2 ON T1.alignment_id = T2.id WHERE alignment.alignment = '[placeholder-type:string]'",
        "ba": "The virtual table counts the number of superheroes from the 'superhero' table who belong to a specific alignment. It joins the 'superhero' table with the 'alignment' table to filter superheroes based on their moral and ethical stance, represented by the alignment type.",
        "gold_complexity": 7,
        "gold_sql": "SELECT COUNT(T1.id) FROM superhero AS T1 INNER JOIN alignment AS T2 ON T1.alignment_id = T2.id WHERE T2.alignment = 'Bad'"
    },
    {
        "sample_id": 10229,
        "vt": "SELECT superpower.power_name FROM superhero INNER JOIN hero_power AS T2 ON T1.id = T2.hero_id INNER JOIN superpower AS T3 ON T2.power_id = T3.id WHERE superhero.full_name = '[placeholder-type:string]'",
        "ba": "The virtual table lists the names of superpowers associated with a specific superhero from the 'superhero' table. It uses inner joins to connect the 'superhero' table with the 'hero_power' table and the 'superpower' table, allowing for the retrieval of power names based on the superhero's full name provided as a placeholder.",
        "gold_complexity": 8,
        "gold_sql": "SELECT T3.power_name FROM superhero AS T1 INNER JOIN hero_power AS T2 ON T1.id = T2.hero_id INNER JOIN superpower AS T3 ON T2.power_id = T3.id WHERE T1.full_name = 'Helen Parr'"
    },
    {
        "sample_id": 10151,
        "vt": "SELECT AVG(superhero.height_cm) FROM superhero INNER JOIN publisher AS T2 ON T1.publisher_id = T2.id WHERE publisher.publisher_name = '[placeholder-type:string]'",
        "ba": "The virtual table calculates the average height of superheroes from the 'superhero' table, filtered by a specific publisher's name. The query joins the 'superhero' table with the 'publisher' table to access the publisher's name, using a placeholder for the publisher's name in the WHERE clause.",
        "gold_complexity": 7,
        "gold_sql": "SELECT AVG(T1.height_cm) FROM superhero AS T1 INNER JOIN publisher AS T2 ON T1.publisher_id = T2.id WHERE T2.publisher_name = 'Marvel Comics'"
    },
    {
        "sample_id": 10228,
        "vt": "SELECT colour.colour FROM superhero INNER JOIN colour AS T2 ON T1.eye_colour_id = T2.id WHERE superhero.full_name = '[placeholder-type:string]'",
        "ba": "The virtual table describes the eye color of a superhero based on their full name. It retrieves the color information from the 'colour' table by joining it with the 'superhero' table using the eye color ID. The placeholder in the WHERE clause represents the superhero's full name.",
        "gold_complexity": 7,
        "gold_sql": "SELECT T2.colour FROM superhero AS T1 INNER JOIN colour AS T2 ON T1.eye_colour_id = T2.id WHERE T1.full_name = 'Karen Beecher-Duncan'"
    },
    {
        "sample_id": 10208,
        "vt": "SELECT COUNT(hero_attribute.hero_id) FROM hero_attribute INNER JOIN attribute AS T2 ON T1.attribute_id = T2.id WHERE attribute.attribute_name = '[placeholder-type:string]' AND hero_attribute.attribute_value = (SELECT MAX(hero_attribute.attribute_value) FROM hero_attribute)",
        "ba": "The virtual table counts the number of superheroes that possess the highest value for a specific attribute. It joins the 'hero_attribute' table with the 'attribute' table to filter by the attribute name provided. The subquery retrieves the maximum attribute value from the 'hero_attribute' table, ensuring that only superheroes with the highest attribute value are counted.",
        "gold_complexity": 11,
        "gold_sql": "SELECT COUNT(T1.hero_id) FROM hero_attribute AS T1 INNER JOIN attribute AS T2 ON T1.attribute_id = T2.id WHERE T2.attribute_name = 'Strength' AND T1.attribute_value = ( SELECT MAX(attribute_value) FROM hero_attribute )"
    },
    {
        "sample_id": 10159,
        "vt": "SELECT race.race FROM superhero INNER JOIN race AS T2 ON T1.race_id = T2.id WHERE superhero.superhero_name = '[placeholder-type:string]'",
        "ba": "The virtual table provides the race of a specific superhero by joining the 'superhero' table with the 'race' table. It filters the results based on the superhero's name, allowing users to retrieve the race information for any given superhero.",
        "gold_complexity": 7,
        "gold_sql": "SELECT T2.race FROM superhero AS T1 INNER JOIN race AS T2 ON T1.race_id = T2.id WHERE T1.superhero_name = 'Copycat'"
    },
    {
        "sample_id": 10207,
        "vt": "SELECT superhero.superhero_name FROM superhero INNER JOIN alignment AS T2 ON T1.alignment_id = T2.id WHERE alignment.alignment = '[placeholder-type:string]'",
        "ba": "The virtual table describes the names of superheroes from the 'superhero' table who belong to a specific alignment. The query uses an INNER JOIN to connect the 'superhero' table with the 'alignment' table based on the alignment ID. The placeholder in the WHERE clause represents the alignment type of the superhero.",
        "gold_complexity": 7,
        "gold_sql": "SELECT T1.superhero_name FROM superhero AS T1 INNER JOIN alignment AS T2 ON T1.alignment_id = T2.id WHERE T2.alignment = 'Neutral'"
    },
    {
        "sample_id": 10170,
        "vt": "SELECT colour.colour FROM superhero INNER JOIN colour AS T2 ON T1.eye_colour_id = T2.id WHERE superhero.id = [placeholder-type:numeric]",
        "ba": "The virtual table describes the eye color of a specific superhero from the 'superhero' table. It retrieves the color information by joining the 'superhero' table with the 'colour' table based on the eye color ID. The placeholder in the WHERE clause represents the unique identifier of the superhero.",
        "gold_complexity": 7,
        "gold_sql": "SELECT T2.colour FROM superhero AS T1 INNER JOIN colour AS T2 ON T1.eye_colour_id = T2.id WHERE T1.id = 75"
    },
    {
        "sample_id": 10242,
        "vt": "SELECT hero_attribute.attribute_value FROM superhero INNER JOIN hero_attribute AS T2 ON T1.id = T2.hero_id INNER JOIN attribute AS T3 ON T2.attribute_id = T3.id WHERE superhero.superhero_name = '[placeholder-type:string]' AND attribute.attribute_name = '[placeholder-type:string]'",
        "ba": "The virtual table retrieves the attribute value of a specific superhero based on their name and a specified attribute name. It joins the 'superhero' table with the 'hero_attribute' table to link each superhero with their attributes, and then further joins the 'attribute' table to filter by the desired attribute name.",
        "gold_complexity": 9,
        "gold_sql": "SELECT T2.attribute_value FROM superhero AS T1 INNER JOIN hero_attribute AS T2 ON T1.id = T2.hero_id INNER JOIN attribute AS T3 ON T2.attribute_id = T3.id WHERE T1.superhero_name = 'Hulk' AND T3.attribute_name = 'Strength'"
    },
    {
        "sample_id": 10140,
        "vt": "SELECT COUNT(hero_power.hero_id) FROM hero_power INNER JOIN superpower AS T2 ON T1.power_id = T2.id WHERE superpower.power_name = '[placeholder-type:string]'",
        "ba": "The virtual table counts the number of superheroes that possess a specific superpower from the 'hero_power' table. It joins the 'hero_power' table with the 'superpower' table to filter the results based on the name of the superpower, which is represented by a placeholder for string values.",
        "gold_complexity": 7,
        "gold_sql": "SELECT COUNT(T1.hero_id) FROM hero_power AS T1 INNER JOIN superpower AS T2 ON T1.power_id = T2.id WHERE T2.power_name = 'Super Strength'"
    },
    {
        "sample_id": 10164,
        "vt": "SELECT COUNT(superhero.superhero_name) FROM superhero INNER JOIN race AS T2 ON T1.race_id = T2.id WHERE race.race = '[placeholder-type:string]'",
        "ba": "The virtual table counts the number of superheroes from the 'superhero' table who belong to a specific race. It joins the 'superhero' table with the 'race' table to filter the results based on the race specified by the placeholder.",
        "gold_complexity": 7,
        "gold_sql": "SELECT COUNT(T1.superhero_name) FROM superhero AS T1 INNER JOIN race AS T2 ON T1.race_id = T2.id WHERE T2.race = 'Vampire'"
    },
    {
        "sample_id": 10147,
        "vt": "SELECT COUNT(superhero.id) FROM superhero INNER JOIN publisher AS T2 ON T1.publisher_id = T2.id WHERE publisher.publisher_name = '[placeholder-type:string]'",
        "ba": "The virtual table counts the number of superheroes from the 'superhero' table who are published by a specific publisher. It joins the 'superhero' table with the 'publisher' table to filter the results based on the publisher's name provided as a placeholder.",
        "gold_complexity": 7,
        "gold_sql": "SELECT COUNT(T1.id) FROM superhero AS T1 INNER JOIN publisher AS T2 ON T1.publisher_id = T2.id WHERE T2.publisher_name = 'Marvel Comics'"
    },
    {
        "sample_id": 10246,
        "vt": "SELECT superhero.superhero_name FROM superhero INNER JOIN hero_power AS T2 ON T1.id = T2.hero_id INNER JOIN superpower AS T3 ON T2.power_id = T3.id WHERE superpower.power_name = '[placeholder-type:string]' ORDER BY superhero.superhero_name",
        "ba": "The virtual table lists the names of superheroes who possess a specific superpower. It retrieves data from the 'superhero' table and joins it with the 'hero_power' and 'superpower' tables to filter superheroes based on the name of the superpower. The placeholder in the WHERE clause represents the name of the superpower being queried.",
        "gold_complexity": 10,
        "gold_sql": "SELECT T1.superhero_name FROM superhero AS T1 INNER JOIN hero_power AS T2 ON T1.id = T2.hero_id INNER JOIN superpower AS T3 ON T2.power_id = T3.id WHERE T3.power_name = 'Wind Control' ORDER BY T1.superhero_name"
    },
    {
        "sample_id": 10219,
        "vt": "SELECT superhero.superhero_name FROM superhero INNER JOIN colour AS T2 ON T1.eye_colour_id = T2.id INNER JOIN colour AS T3 ON T1.hair_colour_id = T3.id WHERE colour.colour = '[placeholder-type:string]' AND colour.colour = '[placeholder-type:string]'",
        "ba": "The virtual table lists the names of superheroes from the 'superhero' table who have specific eye and hair colors. The query uses inner joins to connect the 'superhero' table with the 'colour' table twice, once for eye color and once for hair color. The placeholders in the WHERE clause represent the colors being filtered for both eye and hair attributes.",
        "gold_complexity": 7,
        "gold_sql": "SELECT T1.superhero_name FROM superhero AS T1 INNER JOIN colour AS T2 ON T1.eye_colour_id = T2.id INNER JOIN colour AS T3 ON T1.hair_colour_id = T3.id WHERE T2.colour = 'Blue' AND T3.colour = 'Brown'"
    },
    {
        "sample_id": 10248,
        "vt": "SELECT superhero.superhero_name FROM superhero INNER JOIN publisher AS T2 ON T1.publisher_id = T2.id WHERE publisher.publisher_name = '[placeholder-type:string]' ORDER BY superhero.weight_kg LIMIT [placeholder-type:numeric]",
        "ba": "The virtual table lists the names of superheroes from the 'superhero' table who are published by a specific publisher. It joins the 'superhero' table with the 'publisher' table to filter superheroes based on the publisher's name. The results are ordered by the weight of the superheroes, and a limit is applied to restrict the number of results returned.",
        "gold_complexity": 10,
        "gold_sql": "SELECT T1.superhero_name FROM superhero AS T1 INNER JOIN publisher AS T2 ON T1.publisher_id = T2.id WHERE T2.publisher_name = 'DC Comics' ORDER BY T1.weight_kg DESC LIMIT 1"
    },
    {
        "sample_id": 10262,
        "vt": "SELECT hero_attribute.attribute_value FROM superhero INNER JOIN hero_attribute AS T2 ON T1.id = T2.hero_id WHERE superhero.superhero_name = '[placeholder-type:string]'",
        "ba": "The virtual table retrieves the attribute value of a specific superhero from the 'superhero' table by joining it with the 'hero_attribute' table. The query filters the results based on the superhero's name, which is provided as a placeholder.",
        "gold_complexity": 7,
        "gold_sql": "SELECT T2.attribute_value FROM superhero AS T1 INNER JOIN hero_attribute AS T2 ON T1.id = T2.hero_id WHERE T1.superhero_name = 'Aquababy'"
    },
    {
        "sample_id": 10175,
        "vt": "SELECT DISTINCT superhero.superhero_name FROM superhero INNER JOIN colour AS T2 ON T1.eye_colour_id = T2.id WHERE superhero.height_cm BETWEEN [placeholder-type:numeric] AND [placeholder-type:numeric] AND colour.colour = '[placeholder-type:string]'",
        "ba": "The virtual table lists the distinct names of superheroes from the 'superhero' table who have a specific eye color and fall within a specified height range. The placeholders represent the height limits and the eye color to filter the results accordingly.",
        "gold_complexity": 10,
        "gold_sql": "SELECT DISTINCT T1.superhero_name FROM superhero AS T1 INNER JOIN colour AS T2 ON T1.eye_colour_id = T2.id WHERE T1.height_cm BETWEEN 170 AND 190 AND T2.colour = 'No Colour'"
    },
    {
        "sample_id": 10173,
        "vt": "SELECT superpower.power_name FROM superhero INNER JOIN hero_power AS T2 ON T1.id = T2.hero_id INNER JOIN superpower AS T3 ON T3.id = T2.power_id INNER JOIN gender AS T4 ON T4.id = T1.gender_id WHERE gender.gender = '[placeholder-type:string]' LIMIT [placeholder-type:numeric]",
        "ba": "The virtual table lists the names of superpowers associated with superheroes of a specific gender. It retrieves data from the 'superhero' table and joins it with the 'hero_power' table to link superheroes with their powers. Additionally, it joins the 'gender' table to filter superheroes based on their gender. The placeholders allow users to specify the desired gender and limit the number of results returned.",
        "gold_complexity": 10,
        "gold_sql": "SELECT T3.power_name FROM superhero AS T1 INNER JOIN hero_power AS T2 ON T1.id = T2.hero_id INNER JOIN superpower AS T3 ON T3.id = T2.power_id INNER JOIN gender AS T4 ON T4.id = T1.gender_id WHERE T4.gender = 'Male' LIMIT 5"
    },
    {
        "sample_id": 10205,
        "vt": "SELECT colour.colour FROM superhero INNER JOIN colour AS T2 ON T1.eye_colour_id = T2.id INNER JOIN colour AS T3 ON T1.skin_colour_id = T3.id WHERE colour.colour = '[placeholder-type:string]'",
        "ba": "The virtual table retrieves the colors associated with a superhero's eye and skin from the 'superhero' table, filtering based on a specific color value. The query uses inner joins to connect the 'superhero' table with the 'colour' table for both eye and skin colors, allowing for a comprehensive view of the superhero's appearance based on color attributes.",
        "gold_complexity": 7,
        "gold_sql": "SELECT T2.colour FROM superhero AS T1 INNER JOIN colour AS T2 ON T1.eye_colour_id = T2.id INNER JOIN colour AS T3 ON T1.skin_colour_id = T3.id WHERE T3.colour = 'Gold'"
    },
    {
        "sample_id": 10227,
        "vt": "SELECT DISTINCT superhero.full_name FROM superhero WHERE NOT superhero.full_name IS NULL AND (superhero.weight_kg IS NULL OR superhero.weight_kg = [placeholder-type:numeric])",
        "ba": "The virtual table lists the distinct full names of superheroes from the 'superhero' table where the full name is not null and the weight of the superhero is either missing or equal to a specified numeric value. This allows users to identify superheroes based on their weight characteristics.",
        "gold_complexity": 11,
        "gold_sql": "SELECT DISTINCT full_name FROM superhero WHERE full_name IS NOT NULL AND (weight_kg IS NULL OR weight_kg = 0)"
    },
    {
        "sample_id": 10157,
        "vt": "SELECT COUNT(superhero.id) FROM superhero INNER JOIN colour AS T2 ON T1.hair_colour_id = T2.id WHERE colour.colour = '[placeholder-type:string]'",
        "ba": "The virtual table counts the number of superheroes from the 'superhero' table who have a specific hair color. It joins the 'superhero' table with the 'colour' table to filter based on the hair color specified by the user.",
        "gold_complexity": 7,
        "gold_sql": "SELECT COUNT(T1.id) FROM superhero AS T1 INNER JOIN colour AS T2 ON T1.hair_colour_id = T2.id WHERE T2.colour = 'Blond'"
    },
    {
        "sample_id": 10145,
        "vt": "SELECT COUNT(superhero.id) FROM superhero INNER JOIN hero_power AS T2 ON T1.id = T2.hero_id INNER JOIN superpower AS T3 ON T2.power_id = T3.id INNER JOIN colour AS T4 ON T1.eye_colour_id = T4.id WHERE superpower.power_name = '[placeholder-type:string]' AND colour.colour = '[placeholder-type:string]'",
        "ba": "The virtual table counts the number of superheroes who possess a specific superpower and have a specific eye color. It joins the 'superhero' table with the 'hero_power' table to link superheroes to their powers, and then further joins with the 'superpower' table to filter by the desired power name. Additionally, it joins with the 'colour' table to filter by the desired eye color. The placeholders represent the superpower name and the eye color.",
        "gold_complexity": 10,
        "gold_sql": "SELECT COUNT(T1.id) FROM superhero AS T1 INNER JOIN hero_power AS T2 ON T1.id = T2.hero_id INNER JOIN superpower AS T3 ON T2.power_id = T3.id INNER JOIN colour AS T4 ON T1.eye_colour_id = T4.id WHERE T3.power_name = 'Agility' AND T4.colour = 'Blue'"
    },
    {
        "sample_id": 10212,
        "vt": "SELECT (SELECT superhero.weight_kg FROM superhero WHERE full_name LIKE 'Emil Blonsky') - (SELECT superhero.weight_kg FROM superhero WHERE full_name LIKE 'Charles Chandler')",
        "ba": "The virtual table calculates the weight difference between two superheroes, Emil Blonsky and Charles Chandler, by selecting their respective weights from the 'superhero' table. The query uses subqueries to retrieve the weight of each superhero based on their full names.",
        "gold_complexity": 10,
        "gold_sql": "SELECT ( SELECT weight_kg FROM superhero WHERE full_name LIKE 'Emil Blonsky' ) - ( SELECT weight_kg FROM superhero WHERE full_name LIKE 'Charles Chandler' ) AS CALCULATE"
    },
    {
        "sample_id": 10149,
        "vt": "SELECT publisher.publisher_name FROM superhero INNER JOIN publisher AS T2 ON T1.publisher_id = T2.id WHERE superhero.superhero_name = '[placeholder-type:string]'",
        "ba": "The virtual table describes the names of publishers associated with a specific superhero from the 'superhero' table. The query uses an INNER JOIN to connect the 'superhero' table with the 'publisher' table based on the publisher's ID. The placeholder in the WHERE clause represents the name of the superhero for which the publisher's name is being queried.",
        "gold_complexity": 7,
        "gold_sql": "SELECT T2.publisher_name FROM superhero AS T1 INNER JOIN publisher AS T2 ON T1.publisher_id = T2.id WHERE T1.superhero_name = 'Sauron'"
    },
    {
        "sample_id": 10191,
        "vt": "SELECT superhero.superhero_name FROM superhero INNER JOIN hero_attribute AS T2 ON T1.id = T2.hero_id INNER JOIN attribute AS T3 ON T3.id = T2.attribute_id INNER JOIN publisher AS T4 ON T4.id = T1.publisher_id WHERE publisher.publisher_name = '[placeholder-type:string]' AND attribute.attribute_name = '[placeholder-type:string]' ORDER BY hero_attribute.attribute_value LIMIT [placeholder-type:numeric]",
        "ba": "The virtual table lists the names of superheroes from the 'superhero' table who possess a specific attribute and are published by a certain publisher. The query joins multiple tables to filter superheroes based on the publisher's name and the attribute's name, while also ordering the results by the attribute value and limiting the number of results returned.",
        "gold_complexity": 13,
        "gold_sql": "SELECT T1.superhero_name FROM superhero AS T1 INNER JOIN hero_attribute AS T2 ON T1.id = T2.hero_id INNER JOIN attribute AS T3 ON T3.id = T2.attribute_id INNER JOIN publisher AS T4 ON T4.id = T1.publisher_id WHERE T4.publisher_name = 'Dark Horse Comics' AND T3.attribute_name = 'Durability' ORDER BY T2.attribute_value DESC LIMIT 1"
    },
    {
        "sample_id": 10165,
        "vt": "SELECT (CAST(COUNT(*) AS FLOAT) * [placeholder-type:numeric] / (SELECT COUNT(*) FROM superhero)), CAST(SUM(CASE WHEN publisher.publisher_name = '[placeholder-type:string]' THEN [placeholder-type:numeric] ELSE [placeholder-type:numeric] END) AS FLOAT) FROM superhero INNER JOIN publisher AS T2 ON T1.publisher_id = T2.id INNER JOIN alignment AS T3 ON T3.id = T1.alignment_id WHERE alignment.alignment = '[placeholder-type:string]'",
        "ba": "The virtual table calculates the proportion of superheroes from a specific publisher who have a certain alignment. It counts the total number of superheroes and multiplies it by a placeholder numeric value to get a weighted count. It also sums up a conditional count based on the publisher's name and alignment, providing insights into the distribution of superhero alignments across different publishers.",
        "gold_complexity": 12,
        "gold_sql": "SELECT (CAST(COUNT(*) AS REAL) * 100 / (SELECT COUNT(*) FROM superhero)), CAST(SUM(CASE WHEN T2.publisher_name = 'Marvel Comics' THEN 1 ELSE 0 END) AS REAL) FROM superhero AS T1 INNER JOIN publisher AS T2 ON T1.publisher_id = T2.id INNER JOIN alignment AS T3 ON T3.id = T1.alignment_id WHERE T3.alignment = 'Bad'"
    },
    {
        "sample_id": 10139,
        "vt": "SELECT superpower.power_name FROM superhero INNER JOIN hero_power AS T2 ON T1.id = T2.hero_id INNER JOIN superpower AS T3 ON T2.power_id = T3.id WHERE superhero.superhero_name = '[placeholder-type:string]'",
        "ba": "The virtual table lists the names of superpowers associated with a specific superhero from the 'superhero' table. It uses inner joins to connect the 'superhero' table with the 'hero_power' table and the 'superpower' table, allowing for the retrieval of power names based on the superhero's name provided as a placeholder.",
        "gold_complexity": 8,
        "gold_sql": "SELECT T3.power_name FROM superhero AS T1 INNER JOIN hero_power AS T2 ON T1.id = T2.hero_id INNER JOIN superpower AS T3 ON T2.power_id = T3.id WHERE T1.superhero_name = '3-D Man'"
    },
    {
        "sample_id": 10196,
        "vt": "SELECT race.race FROM superhero INNER JOIN race AS T2 ON T1.race_id = T2.id WHERE superhero.superhero_name = '[placeholder-type:string]'",
        "ba": "The virtual table describes the race of a superhero based on their name. It retrieves the race information from the 'race' table by joining it with the 'superhero' table, using the superhero's name as a filter.",
        "gold_complexity": 7,
        "gold_sql": "SELECT T2.race FROM superhero AS T1 INNER JOIN race AS T2 ON T1.race_id = T2.id WHERE T1.superhero_name = 'A-Bomb'"
    },
    {
        "sample_id": 10177,
        "vt": "SELECT superhero.full_name FROM superhero INNER JOIN race AS T2 ON T1.race_id = T2.id WHERE race.race = '[placeholder-type:string]'",
        "ba": "The virtual table describes the full names of superheroes from the 'superhero' table who belong to a specific race. The query uses an INNER JOIN to connect the 'superhero' table with the 'race' table based on the race identifier. The placeholder in the WHERE clause represents the specific race of the superhero.",
        "gold_complexity": 7,
        "gold_sql": "SELECT T1.full_name FROM superhero AS T1 INNER JOIN race AS T2 ON T1.race_id = T2.id WHERE T2.race = 'Demi-God'"
    },
    {
        "sample_id": 10251,
        "vt": "SELECT SUM(CASE WHEN publisher.publisher_name = '[placeholder-type:string]' THEN [placeholder-type:numeric] ELSE [placeholder-type:numeric] END) - SUM(CASE WHEN publisher.publisher_name = '[placeholder-type:string]' THEN [placeholder-type:numeric] ELSE [placeholder-type:numeric] END) FROM superhero INNER JOIN publisher AS T2 ON T1.publisher_id = T2.id",
        "ba": "The virtual table calculates the difference between two sums based on the publisher's name from the 'superhero' and 'publisher' tables. It uses conditional aggregation to sum numeric values depending on whether the publisher's name matches a specified placeholder. This allows for a comparison of values associated with different publishers.",
        "gold_complexity": 5,
        "gold_sql": "SELECT SUM(CASE WHEN T2.publisher_name = 'DC Comics' THEN 1 ELSE 0 END) - SUM(CASE WHEN T2.publisher_name = 'Marvel Comics' THEN 1 ELSE 0 END) FROM superhero AS T1 INNER JOIN publisher AS T2 ON T1.publisher_id = T2.id"
    },
    {
        "sample_id": 10148,
        "vt": "SELECT superhero.superhero_name, superhero.height_cm, RANK() OVER (ORDER BY superhero.height_cm) FROM superhero INNER JOIN publisher ON superhero.publisher_id = publisher.id WHERE publisher.publisher_name = '[placeholder-type:string]'",
        "ba": "The virtual table provides a ranked list of superhero names along with their heights from the 'superhero' table, filtered by a specific publisher's name. The ranking is based on the height of the superheroes, allowing users to see which superheroes are the tallest within the specified publisher's catalog.",
        "gold_complexity": 10,
        "gold_sql": "SELECT superhero_name, height_cm, RANK() OVER (ORDER BY height_cm DESC) AS HeightRank FROM superhero INNER JOIN publisher ON superhero.publisher_id = publisher.id WHERE publisher.publisher_name = 'Marvel Comics'"
    },
    {
        "sample_id": 10240,
        "vt": "SELECT CAST(COUNT(CASE WHEN gender.gender = '[placeholder-type:string]' THEN superhero.id ELSE NULL END) AS FLOAT) * [placeholder-type:numeric] / COUNT(superhero.id) FROM superhero INNER JOIN alignment AS T2 ON T1.alignment_id = T2.id INNER JOIN gender AS T3 ON T1.gender_id = T3.id WHERE alignment.alignment = '[placeholder-type:string]'",
        "ba": "The virtual table calculates the percentage of superheroes of a specific gender within a certain alignment. It counts the number of superheroes that match the specified gender and divides it by the total number of superheroes in the specified alignment, multiplying the result by a numeric placeholder for scaling purposes.",
        "gold_complexity": 9,
        "gold_sql": "SELECT CAST(COUNT(CASE WHEN T3.gender = 'Female' THEN T1.id ELSE NULL END) AS REAL) * 100 / COUNT(T1.id) FROM superhero AS T1 INNER JOIN alignment AS T2 ON T1.alignment_id = T2.id INNER JOIN gender AS T3 ON T1.gender_id = T3.id WHERE T2.alignment = 'Bad'"
    },
    {
        "sample_id": 10247,
        "vt": "SELECT gender.gender FROM superhero INNER JOIN hero_power AS T2 ON T1.id = T2.hero_id INNER JOIN superpower AS T3 ON T2.power_id = T3.id INNER JOIN gender AS T4 ON T1.gender_id = T4.id WHERE superpower.power_name = '[placeholder-type:string]'",
        "ba": "The virtual table describes the genders of superheroes who possess a specific superpower. It retrieves the gender information from the 'gender' table by joining it with the 'superhero' table and the 'hero_power' table, which links superheroes to their respective powers. The placeholder in the WHERE clause represents the name of the superpower being queried.",
        "gold_complexity": 9,
        "gold_sql": "SELECT T4.gender FROM superhero AS T1 INNER JOIN hero_power AS T2 ON T1.id = T2.hero_id INNER JOIN superpower AS T3 ON T2.power_id = T3.id INNER JOIN gender AS T4 ON T1.gender_id = T4.id WHERE T3.power_name = 'Phoenix Force'"
    },
    {
        "sample_id": 10179,
        "vt": "SELECT race.race FROM superhero INNER JOIN race AS T2 ON T1.race_id = T2.id WHERE superhero.weight_kg = [placeholder-type:numeric]",
        "ba": "The virtual table describes the races of superheroes from the 'superhero' table who have a specific weight. The query uses an INNER JOIN to connect the 'superhero' table with the 'race' table based on the race_id, allowing us to filter superheroes by their weight using a numeric placeholder.",
        "gold_complexity": 7,
        "gold_sql": "SELECT T2.race FROM superhero AS T1 INNER JOIN race AS T2 ON T1.race_id = T2.id WHERE T1.weight_kg = 169"
    },
    {
        "sample_id": 10185,
        "vt": "SELECT hero_attribute.attribute_value FROM superhero INNER JOIN hero_attribute AS T2 ON T1.id = T2.hero_id WHERE superhero.superhero_name = '[placeholder-type:string]'",
        "ba": "The virtual table retrieves the attribute values of a specific superhero from the 'superhero' table by joining it with the 'hero_attribute' table. The query filters the results based on the superhero's name, which is provided as a placeholder.",
        "gold_complexity": 7,
        "gold_sql": "SELECT T2.attribute_value FROM superhero AS T1 INNER JOIN hero_attribute AS T2 ON T1.id = T2.hero_id WHERE T1.superhero_name = 'Abomination'"
    },
    {
        "sample_id": 10156,
        "vt": "SELECT publisher.publisher_name FROM superhero INNER JOIN publisher AS T2 ON T1.publisher_id = T2.id WHERE superhero.superhero_name = '[placeholder-type:string]'",
        "ba": "The virtual table describes the publisher's name of a specific superhero from the 'superhero' table. The query uses an INNER JOIN to connect the 'superhero' table with the 'publisher' table based on the publisher's ID. The placeholder in the WHERE clause represents the superhero's name.",
        "gold_complexity": 7,
        "gold_sql": "SELECT T2.publisher_name FROM superhero AS T1 INNER JOIN publisher AS T2 ON T1.publisher_id = T2.id WHERE T1.superhero_name = 'Blue Beetle II'"
    },
    {
        "sample_id": 10174,
        "vt": "SELECT superhero.superhero_name FROM superhero INNER JOIN race AS T2 ON T1.race_id = T2.id WHERE race.race = '[placeholder-type:string]'",
        "ba": "The virtual table describes the names of superheroes from the 'superhero' table who belong to a specific race. The query uses an INNER JOIN to connect the 'superhero' table with the 'race' table based on the race identifier. The placeholder in the WHERE clause represents the specific race being queried.",
        "gold_complexity": 7,
        "gold_sql": "SELECT T1.superhero_name FROM superhero AS T1 INNER JOIN race AS T2 ON T1.race_id = T2.id WHERE T2.race = 'Alien'"
    },
    {
        "sample_id": 10152,
        "vt": "SELECT superhero.superhero_name FROM superhero WHERE EXISTS(SELECT [placeholder-type:numeric] FROM hero_power INNER JOIN superpower AS T3 ON T2.power_id = T3.id WHERE superpower.power_name = '[placeholder-type:string]' AND superhero.id = hero_power.hero_id) AND EXISTS(SELECT [placeholder-type:numeric] FROM publisher WHERE publisher.publisher_name = '[placeholder-type:string]' AND superhero.publisher_id = publisher.id)",
        "ba": "The virtual table lists the names of superheroes from the 'superhero' table who possess a specific superpower and are published by a particular publisher. The query uses subqueries to check for the existence of the specified superpower and publisher, ensuring that only relevant superheroes are included in the results.",
        "gold_complexity": 17,
        "gold_sql": "SELECT superhero_name FROM superhero AS T1 WHERE EXISTS (SELECT 1 FROM hero_power AS T2 INNER JOIN superpower AS T3 ON T2.power_id = T3.id WHERE T3.power_name = 'Super Strength' AND T1.id = T2.hero_id)AND EXISTS (SELECT 1 FROM publisher AS T4 WHERE T4.publisher_name = 'Marvel Comics' AND T1.publisher_id = T4.id)"
    },
    {
        "sample_id": 10224,
        "vt": "SELECT superhero.superhero_name FROM superhero ORDER BY superhero.height_cm LIMIT [placeholder-type:numeric]",
        "ba": "The virtual table lists the names of superheroes from the 'superhero' table, ordered by their height in centimeters. The placeholder in the LIMIT clause allows the user to specify how many superhero names they want to retrieve.",
        "gold_complexity": 7,
        "gold_sql": "SELECT superhero_name FROM superhero ORDER BY height_cm DESC LIMIT 1"
    },
    {
        "sample_id": 10176,
        "vt": "SELECT superpower.power_name FROM hero_power INNER JOIN superpower AS T2 ON T1.power_id = T2.id WHERE hero_power.hero_id = [placeholder-type:numeric]",
        "ba": "The virtual table describes the superpowers associated with a specific superhero from the 'superpower' table. The query retrieves the names of the superpowers by joining the 'hero_power' table with the 'superpower' table based on the power ID. The placeholder in the WHERE clause represents the unique identifier of the superhero whose superpowers are being queried.",
        "gold_complexity": 7,
        "gold_sql": "SELECT T2.power_name FROM hero_power AS T1 INNER JOIN superpower AS T2 ON T1.power_id = T2.id WHERE T1.hero_id = 56"
    },
    {
        "sample_id": 10264,
        "vt": "SELECT AVG(superhero.height_cm) FROM superhero INNER JOIN alignment AS T2 ON T1.alignment_id = T2.id WHERE alignment.alignment = '[placeholder-type:string]'",
        "ba": "The virtual table calculates the average height of superheroes from the 'superhero' table who belong to a specific alignment. The alignment is determined by joining the 'superhero' table with the 'alignment' table based on the alignment ID. The placeholder in the WHERE clause represents the alignment type, such as 'Good', 'Neutral', or 'Bad'.",
        "gold_complexity": 7,
        "gold_sql": "SELECT AVG(T1.height_cm) FROM superhero AS T1 INNER JOIN alignment AS T2 ON T1.alignment_id = T2.id WHERE T2.alignment = 'Neutral'"
    },
    {
        "sample_id": 10244,
        "vt": "SELECT COUNT(superhero.id) FROM superhero INNER JOIN alignment AS T2 ON T1.alignment_id = T2.id INNER JOIN colour AS T3 ON T1.skin_colour_id = T3.id WHERE alignment.alignment = '[placeholder-type:string]' AND colour.colour = '[placeholder-type:string]'",
        "ba": "The virtual table counts the number of superheroes from the 'superhero' table who have a specific alignment and skin color. It joins the 'alignment' table to filter by the superhero's alignment and the 'colour' table to filter by the superhero's skin color. The placeholders represent the alignment type and skin color that the user wants to query.",
        "gold_complexity": 9,
        "gold_sql": "SELECT COUNT(T1.id) FROM superhero AS T1 INNER JOIN alignment AS T2 ON T1.alignment_id = T2.id INNER JOIN colour AS T3 ON T1.skin_colour_id = T3.id WHERE T2.alignment = 'Bad' AND T3.colour = 'Green'"
    },
    {
        "sample_id": 10203,
        "vt": "SELECT superhero.height_cm FROM superhero INNER JOIN colour AS T2 ON T1.eye_colour_id = T2.id WHERE colour.colour = '[placeholder-type:string]'",
        "ba": "The virtual table retrieves the height of superheroes from the 'superhero' table, specifically filtering by the color of their eyes. The query joins the 'superhero' table with the 'colour' table to access the eye color information, using a placeholder for the specific color being queried.",
        "gold_complexity": 7,
        "gold_sql": "SELECT T1.height_cm FROM superhero AS T1 INNER JOIN colour AS T2 ON T1.eye_colour_id = T2.id WHERE T2.colour = 'Amber'"
    },
    {
        "sample_id": 10234,
        "vt": "SELECT superhero.superhero_name FROM superhero INNER JOIN colour AS T2 ON T1.eye_colour_id = T2.id WHERE colour.colour = '[placeholder-type:string]' LIMIT [placeholder-type:numeric]",
        "ba": "The virtual table describes the names of superheroes from the 'superhero' table who have a specific eye color. The query joins the 'superhero' table with the 'colour' table to filter superheroes based on their eye color, represented by a placeholder in the WHERE clause. Additionally, a limit is applied to restrict the number of results returned.",
        "gold_complexity": 8,
        "gold_sql": "SELECT T1.superhero_name FROM superhero AS T1 INNER JOIN colour AS T2 ON T1.eye_colour_id = T2.id WHERE T2.colour = 'Blue' LIMIT 5"
    },
    {
        "sample_id": 10236,
        "vt": "SELECT DISTINCT colour.colour FROM superhero INNER JOIN colour AS T2 ON T1.skin_colour_id = T2.id INNER JOIN hero_attribute AS T3 ON T1.id = T3.hero_id WHERE hero_attribute.attribute_value = [placeholder-type:numeric]",
        "ba": "The virtual table lists distinct colors associated with superheroes based on their skin color. It retrieves this information by joining the 'superhero' table with the 'colour' table to get the skin color and the 'hero_attribute' table to filter superheroes based on a specific attribute value. The placeholder in the WHERE clause represents the attribute value that is being queried.",
        "gold_complexity": 9,
        "gold_sql": "SELECT DISTINCT T2.colour FROM superhero AS T1 INNER JOIN colour AS T2 ON T1.skin_colour_id = T2.id INNER JOIN hero_attribute AS T3 ON T1.id = T3.hero_id WHERE T3.attribute_value = 100"
    },
    {
        "sample_id": 10186,
        "vt": "SELECT DISTINCT superpower.power_name FROM hero_power INNER JOIN superpower AS T2 ON T1.power_id = T2.id WHERE hero_power.hero_id = [placeholder-type:numeric]",
        "ba": "The virtual table lists the distinct names of superpowers associated with a specific superhero. It retrieves data from the 'hero_power' table, which links superheroes to their powers, and joins it with the 'superpower' table to get the names of those powers. The placeholder in the WHERE clause represents the unique identifier of the superhero whose powers are being queried.",
        "gold_complexity": 8,
        "gold_sql": "SELECT DISTINCT T2.power_name FROM hero_power AS T1 INNER JOIN superpower AS T2 ON T1.power_id = T2.id WHERE T1.hero_id = 1"
    },
    {
        "sample_id": 10260,
        "vt": "SELECT superhero.full_name FROM superhero WHERE superhero.superhero_name = '[placeholder-type:string]'",
        "ba": "The virtual table describes the full names of superheroes from the 'superhero' table based on a specific superhero name. The placeholder in the WHERE clause represents the superhero's name.",
        "gold_complexity": 6,
        "gold_sql": "SELECT full_name FROM superhero WHERE superhero_name = 'Alien'"
    },
    {
        "sample_id": 10266,
        "vt": "SELECT colour.colour FROM superhero INNER JOIN colour AS T2 ON T1.eye_colour_id = T2.id WHERE superhero.superhero_name = '[placeholder-type:string]'",
        "ba": "The virtual table retrieves the eye color of a specific superhero from the 'superhero' table by joining it with the 'colour' table. The placeholder in the WHERE clause represents the name of the superhero for which the eye color is being queried.",
        "gold_complexity": 7,
        "gold_sql": "SELECT T2.colour FROM superhero AS T1 INNER JOIN colour AS T2 ON T1.eye_colour_id = T2.id WHERE T1.superhero_name = 'Blackwulf'"
    },
    {
        "sample_id": 10199,
        "vt": "SELECT gender.gender FROM superhero INNER JOIN gender AS T2 ON T1.gender_id = T2.id WHERE superhero.superhero_name = '[placeholder-type:string]'",
        "ba": "The virtual table describes the gender of a superhero based on their name. It retrieves the gender information from the 'gender' table by joining it with the 'superhero' table using the superhero's gender ID. The placeholder in the WHERE clause represents the specific superhero's name.",
        "gold_complexity": 7,
        "gold_sql": "SELECT T2.gender FROM superhero AS T1 INNER JOIN gender AS T2 ON T1.gender_id = T2.id WHERE T1.superhero_name = 'Agent 13'"
    },
    {
        "sample_id": 10193,
        "vt": "SELECT superhero.superhero_name FROM superhero INNER JOIN hero_power AS T2 ON T1.id = T2.hero_id INNER JOIN superpower AS T3 ON T2.power_id = T3.id WHERE superpower.power_name = '[placeholder-type:string]'",
        "ba": "The virtual table lists the names of superheroes from the 'superhero' table who possess a specific superpower. It joins the 'superhero' table with the 'hero_power' table to link superheroes with their powers, and then further joins with the 'superpower' table to filter based on the name of the superpower.",
        "gold_complexity": 8,
        "gold_sql": "SELECT T1.superhero_name FROM superhero AS T1 INNER JOIN hero_power AS T2 ON T1.id = T2.hero_id INNER JOIN superpower AS T3 ON T2.power_id = T3.id WHERE T3.power_name = 'Flight'"
    },
    {
        "sample_id": 10143,
        "vt": "SELECT COUNT(superhero.id) FROM superhero INNER JOIN colour AS T2 ON T1.eye_colour_id = T2.id WHERE colour.colour = '[placeholder-type:string]'",
        "ba": "The virtual table counts the number of superheroes from the 'superhero' table who have a specific eye color. It joins the 'superhero' table with the 'colour' table to filter based on the eye color specified by the placeholder.",
        "gold_complexity": 7,
        "gold_sql": "SELECT COUNT(T1.id) FROM superhero AS T1 INNER JOIN colour AS T2 ON T1.eye_colour_id = T2.id WHERE T2.colour = 'Blue'"
    },
    {
        "sample_id": 10223,
        "vt": "SELECT CAST(COUNT(CASE WHEN gender.gender = '[placeholder-type:string]' THEN superhero.id ELSE NULL END) AS FLOAT) / COUNT(CASE WHEN gender.gender = '[placeholder-type:string]' THEN superhero.id ELSE NULL END) FROM superhero INNER JOIN gender AS T2 ON T1.gender_id = T2.id",
        "ba": "The virtual table calculates the proportion of superheroes of a specific gender from the 'superhero' table. It uses a join with the 'gender' table to filter superheroes based on their gender. The placeholders represent the gender type being queried.",
        "gold_complexity": 6,
        "gold_sql": "SELECT CAST(COUNT(CASE WHEN T2.gender = 'Male' THEN T1.id ELSE NULL END) AS REAL) / COUNT(CASE WHEN T2.gender = 'Female' THEN T1.id ELSE NULL END) FROM superhero AS T1 INNER JOIN gender AS T2 ON T1.gender_id = T2.id"
    },
    {
        "sample_id": 10211,
        "vt": "SELECT CAST(SUM(superhero.weight_kg) AS FLOAT) / COUNT(superhero.id) FROM superhero INNER JOIN race AS T2 ON T1.race_id = T2.id WHERE race.race = '[placeholder-type:string]'",
        "ba": "The virtual table calculates the average weight of superheroes from a specific race by summing their weights and dividing by the total number of superheroes in that race. The query joins the 'superhero' table with the 'race' table to filter superheroes based on their race.",
        "gold_complexity": 8,
        "gold_sql": "SELECT CAST(SUM(T1.weight_kg) AS REAL) / COUNT(T1.id) FROM superhero AS T1 INNER JOIN race AS T2 ON T1.race_id = T2.id WHERE T2.race = 'Alien'"
    },
    {
        "sample_id": 10231,
        "vt": "SELECT publisher.publisher_name FROM superhero INNER JOIN publisher AS T2 ON T1.publisher_id = T2.id WHERE superhero.id = [placeholder-type:numeric]",
        "ba": "The virtual table describes the publisher's name of a superhero from the 'superhero' table based on a specific superhero's unique identifier. The query uses an INNER JOIN to connect the 'superhero' table with the 'publisher' table, allowing access to the publisher's name associated with that superhero. The placeholder in the WHERE clause represents the superhero's unique identifier.",
        "gold_complexity": 7,
        "gold_sql": "SELECT T2.publisher_name FROM superhero AS T1 INNER JOIN publisher AS T2 ON T1.publisher_id = T2.id WHERE T1.id = 38"
    }
]