[
    {
        "sample_id": 9522,
        "vt": "SELECT COUNT(client.client_id) FROM district INNER JOIN client AS T2 ON T1.district_id = T2.district_id WHERE client.gender = '[placeholder-type:string]' AND STRFTIME('%Y', client.birth_date) < '[placeholder-type:string]' AND district.a2 = '[placeholder-type:string]'",
        "ba": "The virtual table counts the number of clients from the 'client' table who belong to a specific district, are of a certain gender, and were born before a specified year. It joins the 'district' table to filter clients based on their district name.",
        "gold_complexity": 10,
        "gold_sql": "SELECT COUNT(T2.client_id) FROM district AS T1 INNER JOIN client AS T2 ON T1.district_id = T2.district_id WHERE T2.gender = 'F' AND STRFTIME('%Y', T2.birth_date) < '1950' AND T1.A2 = 'Sokolov'"
    },
    {
        "sample_id": 9609,
        "vt": "SELECT COUNT(disp.account_id) FROM account INNER JOIN disp AS T2 ON T2.account_id = T1.account_id WHERE account.frequency = '[placeholder-type:string]' AND disp.type = '[placeholder-type:string]'",
        "ba": "The virtual table counts the number of accounts associated with a specific frequency and disposition type. It joins the 'account' table with the 'disp' table to filter the results based on the specified frequency and type of disposition.",
        "gold_complexity": 8,
        "gold_sql": "SELECT COUNT(T2.account_id) FROM account AS T1 INNER JOIN disp AS T2 ON T2.account_id = T1.account_id WHERE T1.frequency = 'POPLATEK TYDNE' AND T2.type = 'OWNER'"
    },
    {
        "sample_id": 9552,
        "vt": "SELECT COUNT(disp.account_id) FROM district INNER JOIN client AS T2 ON T1.district_id = T2.district_id INNER JOIN disp AS T3 ON T2.client_id = T3.client_id WHERE district.a3 = '[placeholder-type:string]' AND disp.type <> '[placeholder-type:string]'",
        "ba": "The virtual table counts the number of accounts associated with clients in a specific region, excluding a certain type of disposition. It joins the 'district', 'client', and 'disp' tables to filter based on the region and disposition type.",
        "gold_complexity": 10,
        "gold_sql": "SELECT COUNT(T3.account_id) FROM district AS T1 INNER JOIN client AS T2 ON T1.district_id = T2.district_id INNER JOIN disp AS T3 ON T2.client_id = T3.client_id WHERE T1.A3 = 'south Bohemia' AND T3.type != 'OWNER'"
    },
    {
        "sample_id": 9614,
        "vt": "SELECT AVG(loan.amount) FROM account INNER JOIN loan AS T2 ON T1.account_id = T2.account_id WHERE loan.status IN ('[placeholder-type:string]', '[placeholder-type:string]') AND account.frequency = '[placeholder-type:string]'",
        "ba": "The virtual table calculates the average loan amount from the 'loan' table for accounts that meet specific criteria. It joins the 'account' table with the 'loan' table based on the account ID. The query filters loans based on their status, which can be either completed or ongoing, and also considers the frequency of the account, which indicates how often transactions occur.",
        "gold_complexity": 9,
        "gold_sql": "SELECT AVG(T2.amount) FROM account AS T1 INNER JOIN loan AS T2 ON T1.account_id = T2.account_id WHERE T2.status IN ('C', 'D') AND T1.frequency = 'POPLATEK PO OBRATU'"
    },
    {
        "sample_id": 9545,
        "vt": "SELECT account.account_id, district.a2, district.a3 FROM account INNER JOIN district AS T2 ON T1.district_id = T2.district_id INNER JOIN loan AS T3 ON T1.account_id = T3.account_id WHERE loan.amount > [placeholder-type:numeric]",
        "ba": "The virtual table describes the account IDs along with the district name and region from the 'account' and 'district' tables. It filters the results to include only those accounts that have a loan amount greater than a specified value.",
        "gold_complexity": 12,
        "gold_sql": "SELECT T1.account_id, T2.A2, T2.A3 FROM account AS T1 INNER JOIN district AS T2 ON T1.district_id = T2.district_id INNER JOIN loan AS T3 ON T1.account_id = T3.account_id WHERE T3.amount > 300000"
    },
    {
        "sample_id": 9566,
        "vt": "SELECT AVG(trans.amount) FROM card INNER JOIN disp AS T2 ON T1.disp_id = T2.disp_id INNER JOIN account AS T3 ON T2.account_id = T3.account_id INNER JOIN trans AS T4 ON T3.account_id = T4.account_id WHERE STRFTIME('%Y', trans.date) = '[placeholder-type:string]' AND trans.operation = '[placeholder-type:string]'",
        "ba": "The virtual table calculates the average transaction amount from the 'trans' table for credit cards associated with specific dispositions. It joins the 'card', 'disp', 'account', and 'trans' tables to filter transactions based on the year of the transaction date and the type of transaction operation. The placeholders represent the year and the operation type, allowing users to specify their criteria for the average calculation.",
        "gold_complexity": 10,
        "gold_sql": "SELECT AVG(T4.amount) FROM card AS T1 INNER JOIN disp AS T2 ON T1.disp_id = T2.disp_id INNER JOIN account AS T3 ON T2.account_id = T3.account_id INNER JOIN trans AS T4 ON T3.account_id = T4.account_id WHERE STRFTIME('%Y', T4.date) = '1998' AND T4.operation = 'VYBER KARTOU'"
    },
    {
        "sample_id": 9517,
        "vt": "SELECT account.account_id FROM account INNER JOIN disp AS T2 ON T1.account_id = T2.account_id INNER JOIN client AS T3 ON T2.client_id = T3.client_id INNER JOIN district AS T4 ON T4.district_id = T1.district_id WHERE disp.client_id = (SELECT client.client_id FROM client ORDER BY birth_date DESC LIMIT 1) GROUP BY district.a11, account.account_id",
        "ba": "The virtual table retrieves the account IDs from the 'account' table for the most recently added client based on their birth date. It joins the 'disp' table to link accounts to clients, and the 'client' table to access client details. Additionally, it joins the 'district' table to group the results by the average salary in each district. The query ensures that only accounts associated with the latest client are selected, and the results are grouped by the average salary of the districts.",
        "gold_complexity": 20,
        "gold_sql": "SELECT T1.account_id  FROM account AS T1 INNER JOIN disp AS T2 ON T1.account_id = T2.account_id INNER JOIN client AS T3 ON T2.client_id = T3.client_id INNER JOIN district AS T4 on T4.district_id = T1.district_id WHERE T2.client_id = ( SELECT client_id FROM client ORDER BY birth_date DESC LIMIT 1) GROUP BY T4.A11, T1.account_id"
    },
    {
        "sample_id": 9533,
        "vt": "SELECT COUNT(account.account_id) FROM district INNER JOIN account AS T2 ON T1.district_id = T2.district_id WHERE STRFTIME('%Y', account.date) = '[placeholder-type:string]' AND district.a2 = '[placeholder-type:string]'",
        "ba": "The virtual table counts the number of accounts from the 'account' table that are associated with a specific district. It filters the accounts based on the creation date and the district name. The placeholders represent the year of account creation and the name of the district.",
        "gold_complexity": 8,
        "gold_sql": "SELECT COUNT(T2.account_id) FROM district AS T1 INNER JOIN account AS T2 ON T1.district_id = T2.district_id WHERE STRFTIME('%Y', T2.date) = '1996' AND T1.A2 = 'Litomerice'"
    },
    {
        "sample_id": 9548,
        "vt": "SELECT CAST(SUM(district.a2 = '[placeholder-type:string]') AS FLOAT) * [placeholder-type:numeric] / COUNT(account.account_id) FROM district INNER JOIN account AS T2 ON T1.district_id = T2.district_id WHERE STRFTIME('%Y', account.date) = '[placeholder-type:string]'",
        "ba": "The virtual table calculates the average number of accounts per district for a specific year, weighted by a factor. It sums the number of districts that match a given name and multiplies this sum by a numeric placeholder, then divides by the total count of accounts created in that year.",
        "gold_complexity": 8,
        "gold_sql": "SELECT CAST(SUM(T1.A2 = 'Decin') AS REAL) * 100 / COUNT(account_id) FROM district AS T1 INNER JOIN account AS T2 ON T1.district_id = T2.district_id WHERE STRFTIME('%Y', T2.date) = '1993'"
    },
    {
        "sample_id": 9519,
        "vt": "SELECT disp.client_id FROM account INNER JOIN disp AS T2 ON T1.account_id = T2.account_id WHERE account.frequency = '[placeholder-type:string]' AND disp.type = '[placeholder-type:string]'",
        "ba": "The virtual table retrieves the client IDs from the 'disp' table by joining it with the 'account' table. It filters the results based on the frequency of the account and the type of disposition associated with the client.",
        "gold_complexity": 8,
        "gold_sql": "SELECT T2.client_id FROM account AS T1 INNER JOIN disp AS T2 ON T1.account_id = T2.account_id WHERE T1.frequency = 'POPLATEK PO OBRATU' AND T2.type = 'DISPONENT'"
    },
    {
        "sample_id": 9572,
        "vt": "SELECT COUNT(account.account_id) FROM district INNER JOIN account AS T2 ON T1.district_id = T2.district_id INNER JOIN trans AS T3 ON T2.account_id = T3.account_id WHERE trans.bank = '[placeholder-type:string]' AND district.a3 = '[placeholder-type:string]'",
        "ba": "The virtual table counts the number of accounts from the 'account' table that are associated with a specific bank and located in a particular region. It joins the 'district' table to filter accounts based on their district and the 'trans' table to filter transactions by bank.",
        "gold_complexity": 9,
        "gold_sql": "SELECT COUNT(T2.account_id) FROM district AS T1 INNER JOIN account AS T2 ON T1.district_id = T2.district_id INNER JOIN trans AS T3 ON T2.account_id = T3.account_id WHERE T3.bank = 'AB' AND T1.A3 = 'north Bohemia'"
    },
    {
        "sample_id": 9555,
        "vt": "SELECT district.district_id, district.a2 FROM district ORDER BY district.a13 LIMIT [placeholder-type:numeric]",
        "ba": "The virtual table provides a list of district IDs along with their corresponding names from the 'district' table. The results are ordered by the unemployment rate in 1996, and the number of records returned is limited by a specified numeric placeholder.",
        "gold_complexity": 9,
        "gold_sql": "SELECT district_id, A2 FROM district ORDER BY A13 DESC LIMIT 1"
    },
    {
        "sample_id": 9538,
        "vt": "SELECT CAST((SUM(CASE WHEN trans.date = '[placeholder-type:string]' THEN trans.balance ELSE [placeholder-type:numeric] END) - SUM(CASE WHEN trans.date = '[placeholder-type:string]' THEN trans.balance ELSE [placeholder-type:numeric] END)) AS FLOAT) * [placeholder-type:numeric] / SUM(CASE WHEN trans.date = '[placeholder-type:string]' THEN trans.balance ELSE [placeholder-type:numeric] END) FROM loan INNER JOIN account AS T2 ON T1.account_id = T2.account_id INNER JOIN trans AS T3 ON T3.account_id = T2.account_id WHERE loan.date = '[placeholder-type:string]'",
        "ba": "The virtual table calculates the financial ratio based on the balance of transactions for a specific date and loan approval date. It sums the balances of transactions for a given date, subtracts the balances for another date, and then computes a ratio using a placeholder for numeric values. The query involves joining the 'loan', 'account', and 'trans' tables to gather necessary data.",
        "gold_complexity": 9,
        "gold_sql": "SELECT CAST((SUM(IIF(T3.date = '1998-12-27', T3.balance, 0)) - SUM(IIF(T3.date = '1993-03-22', T3.balance, 0))) AS REAL) * 100 / SUM(IIF(T3.date = '1993-03-22', T3.balance, 0)) FROM loan AS T1 INNER JOIN account AS T2 ON T1.account_id = T2.account_id INNER JOIN trans AS T3 ON T3.account_id = T2.account_id WHERE T1.date = '1993-07-05'"
    },
    {
        "sample_id": 9550,
        "vt": "SELECT district.a2, COUNT(client.client_id) FROM client INNER JOIN district AS T2 ON T1.district_id = T2.district_id WHERE client.gender = '[placeholder-type:string]' GROUP BY district.district_id, district.a2 ORDER BY COUNT(client.client_id) LIMIT [placeholder-type:numeric]",
        "ba": "The virtual table provides a summary of the number of clients grouped by district name, specifically filtering by gender. It joins the 'client' table with the 'district' table to access district names and counts the number of clients for each district based on the specified gender. The results are ordered by the count of clients and limited to a specified number of districts.",
        "gold_complexity": 16,
        "gold_sql": "SELECT T2.A2, COUNT(T1.client_id) FROM client AS T1 INNER JOIN district AS T2 ON T1.district_id = T2.district_id WHERE T1.gender = 'F' GROUP BY T2.district_id, T2.A2 ORDER BY COUNT(T1.client_id) DESC LIMIT 9"
    },
    {
        "sample_id": 9577,
        "vt": "SELECT CAST(SUM(card.type = '[placeholder-type:string]' AND STRFTIME('%Y', card.issued) < '[placeholder-type:string]') AS FLOAT) * [placeholder-type:numeric] / COUNT(card.card_id) FROM card",
        "ba": "The virtual table calculates the weighted average of a specific type of credit card issued before a certain year. It sums the number of cards of the specified type that were issued before the given year, multiplies this sum by a numeric placeholder, and divides it by the total count of credit cards to get the average.",
        "gold_complexity": 6,
        "gold_sql": "SELECT CAST(SUM(type = 'gold' AND STRFTIME('%Y', issued) < '1998') AS REAL) * 100 / COUNT(card_id) FROM card"
    },
    {
        "sample_id": 9542,
        "vt": "SELECT account.account_id, account.frequency FROM account INNER JOIN district AS T2 ON T1.district_id = T2.district_id WHERE district.a3 = '[placeholder-type:string]' AND STRFTIME('%Y', account.date) BETWEEN '[placeholder-type:string]' AND '[placeholder-type:string]'",
        "ba": "The virtual table describes the account IDs and their frequencies from the 'account' table, filtered by a specific region and a date range for account creation. The placeholders represent the region name and the start and end years for the date range.",
        "gold_complexity": 11,
        "gold_sql": "SELECT T1.account_id, T1.frequency FROM account AS T1 INNER JOIN district AS T2 ON T1.district_id = T2.district_id WHERE T2.A3 = 'east Bohemia' AND STRFTIME('%Y', T1.date) BETWEEN '1995' AND '2000'"
    },
    {
        "sample_id": 9564,
        "vt": "SELECT DISTINCT account.account_id FROM trans INNER JOIN account AS T2 ON T1.account_id = T2.account_id INNER JOIN district AS T3 ON T2.district_id = T3.district_id WHERE trans.k_symbol = '[placeholder-type:string]' AND district.a2 = '[placeholder-type:string]'",
        "ba": "The virtual table retrieves distinct account IDs from the 'trans' table, which records transactions. It joins the 'account' table to access account details and the 'district' table to filter based on district names. The query specifically looks for transactions with a certain purpose (indicated by the k_symbol) and within a specified district name.",
        "gold_complexity": 10,
        "gold_sql": "SELECT DISTINCT T2.account_id FROM trans AS T1 INNER JOIN account AS T2 ON T1.account_id = T2.account_id INNER JOIN district AS T3 ON T2.district_id = T3.district_id WHERE T1.k_symbol = 'SIPO' AND T3.A2 = 'Pisek'"
    },
    {
        "sample_id": 9611,
        "vt": "SELECT account.account_id FROM client INNER JOIN district AS T2 ON T1.district_id = T2.district_id INNER JOIN account AS T3 ON T2.district_id = T3.district_id INNER JOIN disp AS T4 ON T1.client_id = T4.client_id AND T4.account_id = T3.account_id WHERE client.gender = '[placeholder-type:string]' ORDER BY client.birth_date, district.a11 LIMIT [placeholder-type:numeric]",
        "ba": "The virtual table retrieves the account IDs from the 'account' table for clients of a specific gender. It joins multiple tables: 'client' to filter by gender, 'district' to link clients to their respective districts, and 'disp' to ensure the correct account is associated with each client. The results are ordered by the clients' birth dates and the average salary of their districts, with a limit on the number of results returned.",
        "gold_complexity": 14,
        "gold_sql": "SELECT T3.account_id FROM client AS T1 INNER JOIN district AS T2 ON T1.district_id = T2.district_id INNER JOIN account AS T3 ON T2.district_id = T3.district_id INNER JOIN disp AS T4 ON T1.client_id = T4.client_id AND T4.account_id = T3.account_id  WHERE T1.gender = 'F' ORDER BY T1.birth_date ASC, T2.A11 ASC LIMIT 1"
    },
    {
        "sample_id": 9525,
        "vt": "SELECT disp.client_id FROM client INNER JOIN disp AS T2 ON T1.client_id = T2.client_id INNER JOIN card AS T3 ON T2.disp_id = T3.disp_id WHERE card.issued = '[placeholder-type:string]'",
        "ba": "The virtual table retrieves the client IDs from the 'client' table who have a corresponding disposition in the 'disp' table and a credit card in the 'card' table that was issued on a specific date. The query uses inner joins to connect these tables based on their relationships, ensuring that only clients with issued cards are selected.",
        "gold_complexity": 8,
        "gold_sql": "SELECT T2.client_id FROM client AS T1 INNER JOIN disp AS T2 ON T1.client_id = T2.client_id INNER JOIN card AS T3 ON T2.disp_id = T3.disp_id WHERE T3.issued = '1994-03-03'"
    },
    {
        "sample_id": 9557,
        "vt": "SELECT COUNT(trans.account_id) FROM trans INNER JOIN account AS T2 ON T1.account_id = T2.account_id WHERE trans.balance < [placeholder-type:numeric] AND trans.operation = '[placeholder-type:string]' AND account.frequency = '[placeholder-type:string]'",
        "ba": "The virtual table counts the number of transactions from the 'trans' table that meet specific criteria. It filters transactions where the balance is below a certain threshold, the type of operation matches a specified value, and the account frequency corresponds to a given frequency. The query joins the 'trans' table with the 'account' table to access the frequency information.",
        "gold_complexity": 10,
        "gold_sql": "SELECT COUNT(T1.account_id) FROM trans AS T1 INNER JOIN account AS T2 ON T1.account_id = T2.account_id WHERE T1.balance < 0 AND T1.operation = 'VYBER KARTOU' AND T2.frequency = 'POPLATEK MESICNE'"
    },
    {
        "sample_id": 9511,
        "vt": "SELECT COUNT(account.account_id) FROM district INNER JOIN account AS T2 ON T1.district_id = T2.district_id WHERE district.a3 = '[placeholder-type:string]' AND account.frequency = '[placeholder-type:string]'",
        "ba": "The virtual table counts the number of accounts from the 'account' table that are associated with a specific district and have a certain frequency. It joins the 'district' table to filter based on the region and uses placeholders for the district name and account frequency.",
        "gold_complexity": 8,
        "gold_sql": "SELECT COUNT(T2.account_id) FROM district AS T1 INNER JOIN account AS T2 ON T1.district_id = T2.district_id WHERE T1.A3 = 'east Bohemia' AND T2.frequency = 'POPLATEK PO OBRATU'"
    },
    {
        "sample_id": 9592,
        "vt": "SELECT COUNT(trans.account_id) FROM trans WHERE STRFTIME('%Y', trans.date) > '[placeholder-type:string]' AND trans.operation = '[placeholder-type:string]'",
        "ba": "The virtual table counts the number of transactions from the 'trans' table that occurred after a specified year and match a specific type of operation. The placeholders represent the year and the type of operation for filtering the results.",
        "gold_complexity": 8,
        "gold_sql": "SELECT COUNT(account_id) FROM trans WHERE STRFTIME('%Y', date) > '1995' AND operation = 'VYBER KARTOU'"
    },
    {
        "sample_id": 9573,
        "vt": "SELECT DISTINCT district.a2 FROM district INNER JOIN account AS T2 ON T1.district_id = T2.district_id INNER JOIN trans AS T3 ON T2.account_id = T3.account_id WHERE trans.type = '[placeholder-type:string]'",
        "ba": "The virtual table lists distinct district names from the 'district' table, which are associated with accounts in the 'account' table. It filters the results based on the type of transaction from the 'trans' table, using a placeholder for the transaction type.",
        "gold_complexity": 9,
        "gold_sql": "SELECT DISTINCT T1.A2 FROM district AS T1 INNER JOIN account AS T2 ON T1.district_id = T2.district_id INNER JOIN trans AS T3 ON T2.account_id = T3.account_id WHERE T3.type = 'VYDAJ'"
    },
    {
        "sample_id": 9590,
        "vt": "SELECT CAST(SUM(client.gender = '[placeholder-type:string]') AS FLOAT) * [placeholder-type:numeric] / COUNT(client.client_id) FROM district INNER JOIN client AS T2 ON T1.district_id = T2.district_id WHERE district.a11 > [placeholder-type:numeric]",
        "ba": "The virtual table calculates the percentage of clients of a specific gender in districts where the average salary exceeds a certain threshold. It does this by summing the number of clients matching the specified gender and dividing it by the total number of clients in those districts, then multiplying by a specified numeric value for scaling.",
        "gold_complexity": 8,
        "gold_sql": "SELECT CAST(SUM(T2.gender = 'F') AS REAL) * 100 / COUNT(T2.client_id) FROM district AS T1 INNER JOIN client AS T2 ON T1.district_id = T2.district_id WHERE T1.A11 > 10000"
    },
    {
        "sample_id": 9606,
        "vt": "SELECT COUNT(client.client_id) FROM client INNER JOIN disp AS T2 ON T1.client_id = T2.client_id INNER JOIN card AS T3 ON T2.disp_id = T3.disp_id WHERE client.gender = '[placeholder-type:string]' AND card.type = '[placeholder-type:string]'",
        "ba": "The virtual table counts the number of clients from the 'client' table who have a specific gender and possess a certain type of credit card. It joins the 'client' table with the 'disp' table to link clients to their dispositions, and then further joins with the 'card' table to filter based on the card type. The placeholders in the WHERE clause represent the gender of the client and the type of credit card they hold.",
        "gold_complexity": 9,
        "gold_sql": "SELECT COUNT(T1.client_id) FROM client AS T1 INNER JOIN disp AS T2 ON T1.client_id = T2.client_id INNER JOIN card AS T3 ON T2.disp_id = T3.disp_id WHERE T1.gender = 'F' AND T3.type = 'junior'"
    },
    {
        "sample_id": 9553,
        "vt": "SELECT district.a3 FROM account INNER JOIN district AS T2 ON T1.district_id = T2.district_id INNER JOIN loan AS T3 ON T1.account_id = T3.account_id WHERE loan.status IN ('[placeholder-type:string]', '[placeholder-type:string]') GROUP BY district.a3 ORDER BY SUM(loan.amount) LIMIT [placeholder-type:numeric]",
        "ba": "The virtual table retrieves the regions (a3) from the 'district' table associated with accounts that have loans. It joins the 'account' table with the 'district' table to get the district information and also joins with the 'loan' table to filter based on the loan status. The results are grouped by region and ordered by the total loan amount, with a limit on the number of results returned.",
        "gold_complexity": 13,
        "gold_sql": "SELECT T2.A3 FROM account AS T1 INNER JOIN district AS T2 ON T1.district_id = T2.district_id INNER JOIN loan AS T3 ON T1.account_id = T3.account_id WHERE T3.status IN ('C', 'D') GROUP BY T2.A3 ORDER BY SUM(T3.amount) DESC LIMIT 1"
    },
    {
        "sample_id": 9534,
        "vt": "SELECT district.a2 FROM district INNER JOIN client AS T2 ON T1.district_id = T2.district_id WHERE client.birth_date = '[placeholder-type:string]' AND client.gender = '[placeholder-type:string]'",
        "ba": "The virtual table retrieves the names of districts from the 'district' table where clients, identified by their birth date and gender, are located. The placeholders represent the specific birth date and gender of the clients being queried.",
        "gold_complexity": 8,
        "gold_sql": "SELECT T1.A2 FROM district AS T1 INNER JOIN client AS T2 ON T1.district_id = T2.district_id WHERE T2.birth_date = '1976-01-29' AND T2.gender = 'F'"
    },
    {
        "sample_id": 9602,
        "vt": "SELECT client.client_id, account.account_id FROM client INNER JOIN district AS T2 ON T1.district_id = T2.district_id INNER JOIN disp AS T4 ON T1.client_id = T4.client_id INNER JOIN account AS T3 ON T2.district_id = T3.district_id AND T4.account_id = T3.account_id WHERE district.a3 = '[placeholder-type:string]' AND STRFTIME('%Y', client.birth_date) BETWEEN '[placeholder-type:string]' AND '[placeholder-type:string]'",
        "ba": "The virtual table retrieves the unique client IDs and their corresponding account IDs from the 'client' and 'account' tables. It joins the 'client' table with the 'district' table to filter clients based on their district region. Additionally, it joins the 'disp' table to link clients to their accounts, ensuring that only relevant accounts are selected. The query also includes conditions to filter results based on a specific region and a range of birth years for the clients.",
        "gold_complexity": 13,
        "gold_sql": "SELECT T1.client_id, T3.account_id FROM client AS T1 INNER JOIN district AS T2 ON T1.district_id = T2.district_id INNER JOIN disp AS T4 ON T1.client_id = T4.client_id INNER JOIN account AS T3 ON T2.district_id = T3.district_id and T4.account_id = T3.account_id WHERE T2.A3 = 'east Bohemia' AND STRFTIME('%Y', T1.birth_date) BETWEEN '1983' AND '1987'"
    },
    {
        "sample_id": 9569,
        "vt": "SELECT COUNT(client.client_id) FROM client INNER JOIN district AS T2 ON T1.district_id = T2.district_id WHERE client.gender = '[placeholder-type:string]' AND district.a3 = '[placeholder-type:string]'",
        "ba": "The virtual table counts the number of clients from the 'client' table who belong to a specific gender and are located in a specific region. The query joins the 'client' table with the 'district' table to filter clients based on their district's region. The placeholders represent the gender of the clients and the region they are located in.",
        "gold_complexity": 8,
        "gold_sql": "SELECT COUNT(T1.client_id) FROM client AS T1 INNER JOIN district AS T2 ON T1.district_id = T2.district_id WHERE T1.gender = 'F' AND T2.A3 = 'south Bohemia'"
    },
    {
        "sample_id": 9615,
        "vt": "SELECT disp.client_id, district.district_id, district.a2 FROM account INNER JOIN district AS T2 ON T1.district_id = T2.district_id INNER JOIN disp AS T3 ON T1.account_id = T3.account_id WHERE disp.type = '[placeholder-type:string]'",
        "ba": "The virtual table provides a view of client IDs, district IDs, and district names for accounts that are associated with a specific type of disposition. It combines data from the 'account', 'district', and 'disp' tables, linking them through their respective foreign keys. The placeholder in the WHERE clause allows users to specify the type of disposition they are interested in, such as 'OWNER', 'USER', or 'DISPONENT'.",
        "gold_complexity": 12,
        "gold_sql": "SELECT T3.client_id, T2.district_id, T2.A2 FROM account AS T1 INNER JOIN district AS T2 ON T1.district_id = T2.district_id INNER JOIN disp AS T3 ON T1.account_id = T3.account_id WHERE T3.type = 'OWNER'"
    },
    {
        "sample_id": 9544,
        "vt": "SELECT district.a2, district.a3 FROM account INNER JOIN district AS T2 ON T1.district_id = T2.district_id INNER JOIN loan AS T3 ON T1.account_id = T3.account_id WHERE loan.loan_id = [placeholder-type:numeric]",
        "ba": "The virtual table describes the district name and region associated with an account based on a specific loan identified by its loan ID. The placeholders in the WHERE clause represent the loan ID to filter the results accordingly.",
        "gold_complexity": 10,
        "gold_sql": "SELECT T2.A2, T2.A3 FROM account AS T1 INNER JOIN district AS T2 ON T1.district_id = T2.district_id INNER JOIN loan AS T3 ON T1.account_id = T3.account_id WHERE T3.loan_id = 4990"
    },
    {
        "sample_id": 9586,
        "vt": "SELECT client.client_id FROM \"order\" INNER JOIN account AS T2 ON T1.account_id = T2.account_id INNER JOIN disp AS T4 ON T4.account_id = T2.account_id INNER JOIN client AS T3 ON T4.client_id = T3.client_id WHERE order.order_id = [placeholder-type:numeric]",
        "ba": "The virtual table retrieves the unique client identifier from the 'client' table for a specific order. It joins the 'order' table with the 'account' table to link the order to its corresponding account, then further joins with the 'disp' table to associate the account with its client. The query filters results based on a specific order ID provided as a placeholder.",
        "gold_complexity": 9,
        "gold_sql": "SELECT T3.client_id FROM \"order\" AS T1 INNER JOIN account AS T2 ON T1.account_id = T2.account_id INNER JOIN disp AS T4 ON T4.account_id = T2.account_id  INNER JOIN client AS T3 ON T4.client_id = T3.client_id WHERE T1.order_id = 32423"
    },
    {
        "sample_id": 9560,
        "vt": "SELECT COUNT(client.client_id) FROM client INNER JOIN district AS T2 ON T1.district_id = T2.district_id WHERE client.gender = '[placeholder-type:string]' AND district.a15 = (SELECT district.a15 FROM district AS T3 ORDER BY T3.A15 DESC LIMIT 1 OFFSET 1)",
        "ba": "The virtual table counts the number of clients from the 'client' table who belong to a specific gender and are located in districts with a certain number of committed crimes in 1996. The query joins the 'client' table with the 'district' table to filter based on gender and the second highest number of committed crimes.",
        "gold_complexity": 15,
        "gold_sql": "SELECT COUNT(T1.client_id) FROM client AS T1 INNER JOIN district AS T2 ON T1.district_id = T2.district_id WHERE T1.gender = 'M' AND T2.A15 = (SELECT T3.A15 FROM district AS T3 ORDER BY T3.A15 DESC LIMIT 1, 1)"
    },
    {
        "sample_id": 9570,
        "vt": "SELECT account.account_id FROM district INNER JOIN account AS T2 ON T1.district_id = T2.district_id INNER JOIN disp AS T3 ON T2.account_id = T3.account_id WHERE disp.type = '[placeholder-type:string]' AND district.a2 = '[placeholder-type:string]'",
        "ba": "The virtual table retrieves the account IDs from the 'account' table based on specific conditions related to the district and disposition type. It joins the 'district' table with the 'account' table to filter accounts by their district, and further joins with the 'disp' table to filter by the type of disposition associated with each account.",
        "gold_complexity": 9,
        "gold_sql": "SELECT T2.account_id FROM district AS T1 INNER JOIN account AS T2 ON T1.district_id = T2.district_id INNER JOIN disp AS T3 ON T2.account_id = T3.account_id WHERE T3.type = 'OWNER' AND T1.A2 = 'Tabor'"
    },
    {
        "sample_id": 9543,
        "vt": "SELECT account.account_id, account.date FROM account INNER JOIN district AS T2 ON T1.district_id = T2.district_id WHERE district.a2 = '[placeholder-type:string]'",
        "ba": "The virtual table provides a list of account IDs and their creation dates from the 'account' table, filtered by a specific district name. The placeholder in the WHERE clause represents the name of the district.",
        "gold_complexity": 9,
        "gold_sql": "SELECT T1.account_id, T1.date FROM account AS T1 INNER JOIN district AS T2 ON T1.district_id = T2.district_id WHERE T2.A2 = 'Prachatice'"
    },
    {
        "sample_id": 9530,
        "vt": "SELECT trans.amount FROM loan INNER JOIN account AS T2 ON T1.account_id = T2.account_id INNER JOIN trans AS T3 ON T2.account_id = T3.account_id ORDER BY loan.amount, trans.date LIMIT [placeholder-type:numeric]",
        "ba": "The virtual table retrieves the transaction amounts from the 'trans' table for accounts that have loans, ordered by the loan amount and transaction date. The placeholder in the LIMIT clause allows the user to specify how many records to return.",
        "gold_complexity": 11,
        "gold_sql": "SELECT T3.amount FROM loan AS T1 INNER JOIN account AS T2 ON T1.account_id = T2.account_id INNER JOIN trans AS T3 ON T2.account_id = T3.account_id ORDER BY T1.amount DESC, T3.date ASC LIMIT 1"
    },
    {
        "sample_id": 9561,
        "vt": "SELECT COUNT(card.card_id) FROM card INNER JOIN disp AS T2 ON T1.disp_id = T2.disp_id WHERE card.type = '[placeholder-type:string]' AND disp.type = '[placeholder-type:string]'",
        "ba": "The virtual table counts the number of credit cards from the 'card' table that are associated with specific dispositions from the 'disp' table. It filters the results based on the type of credit card and the type of disposition, both of which are represented by placeholders for string values.",
        "gold_complexity": 8,
        "gold_sql": "SELECT COUNT(T1.card_id) FROM card AS T1 INNER JOIN disp AS T2 ON T1.disp_id = T2.disp_id WHERE T1.type = 'gold' AND T2.type = 'OWNER'"
    },
    {
        "sample_id": 9558,
        "vt": "SELECT COUNT(account.account_id) FROM account INNER JOIN loan AS T2 ON T1.account_id = T2.account_id WHERE loan.date BETWEEN '[placeholder-type:string]' AND '[placeholder-type:string]' AND account.frequency = '[placeholder-type:string]' AND loan.amount >= [placeholder-type:numeric]",
        "ba": "The virtual table counts the number of accounts from the 'account' table that have associated loans within a specified date range, with a specific frequency and a minimum loan amount. The placeholders represent the date range, frequency of the account, and the minimum loan amount.",
        "gold_complexity": 11,
        "gold_sql": "SELECT COUNT(T1.account_id) FROM account AS T1 INNER JOIN loan AS T2 ON T1.account_id = T2.account_id WHERE T2.date BETWEEN '1995-01-01' AND '1997-12-31' AND T1.frequency = 'POPLATEK MESICNE' AND T2.amount >= 250000"
    },
    {
        "sample_id": 9574,
        "vt": "SELECT AVG(district.a15) FROM district INNER JOIN account AS T2 ON T1.district_id = T2.district_id WHERE STRFTIME('%Y', account.date) >= '[placeholder-type:string]' AND district.a15 > [placeholder-type:numeric]",
        "ba": "The virtual table calculates the average number of committed crimes in a specific district from the 'district' table. It joins the 'district' table with the 'account' table based on the district ID. The query filters accounts created after a certain year and only includes districts where the number of committed crimes exceeds a specified threshold.",
        "gold_complexity": 9,
        "gold_sql": "SELECT AVG(T1.A15) FROM district AS T1 INNER JOIN account AS T2 ON T1.district_id = T2.district_id WHERE STRFTIME('%Y', T2.date) >= '1997' AND T1.A15 > 4000"
    },
    {
        "sample_id": 9523,
        "vt": "SELECT trans.account_id FROM trans WHERE STRFTIME('%Y', trans.date) = '[placeholder-type:string]' ORDER BY trans.date LIMIT [placeholder-type:numeric]",
        "ba": "The virtual table retrieves the account IDs from the 'trans' table for transactions that occurred in a specific year. The placeholder in the WHERE clause represents the year, and the LIMIT clause allows for controlling the number of results returned, based on a numeric value.",
        "gold_complexity": 9,
        "gold_sql": "SELECT account_id FROM trans WHERE STRFTIME('%Y', date) = '1995' ORDER BY date ASC LIMIT 1"
    },
    {
        "sample_id": 9610,
        "vt": "SELECT loan.account_id FROM loan INNER JOIN account AS T2 ON T1.account_id = T2.account_id WHERE loan.duration > [placeholder-type:numeric] AND STRFTIME('%Y', account.date) < '[placeholder-type:string]' ORDER BY loan.amount LIMIT [placeholder-type:numeric]",
        "ba": "The virtual table retrieves account IDs from the 'loan' table for loans that have a duration greater than a specified number of months and were created before a certain year. The results are ordered by the loan amount and limited to a specified number of entries.",
        "gold_complexity": 12,
        "gold_sql": "SELECT T1.account_id FROM loan AS T1 INNER JOIN account AS T2 ON T1.account_id = T2.account_id WHERE T1.duration > 24 AND STRFTIME('%Y', T2.date) < '1997' ORDER BY T1.amount ASC LIMIT 1"
    },
    {
        "sample_id": 9589,
        "vt": "SELECT disp.client_id FROM card INNER JOIN disp AS T2 ON T1.disp_id = T2.disp_id WHERE card.type = '[placeholder-type:string]' AND card.issued >= '[placeholder-type:string]'",
        "ba": "The virtual table retrieves the client IDs associated with credit cards of a specific type that were issued on or after a certain date. It joins the 'card' table with the 'disp' table to link card information with client details.",
        "gold_complexity": 9,
        "gold_sql": "SELECT T2.client_id FROM card AS T1 INNER JOIN disp AS T2 ON T1.disp_id = T2.disp_id WHERE T1.type = 'junior' AND T1.issued >= '1997-01-01'"
    },
    {
        "sample_id": 9563,
        "vt": "SELECT account.district_id FROM account INNER JOIN district AS T2 ON T1.district_id = T2.district_id INNER JOIN trans AS T3 ON T1.account_id = T3.account_id WHERE STRFTIME('%Y', trans.date) = '[placeholder-type:string]' GROUP BY account.district_id HAVING SUM(trans.amount) > [placeholder-type:numeric]",
        "ba": "The virtual table retrieves the district IDs from the 'account' table, joining it with the 'district' table to get district information and the 'trans' table to filter transactions. It groups the results by district ID and only includes those districts where the total transaction amount exceeds a specified numeric threshold for a given year.",
        "gold_complexity": 12,
        "gold_sql": "SELECT T1.district_id FROM account AS T1 INNER JOIN district AS T2 ON T1.district_id = T2.district_id INNER JOIN trans AS T3 ON T1.account_id = T3.account_id WHERE STRFTIME('%Y', T3.date) = '1997' GROUP BY T1.district_id HAVING SUM(T3.amount) > 10000"
    },
    {
        "sample_id": 9514,
        "vt": "SELECT COUNT(DISTINCT T2.district_id) FROM client INNER JOIN district AS T2 ON T1.district_id = T2.district_id WHERE client.gender = '[placeholder-type:string]' AND district.a11 BETWEEN [placeholder-type:numeric] AND [placeholder-type:numeric]",
        "ba": "The virtual table counts the distinct number of districts from the 'district' table that have clients of a specific gender. It filters the clients based on their gender and checks if the average salary in those districts falls within a specified range.",
        "gold_complexity": 10,
        "gold_sql": "SELECT COUNT(DISTINCT T2.district_id)  FROM client AS T1 INNER JOIN district AS T2 ON T1.district_id = T2.district_id WHERE T1.gender = 'F' AND T2.A11 BETWEEN 6000 AND 10000"
    },
    {
        "sample_id": 9515,
        "vt": "SELECT COUNT(client.client_id) FROM client INNER JOIN district AS T2 ON T1.district_id = T2.district_id WHERE client.gender = '[placeholder-type:string]' AND district.a3 = '[placeholder-type:string]' AND district.a11 > [placeholder-type:numeric]",
        "ba": "The virtual table counts the number of clients from the 'client' table who are of a specific gender, belong to a district in a specified region, and have an average salary above a certain threshold. The placeholders represent the gender, region, and salary criteria.",
        "gold_complexity": 10,
        "gold_sql": "SELECT COUNT(T1.client_id) FROM client AS T1 INNER JOIN district AS T2 ON T1.district_id = T2.district_id WHERE T1.gender = 'M' AND T2.A3 = 'north Bohemia' AND T2.A11 > 8000"
    },
    {
        "sample_id": 9559,
        "vt": "SELECT COUNT(account.account_id) FROM account INNER JOIN district AS T2 ON T1.district_id = T2.district_id INNER JOIN loan AS T3 ON T1.account_id = T3.account_id WHERE account.district_id = [placeholder-type:numeric] AND (loan.status = '[placeholder-type:string]' OR loan.status = '[placeholder-type:string]')",
        "ba": "The virtual table counts the number of accounts from the 'account' table that are located in a specific district and have a loan status that matches either of two specified statuses. The query joins the 'account' table with the 'district' table to filter by district and with the 'loan' table to filter by loan status.",
        "gold_complexity": 9,
        "gold_sql": "SELECT COUNT(T1.account_id) FROM account AS T1 INNER JOIN district AS T2 ON T1.district_id = T2.district_id INNER JOIN loan AS T3 ON T1.account_id = T3.account_id WHERE T1.district_id = 1 AND (T3.status = 'C' OR T3.status = 'D')"
    },
    {
        "sample_id": 9512,
        "vt": "SELECT COUNT(account.account_id) FROM account INNER JOIN loan AS T2 ON T1.account_id = T2.account_id INNER JOIN district AS T3 ON T1.district_id = T3.district_id WHERE district.a3 = '[placeholder-type:string]'",
        "ba": "The virtual table counts the number of accounts from the 'account' table that have associated loans, filtered by a specific region from the 'district' table. The placeholder in the WHERE clause represents the region's name.",
        "gold_complexity": 8,
        "gold_sql": "SELECT COUNT(T1.account_id) FROM account AS T1 INNER JOIN loan AS T2 ON T1.account_id = T2.account_id INNER JOIN district AS T3 ON T1.district_id = T3.district_id WHERE T3.A3 = 'Prague'"
    },
    {
        "sample_id": 9582,
        "vt": "SELECT COUNT(loan.account_id) FROM loan INNER JOIN account AS T2 ON T1.account_id = T2.account_id WHERE account.frequency = '[placeholder-type:string]' AND loan.amount < [placeholder-type:numeric]",
        "ba": "The virtual table counts the number of loans associated with accounts that have a specific frequency and where the loan amount is below a certain threshold. It joins the 'loan' table with the 'account' table to filter based on the account's frequency and the loan amount.",
        "gold_complexity": 9,
        "gold_sql": "SELECT COUNT(T1.account_id) FROM loan AS T1 INNER JOIN account AS T2 ON T1.account_id = T2.account_id WHERE T2.frequency = 'POPLATEK TYDNE' AND T1.amount < 200000"
    },
    {
        "sample_id": 9532,
        "vt": "SELECT disp.disp_id FROM disp INNER JOIN account AS T2 ON T1.account_id = T2.account_id INNER JOIN trans AS T3 ON T2.account_id = T3.account_id WHERE trans.date = '[placeholder-type:string]' AND trans.amount = [placeholder-type:numeric]",
        "ba": "The virtual table retrieves the disposition IDs from the 'disp' table for transactions that occurred on a specific date and involved a specific amount. It joins the 'disp' table with the 'account' table to link accounts with their dispositions, and further joins with the 'trans' table to filter transactions based on the provided date and amount.",
        "gold_complexity": 9,
        "gold_sql": "SELECT T1.disp_id FROM disp AS T1 INNER JOIN account AS T2 ON T1.account_id = T2.account_id INNER JOIN trans AS T3 ON T2.account_id = T3.account_id WHERE T3.date='1997-08-20' AND T3.amount = 5100"
    },
    {
        "sample_id": 9588,
        "vt": "SELECT COUNT(account.account_id) FROM district INNER JOIN account AS T2 ON T1.district_id = T2.district_id WHERE district.a2 = '[placeholder-type:string]'",
        "ba": "The virtual table counts the number of accounts associated with a specific district from the 'district' table. It joins the 'account' table to filter accounts based on the district name provided in the placeholder.",
        "gold_complexity": 7,
        "gold_sql": "SELECT COUNT(T2.account_id) FROM district AS T1 INNER JOIN account AS T2 ON T1.district_id = T2.district_id WHERE T1.A2 = 'Jesenik'"
    },
    {
        "sample_id": 9601,
        "vt": "SELECT SUM(trans.amount) FROM client INNER JOIN disp AS T4 ON T1.client_id = T4.client_id INNER JOIN account AS T2 ON T4.account_id = T2.account_id INNER JOIN trans AS T3 ON T2.account_id = T3.account_id WHERE STRFTIME('%Y', trans.date) = '[placeholder-type:string]' AND client.client_id = [placeholder-type:numeric]",
        "ba": "The virtual table calculates the total amount of transactions for a specific client from the 'client', 'disp', 'account', and 'trans' tables. It filters the transactions based on the year extracted from the transaction date and the unique client identifier.",
        "gold_complexity": 10,
        "gold_sql": "SELECT SUM(T3.amount) FROM client AS T1 INNER JOIN disp AS T4 ON T1.client_id = T4.client_id INNER JOIN account AS T2 ON T4.account_id = T2.account_id INNER JOIN trans AS T3 ON T2.account_id = T3.account_id WHERE STRFTIME('%Y', T3.date)= '1998' AND T1.client_id = 617"
    },
    {
        "sample_id": 9605,
        "vt": "SELECT COUNT(account.account_id) FROM account INNER JOIN district AS T2 ON T1.district_id = T2.district_id WHERE STRFTIME('%Y', account.date) > '[placeholder-type:string]' AND district.a2 = '[placeholder-type:string]'",
        "ba": "The virtual table counts the number of accounts from the 'account' table that were created after a specific year and belong to a specific district. The placeholders represent the year and the district name.",
        "gold_complexity": 9,
        "gold_sql": "SELECT COUNT(account_id) FROM account AS T1 INNER JOIN district AS T2 ON T1.district_id = T2.district_id WHERE STRFTIME('%Y', T1.date) > '1996' AND T2.A2 = 'Beroun'"
    },
    {
        "sample_id": 9546,
        "vt": "SELECT loan.loan_id, district.a2, district.a11 FROM account INNER JOIN district AS T2 ON T1.district_id = T2.district_id INNER JOIN loan AS T3 ON T1.account_id = T3.account_id WHERE loan.duration = [placeholder-type:numeric]",
        "ba": "The virtual table provides a view of loan information along with the corresponding district name and average salary. It retrieves the loan ID from the 'loan' table, the district name from the 'district' table, and the average salary from the same table. The data is filtered based on the loan duration, which is specified by a placeholder for numeric values.",
        "gold_complexity": 12,
        "gold_sql": "SELECT T3.loan_id, T2.A2, T2.A11 FROM account AS T1 INNER JOIN district AS T2 ON T1.district_id = T2.district_id INNER JOIN loan AS T3 ON T1.account_id = T3.account_id WHERE T3.duration = 60"
    },
    {
        "sample_id": 9594,
        "vt": "SELECT SUM(disp.type = '[placeholder-type:string]'), SUM(disp.type = '[placeholder-type:string]') FROM disp WHERE disp.account_id BETWEEN [placeholder-type:numeric] AND [placeholder-type:numeric]",
        "ba": "The virtual table summarizes the count of different types of dispositions associated with accounts within a specified range of account IDs. The placeholders represent the type of disposition and the numeric range for account IDs.",
        "gold_complexity": 6,
        "gold_sql": "SELECT SUM(type = 'OWNER') , SUM(type = 'DISPONENT') FROM disp WHERE account_id BETWEEN 1 AND 10"
    },
    {
        "sample_id": 9556,
        "vt": "SELECT COUNT(account.account_id) FROM district INNER JOIN account AS T2 ON T1.district_id = T2.district_id GROUP BY district.a16 ORDER BY district.a16 LIMIT [placeholder-type:numeric]",
        "ba": "The virtual table provides a count of accounts grouped by the unemployment rate in 1996 from the 'district' table. It joins the 'district' table with the 'account' table based on the district ID, allowing for analysis of how the number of accounts varies with the unemployment rate. The result is ordered by the unemployment rate and limited to a specified number of results.",
        "gold_complexity": 10,
        "gold_sql": "SELECT COUNT(T2.account_id) FROM district AS T1 INNER JOIN account AS T2 ON T1.district_id = T2.district_id GROUP BY T1.A16 ORDER BY T1.A16 DESC LIMIT 1"
    },
    {
        "sample_id": 9565,
        "vt": "SELECT disp.account_id FROM disp INNER JOIN card AS T1 ON T1.disp_id = T2.disp_id WHERE card.type = '[placeholder-type:string]'",
        "ba": "The virtual table retrieves the account IDs from the 'disp' table for clients who have a specific type of credit card. It uses an inner join with the 'card' table to filter the results based on the card type specified by the user.",
        "gold_complexity": 7,
        "gold_sql": "SELECT T2.account_id FROM disp AS T2  INNER JOIN card AS T1 ON T1.disp_id = T2.disp_id  WHERE T1.type = 'gold'"
    },
    {
        "sample_id": 9527,
        "vt": "SELECT account.district_id FROM account INNER JOIN loan AS T2 ON T1.account_id = T2.account_id WHERE loan.date = '[placeholder-type:string]'",
        "ba": "The virtual table retrieves the district ID associated with accounts that have loans approved on a specific date. It joins the 'account' table with the 'loan' table to filter the results based on the loan approval date provided by the user.",
        "gold_complexity": 7,
        "gold_sql": "SELECT T1.district_id FROM account AS T1 INNER JOIN loan AS T2 ON T1.account_id = T2.account_id WHERE T2.date = '1994-08-25'"
    },
    {
        "sample_id": 9537,
        "vt": "SELECT CAST(SUM(client.gender = '[placeholder-type:string]') AS FLOAT) * [placeholder-type:numeric] / COUNT(client.client_id) FROM client INNER JOIN district AS T2 ON T1.district_id = T2.district_id WHERE district.a3 = '[placeholder-type:string]' GROUP BY district.a4 ORDER BY district.a4 LIMIT [placeholder-type:numeric]",
        "ba": "The virtual table calculates the percentage of clients of a specific gender from the 'client' table, grouped by a specific district attribute. It uses a join with the 'district' table to filter clients based on the region and aggregates the data to provide a ratio of clients of the specified gender to the total number of clients in that district. The placeholders represent the gender, region, and limit for the number of results returned.",
        "gold_complexity": 13,
        "gold_sql": "SELECT CAST(SUM(T1.gender = 'M') AS REAL) * 100 / COUNT(T1.client_id) FROM client AS T1 INNER JOIN district AS T2 ON T1.district_id = T2.district_id WHERE T2.A3 = 'south Bohemia' GROUP BY T2.A4 ORDER BY T2.A4 DESC LIMIT 1"
    },
    {
        "sample_id": 9541,
        "vt": "SELECT account.account_id, district.a2, district.a3 FROM account INNER JOIN district AS T2 ON T1.district_id = T2.district_id WHERE account.frequency = '[placeholder-type:string]' AND STRFTIME('%Y', account.date) = '[placeholder-type:string]'",
        "ba": "The virtual table describes the account IDs along with the district name and region from the 'account' and 'district' tables. It filters the results based on the frequency of the account and the year of the account's creation date, using placeholders for these values.",
        "gold_complexity": 12,
        "gold_sql": "SELECT T1.account_id, T2.A2, T2.A3 FROM account AS T1 INNER JOIN district AS T2 ON T1.district_id = T2.district_id WHERE T1.frequency = 'POPLATEK PO OBRATU' AND STRFTIME('%Y', T1.date)= '1993'"
    },
    {
        "sample_id": 9524,
        "vt": "SELECT DISTINCT account.account_id FROM trans INNER JOIN account AS T2 ON T1.account_id = T2.account_id WHERE STRFTIME('%Y', account.date) < '[placeholder-type:string]' AND trans.amount > [placeholder-type:numeric]",
        "ba": "The virtual table retrieves distinct account IDs from the 'trans' table, which records transactions associated with accounts. It joins the 'trans' table with the 'account' table to filter accounts based on their creation date and the amount of transactions. The placeholder in the WHERE clause represents a specific year for filtering accounts created before that year, and another placeholder is used to filter transactions that exceed a specified amount.",
        "gold_complexity": 10,
        "gold_sql": "SELECT DISTINCT T2.account_id FROM trans AS T1 INNER JOIN account AS T2 ON T1.account_id = T2.account_id WHERE STRFTIME('%Y', T2.date) < '1997' AND T1.amount > 3000"
    },
    {
        "sample_id": 9603,
        "vt": "SELECT client.client_id FROM client INNER JOIN disp AS T4 ON T1.client_id = T4.client_id INNER JOIN account AS T2 ON T4.account_id = T2.account_id INNER JOIN loan AS T3 ON T2.account_id = T3.account_id AND T4.account_id = T3.account_id WHERE client.gender = '[placeholder-type:string]' ORDER BY loan.amount LIMIT [placeholder-type:numeric]",
        "ba": "The virtual table retrieves the unique client IDs from the 'client' table for clients of a specific gender who have associated accounts and loans. It joins the 'client' table with the 'disp' table to link clients to their accounts, and then further joins with the 'account' and 'loan' tables to filter based on loan amounts. The results are ordered by the loan amount and limited to a specified number of entries.",
        "gold_complexity": 12,
        "gold_sql": "SELECT T1.client_id FROM client AS T1 INNER JOIN disp AS T4 on T1.client_id= T4.client_id INNER JOIN account AS T2 ON T4.account_id = T2.account_id  INNER JOIN loan AS T3 ON T2.account_id = T3.account_id and T4.account_id = T3.account_id WHERE T1.gender = 'F' ORDER BY T3.amount DESC LIMIT 3"
    },
    {
        "sample_id": 9579,
        "vt": "SELECT district.a15 FROM district INNER JOIN \"account\" AS T2 ON T1.district_id = T2.district_id WHERE account.account_id = [placeholder-type:numeric]",
        "ba": "The virtual table retrieves the number of committed crimes in 1995 from the 'district' table for a specific account identified by its account ID. It joins the 'district' table with the 'account' table based on the district ID to filter the relevant district information associated with the given account.",
        "gold_complexity": 7,
        "gold_sql": "SELECT T1.A15 FROM district AS T1 INNER JOIN \"account\" AS T2 ON T1.district_id = T2.district_id WHERE T2.account_id = 532"
    },
    {
        "sample_id": 9513,
        "vt": "SELECT DISTINCT CASE WHEN AVG(district.a13) > AVG(district.a12) THEN '[placeholder-type:string]' ELSE '[placeholder-type:string]' END FROM district",
        "ba": "The virtual table calculates the average unemployment rates for two different years (1995 and 1996) from the 'district' table. It uses a conditional statement to determine if the average unemployment rate for 1996 is greater than that of 1995. Depending on the result, it returns a specific string value as a placeholder, indicating the comparison outcome.",
        "gold_complexity": 6,
        "gold_sql": "SELECT DISTINCT IIF(AVG(A13) > AVG(A12), '1996', '1995') FROM district"
    }
]