[
    {
        "sample_id": 7640,
        "vt": "SELECT CAST(coaches.w AS FLOAT) / coaches.g, master.firstname, master.lastname, coaches.year FROM master INNER JOIN Coaches AS T2 ON T1.coachID = T2.coachID INNER JOIN (SELECT coachID FROM Coaches ORDER BY CAST(w AS FLOAT) / g DESC LIMIT 1) AS T3 ON T2.coachID = T3.coachID",
        "ba": "The virtual table calculates the winning percentage of coaches by dividing the number of wins by the number of games coached. It retrieves the first and last names of the coach with the highest winning percentage along with the year they coached.",
        "gold_complexity": 21,
        "gold_sql": "SELECT CAST(T2.W AS REAL) / T2.G, T1.firstName, T1.lastName, T2.year FROM Master AS T1 INNER JOIN Coaches AS T2 ON T1.coachID = T2.coachID INNER JOIN ( SELECT coachID FROM Coaches ORDER BY CAST(w AS REAL) / g DESC LIMIT 1 ) AS T3 ON T2.coachID = T3.coachID"
    },
    {
        "sample_id": 7749,
        "vt": "SELECT DISTINCT teams.name FROM teamshalf INNER JOIN Teams AS T2 ON T1.tmID = T2.tmID AND T1.year = T2.year WHERE teamshalf.half = [placeholder-type:numeric] AND teamshalf.rank = [placeholder-type:numeric] AND teamshalf.year BETWEEN [placeholder-type:numeric] AND [placeholder-type:numeric]",
        "ba": "The virtual table lists the distinct names of teams from the 'teamshalf' table that have a specific ranking in a given half of the season. It joins with the 'Teams' table to ensure that the team IDs and years match. The placeholders represent the half of the season, the rank, and a range of years.",
        "gold_complexity": 11,
        "gold_sql": "SELECT DISTINCT T2.name FROM TeamsHalf AS T1 INNER JOIN Teams AS T2 ON T1.tmID = T2.tmID AND T1.year = T2.year WHERE T1.half = 1 AND T1.rank = 1 AND T1.year BETWEEN 1917 AND 1920"
    },
    {
        "sample_id": 7614,
        "vt": "SELECT master.firstname, master.lastname FROM master WHERE master.hofid IS NULL",
        "ba": "The virtual table describes the first and last names of players from the 'master' table who are not inducted into the Hall of Fame. The condition in the WHERE clause checks for players with a null value in the 'hofid' column, indicating they have not received this honor.",
        "gold_complexity": 8,
        "gold_sql": "SELECT firstName, lastName FROM Master WHERE hofID IS NULL"
    },
    {
        "sample_id": 7718,
        "vt": "SELECT goalies.playerid FROM goalies INNER JOIN Master AS T2 ON T1.playerID = T2.playerID WHERE goalies.year = '[placeholder-type:string]' AND master.weight > [placeholder-type:numeric] ORDER BY goalies.ga LIMIT [placeholder-type:numeric]",
        "ba": "The virtual table retrieves the player IDs of goalies from the 'goalies' table who played in a specific year and have a weight greater than a specified value. The results are ordered by the number of goals against (ga) and limited to a certain number of entries.",
        "gold_complexity": 12,
        "gold_sql": "SELECT T1.playerID FROM Goalies AS T1 INNER JOIN Master AS T2 ON T1.playerID = T2.playerID WHERE T1.year = '1978' AND T2.weight > 190 ORDER BY T1.GA DESC LIMIT 1"
    },
    {
        "sample_id": 7663,
        "vt": "SELECT COUNT(master.coachid) FROM master INNER JOIN AwardsCoaches AS T2 ON T1.coachID = T2.coachID WHERE NOT master.deathyear IS NULL AND awardscoaches.year > [placeholder-type:numeric]",
        "ba": "The virtual table counts the number of coaches from the 'master' table who have received awards, ensuring that only those who are deceased are included. The query filters the results to include only those awards that were given after a specified year.",
        "gold_complexity": 9,
        "gold_sql": "SELECT COUNT(T1.coachID) FROM Master AS T1 INNER JOIN AwardsCoaches AS T2 ON T1.coachID = T2.coachID WHERE T1.deathYear IS NOT NULL AND T2.year > 1940"
    },
    {
        "sample_id": 7758,
        "vt": "SELECT teams.name FROM teamssc INNER JOIN Teams AS T2 ON T1.tmID = T2.tmID AND T1.year = T2.year WHERE teamssc.year = '[placeholder-type:string]' AND teamssc.w > teamssc.l",
        "ba": "The virtual table lists the names of teams from the 'teamssc' table that have more wins than losses in a specific year. It joins the 'teamssc' table with the 'Teams' table to ensure that the team IDs and years match, filtering for teams that have a winning record.",
        "gold_complexity": 9,
        "gold_sql": "SELECT T2.name FROM TeamsSC AS T1 INNER JOIN Teams AS T2 ON T1.tmID = T2.tmID AND T1.year = T2.year WHERE T1.year = '1917' AND T1.W > T1.L"
    },
    {
        "sample_id": 7635,
        "vt": "SELECT DISTINCT master.firstname, master.lastname, teams.name FROM goalies INNER JOIN Master AS T2 ON T2.playerID = T1.playerID INNER JOIN Teams AS T3 ON T1.lgID = T3.lgID WHERE master.birthcountry = '[placeholder-type:string]' AND NOT master.deathyear IS NULL AND master.pos = '[placeholder-type:string]'",
        "ba": "The virtual table describes the distinct first and last names of goalies along with their team names from the 'goalies' and 'teams' tables. It filters the results based on the birth country of the players and ensures that only deceased players are included, while also specifying the position of the players.",
        "gold_complexity": 16,
        "gold_sql": "SELECT DISTINCT firstName, lastName, T3.name FROM Goalies AS T1 INNER JOIN Master AS T2 ON T2.playerID = T1.playerID INNER JOIN Teams AS T3 ON T1.lgID = T3.lgID WHERE T2.birthCountry = 'Canada' AND T2.deathYear IS NOT NULL AND T2.pos = 'G'"
    },
    {
        "sample_id": 7677,
        "vt": "SELECT master.birthcountry FROM master INNER JOIN AwardsPlayers AS T2 ON T1.playerID = T2.playerID GROUP BY master.birthcountry ORDER BY COUNT(awardsplayers.award) LIMIT [placeholder-type:numeric]",
        "ba": "The virtual table retrieves the birth countries of players from the 'master' table who have received awards, grouping the results by country and ordering them by the count of awards received. The placeholder in the LIMIT clause allows for specifying the maximum number of countries to return.",
        "gold_complexity": 10,
        "gold_sql": "SELECT T1.birthCountry FROM Master AS T1 INNER JOIN AwardsPlayers AS T2 ON T1.playerID = T2.playerID GROUP BY T1.birthCountry ORDER BY COUNT(T2.award) DESC LIMIT 1"
    },
    {
        "sample_id": 7781,
        "vt": "SELECT CAST(SUM(teamssc.pim) AS FLOAT) / COUNT(teamssc.pim) FROM teams INNER JOIN TeamsSC AS T2 ON T1.tmID = T2.tmID AND T1.year = T2.year WHERE teams.name = '[placeholder-type:string]'",
        "ba": "The virtual table calculates the average penalty minutes (PIM) for a specific team by summing the total penalty minutes from the 'teamssc' table and dividing it by the count of penalty minutes recorded for that team. The query joins the 'teams' table with the 'teamssc' table based on the team ID and year, filtering for a specific team name using a placeholder.",
        "gold_complexity": 7,
        "gold_sql": "SELECT CAST(SUM(T2.PIM) AS REAL) / COUNT(T2.PIM) FROM Teams AS T1 INNER JOIN TeamsSC AS T2 ON T1.tmID = T2.tmID AND T1.year = T2.year WHERE T1.name = 'Montreal Canadiens'"
    },
    {
        "sample_id": 7788,
        "vt": "SELECT COUNT(master.playerid) FROM master WHERE master.lastname = '[placeholder-type:string]' AND master.coachid IS NULL",
        "ba": "The virtual table counts the number of players from the 'master' table who have a specific last name and are not identified as coaches. The placeholder in the WHERE clause represents the last name of the player being queried.",
        "gold_complexity": 8,
        "gold_sql": "SELECT COUNT(playerID) FROM Master WHERE lastName = 'Green' AND coachID IS NULL"
    },
    {
        "sample_id": 7775,
        "vt": "SELECT DISTINCT teams.name FROM teamvsteam INNER JOIN Teams AS T2 ON T1.year = T2.year AND T1.oppID = T2.tmID INNER JOIN Teams AS T3 ON T1.year = T3.year AND T1.tmID = T3.tmID WHERE teams.name = '[placeholder-type:string]'",
        "ba": "The virtual table lists the distinct names of teams that have played against a specified opponent in a given year. It utilizes the 'teamvsteam' table to identify matchups and joins with the 'Teams' table to retrieve the names of both the specified team and its opponent.",
        "gold_complexity": 8,
        "gold_sql": "SELECT DISTINCT T3.name FROM TeamVsTeam AS T1 INNER JOIN Teams AS T2 ON T1.year = T2.year AND T1.oppID = T2.tmID INNER JOIN Teams AS T3 ON T1.year = T3.year AND T1.tmID = T3.tmID WHERE T2.name = 'Buffalo Sabres'"
    },
    {
        "sample_id": 7747,
        "vt": "SELECT teams.rank, teams.year, teams.name FROM scoring INNER JOIN Teams AS T2 ON T1.tmID = T2.tmID AND T1.year = T2.year WHERE scoring.sha >= [placeholder-type:numeric] ORDER BY scoring.a LIMIT [placeholder-type:numeric]",
        "ba": "The virtual table displays the rank, year, and name of teams from the 'Teams' table that have players with a specified number of shorthanded assists. The query joins the 'scoring' table with the 'Teams' table based on team ID and year, filtering results where the shorthanded assists are greater than or equal to a specified numeric value. The results are ordered by assists and limited to a specified number of entries.",
        "gold_complexity": 14,
        "gold_sql": "SELECT T2.rank, T2.year, T2.name FROM Scoring AS T1 INNER JOIN Teams AS T2 ON T1.tmID = T2.tmID AND T1.year = T2.year WHERE T1.SHA >= 7 ORDER BY T1.A DESC LIMIT 1"
    },
    {
        "sample_id": 7811,
        "vt": "SELECT COUNT(scoring.gp) FROM master INNER JOIN Scoring AS T2 ON T1.playerID = T2.playerID WHERE master.birthcountry = '[placeholder-type:string]'",
        "ba": "The virtual table counts the number of games played by players from a specific birth country. It joins the 'master' table, which contains player identification and birth information, with the 'scoring' table that records game participation. The placeholder in the WHERE clause represents the birth country of the players.",
        "gold_complexity": 7,
        "gold_sql": "SELECT COUNT(T2.GP) FROM Master AS T1 INNER JOIN Scoring AS T2 ON T1.playerID = T2.playerID WHERE T1.birthCountry = 'USA'"
    },
    {
        "sample_id": 7724,
        "vt": "SELECT CAST(SUM(teams.ppg) AS FLOAT) * [placeholder-type:numeric] / SUM(teams.ppc) FROM teams GROUP BY teams.tmid ORDER BY SUM(teams.l) LIMIT [placeholder-type:numeric]",
        "ba": "The virtual table calculates the power play percentage for each team by summing the power play goals (ppg) and dividing it by the total power play chances (ppc). The result is then multiplied by a placeholder numeric value for scaling purposes. The results are grouped by team ID (tmid) and ordered by the total number of losses (l), limiting the output to a specified number of results.",
        "gold_complexity": 10,
        "gold_sql": "SELECT CAST(SUM(PPG) AS REAL) * 100 / SUM(PPC) FROM Teams GROUP BY tmID ORDER BY SUM(L) DESC LIMIT 1"
    },
    {
        "sample_id": 7705,
        "vt": "SELECT scoringsc.lgid FROM scoringsc WHERE scoringsc.playerid = '[placeholder-type:string]' AND scoringsc.year = [placeholder-type:numeric]",
        "ba": "The virtual table provides the league ID of a specific player for a given year from the 'scoringsc' table. The placeholders represent the player's ID and the year of interest.",
        "gold_complexity": 7,
        "gold_sql": "SELECT lgID FROM ScoringSC WHERE playerID = 'adamsja01' AND year = 1920"
    },
    {
        "sample_id": 7729,
        "vt": "SELECT master.pos FROM master WHERE NOT master.birthyear IS NULL ORDER BY master.birthyear, master.birthmon, master.birthday LIMIT [placeholder-type:numeric]",
        "ba": "The virtual table retrieves the positions of players from the 'master' table who have a recorded birth year. The results are ordered by the player's birth date, including year, month, and day, and limited to a specified number of entries.",
        "gold_complexity": 13,
        "gold_sql": "SELECT pos FROM Master WHERE birthYear IS NOT NULL ORDER BY birthYear, birthMon, birthDay LIMIT 8"
    },
    {
        "sample_id": 7740,
        "vt": "SELECT master.namegiven FROM scoring INNER JOIN Master AS T2 ON T1.playerID = T2.playerID AND T1.PIM BETWEEN 200 AND 250 AND T1.year BETWEEN 2003 AND 2005 ORDER BY scoring.gp LIMIT [placeholder-type:numeric]",
        "ba": "The virtual table lists the given names of players from the 'master' table who have accumulated penalty minutes between 200 and 250 during the years 2003 to 2005. The results are ordered by the number of games played, and a limit is applied to the number of records returned.",
        "gold_complexity": 8,
        "gold_sql": "SELECT T2.nameGiven FROM Scoring AS T1 INNER JOIN Master AS T2 ON T1.playerID = T2.playerID AND T1.PIM BETWEEN 200 AND 250 AND T1.year BETWEEN 2003 AND 2005 ORDER BY T1.GP DESC LIMIT 1"
    },
    {
        "sample_id": 7813,
        "vt": "SELECT SUM(scoring.g) FROM teams INNER JOIN Scoring AS T2 ON T1.tmID = T2.tmID AND T1.year = T2.year WHERE teams.divid = '[placeholder-type:string]' AND teams.tmid = '[placeholder-type:string]' AND teams.year = [placeholder-type:numeric]",
        "ba": "The virtual table calculates the total number of goals scored by a specific team in a given year and division. It combines data from the 'teams' table and the 'scoring' table, filtering results based on the team's division, team ID, and year.",
        "gold_complexity": 9,
        "gold_sql": "SELECT SUM(T2.G) FROM Teams AS T1 INNER JOIN Scoring AS T2 ON T1.tmID = T2.tmID AND T1.year = T2.year WHERE T1.divID = 'EW' AND T1.tmID = 'BIR' AND T1.year = 1976"
    },
    {
        "sample_id": 7617,
        "vt": "SELECT master.firstname, master.lastname FROM master INNER JOIN Goalies AS T2 ON T1.playerID = T2.playerID WHERE goalies.year >= [placeholder-type:numeric] AND goalies.year <= [placeholder-type:numeric] GROUP BY goalies.playerid HAVING COUNT(DISTINCT T2.tmID) > [placeholder-type:numeric]",
        "ba": "The virtual table describes the first and last names of players who have played as goalies in a specified range of years, grouped by their player ID. The query filters for goalies who have played for more than a certain number of teams during that time period.",
        "gold_complexity": 16,
        "gold_sql": "SELECT T1.firstName, T1.lastName FROM Master AS T1 INNER JOIN Goalies AS T2 ON T1.playerID = T2.playerID WHERE T2.year >= 2000 AND T2.year <= 2005 GROUP BY T2.playerID HAVING COUNT(DISTINCT T2.tmID) > 2"
    },
    {
        "sample_id": 7772,
        "vt": "SELECT DISTINCT master.namenick FROM coaches INNER JOIN Teams AS T2 ON T1.year = T2.year AND T1.tmID = T2.tmID INNER JOIN Master AS T3 ON T1.coachID = T3.coachID WHERE teams.name = '[placeholder-type:string]' AND master.birthcountry = '[placeholder-type:string]'",
        "ba": "The virtual table retrieves distinct nicknames of coaches from the 'master' table who have coached a specific team in a given year and are from a specified birth country. The query joins the 'coaches' table with the 'teams' table to filter by team name and year, and then joins with the 'master' table to access the nickname and birth country of the coaches.",
        "gold_complexity": 10,
        "gold_sql": "SELECT DISTINCT nameNick FROM Coaches AS T1 INNER JOIN Teams AS T2 ON T1.year = T2.year AND T1.tmID = T2.tmID INNER JOIN Master AS T3 ON T1.coachID = T3.coachID WHERE T2.name = 'Buffalo Sabres' AND T3.birthCountry = 'USA'"
    },
    {
        "sample_id": 7703,
        "vt": "SELECT scoringsc.g FROM scoringsc WHERE scoringsc.playerid = '[placeholder-type:string]' AND scoringsc.year = [placeholder-type:numeric]",
        "ba": "The virtual table provides the goals scored by a specific player during a particular year from the 'scoringsc' table. The placeholders represent the player's ID and the year of interest.",
        "gold_complexity": 7,
        "gold_sql": "SELECT G FROM ScoringSC WHERE playerID = 'dyeba01' AND year = 1921"
    },
    {
        "sample_id": 7806,
        "vt": "SELECT DISTINCT master.firstname FROM master INNER JOIN Coaches AS T2 ON T1.coachID = T2.coachID WHERE coaches.year > [placeholder-type:numeric]",
        "ba": "The virtual table lists the distinct first names of individuals from the 'master' table who have served as coaches in a specific year. The query joins the 'master' table with the 'coaches' table to filter out those who were coaching in years greater than a specified year, represented by a numeric placeholder.",
        "gold_complexity": 8,
        "gold_sql": "SELECT DISTINCT T1.firstName FROM Master AS T1 INNER JOIN Coaches AS T2 ON T1.coachID = T2.coachID WHERE T2.year > 2000"
    },
    {
        "sample_id": 7753,
        "vt": "SELECT SUM(teams.pts), teams.year FROM teams GROUP BY teams.year, teams.tmid ORDER BY SUM(teams.pts) LIMIT [placeholder-type:numeric]",
        "ba": "The virtual table summarizes the total points earned by teams in each year from the 'teams' table. It groups the results by year and team ID, allowing for an aggregated view of team performance over time. The placeholder in the LIMIT clause indicates the maximum number of records to return, which can be adjusted as needed.",
        "gold_complexity": 13,
        "gold_sql": "SELECT SUM(Pts), year FROM Teams GROUP BY year, tmID ORDER BY SUM(Pts) DESC LIMIT 1"
    },
    {
        "sample_id": 7750,
        "vt": "SELECT master.namegiven, master.lastname, master.birthyear, master.birthmon, master.birthday, teams.tmid FROM scoring INNER JOIN Master AS T2 ON T2.playerID = T1.playerID INNER JOIN Teams AS T3 ON T3.tmID = T1.tmID WHERE (master.firstnhl - master.birthyear) BETWEEN [placeholder-type:numeric] AND [placeholder-type:numeric] AND teams.g < [placeholder-type:numeric]",
        "ba": "The virtual table describes players' names, birth dates, and team IDs from the 'master' and 'teams' tables, filtered by the age of players at their first NHL season and the number of games played by their teams. The placeholders represent the age range and maximum games played criteria.",
        "gold_complexity": 20,
        "gold_sql": "SELECT T2.nameGiven, T2.lastName, T2.birthYear, birthMon, birthDay , T3.tmID FROM Scoring AS T1 INNER JOIN Master AS T2 ON T2.playerID = T1.playerID INNER JOIN Teams AS T3 ON T3.tmID = T1.tmID WHERE (T2.firstNHL - T2.birthYear) BETWEEN 18 AND 24 AND T3.G < 5"
    },
    {
        "sample_id": 7697,
        "vt": "SELECT teams.name FROM goalies INNER JOIN Teams AS T2 ON T1.tmID = T2.tmID WHERE goalies.year = [placeholder-type:numeric] GROUP BY teams.name ORDER BY SUM(goalies.posteng) LIMIT [placeholder-type:numeric]",
        "ba": "The virtual table lists the names of teams from the 'Teams' table that have goalies who played in a specific year. The query joins the 'goalies' table with the 'Teams' table based on the team ID, filtering the results by the specified year. The results are grouped by team name and ordered by the total number of empty net goals scored by the goalies, with a limit on the number of teams returned.",
        "gold_complexity": 12,
        "gold_sql": "SELECT T2.name FROM Goalies AS T1 INNER JOIN Teams AS T2 ON T1.tmID = T2.tmID WHERE T1.year = 2010 GROUP BY T2.name ORDER BY SUM(PostENG) DESC LIMIT 1"
    },
    {
        "sample_id": 7739,
        "vt": "SELECT DISTINCT master.firstnhl - scoring.year, master.namegiven, master.firstname, master.lastname FROM scoring INNER JOIN Teams AS T2 ON T2.tmID = T1.tmID INNER JOIN Master AS T3 ON T1.playerID = T3.playerID GROUP BY master.firstname, master.lastname, master.namegiven, master.firstnhl - scoring.year, master.firstname, master.lastname ORDER BY SUM(scoring.\"+/-\") LIMIT [placeholder-type:numeric]",
        "ba": "The virtual table provides a distinct list of players along with their first NHL season year, given name, first name, and last name. It retrieves this information by joining the 'scoring' table with the 'teams' table to associate players with their respective teams, and then with the 'master' table to access player details. The results are grouped by the player's names and first NHL season year, and ordered by the sum of their plus/minus statistics, limiting the output to a specified number of entries.",
        "gold_complexity": 26,
        "gold_sql": "SELECT DISTINCT T3.firstNHL - T1.year, T3.nameGiven , T3.firstName, T3.lastName FROM Scoring AS T1 INNER JOIN Teams AS T2 ON T2.tmID = T1.tmID INNER JOIN Master AS T3 ON T1.playerID = T3.playerID GROUP BY T3.firstName, T3.lastName, T3.nameGiven, T3.firstNHL - T1.year, T3.firstName, T3.lastName ORDER BY SUM(T1.\"+/-\") ASC LIMIT 1"
    },
    {
        "sample_id": 7726,
        "vt": "SELECT DISTINCT master.birthcountry, master.birthyear FROM master GROUP BY master.birthcountry, master.birthyear ORDER BY COUNT(master.birthcountry) LIMIT [placeholder-type:numeric]",
        "ba": "The virtual table provides a distinct list of birth countries and birth years of players from the 'master' table. It groups the results by birth country and year, allowing for an ordered count of occurrences, and limits the output to a specified number of results.",
        "gold_complexity": 14,
        "gold_sql": "SELECT DISTINCT birthCountry, birthYear FROM Master GROUP BY birthCountry, birthYear ORDER BY COUNT(birthCountry) DESC LIMIT 1"
    },
    {
        "sample_id": 7665,
        "vt": "SELECT COUNT(DISTINCT T1.coachID) FROM master INNER JOIN HOF AS T2 ON T1.hofID = T2.hofID WHERE master.weight > [placeholder-type:numeric]",
        "ba": "The virtual table counts the distinct number of coaches from the 'master' table who have been inducted into the Hall of Fame (HOF) and have a weight greater than a specified value. The join between 'master' and 'hof' is based on the hall of fame ID, ensuring that only those coaches who are recognized in the Hall of Fame are included in the count.",
        "gold_complexity": 8,
        "gold_sql": "SELECT COUNT(DISTINCT T1.coachID) FROM Master AS T1 INNER JOIN HOF AS T2 ON T1.hofID = T2.hofID WHERE T1.weight > 195"
    },
    {
        "sample_id": 7658,
        "vt": "SELECT DISTINCT awardscoaches.award FROM master INNER JOIN AwardsCoaches AS T2 ON T1.coachID = T2.coachID WHERE master.birthcountry = '[placeholder-type:string]'",
        "ba": "The virtual table lists distinct awards received by coaches from the 'awardscoaches' table, filtered by the birth country of the individuals in the 'master' table. The placeholder in the WHERE clause represents the specific birth country being queried.",
        "gold_complexity": 8,
        "gold_sql": "SELECT DISTINCT T2.award FROM Master AS T1 INNER JOIN AwardsCoaches AS T2 ON T1.coachID = T2.coachID WHERE T1.birthCountry = 'Canada'"
    },
    {
        "sample_id": 7783,
        "vt": "SELECT SUM(CAST(teamssc.w AS FLOAT) / teamssc.g) / SUM(teamssc.g + teamssc.w) FROM teams INNER JOIN TeamsSC AS T2 ON T1.tmID = T2.tmID AND T1.year = T2.year WHERE teams.name = '[placeholder-type:string]'",
        "ba": "The virtual table calculates the average winning percentage of a specific team over a given year by summing the wins and games played from the 'teamssc' table. It uses an inner join between the 'teams' and 'teamssc' tables to filter results based on the team's name and year. The result is a ratio of total wins to total games played, providing insight into the team's performance.",
        "gold_complexity": 8,
        "gold_sql": "SELECT SUM(CAST(T2.W AS REAL) / T2.G) / SUM(T2.G + T2.W) FROM Teams AS T1 INNER JOIN TeamsSC AS T2 ON T1.tmID = T2.tmID AND T1.year = T2.year WHERE T1.name = 'Montreal Canadiens'"
    },
    {
        "sample_id": 7807,
        "vt": "SELECT master.height, master.weight FROM master INNER JOIN AwardsCoaches AS T2 ON T1.coachID = T2.coachID WHERE awardscoaches.year = '[placeholder-type:string]'",
        "ba": "The virtual table describes the height and weight of coaches from the 'master' table who have received awards in a specific year. The join with the 'awardscoaches' table allows filtering based on the year of the award, represented by a placeholder.",
        "gold_complexity": 9,
        "gold_sql": "SELECT T1.height, T1.weight FROM Master AS T1 INNER JOIN AwardsCoaches AS T2 ON T1.coachID = T2.coachID WHERE T2.year = '1930'"
    },
    {
        "sample_id": 7735,
        "vt": "SELECT SUM(scoring.a), master.firstname, master.lastname FROM scoring INNER JOIN Master AS T2 ON T1.playerID = T2.playerID WHERE scoring.lgid = '[placeholder-type:string]' GROUP BY master.firstname, master.lastname ORDER BY SUM(scoring.a) LIMIT [placeholder-type:numeric]",
        "ba": "The virtual table summarizes the total assists made by players in a specific league, identified by the league ID. It retrieves the first and last names of the players from the 'master' table, joining it with the 'scoring' table to calculate the sum of assists for each player. The results are grouped by player names and ordered by the total assists, with a limit on the number of results returned.",
        "gold_complexity": 18,
        "gold_sql": "SELECT SUM(T1.A), T2.firstName, T2.lastName FROM Scoring AS T1 INNER JOIN Master AS T2 ON T1.playerID = T2.playerID WHERE T1.lgID = 'NHL' GROUP BY T2.firstName, T2.lastName ORDER BY SUM(T1.A) DESC LIMIT 1"
    },
    {
        "sample_id": 7619,
        "vt": "SELECT DISTINCT master.namegiven, master.birthcountry FROM master INNER JOIN Goalies AS T2 ON T1.playerID = T2.playerID GROUP BY master.namegiven, master.birthcountry HAVING SUM(goalies.min) > [placeholder-type:numeric]",
        "ba": "The virtual table provides a list of unique names and birth countries of goalies from the 'master' table, filtered by those who have played more than a specified number of minutes in their games. The query joins the 'master' table with the 'goalies' table to access the relevant statistics and groups the results by name and country, ensuring that only distinct entries are returned.",
        "gold_complexity": 14,
        "gold_sql": "SELECT DISTINCT T1.nameGiven, T1.birthCountry FROM Master AS T1 INNER JOIN Goalies AS T2 ON T1.playerID = T2.playerID GROUP BY T1.nameGiven, T1.birthCountry HAVING SUM(T2.Min) > 5000"
    },
    {
        "sample_id": 7692,
        "vt": "SELECT master.firstname, master.lastname FROM master INNER JOIN Goalies AS T2 ON T1.playerID = T2.playerID WHERE goalies.stint = [placeholder-type:numeric] ORDER BY master.weight LIMIT [placeholder-type:numeric]",
        "ba": "The virtual table describes the first and last names of players who are goalies, filtered by their stint in the season. The results are ordered by the players' weight and limited to a specified number of entries.",
        "gold_complexity": 12,
        "gold_sql": "SELECT T1.firstName, T1.lastName FROM Master AS T1 INNER JOIN Goalies AS T2 ON T1.playerID = T2.playerID WHERE T2.stint = 3 ORDER BY T1.weight DESC LIMIT 1"
    },
    {
        "sample_id": 7761,
        "vt": "SELECT teamssc.pim FROM teamssc INNER JOIN Teams AS T2 ON T1.tmID = T2.tmID AND T1.year = T2.year WHERE teamssc.year = '[placeholder-type:string]' AND teams.rank = [placeholder-type:numeric]",
        "ba": "The virtual table provides the penalty minutes (pim) for teams from the 'teamssc' table, filtered by a specific year and the final standing rank of the teams. The placeholders allow users to specify the year and rank they are interested in.",
        "gold_complexity": 8,
        "gold_sql": "SELECT T1.PIM FROM TeamsSC AS T1 INNER JOIN Teams AS T2 ON T1.tmID = T2.tmID AND T1.year = T2.year WHERE T1.year = '1923' AND T2.rank = 2"
    },
    {
        "sample_id": 7671,
        "vt": "SELECT COUNT(DISTINCT T1.playerID) FROM master INNER JOIN AwardsPlayers AS T2 ON T1.playerID = T2.playerID WHERE master.deathstate = '[placeholder-type:string]'",
        "ba": "The virtual table counts the distinct number of players from the 'master' table who have received awards from the 'awardsplayers' table, filtered by the state of death of the players.",
        "gold_complexity": 8,
        "gold_sql": "SELECT COUNT(DISTINCT T1.playerID) FROM Master AS T1 INNER JOIN AwardsPlayers AS T2 ON T1.playerID = T2.playerID WHERE T1.deathState = 'MA'"
    },
    {
        "sample_id": 7652,
        "vt": "SELECT DISTINCT COUNT(goalies.tmid) FROM goalies WHERE goalies.postw = goalies.postl",
        "ba": "The virtual table counts the number of distinct teams from the 'goalies' table where the number of postseason wins equals the number of postseason losses. This indicates teams that have a balanced postseason performance in terms of wins and losses.",
        "gold_complexity": 7,
        "gold_sql": "SELECT DISTINCT COUNT(tmID) FROM Goalies WHERE PostW = PostL"
    },
    {
        "sample_id": 7725,
        "vt": "SELECT CAST(COUNT(hof.name) AS FLOAT) / [placeholder-type:numeric] FROM hof WHERE hof.year BETWEEN [placeholder-type:numeric] AND [placeholder-type:numeric] AND hof.category = '[placeholder-type:string]'",
        "ba": "The virtual table calculates the average number of Hall of Fame inductees per year for a specified category over a given range of years. The placeholders represent the range of years and the specific category of induction.",
        "gold_complexity": 8,
        "gold_sql": "SELECT CAST(COUNT(name) AS REAL) / 30 FROM HOF WHERE year BETWEEN 1950 AND 1980 AND category = 'Player'"
    },
    {
        "sample_id": 7802,
        "vt": "SELECT DISTINCT master.playerid FROM master GROUP BY master.playerid HAVING AVG(master.height) = [placeholder-type:numeric]",
        "ba": "The virtual table retrieves unique player IDs from the 'master' table, grouping them by player ID and filtering to include only those players whose average height matches a specified value. The placeholder in the HAVING clause represents the average height to be compared against.",
        "gold_complexity": 9,
        "gold_sql": "SELECT DISTINCT playerID FROM Master GROUP BY playerID HAVING AVG(height) = 75"
    },
    {
        "sample_id": 7643,
        "vt": "SELECT master.firstname, master.lastname, goalies.year, CAST(goalies.w AS FLOAT) / goalies.gp FROM master INNER JOIN Goalies AS T2 ON T1.playerID = T2.playerID WHERE master.birthyear = [placeholder-type:numeric] AND master.shootcatch IS NULL",
        "ba": "The virtual table provides a list of goalies along with their first and last names, the year they played, and their winning percentage calculated as the ratio of wins to games played. The data is filtered to include only those goalies who were born in a specific year and have no specified shooting or catching hand.",
        "gold_complexity": 16,
        "gold_sql": "SELECT T1.firstName, T1.lastName, T2.year, CAST(T2.W AS REAL) / T2.GP FROM Master AS T1 INNER JOIN Goalies AS T2 ON T1.playerID = T2.playerID WHERE T1.birthYear = 1987 AND T1.shootCatch IS NULL"
    },
    {
        "sample_id": 7759,
        "vt": "SELECT teams.name FROM teamssc INNER JOIN Teams AS T2 ON T1.tmID = T2.tmID AND T1.year = T2.year WHERE teamssc.year = '[placeholder-type:string]'",
        "ba": "The virtual table describes the names of teams from the 'teamssc' table for a specific year. It joins the 'teamssc' table with the 'Teams' table to ensure that the team names correspond to the correct year, using a placeholder for the year value.",
        "gold_complexity": 7,
        "gold_sql": "SELECT T2.name FROM TeamsSC AS T1 INNER JOIN Teams AS T2 ON T1.tmID = T2.tmID AND T1.year = T2.year WHERE T1.year = '1922'"
    },
    {
        "sample_id": 7805,
        "vt": "SELECT DISTINCT master.playerid FROM master WHERE NOT master.deathyear IS NULL AND NOT master.playerid IS NULL",
        "ba": "The virtual table lists unique player IDs from the 'master' table for players who have a recorded death year, ensuring that only those who are no longer living are included in the results.",
        "gold_complexity": 8,
        "gold_sql": "SELECT DISTINCT playerID FROM Master WHERE deathYear IS NOT NULL AND playerID IS NOT NULL"
    },
    {
        "sample_id": 7784,
        "vt": "SELECT hof.name FROM hof WHERE hof.category IN ('[placeholder-type:string]', '[placeholder-type:string]') ORDER BY hof.year LIMIT [placeholder-type:numeric]",
        "ba": "The virtual table lists the names of individuals from the 'hof' table who belong to specific categories of the Hall of Fame. The query filters the results based on the provided categories and orders them by the year of induction, limiting the number of results returned.",
        "gold_complexity": 9,
        "gold_sql": "SELECT name FROM HOF WHERE category IN ('Player', 'Builder') ORDER BY year DESC LIMIT 1"
    },
    {
        "sample_id": 7645,
        "vt": "SELECT master.firstname, master.lastname FROM master INNER JOIN Goalies AS T2 ON T1.playerID = T2.playerID WHERE NOT master.deathyear IS NULL GROUP BY master.playerid HAVING CAST(SUM(goalies.min) AS FLOAT) / SUM(goalies.gp) > [placeholder-type:numeric]",
        "ba": "The virtual table describes the first and last names of players from the 'master' table who have played as goalies and have a recorded death year. It filters the results to include only those players whose average minutes played per game exceeds a specified numeric threshold. The placeholder in the HAVING clause represents this threshold value.",
        "gold_complexity": 13,
        "gold_sql": "SELECT T1.firstName, T1.lastName FROM Master AS T1 INNER JOIN Goalies AS T2 ON T1.playerID = T2.playerID WHERE T1.deathYear IS NOT NULL GROUP BY T1.playerID HAVING CAST(SUM(T2.Min) AS REAL) / SUM(T2.GP) > 0.5"
    },
    {
        "sample_id": 7736,
        "vt": "SELECT SUM(scoring.a), master.firstname, master.lastname FROM scoring INNER JOIN Master AS T2 ON T1.playerID = T2.playerID WHERE scoring.lgid = '[placeholder-type:string]' GROUP BY master.firstname, master.lastname ORDER BY SUM(scoring.a) LIMIT [placeholder-type:numeric]",
        "ba": "The virtual table summarizes the total assists made by players in a specific league, grouped by their first and last names. The query joins the 'scoring' table with the 'master' table to retrieve player names and calculates the sum of assists for each player. The results are ordered by the total assists in descending order, and a limit is applied to restrict the number of results returned.",
        "gold_complexity": 18,
        "gold_sql": "SELECT SUM(T1.A), T2.firstName, T2.lastName FROM Scoring AS T1 INNER JOIN Master AS T2 ON T1.playerID = T2.playerID WHERE T1.lgID = 'NHL' GROUP BY T2.firstName, T2.lastName ORDER BY SUM(T1.A) DESC LIMIT 1"
    },
    {
        "sample_id": 7814,
        "vt": "SELECT SUM(teams.l), SUM(scoring.a) FROM teams INNER JOIN Scoring AS T2 ON T1.tmID = T2.tmID AND T1.year = T2.year WHERE teams.tmid = '[placeholder-type:string]' AND teams.year = [placeholder-type:numeric]",
        "ba": "The virtual table summarizes the total number of losses from the 'teams' table and the total number of assists from the 'scoring' table for a specific team in a given year. The placeholders represent the team ID and the year respectively.",
        "gold_complexity": 10,
        "gold_sql": "SELECT SUM(T1.L), SUM(T2.A) FROM Teams AS T1 INNER JOIN Scoring AS T2 ON T1.tmID = T2.tmID AND T1.year = T2.year WHERE T1.tmID = 'BOS' AND T1.year = 2010"
    },
    {
        "sample_id": 7618,
        "vt": "SELECT AVG(master.weight) FROM master WHERE master.height > [placeholder-type:numeric]",
        "ba": "The virtual table calculates the average weight of players from the 'master' table who have a height greater than a specified value. The placeholder in the WHERE clause represents the height threshold.",
        "gold_complexity": 6,
        "gold_sql": "SELECT AVG(weight) FROM Master WHERE height > 72"
    },
    {
        "sample_id": 7683,
        "vt": "SELECT goalies.tmid FROM goalies WHERE goalies.playerid = '[placeholder-type:string]' AND goalies.year = [placeholder-type:numeric]",
        "ba": "The virtual table lists the team IDs of goalies from the 'goalies' table based on a specific player's ID and the year of play. The placeholders represent the player's unique identifier and the year for which the data is being queried.",
        "gold_complexity": 7,
        "gold_sql": "SELECT tmID FROM Goalies WHERE playerID = 'roypa01' AND year = 1992"
    },
    {
        "sample_id": 7766,
        "vt": "SELECT COUNT(DISTINCT hofID) FROM coaches INNER JOIN Teams AS T2 ON T1.year = T2.year AND T1.tmID = T2.tmID INNER JOIN Master AS T3 ON T1.coachID = T3.coachID WHERE teams.name = '[placeholder-type:string]'",
        "ba": "The virtual table counts the distinct hall of fame IDs of coaches who have coached a specific team in a given year. It joins the 'coaches' table with the 'teams' table to match the year and team ID, and then further joins with the 'master' table to link the coach's ID. The placeholder in the WHERE clause represents the name of the team being queried.",
        "gold_complexity": 9,
        "gold_sql": "SELECT COUNT(DISTINCT hofID) FROM Coaches AS T1 INNER JOIN Teams AS T2 ON T1.year = T2.year AND T1.tmID = T2.tmID INNER JOIN Master AS T3 ON T1.coachID = T3.coachID WHERE T2.name = 'Montreal Canadiens'"
    },
    {
        "sample_id": 7681,
        "vt": "SELECT CAST(COUNT(CASE WHEN master.birthcountry = '[placeholder-type:string]' THEN master.playerid ELSE NULL END) AS FLOAT) * [placeholder-type:numeric] / COUNT(master.playerid) FROM master INNER JOIN HOF AS T2 ON T1.hofID = T2.hofID",
        "ba": "The virtual table calculates the percentage of players from a specific birth country who are inducted into the Hall of Fame. It counts the number of players from the specified country and divides it by the total number of players, then multiplies by a placeholder for scaling the result.",
        "gold_complexity": 6,
        "gold_sql": "SELECT CAST(COUNT(CASE WHEN T1.birthCountry = 'USA' THEN T1.playerID ELSE NULL END) AS REAL) * 100 / COUNT(T1.playerID) FROM Master AS T1 INNER JOIN HOF AS T2 ON T1.hofID = T2.hofID"
    },
    {
        "sample_id": 7631,
        "vt": "SELECT master.firstname, master.lastname, master.pos FROM master WHERE master.deathyear IS NULL AND master.pos LIKE '[placeholder-type:string]'",
        "ba": "The virtual table describes the first and last names, along with the position of players from the 'master' table who are still alive and play a specific position. The placeholder in the LIKE clause represents the position of the player.",
        "gold_complexity": 12,
        "gold_sql": "SELECT firstName, lastName, pos FROM Master WHERE deathYear IS NULL AND pos LIKE '%/%'"
    },
    {
        "sample_id": 7738,
        "vt": "SELECT teams.name FROM seriespost INNER JOIN Teams AS T2 ON T1.year = T2.year AND tmIDLoser = tmID WHERE seriespost.note = '[placeholder-type:string]' AND teams.year = '[placeholder-type:string]'",
        "ba": "The virtual table describes the names of teams that lost in a specific series during a given year. It retrieves this information by joining the 'seriespost' table with the 'teams' table based on the year and the team ID of the losing team. The placeholders represent the series note and the year for which the data is being queried.",
        "gold_complexity": 8,
        "gold_sql": "SELECT T2.name FROM SeriesPost AS T1 INNER JOIN Teams AS T2 ON T1.year = T2.year AND tmIDLoser = tmID WHERE T1.note = 'EX' AND T2.year = '1912'"
    },
    {
        "sample_id": 7816,
        "vt": "SELECT (SELECT DISTINCT playerID, tmID FROM Scoring WHERE year BETWEEN 1925 AND 1936).playerid, (SELECT DISTINCT playerID, tmID FROM Scoring WHERE year BETWEEN 1925 AND 1936).tmid FROM (SELECT master.playerid FROM Master WHERE NOT height IS NULL ORDER BY height ASC LIMIT 1) AS t1 INNER JOIN (SELECT DISTINCT playerID, tmID FROM Scoring WHERE year BETWEEN 1925 AND 1936) AS T2 ON T1.playerID = T2.playerID",
        "ba": "The virtual table retrieves the player ID and team ID of the shortest player from the 'Master' table who played in the NHL between the years 1925 and 1936. It first selects distinct player IDs and team IDs from the 'Scoring' table for the specified years, then finds the shortest player by height from the 'Master' table, and finally joins these two results to get the relevant player and team information.",
        "gold_complexity": 22,
        "gold_sql": "SELECT T2.playerID, T2.tmID FROM ( SELECT playerID FROM Master WHERE height IS NOT NULL ORDER BY height ASC LIMIT 1 ) AS T1 INNER JOIN ( SELECT DISTINCT playerID, tmID FROM Scoring WHERE year BETWEEN 1925 AND 1936 ) AS T2 ON T1.playerID = T2.playerID"
    },
    {
        "sample_id": 7625,
        "vt": "SELECT DISTINCT master.firstname, master.lastname, teams.name FROM master INNER JOIN Goalies AS T2 ON T1.playerID = T2.playerID INNER JOIN Teams AS T3 ON T2.tmID = T3.tmID WHERE goalies.year = [placeholder-type:numeric] AND master.height < [placeholder-type:numeric]",
        "ba": "The virtual table provides a list of distinct first and last names of players from the 'master' table who are goalies, along with their team names from the 'teams' table. The results are filtered based on a specific year and a height condition, allowing users to find goalies who meet these criteria.",
        "gold_complexity": 15,
        "gold_sql": "SELECT DISTINCT T1.firstName, T1.lastName, T3.name FROM Master AS T1 INNER JOIN Goalies AS T2 ON T1.playerID = T2.playerID INNER JOIN Teams AS T3 ON T2.tmID = T3.tmID WHERE T2.year = 2005 AND T1.height < 72"
    },
    {
        "sample_id": 7629,
        "vt": "SELECT master.firstname, master.lastname FROM master WHERE master.birthcountry <> master.deathcountry ORDER BY master.birthyear",
        "ba": "The virtual table describes the first and last names of individuals from the 'master' table who were born in a different country than where they died. The results are ordered by the year of birth.",
        "gold_complexity": 10,
        "gold_sql": "SELECT firstName, lastName FROM Master WHERE birthCountry != deathCountry ORDER BY birthYear"
    },
    {
        "sample_id": 7656,
        "vt": "SELECT DISTINCT master.namenick FROM master INNER JOIN HOF AS T2 ON T1.hofID = T2.hofID WHERE hof.year = [placeholder-type:numeric]",
        "ba": "The virtual table lists the unique nicknames of players from the 'master' table who have been inducted into the Hall of Fame in a specific year. The query joins the 'master' table with the 'hof' table to filter the results based on the year of induction.",
        "gold_complexity": 8,
        "gold_sql": "SELECT DISTINCT T1.nameNick FROM Master AS T1 INNER JOIN HOF AS T2 ON T1.hofID = T2.hofID WHERE T2.year = 2007"
    },
    {
        "sample_id": 7690,
        "vt": "SELECT master.pos FROM master INNER JOIN AwardsPlayers AS T2 ON T1.playerID = T2.playerID WHERE master.firstname = '[placeholder-type:string]' AND master.lastname = '[placeholder-type:string]'",
        "ba": "The virtual table describes the positions of players from the 'master' table who have received awards, filtered by their first and last names. The placeholders in the WHERE clause represent the player's first and last names.",
        "gold_complexity": 8,
        "gold_sql": "SELECT T1.pos FROM Master AS T1 INNER JOIN AwardsPlayers AS T2 ON T1.playerID = T2.playerID WHERE T1.firstName = 'Mike' AND T1.lastName = 'Antonovich'"
    },
    {
        "sample_id": 7630,
        "vt": "SELECT master.namegiven, master.firstnhl, master.firstwha FROM master WHERE NOT master.firstnhl IS NULL AND NOT master.firstwha IS NULL",
        "ba": "The virtual table describes the given names and the first seasons in both the NHL and WHA for players from the 'master' table who have valid entries for both leagues.",
        "gold_complexity": 11,
        "gold_sql": "SELECT nameGiven, firstNHL, firstWHA FROM Master WHERE firstNHL IS NOT NULL AND firstWHA IS NOT NULL"
    },
    {
        "sample_id": 7624,
        "vt": "SELECT master.firstname, master.lastname, goalies.year FROM master INNER JOIN Goalies AS T2 ON T1.playerID = T2.playerID WHERE NOT CAST(goalies.ga AS FLOAT) / goalies.sa IS NULL ORDER BY CAST(goalies.ga AS FLOAT) / goalies.sa LIMIT [placeholder-type:numeric]",
        "ba": "The virtual table provides a list of first and last names of players from the 'master' table along with the year they played as goalies from the 'goalies' table. It filters out any records where the goals against (ga) divided by shots against (sa) is not null, indicating valid data for calculating the goals against average. The results are ordered by this average and limited to a specified number of entries.",
        "gold_complexity": 15,
        "gold_sql": "SELECT T1.firstName, T1.lastName, T2.year FROM Master AS T1 INNER JOIN Goalies AS T2 ON T1.playerID = T2.playerID WHERE CAST(T2.GA AS REAL) / T2.SA IS NOT NULL ORDER BY CAST(T2.GA AS REAL) / T2.SA LIMIT 1"
    },
    {
        "sample_id": 7815,
        "vt": "SELECT SUM(master.weight) FROM master INNER JOIN Scoring AS T2 ON T1.playerID = T2.playerID WHERE scoring.year = [placeholder-type:numeric] AND scoring.tmid = '[placeholder-type:string]'",
        "ba": "The virtual table calculates the total weight of players from the 'master' table who have participated in scoring during a specific year and for a specific team. The placeholders represent the year and team ID for which the total weight is being calculated.",
        "gold_complexity": 8,
        "gold_sql": "SELECT SUM(T1.weight) FROM Master AS T1 INNER JOIN Scoring AS T2 ON T1.playerID = T2.playerID WHERE T2.year = 1997 AND T2.tmID = 'ANA'"
    },
    {
        "sample_id": 7661,
        "vt": "SELECT awardscoaches.award FROM master INNER JOIN AwardsCoaches AS T2 ON T1.coachID = T2.coachID WHERE master.birthyear = [placeholder-type:numeric]",
        "ba": "The virtual table retrieves the awards received by coaches from the 'awardscoaches' table, specifically for those coaches who were born in a certain year. The query joins the 'master' table, which contains information about players and coaches, with the 'awardscoaches' table based on the coach ID. The placeholder in the WHERE clause represents the birth year of the coaches.",
        "gold_complexity": 7,
        "gold_sql": "SELECT T2.award FROM Master AS T1 INNER JOIN AwardsCoaches AS T2 ON T1.coachID = T2.coachID WHERE T1.birthYear = 1952"
    },
    {
        "sample_id": 7731,
        "vt": "SELECT teamsplits.octl, teamsplits.tmid FROM teamsplits WHERE teamsplits.year = '[placeholder-type:string]' ORDER BY teamsplits.octl LIMIT [placeholder-type:numeric]",
        "ba": "The virtual table provides information about the number of overtime losses and the team ID from the 'teamsplits' table for a specific year. The placeholders allow users to specify the year of interest and limit the number of results returned.",
        "gold_complexity": 11,
        "gold_sql": "SELECT OctL, tmID FROM TeamSplits WHERE year = '2006' ORDER BY OctL DESC LIMIT 1"
    },
    {
        "sample_id": 7695,
        "vt": "SELECT master.firstname, master.lastname FROM master INNER JOIN Goalies AS T2 ON T1.playerID = T2.playerID WHERE goalies.year = [placeholder-type:numeric] AND goalies.ga > [placeholder-type:numeric] GROUP BY goalies.playerid, master.birthyear, master.birthmon, master.birthmon HAVING SUM(goalies.ga) ORDER BY master.birthyear, master.birthmon, SUM(master.birthday) LIMIT [placeholder-type:numeric]",
        "ba": "The virtual table lists the first and last names of players from the 'master' table who are goalies, filtered by a specific year and goals against. The results are grouped by player ID and birth date, ensuring that only those goalies with a total number of goals against exceeding a certain threshold are included. The output is ordered by the player's birth year and month, and limited to a specified number of results.",
        "gold_complexity": 25,
        "gold_sql": "SELECT T1.firstName, T1.lastName FROM Master AS T1 INNER JOIN Goalies AS T2 ON T1.playerID = T2.playerID WHERE T2.year = 2002 AND T2.GA > 150 GROUP BY T2.playerID, T1.birthYear, T1.birthMon, T1.birthMon HAVING SUM(T2.GA) ORDER BY T1.birthYear DESC, T1.birthMon DESC, SUM(T1.birthDay) DESC LIMIT 1"
    },
    {
        "sample_id": 7632,
        "vt": "SELECT master.namenick, master.lastnhl FROM master ORDER BY master.height LIMIT [placeholder-type:numeric]",
        "ba": "The virtual table describes the nicknames and last NHL seasons of players from the 'master' table, ordered by their height. The placeholder in the LIMIT clause represents the maximum number of records to return.",
        "gold_complexity": 9,
        "gold_sql": "SELECT nameNick, lastNHL FROM Master ORDER BY height DESC LIMIT 1"
    },
    {
        "sample_id": 7648,
        "vt": "SELECT COUNT(coaches.coachid) FROM coaches WHERE coaches.year = [placeholder-type:numeric] AND coaches.notes = '[placeholder-type:string]'",
        "ba": "The virtual table counts the number of coaches from the 'coaches' table based on a specific year and additional notes. The placeholders represent the year of coaching and any relevant notes associated with the coaches.",
        "gold_complexity": 7,
        "gold_sql": "SELECT COUNT(coachID) FROM Coaches WHERE year = 2007 AND notes = 'interim'"
    },
    {
        "sample_id": 7627,
        "vt": "SELECT master.firstname, master.lastname, goalies.year, AVG(goalies.min) FROM master INNER JOIN Goalies AS T2 ON T1.playerID = T2.playerID WHERE master.playerid = (SELECT master.playerid FROM Goalies GROUP BY playerID ORDER BY COUNT(playerID) DESC LIMIT 1) GROUP BY master.firstname, master.lastname, goalies.year",
        "ba": "The virtual table provides the first and last names of players from the 'master' table who have played as goalies, along with the year they played and the average minutes they spent on the ice. The query specifically focuses on the player who has appeared as a goalie the most times, as determined by counting their appearances in the 'goalies' table.",
        "gold_complexity": 28,
        "gold_sql": "SELECT T1.firstName, T1.lastName, T2.year, AVG(T2.Min) FROM Master AS T1 INNER JOIN Goalies AS T2 ON T1.playerID = T2.playerID WHERE T1.playerID = ( SELECT playerID FROM Goalies GROUP BY playerID ORDER BY COUNT(playerID) DESC LIMIT 1 ) GROUP BY T1.firstName, T1.lastName, T2.year"
    },
    {
        "sample_id": 7742,
        "vt": "SELECT master.pos, awardscoaches.award, master.namegiven, master.lastname FROM master INNER JOIN AwardsCoaches AS T2 ON T2.coachID = T1.coachID GROUP BY master.pos, awardscoaches.award, master.namegiven, master.lastname ORDER BY COUNT(awardscoaches.award) LIMIT [placeholder-type:numeric]",
        "ba": "The virtual table displays the positions, awards, given names, and last names of coaches from the 'master' table who have received awards. It joins the 'master' table with the 'awardscoaches' table to gather relevant information about the coaches and their awards. The results are grouped by position, award, given name, and last name, and ordered by the count of awards received, limiting the output to a specified number of entries.",
        "gold_complexity": 22,
        "gold_sql": "SELECT T1.pos, T2.award, T1.nameGiven, T1.lastName FROM Master AS T1 INNER JOIN AwardsCoaches AS T2 ON T2.coachID = T1.coachID GROUP BY T1.pos, T2.award, T1.nameGiven, T1.lastName ORDER BY COUNT(T2.award) LIMIT 1"
    },
    {
        "sample_id": 7812,
        "vt": "SELECT SUM(teams.pts), coaches.coachid FROM coaches INNER JOIN Teams AS T2 ON T2.tmID = T1.tmID WHERE teams.tmid = '[placeholder-type:string]' GROUP BY coaches.coachid",
        "ba": "The virtual table summarizes the total points earned by teams coached by each coach, identified by their unique coach ID. It combines data from the 'coaches' and 'teams' tables, filtering results based on a specific team ID. The results are grouped by the coach's ID to show the total points for each coach's team.",
        "gold_complexity": 11,
        "gold_sql": "SELECT SUM(T2.Pts), T1.coachID FROM Coaches AS T1 INNER JOIN Teams AS T2 ON T2.tmID = T1.tmID WHERE T2.tmID = 'ANA' GROUP BY T1.coachID"
    },
    {
        "sample_id": 7748,
        "vt": "SELECT coaches.coachid FROM coaches INNER JOIN Teams AS T2 ON T1.tmID = T2.tmID AND T1.year = T2.year WHERE coaches.year = [placeholder-type:numeric] AND teams.rank = [placeholder-type:numeric]",
        "ba": "The virtual table retrieves the unique identifiers of coaches from the 'coaches' table who are associated with teams that have a specific rank in a given year. The query uses an inner join to connect the 'coaches' and 'teams' tables based on the team ID and year, ensuring that only coaches from teams with the specified rank in the specified year are selected.",
        "gold_complexity": 8,
        "gold_sql": "SELECT T1.coachID FROM Coaches AS T1 INNER JOIN Teams AS T2 ON T1.tmID = T2.tmID AND T1.year = T2.year WHERE T1.year = 1969 AND T2.rank = 4"
    },
    {
        "sample_id": 7777,
        "vt": "SELECT teamssc.w FROM teams INNER JOIN TeamsSC AS T2 ON T1.tmID = T2.tmID AND T1.year = T2.year WHERE teams.name = '[placeholder-type:string]' AND teamssc.pim = [placeholder-type:numeric]",
        "ba": "The virtual table describes the number of wins from the 'teamssc' table for a specific team based on its name and penalty minutes. It joins the 'teams' table with the 'teamssc' table to filter the results according to the specified team name and penalty minutes.",
        "gold_complexity": 8,
        "gold_sql": "SELECT T2.W FROM Teams AS T1 INNER JOIN TeamsSC AS T2 ON T1.tmID = T2.tmID AND T1.year = T2.year WHERE T1.name = 'Montreal Canadiens' AND T2.PIM = 24"
    },
    {
        "sample_id": 7733,
        "vt": "SELECT scoring.year, scoring.year - master.birthyear FROM scoring INNER JOIN Master AS T2 ON T1.playerID = T2.playerID GROUP BY scoring.year, scoring.year - master.birthyear ORDER BY SUM(scoring.g) LIMIT [placeholder-type:numeric]",
        "ba": "The virtual table provides a summary of the years in which players scored, along with their ages during those years. It combines data from the 'scoring' table, which contains player performance statistics, and the 'master' table, which holds player birth years. The results are grouped by year and age, and ordered by the total number of goals scored, with a limit on the number of results returned.",
        "gold_complexity": 14,
        "gold_sql": "SELECT T1.year, T1.year - T2.birthYear FROM Scoring AS T1 INNER JOIN Master AS T2 ON T1.playerID = T2.playerID GROUP BY T1.year, T1.year - T2.birthYear ORDER BY SUM(T1.G) DESC LIMIT 1"
    },
    {
        "sample_id": 7794,
        "vt": "SELECT SUM(goalies.gp) FROM goalies INNER JOIN Master AS T2 ON T1.playerID = T2.playerID WHERE master.legendsid = '[placeholder-type:string]'",
        "ba": "The virtual table calculates the total number of games played by goalies from the 'goalies' table, joining it with the 'master' table to filter by a specific legend's ID. The placeholder in the WHERE clause represents the unique identifier for the legend.",
        "gold_complexity": 7,
        "gold_sql": "SELECT SUM(T1.GP) FROM Goalies AS T1 INNER JOIN Master AS T2 ON T1.playerID = T2.playerID WHERE T2.legendsID = 'P196402'"
    },
    {
        "sample_id": 7693,
        "vt": "SELECT master.firstname, master.lastname FROM master INNER JOIN Goalies AS T2 ON T1.playerID = T2.playerID GROUP BY goalies.playerid, master.height HAVING SUM(goalies.eng) > [placeholder-type:numeric] ORDER BY master.height LIMIT [placeholder-type:numeric]",
        "ba": "The virtual table describes the first and last names of players from the 'master' table who are also goalies, filtered by the number of empty net goals they have allowed. The results are grouped by player ID and height, ensuring that only those goalies who have allowed more than a specified number of empty net goals are included. The output is ordered by height and limited to a specified number of results.",
        "gold_complexity": 16,
        "gold_sql": "SELECT T1.firstName, T1.lastName FROM Master AS T1 INNER JOIN Goalies AS T2 ON T1.playerID = T2.playerID GROUP BY T2.playerID, T1.height HAVING SUM(T2.ENG) > 10 ORDER BY T1.height DESC LIMIT 1"
    },
    {
        "sample_id": 7798,
        "vt": "SELECT COUNT(DISTINCT T1.playerID) FROM goalies INNER JOIN Master AS T2 ON T1.playerID = T2.playerID INNER JOIN Teams AS T3 ON T1.tmID = T3.tmID AND T1.year = T3.year WHERE teams.name = '[placeholder-type:string]' AND NOT master.hofid IS NULL",
        "ba": "The virtual table counts the distinct number of players who have played as goalies for a specific team in a given year, while also ensuring that these players are recognized in the Hall of Fame. The placeholders represent the team name that is being queried.",
        "gold_complexity": 11,
        "gold_sql": "SELECT COUNT(DISTINCT T1.playerID) FROM Goalies AS T1 INNER JOIN Master AS T2 ON T1.playerID = T2.playerID INNER JOIN Teams AS T3 ON T1.tmID = T3.tmID AND T1.year = T3.year WHERE T3.name = 'Haileybury Hockey Club' AND T2.hofID IS NOT NULL"
    },
    {
        "sample_id": 7730,
        "vt": "SELECT SUM(goalies.postga) FROM goalies WHERE goalies.lgid = '[placeholder-type:string]' AND goalies.year = '[placeholder-type:string]' GROUP BY goalies.playerid ORDER BY SUM(goalies.postga) LIMIT [placeholder-type:numeric]",
        "ba": "The virtual table summarizes the total goals against for goalies in a specific league and year. The results are grouped by each goalie's player ID, allowing for an analysis of individual performance. The placeholder in the WHERE clause represents the league ID and year, while the LIMIT placeholder controls the number of results returned, focusing on the top goalies based on goals against.",
        "gold_complexity": 12,
        "gold_sql": "SELECT SUM(PostGA) FROM Goalies WHERE lgID = 'WCHL' AND year = '1924' GROUP BY playerID ORDER BY SUM(PostGA) DESC LIMIT 1"
    },
    {
        "sample_id": 7700,
        "vt": "SELECT coaches.coachid FROM coaches INNER JOIN Teams AS T2 ON T1.tmID = T2.tmID WHERE teams.year = [placeholder-type:numeric] ORDER BY CAST(teams.ppg AS FLOAT) / teams.ppc LIMIT [placeholder-type:numeric]",
        "ba": "The virtual table retrieves the unique identifiers of coaches from the 'coaches' table who are associated with teams in a specific year. The results are filtered based on the year of the teams and ordered by the power play percentage, which is calculated as the ratio of power play goals to power play chances. The output is limited to a specified number of results.",
        "gold_complexity": 11,
        "gold_sql": "SELECT T1.coachID FROM Coaches AS T1 INNER JOIN Teams AS T2 ON T1.tmID = T2.tmID WHERE T2.year = 2011 ORDER BY CAST(T2.PPG AS REAL) / T2.PPC DESC LIMIT 1"
    },
    {
        "sample_id": 7678,
        "vt": "SELECT master.birthcountry FROM master INNER JOIN HOF AS T2 ON T1.hofID = T2.hofID GROUP BY master.birthcountry ORDER BY COUNT(master.playerid) LIMIT [placeholder-type:numeric]",
        "ba": "The virtual table retrieves the birth countries of players from the 'master' table who are also listed in the 'hof' (Hall of Fame) table. It groups the results by birth country and orders them based on the count of players from each country, limiting the results to a specified number.",
        "gold_complexity": 10,
        "gold_sql": "SELECT T1.birthCountry FROM Master AS T1 INNER JOIN HOF AS T2 ON T1.hofID = T2.hofID GROUP BY T1.birthCountry ORDER BY COUNT(T1.playerID) DESC LIMIT 1"
    },
    {
        "sample_id": 7763,
        "vt": "SELECT teamvsteam.w FROM teamvsteam INNER JOIN Teams AS T2 ON T1.tmID = T2.tmID AND T1.year = T2.year WHERE teamvsteam.year = [placeholder-type:numeric] AND teamvsteam.tmid = (SELECT DISTINCT teams.tmid FROM Teams WHERE name = 'Philadelphia Flyers') AND teamvsteam.oppid = (SELECT DISTINCT teams.tmid FROM Teams WHERE name = 'Boston Bruins')",
        "ba": "The virtual table provides the number of wins for a specific team against a specific opponent in a given year. It retrieves data from the 'teamvsteam' table and joins it with the 'Teams' table to ensure that the team IDs and years match. The placeholders represent the year, the team name for the Philadelphia Flyers, and the opponent name for the Boston Bruins.",
        "gold_complexity": 16,
        "gold_sql": "SELECT T1.W FROM TeamVsTeam AS T1 INNER JOIN Teams AS T2 ON T1.tmID = T2.tmID AND T1.year = T2.year WHERE T1.year = 1985 AND T1.tmID = ( SELECT DISTINCT tmID FROM Teams WHERE name = 'Philadelphia Flyers' ) AND T1.oppID = ( SELECT DISTINCT tmID FROM Teams WHERE name = 'Boston Bruins' )"
    },
    {
        "sample_id": 7641,
        "vt": "SELECT master.namegiven, master.birthyear, master.birthmon, master.birthday, teams.name FROM goalies INNER JOIN Master AS T2 ON T2.playerID = T1.playerID INNER JOIN Teams AS T3 ON T3.lgID = T1.lgID WHERE teams.tmid = '[placeholder-type:string]' GROUP BY master.namegiven, master.birthyear, master.birthmon, master.birthday, teams.name ORDER BY COUNT(master.coachid) LIMIT [placeholder-type:numeric]",
        "ba": "The virtual table provides information about goalies, including their given names and birth dates, along with the names of the teams they played for. It filters the results based on a specific team ID and groups the data to avoid duplicates, ordering the results by the count of coaches associated with each goalie, while limiting the number of results returned.",
        "gold_complexity": 29,
        "gold_sql": "SELECT T2.nameGiven , T2.birthYear, T2.birthMon, T2.birthDay, T3.name FROM Goalies AS T1 INNER JOIN Master AS T2 ON T2.playerID = T1.playerID INNER JOIN Teams AS T3 ON T3.lgID = T1.lgID WHERE T3.tmID = 'MTL' GROUP BY T2.nameGiven, T2.birthYear, T2.birthMon, T2.birthDay, T3.name ORDER BY COUNT(T2.coachID) DESC LIMIT 1"
    },
    {
        "sample_id": 7675,
        "vt": "SELECT master.birthmon FROM master INNER JOIN AwardsPlayers AS T2 ON T1.playerID = T2.playerID GROUP BY awardsplayers.playerid ORDER BY COUNT(awardsplayers.award) LIMIT [placeholder-type:numeric]",
        "ba": "The virtual table retrieves the birth month of players from the 'master' table who have received awards, as indicated in the 'awardsplayers' table. It groups the results by player ID and orders them based on the count of awards each player has received, limiting the output to a specified number of players.",
        "gold_complexity": 10,
        "gold_sql": "SELECT T1.birthMon FROM Master AS T1 INNER JOIN AwardsPlayers AS T2 ON T1.playerID = T2.playerID GROUP BY T2.playerID ORDER BY COUNT(T2.award) DESC LIMIT 1"
    },
    {
        "sample_id": 7711,
        "vt": "SELECT master.birthyear, master.birthmon, master.birthday FROM master INNER JOIN Goalies AS T2 ON T1.playerID = T2.playerID WHERE goalies.year = [placeholder-type:numeric] ORDER BY goalies.ga LIMIT [placeholder-type:numeric]",
        "ba": "The virtual table provides the birth year, month, and day of players who have played as goalies in a specific year. It retrieves data from the 'master' table, which contains player identification and birth details, and joins it with the 'goalies' table to filter for goalies based on the specified year. The results are ordered by the goals against (ga) statistic and limited to a specified number of entries.",
        "gold_complexity": 14,
        "gold_sql": "SELECT T1.birthYear, T1.birthMon, birthDay FROM Master AS T1 INNER JOIN Goalies AS T2 ON T1.playerID = T2.playerID WHERE T2.year = 1965 ORDER BY T2.GA DESC LIMIT 1"
    },
    {
        "sample_id": 7713,
        "vt": "SELECT master.weight FROM master INNER JOIN Scoring AS T2 ON T1.playerID = T2.playerID WHERE scoring.year > [placeholder-type:numeric] GROUP BY master.playerid, master.weight ORDER BY SUM(scoring.ppg) LIMIT [placeholder-type:numeric]",
        "ba": "The virtual table retrieves the weights of players from the 'master' table who have participated in scoring during a specific year. It joins the 'master' table with the 'scoring' table to filter players based on their performance in terms of power play goals (ppg). The results are grouped by player ID and weight, and ordered by the total power play goals scored, with a limit on the number of results returned.",
        "gold_complexity": 14,
        "gold_sql": "SELECT T1.weight FROM Master AS T1 INNER JOIN Scoring AS T2 ON T1.playerID = T2.playerID WHERE T2.year > 2000 GROUP BY T1.playerID, T1.weight ORDER BY SUM(T2.PPG) DESC LIMIT 1"
    },
    {
        "sample_id": 7638,
        "vt": "SELECT DISTINCT master.namegiven, teams.name, teams.year FROM coaches INNER JOIN Master AS T2 ON T2.coachID = T1.coachID INNER JOIN Teams AS T3 ON T1.lgID = T3.lgID WHERE NOT master.playerid IS NULL AND NOT master.coachid IS NULL",
        "ba": "The virtual table provides a distinct list of names of individuals who have both player and coach IDs, along with the names of the teams they coached and the corresponding years. It combines data from the 'coaches', 'master', and 'teams' tables, ensuring that only those individuals who have transitioned from players to coaches are included.",
        "gold_complexity": 14,
        "gold_sql": "SELECT DISTINCT T2.nameGiven, T3.name, T3.year FROM Coaches AS T1 INNER JOIN Master AS T2 ON T2.coachID = T1.coachID INNER JOIN Teams AS T3 ON T1.lgID = T3.lgID WHERE T2.playerID IS NOT NULL AND T2.coachID IS NOT NULL"
    },
    {
        "sample_id": 7626,
        "vt": "SELECT DISTINCT master.namenick, teams.year, teams.name FROM master INNER JOIN Goalies AS T2 ON T1.playerID = T2.playerID INNER JOIN Teams AS T3 ON T2.tmID = T3.tmID WHERE master.playerid = '[placeholder-type:string]'",
        "ba": "The virtual table provides a distinct list of nicknames, years, and full team names for goalies from the 'master' table who have played in a specific year. The query joins the 'master' table with the 'goalies' table to filter by player ID and then joins with the 'teams' table to get the corresponding team names.",
        "gold_complexity": 13,
        "gold_sql": "SELECT DISTINCT T1.nameNick, T3.year, T3.name FROM Master AS T1 INNER JOIN Goalies AS T2 ON T1.playerID = T2.playerID INNER JOIN Teams AS T3 ON T2.tmID = T3.tmID WHERE T1.playerID = 'aubinje01'"
    },
    {
        "sample_id": 7782,
        "vt": "SELECT SUM(teamssc.w / teamssc.g) / SUM(teamssc.g + teamssc.w) FROM teams INNER JOIN TeamsSC AS T2 ON T1.tmID = T2.tmID AND T1.year = T2.year WHERE teams.name = '[placeholder-type:string]'",
        "ba": "The virtual table calculates the winning percentage of a specific team by summing the wins and games played from the 'teamssc' table, and then dividing the total wins by the total games played. The placeholder in the WHERE clause represents the name of the team for which the winning percentage is being calculated.",
        "gold_complexity": 8,
        "gold_sql": "SELECT SUM(T2.W / T2.G) / SUM(T2.G + T2.W) FROM Teams AS T1 INNER JOIN TeamsSC AS T2 ON T1.tmID = T2.tmID AND T1.year = T2.year WHERE T1.name = 'Montreal Canadiens'"
    },
    {
        "sample_id": 7668,
        "vt": "SELECT DISTINCT master.birthcity FROM master INNER JOIN AwardsPlayers AS T2 ON T1.playerID = T2.playerID WHERE awardsplayers.year = [placeholder-type:numeric]",
        "ba": "The virtual table retrieves distinct birth cities of players from the 'master' table who have received awards in a specific year. The query joins the 'master' table with the 'awardsplayers' table to filter players based on the year of the award, using a placeholder for the year value.",
        "gold_complexity": 8,
        "gold_sql": "SELECT DISTINCT T1.birthCity FROM Master AS T1 INNER JOIN AwardsPlayers AS T2 ON T1.playerID = T2.playerID WHERE T2.year = 1970"
    },
    {
        "sample_id": 7741,
        "vt": "SELECT master.lastnhl - master.birthyear FROM goaliessc INNER JOIN Master AS T2 ON T1.playerID = T2.playerID WHERE NOT master.lastnhl IS NULL GROUP BY master.lastnhl, master.birthyear ORDER BY SUM(goaliessc.ga) LIMIT [placeholder-type:numeric]",
        "ba": "The virtual table calculates the difference between the last NHL season year and the birth year of players who have played as goalies, filtering out those without a recorded last NHL season. It groups the results by the last NHL season and birth year, ordering them by the total goals against (GA) in the goaliessc table, and limits the output to a specified number of results.",
        "gold_complexity": 15,
        "gold_sql": "SELECT T2.lastNHL - T2.birthYear FROM GoaliesSC AS T1 INNER JOIN Master AS T2 ON T1.playerID = T2.playerID WHERE T2.lastNHL IS NOT NULL GROUP BY T2.lastNHL, T2.birthYear ORDER BY SUM(GA) LIMIT 1"
    },
    {
        "sample_id": 7737,
        "vt": "SELECT DISTINCT coaches.coachid, awardscoaches.award FROM awardscoaches INNER JOIN Coaches AS T2 ON T1.coachID = T2.coachID GROUP BY coaches.coachid, awardscoaches.award ORDER BY SUM(coaches.w) LIMIT [placeholder-type:numeric]",
        "ba": "The virtual table lists distinct coach IDs along with the awards they have received. It combines data from the 'awardscoaches' and 'coaches' tables, grouping the results by coach ID and award name. The results are ordered by the total number of wins associated with each coach, and a limit is applied to restrict the number of records returned based on a specified numeric value.",
        "gold_complexity": 15,
        "gold_sql": "SELECT DISTINCT T2.coachID, T1.award FROM AwardsCoaches AS T1 INNER JOIN Coaches AS T2 ON T1.coachID = T2.coachID GROUP BY T2.coachID, T1.award ORDER BY SUM(T2.w) DESC LIMIT 1"
    },
    {
        "sample_id": 7790,
        "vt": "SELECT master.firstname, master.lastname FROM goalies INNER JOIN Master AS T2 ON T1.playerID = T2.playerID WHERE goalies.eng = [placeholder-type:numeric] ORDER BY master.height LIMIT [placeholder-type:numeric]",
        "ba": "The virtual table describes the first and last names of goalies from the 'goalies' table who have a specific number of empty net goals. The query joins the 'goalies' table with the 'master' table to retrieve the names of the goalies based on their player ID, and it filters the results based on the number of empty net goals using a numeric placeholder. The results are ordered by the height of the goalies and limited to a specified number of entries.",
        "gold_complexity": 12,
        "gold_sql": "SELECT T2.firstName, T2.lastName FROM Goalies AS T1 INNER JOIN Master AS T2 ON T1.playerID = T2.playerID WHERE T1.ENG = 10 ORDER BY T2.height DESC LIMIT 1"
    },
    {
        "sample_id": 7666,
        "vt": "SELECT DISTINCT master.firstname, master.lastname FROM master INNER JOIN HOF AS T2 ON T1.hofID = T2.hofID WHERE master.shootcatch IS NULL",
        "ba": "The virtual table describes the distinct first and last names of players from the 'master' table who have not specified their shooting or catching hand, and who are also included in the Hall of Fame (HOF) based on their hall of fame ID.",
        "gold_complexity": 10,
        "gold_sql": "SELECT DISTINCT T1.firstName, T1.lastName FROM Master AS T1 INNER JOIN HOF AS T2 ON T1.hofID = T2.hofID WHERE T1.shootCatch IS NULL"
    },
    {
        "sample_id": 7654,
        "vt": "SELECT COUNT(hof.hofid) FROM hof WHERE hof.category = '[placeholder-type:string]'",
        "ba": "The virtual table counts the number of entries in the 'hof' table where the category of the Hall of Fame is specified. The placeholder in the WHERE clause represents the category of the Hall of Fame.",
        "gold_complexity": 6,
        "gold_sql": "SELECT COUNT(hofID) FROM HOF WHERE category = 'Builder'"
    },
    {
        "sample_id": 7760,
        "vt": "SELECT COUNT(teamssc.tmid) FROM teamssc INNER JOIN Teams AS T2 ON T1.tmID = T2.tmID AND T1.year = T2.year WHERE teamssc.year = '[placeholder-type:string]' AND teams.pts > [placeholder-type:numeric]",
        "ba": "The virtual table counts the number of teams from the 'teamssc' table that have a certain number of points in a specified year. It joins the 'teamssc' table with the 'Teams' table based on the team ID and year, filtering for teams that have points greater than a specified value.",
        "gold_complexity": 9,
        "gold_sql": "SELECT COUNT(T1.tmID) FROM TeamsSC AS T1 INNER JOIN Teams AS T2 ON T1.tmID = T2.tmID AND T1.year = T2.year WHERE T1.year = '1922' AND T2.Pts > 20"
    },
    {
        "sample_id": 7659,
        "vt": "SELECT COUNT(coaches.coachid) FROM master INNER JOIN Coaches AS T2 ON T1.coachID = T2.coachID WHERE coaches.w > [placeholder-type:numeric] AND master.birthcountry = '[placeholder-type:string]'",
        "ba": "The virtual table counts the number of coaches from the 'master' table who have a winning record greater than a specified number and were born in a specific country. The placeholders represent the minimum winning record and the country of birth.",
        "gold_complexity": 9,
        "gold_sql": "SELECT COUNT(T2.coachID) FROM Master AS T1 INNER JOIN Coaches AS T2 ON T1.coachID = T2.coachID WHERE T2.W > 30 AND T1.birthCountry = 'USA'"
    },
    {
        "sample_id": 7651,
        "vt": "SELECT DISTINCT goalies.year FROM goalies WHERE goalies.lgid = '[placeholder-type:string]' AND NOT goalies.sa IS NULL",
        "ba": "The virtual table lists the distinct years in which goalies played, filtered by a specific league ID. The placeholder in the WHERE clause represents the league's abbreviated name, ensuring that only relevant data is retrieved for goalies who have recorded shots against.",
        "gold_complexity": 9,
        "gold_sql": "SELECT DISTINCT year FROM Goalies WHERE lgID = 'NHL' AND SA IS NOT NULL"
    },
    {
        "sample_id": 7642,
        "vt": "SELECT DISTINCT master.firstname, master.lastname, teams.name FROM master INNER JOIN Goalies AS T2 ON T1.playerID = T2.playerID INNER JOIN Teams AS T3 ON T2.year = T3.year AND T2.tmID = T3.tmID WHERE master.pos = '[placeholder-type:string]' AND goalies.l > goalies.w GROUP BY master.firstname, master.lastname, teams.name HAVING COUNT(teams.year) > [placeholder-type:numeric]",
        "ba": "The virtual table provides a list of distinct first and last names of players from the 'master' table who are goalies, along with their team names from the 'teams' table. It filters for goalies who have lost more games than they have won and groups the results by player name and team name. Additionally, it requires that the player's position matches a specified value and that the number of years they played exceeds a certain numeric threshold.",
        "gold_complexity": 22,
        "gold_sql": "SELECT DISTINCT T1.firstName, T1.lastName, T3.name FROM Master AS T1 INNER JOIN Goalies AS T2 ON T1.playerID = T2.playerID INNER JOIN Teams AS T3 ON T2.year = T3.year AND T2.tmID = T3.tmID WHERE T1.pos = 'G' AND T2.L > T2.W GROUP BY T1.firstName, T1.lastName, T3.name HAVING COUNT(T3.year) > 2"
    },
    {
        "sample_id": 7756,
        "vt": "SELECT teams.name FROM teams WHERE teams.year = [placeholder-type:numeric] GROUP BY teams.tmid, teams.name ORDER BY SUM(teams.pim) LIMIT [placeholder-type:numeric]",
        "ba": "The virtual table lists the names of teams from the 'teams' table for a specific year. The results are grouped by team ID and name, and ordered by the total penalty minutes (pim) incurred by each team, limiting the output to a specified number of teams.",
        "gold_complexity": 13,
        "gold_sql": "SELECT name FROM Teams WHERE year = 2006 GROUP BY tmID, name ORDER BY SUM(PIM) DESC LIMIT 3"
    },
    {
        "sample_id": 7728,
        "vt": "SELECT teamsplits.tmid FROM teamsplits WHERE teamsplits.year = '[placeholder-type:string]' ORDER BY teamsplits.rw LIMIT [placeholder-type:numeric]",
        "ba": "The virtual table lists the team IDs from the 'teamsplits' table for a specific year, ordered by the number of road wins. The placeholders allow users to specify the year and limit the number of results returned.",
        "gold_complexity": 9,
        "gold_sql": "SELECT tmID FROM TeamSplits WHERE YEAR = '2005' ORDER BY rW DESC LIMIT 1"
    },
    {
        "sample_id": 7745,
        "vt": "SELECT master.namegiven, master.lastname FROM scoring INNER JOIN Master AS T2 ON T1.playerID = T2.playerID WHERE scoring.shg BETWEEN [placeholder-type:numeric] AND [placeholder-type:numeric] ORDER BY scoring.gwg LIMIT [placeholder-type:numeric]",
        "ba": "The virtual table provides a list of players' given names and last names from the 'master' table who have scored a specific range of shorthanded goals in the 'scoring' table. The results are ordered by game-winning goals and limited to a specified number of entries.",
        "gold_complexity": 12,
        "gold_sql": "SELECT T2.nameGiven, T2.lastName FROM Scoring AS T1 INNER JOIN Master AS T2 ON T1.playerID = T2.playerID WHERE T1.SHG BETWEEN 1 AND 5 ORDER BY T1.GWG DESC LIMIT 1"
    },
    {
        "sample_id": 7613,
        "vt": "SELECT master.namegiven FROM master WHERE master.shootcatch IS NULL AND master.pos = '[placeholder-type:string]'",
        "ba": "The virtual table describes the given names of players from the 'master' table who are ambidextrous in shooting or catching (indicated by a NULL value in the 'shootcatch' column) and play a specific position. The placeholder in the WHERE clause represents the player's position.",
        "gold_complexity": 8,
        "gold_sql": "SELECT nameGiven FROM Master WHERE shootCatch IS NULL AND pos = 'F'"
    },
    {
        "sample_id": 7698,
        "vt": "SELECT SUM(goalies.sho) FROM scoring INNER JOIN Goalies AS T2 ON T1.playerID = T2.playerID WHERE goalies.year = [placeholder-type:numeric] GROUP BY goalies.tmid ORDER BY SUM(goalies.postsho) LIMIT [placeholder-type:numeric]",
        "ba": "The virtual table summarizes the total shutouts achieved by goalies in a specific year, grouped by team. It retrieves the sum of shutouts from the 'goalies' table, joining it with the 'scoring' table to correlate player performance. The results are ordered by the total postseason shutouts and limited to a specified number of entries.",
        "gold_complexity": 12,
        "gold_sql": "SELECT SUM(T2.SHO) FROM Scoring AS T1 INNER JOIN Goalies AS T2 ON T1.playerID = T2.playerID WHERE T2.year = 1995 GROUP BY T2.tmID ORDER BY SUM(T2.PostSHO) DESC LIMIT 1"
    },
    {
        "sample_id": 7771,
        "vt": "SELECT COUNT(DISTINCT T3.coachID) FROM coaches INNER JOIN Teams AS T2 ON T1.year = T2.year AND T1.tmID = T2.tmID INNER JOIN Master AS T3 ON T1.coachID = T3.coachID WHERE teams.name = '[placeholder-type:string]' AND NOT master.deathyear IS NULL",
        "ba": "The virtual table counts the distinct number of coaches from the 'coaches' table who have coached a specific team in a given year, where the team name is specified. It filters out any coaches who have a recorded death year, ensuring that only living coaches are counted. The query joins the 'coaches', 'teams', and 'master' tables to gather the necessary information.",
        "gold_complexity": 11,
        "gold_sql": "SELECT COUNT(DISTINCT T3.coachID) FROM Coaches AS T1 INNER JOIN Teams AS T2 ON T1.year = T2.year AND T1.tmID = T2.tmID INNER JOIN Master AS T3 ON T1.coachID = T3.coachID WHERE T2.name = 'Buffalo Sabres' AND T3.deathYear IS NOT NULL"
    },
    {
        "sample_id": 7773,
        "vt": "SELECT COUNT(DISTINCT T3.coachID) FROM coaches INNER JOIN TeamsSC AS T2 ON T1.year = T2.year AND T1.tmID = T2.tmID INNER JOIN Master AS T3 ON T1.coachID = T3.coachID WHERE teamssc.year = [placeholder-type:numeric] AND master.birthcountry = '[placeholder-type:string]'",
        "ba": "The virtual table counts the distinct number of coaches from the 'coaches' table who have coached teams in a specific year and belong to a specific country. It joins the 'coaches' table with the 'teamsSC' table to filter by year and team ID, and then further joins with the 'master' table to filter by the birth country of the coaches.",
        "gold_complexity": 10,
        "gold_sql": "SELECT COUNT(DISTINCT T3.coachID) FROM Coaches AS T1 INNER JOIN TeamsSC AS T2 ON T1.year = T2.year AND T1.tmID = T2.tmID INNER JOIN Master AS T3 ON T1.coachID = T3.coachID WHERE T2.year = 1922 AND T3.birthCountry = 'USA'"
    },
    {
        "sample_id": 7684,
        "vt": "SELECT goalies.gp FROM goalies WHERE goalies.playerid = '[placeholder-type:string]' AND goalies.year = [placeholder-type:numeric]",
        "ba": "The virtual table provides the number of games played by a specific goalie in a given year from the 'goalies' table. The placeholders represent the goalie's unique identifier and the year of interest.",
        "gold_complexity": 7,
        "gold_sql": "SELECT GP FROM Goalies WHERE playerID = 'rutlewa01' AND year = 1967"
    },
    {
        "sample_id": 7670,
        "vt": "SELECT COUNT(master.playerid) FROM master INNER JOIN AwardsPlayers AS T2 ON T1.playerID = T2.playerID WHERE awardsplayers.award = '[placeholder-type:string]' AND NOT master.deathyear IS NULL",
        "ba": "The virtual table counts the number of players from the 'master' table who have received a specific award from the 'awardsplayers' table and are not deceased. The placeholder in the WHERE clause represents the name of the award.",
        "gold_complexity": 9,
        "gold_sql": "SELECT COUNT(T1.playerID) FROM Master AS T1 INNER JOIN AwardsPlayers AS T2 ON T1.playerID = T2.playerID WHERE T2.award = 'All-Rookie' AND T1.deathYear IS NOT NULL"
    },
    {
        "sample_id": 7722,
        "vt": "SELECT teams.benchminor, teams.name FROM teams ORDER BY teams.t LIMIT [placeholder-type:numeric]",
        "ba": "The virtual table displays the number of bench minor penalties and the full names of teams from the 'teams' table, sorted in ascending order based on the number of bench minors. The placeholder in the LIMIT clause represents the maximum number of records to return.",
        "gold_complexity": 9,
        "gold_sql": "SELECT BenchMinor, name FROM Teams ORDER BY T DESC LIMIT 1"
    },
    {
        "sample_id": 7744,
        "vt": "SELECT COUNT(DISTINCT oppID), teamvsteam.tmid, teamvsteam.oppid FROM teams INNER JOIN TeamVsTeam AS T2 ON T1.year = T2.year AND T1.tmID = T2.tmID WHERE teamvsteam.year = [placeholder-type:numeric] GROUP BY teamvsteam.tmid, teamvsteam.oppid ORDER BY SUM(teamvsteam.w) LIMIT [placeholder-type:numeric]",
        "ba": "The virtual table provides a count of distinct opponents faced by each team in a specified year, along with the team ID and opponent ID. It aggregates the data from the 'teams' and 'teamvsteam' tables, filtering by the year and grouping the results by team and opponent. The results are ordered by the total number of wins against those opponents, with a limit on the number of results returned.",
        "gold_complexity": 18,
        "gold_sql": "SELECT COUNT(DISTINCT oppID), T2.tmID, T2.oppID FROM Teams AS T1 INNER JOIN TeamVsTeam AS T2 ON T1.year = T2.year AND T1.tmID = T2.tmID WHERE T2.year = 1915 GROUP BY T2.tmID, T2.oppID ORDER BY SUM(T2.W) DESC LIMIT 1"
    },
    {
        "sample_id": 7633,
        "vt": "SELECT AVG(CASE WHEN master.birthyear < [placeholder-type:numeric] THEN master.height ELSE NULL END) - AVG(CASE WHEN master.birthyear >= [placeholder-type:numeric] THEN master.height ELSE NULL END) FROM master",
        "ba": "The virtual table calculates the average height difference between players born before a specified year and those born in or after that year from the 'master' table. The placeholders represent the year used to categorize the players.",
        "gold_complexity": 5,
        "gold_sql": "SELECT AVG(IIF(birthYear < 1990, height, NULL)) - AVG(IIF(birthYear >= 1990, height, NULL)) FROM Master"
    },
    {
        "sample_id": 7634,
        "vt": "SELECT DISTINCT master.firstname, master.lastname, teams.name FROM goalies INNER JOIN Master AS T2 ON T2.playerID = T1.playerID INNER JOIN Teams AS T3 ON T1.lgID = T3.lgID WHERE NOT goalies.playerid IS NULL AND NOT master.coachid IS NULL AND master.shootcatch = '[placeholder-type:string]' AND master.pos = '[placeholder-type:string]'",
        "ba": "The virtual table describes the distinct first and last names of goalies along with their team names from the 'goalies' and 'teams' tables. It filters the results to include only those goalies who are also identified as coaches, ensuring that the player's shooting or catching hand and position are specified using placeholders.",
        "gold_complexity": 17,
        "gold_sql": "SELECT DISTINCT firstName, lastName, T3.name FROM Goalies AS T1 INNER JOIN Master AS T2 ON T2.playerID = T1.playerID INNER JOIN Teams AS T3 ON T1.lgID = T3.lgID WHERE T1.playerID IS NOT NULL AND T2.coachID IS NOT NULL AND T2.shootCatch = 'L' AND T2.pos = 'G'"
    },
    {
        "sample_id": 7649,
        "vt": "SELECT COUNT(combinedshutouts.year) FROM combinedshutouts WHERE combinedshutouts.year = [placeholder-type:numeric] AND combinedshutouts.\"r/p\" = '[placeholder-type:string]'",
        "ba": "The virtual table counts the number of combined shutouts recorded in a specific year for a given type of shutout (regular or playoff) from the 'combinedshutouts' table. The placeholders represent the year and the type of shutout.",
        "gold_complexity": 7,
        "gold_sql": "SELECT COUNT(year) FROM CombinedShutouts WHERE year = 1977 AND \"R/P\" = 'R'"
    },
    {
        "sample_id": 7673,
        "vt": "SELECT DISTINCT master.namenick FROM master INNER JOIN AwardsPlayers AS T2 ON T1.playerID = T2.playerID WHERE awardsplayers.award = '[placeholder-type:string]' AND master.birthmon = [placeholder-type:numeric]",
        "ba": "The virtual table lists unique nicknames of players from the 'master' table who have received a specific award and were born in a particular month. The query joins the 'master' table with the 'awardsplayers' table to filter players based on their award and birth month.",
        "gold_complexity": 9,
        "gold_sql": "SELECT DISTINCT T1.nameNick FROM Master AS T1 INNER JOIN AwardsPlayers AS T2 ON T1.playerID = T2.playerID WHERE T2.award = 'All-Rookie' AND T1.birthMon = 3"
    },
    {
        "sample_id": 7660,
        "vt": "SELECT COUNT(coaches.coachid) FROM master INNER JOIN Coaches AS T2 ON T1.coachID = T2.coachID WHERE coaches.lgid = '[placeholder-type:string]' AND master.birthcountry = '[placeholder-type:string]'",
        "ba": "The virtual table counts the number of coaches from the 'master' table who are associated with a specific league and were born in a specific country. The placeholders represent the league ID and the birth country of the coaches.",
        "gold_complexity": 8,
        "gold_sql": "SELECT COUNT(T2.coachID) FROM Master AS T1 INNER JOIN Coaches AS T2 ON T1.coachID = T2.coachID WHERE T2.lgID = 'NHL' AND T1.birthCountry = 'Canada'"
    },
    {
        "sample_id": 7746,
        "vt": "SELECT SUM(coaches.l), coaches.coachid FROM coaches INNER JOIN Teams AS T2 ON T1.tmID = T2.tmID AND T1.year = T2.year WHERE coaches.notes = '[placeholder-type:string]' AND coaches.year = '[placeholder-type:string]' AND teams.name = '[placeholder-type:string]' GROUP BY coaches.coachid",
        "ba": "The virtual table summarizes the total number of losses for each coach from the 'coaches' table, filtered by specific notes, year, and team name. The results are grouped by the coach's ID, allowing for an aggregated view of losses per coach based on the provided criteria.",
        "gold_complexity": 13,
        "gold_sql": "SELECT SUM(T1.l), T1.coachID FROM Coaches AS T1 INNER JOIN Teams AS T2 ON T1.tmID = T2.tmID AND T1.year = T2.year WHERE T1.notes = 'interim' AND T1.year = '1997' AND T2.name = 'Tampa Bay Lightning' GROUP BY T1.coachID"
    },
    {
        "sample_id": 7804,
        "vt": "SELECT DISTINCT master.firstname, master.lastname FROM master WHERE master.birthcountry = '[placeholder-type:string]'",
        "ba": "The virtual table describes the distinct first and last names of players from the 'master' table who were born in a specific country. The placeholder in the WHERE clause represents the name of the country.",
        "gold_complexity": 9,
        "gold_sql": "SELECT DISTINCT firstName, lastName FROM Master WHERE birthCountry = 'Finland'"
    },
    {
        "sample_id": 7774,
        "vt": "SELECT teams.name FROM teamvsteam INNER JOIN Teams AS T2 ON T1.year = T2.year AND T1.oppID = T2.tmID INNER JOIN Teams AS T3 ON T1.year = T3.year AND T1.tmID = T3.tmID WHERE teamvsteam.year = [placeholder-type:numeric] AND teams.name = '[placeholder-type:string]' GROUP BY teams.name ORDER BY SUM(teams.g) LIMIT [placeholder-type:numeric]",
        "ba": "The virtual table describes the names of teams from the 'teamvsteam' table that have played against a specified opponent in a given year. The query joins the 'teamvsteam' table with the 'Teams' table twice to retrieve the names of both the specified team and its opponent, filtering by the year and grouping the results by team name. The results are ordered by the total number of games played by the teams, with a limit on the number of results returned.",
        "gold_complexity": 13,
        "gold_sql": "SELECT T3.name FROM TeamVsTeam AS T1 INNER JOIN Teams AS T2 ON T1.year = T2.year AND T1.oppID = T2.tmID INNER JOIN Teams AS T3 ON T1.year = T3.year AND T1.tmID = T3.tmID WHERE T1.year = 2000 AND T2.name = 'Buffalo Sabres' GROUP BY T3.name ORDER BY SUM(T2.G) DESC LIMIT 1"
    },
    {
        "sample_id": 7657,
        "vt": "SELECT CASE WHEN master.hofid IS NULL THEN '[placeholder-type:string]' ELSE hof.year END FROM master LEFT JOIN HOF AS T2 ON T1.hofID = T2.hofID WHERE master.height = (SELECT MAX(master.height) FROM Master)",
        "ba": "The virtual table retrieves the year of induction into the Hall of Fame for the tallest player in the 'master' table. If the player is not in the Hall of Fame, it returns a placeholder value. The query uses a LEFT JOIN to connect the 'master' table with the 'hof' table based on the Hall of Fame ID, and it filters for the maximum height from the 'master' table.",
        "gold_complexity": 11,
        "gold_sql": "SELECT CASE WHEN T1.hofID IS NULL THEN 'NO' ELSE T2.year END FROM Master AS T1 LEFT JOIN HOF AS T2 ON T1.hofID = T2.hofID WHERE T1.height = ( SELECT MAX(height) FROM Master )"
    },
    {
        "sample_id": 7646,
        "vt": "SELECT COUNT(awardsmisc.note) FROM awardsmisc WHERE NOT awardsmisc.note IS NULL",
        "ba": "The virtual table counts the number of non-null notes associated with awards from the 'awardsmisc' table. The placeholder in the WHERE clause indicates that only notes that are not empty or null are considered in the count.",
        "gold_complexity": 6,
        "gold_sql": "SELECT COUNT(note) FROM AwardsMisc WHERE note IS NOT NULL"
    },
    {
        "sample_id": 7699,
        "vt": "SELECT coaches.coachid, master.namenick FROM master INNER JOIN Coaches AS T2 ON T1.coachID = T2.coachID WHERE coaches.year = [placeholder-type:numeric] ORDER BY CAST(coaches.w AS FLOAT) / (coaches.w + coaches.l) LIMIT [placeholder-type:numeric]",
        "ba": "The virtual table provides a list of coach IDs and their nicknames from the 'master' table, filtered by the year they coached. It calculates the winning rate of each coach by dividing the number of wins by the total number of games (wins + losses) and orders the results based on this winning rate. The placeholders allow users to specify the year and limit the number of results returned.",
        "gold_complexity": 13,
        "gold_sql": "SELECT T2.coachID, T1.nameNick FROM Master AS T1 INNER JOIN Coaches AS T2 ON T1.coachID = T2.coachID WHERE T2.year = 2009 ORDER BY CAST(T2.W AS REAL) / (T2.W + T2.L) DESC LIMIT 1"
    },
    {
        "sample_id": 7702,
        "vt": "SELECT COUNT(scoringsc.year) FROM scoringsc WHERE scoringsc.playerid = '[placeholder-type:string]'",
        "ba": "The virtual table counts the number of seasons a specific player has participated in, as recorded in the 'scoringsc' table. The placeholder represents the unique identifier for the player.",
        "gold_complexity": 6,
        "gold_sql": "SELECT COUNT(year) FROM ScoringSC WHERE playerID = 'cleghsp01'"
    },
    {
        "sample_id": 7778,
        "vt": "SELECT teams.year FROM teams INNER JOIN TeamsSC AS T2 ON T1.tmID = T2.tmID AND T1.year = T2.year WHERE teams.name = '[placeholder-type:string]' AND teamssc.pim = [placeholder-type:numeric]",
        "ba": "The virtual table retrieves the years in which a specific team, identified by its name, has played, while also filtering for teams that have a specific number of penalty minutes recorded in the 'TeamsSC' table. The placeholders allow users to specify the team name and the penalty minutes for their query.",
        "gold_complexity": 8,
        "gold_sql": "SELECT T1.year FROM Teams AS T1 INNER JOIN TeamsSC AS T2 ON T1.tmID = T2.tmID AND T1.year = T2.year WHERE T1.name = 'Montreal Canadiens' AND T2.PIM = 49"
    },
    {
        "sample_id": 7628,
        "vt": "SELECT DISTINCT master.firstname, master.lastname, (SELECT playerID, year FROM Goalies WHERE CAST(SHO AS FLOAT) / GA > 0.05).year FROM master INNER JOIN (SELECT playerID, year FROM Goalies WHERE CAST(SHO AS FLOAT) / GA > 0.05) AS T2 ON T2.playerID = T1.playerID",
        "ba": "The virtual table lists the distinct first and last names of players from the 'master' table who have a significant shutout percentage, specifically those whose shutouts divided by goals against is greater than 0.05. It also includes the year of those performances from the 'Goalies' table.",
        "gold_complexity": 19,
        "gold_sql": "SELECT DISTINCT T1.firstName, T1.lastName, T2.year FROM Master AS T1 INNER JOIN ( SELECT playerID, year FROM Goalies WHERE CAST(SHO AS REAL) / GA > 0.05 ) AS T2 ON T2.playerID = T1.playerID"
    },
    {
        "sample_id": 7792,
        "vt": "SELECT COUNT(DISTINCT T1.tmID) FROM goalies INNER JOIN Master AS T2 ON T1.playerID = T2.playerID WHERE master.lastname = '[placeholder-type:string]'",
        "ba": "The virtual table counts the distinct team IDs from the 'goalies' table for players whose last name matches a specified value. It joins the 'goalies' table with the 'master' table to filter the results based on the player's last name.",
        "gold_complexity": 8,
        "gold_sql": "SELECT COUNT(DISTINCT T1.tmID) FROM Goalies AS T1 INNER JOIN Master AS T2 ON T1.playerID = T2.playerID WHERE T2.lastName = 'Young'"
    },
    {
        "sample_id": 7707,
        "vt": "SELECT SUM(teams.w) FROM goalies INNER JOIN Teams AS T2 ON T1.tmID = T2.tmID WHERE teams.year = [placeholder-type:numeric] GROUP BY goalies.tmid HAVING COUNT(DISTINCT T1.playerID) = [placeholder-type:numeric]",
        "ba": "The virtual table calculates the total number of wins for goalies from the 'goalies' table, grouped by their team IDs. It joins the 'goalies' table with the 'Teams' table to filter the results based on a specific year. The query also ensures that only teams with a specified number of distinct goalies are included in the results.",
        "gold_complexity": 11,
        "gold_sql": "SELECT SUM(T2.W) FROM Goalies AS T1 INNER JOIN Teams AS T2 ON T1.tmID = T2.tmID WHERE T2.year = 2011 GROUP BY T1.tmID HAVING COUNT(DISTINCT T1.playerID) = 3"
    },
    {
        "sample_id": 7650,
        "vt": "SELECT COUNT(goalies.tmid) FROM goalies WHERE goalies.year = [placeholder-type:numeric] AND goalies.eng IS NULL",
        "ba": "The virtual table counts the number of goalies from the 'goalies' table who played in a specific year and did not have any empty net goals.",
        "gold_complexity": 8,
        "gold_sql": "SELECT COUNT(tmID) FROM Goalies WHERE year = 2005 AND ENG IS NULL"
    },
    {
        "sample_id": 7612,
        "vt": "SELECT master.firstname, master.lastname FROM master WHERE master.birthyear = [placeholder-type:numeric] AND master.birthcountry <> '[placeholder-type:string]'",
        "ba": "The virtual table describes the first and last names of players from the 'master' table who were born in a specific year and are not from a specified country. The placeholders represent the year of birth and the country name.",
        "gold_complexity": 10,
        "gold_sql": "SELECT firstName, lastName FROM Master WHERE birthYear = 1990 AND birthCountry != 'USA'"
    }
]