[
    {
        "sample_id": 3072,
        "vt": "SELECT COUNT(*) FROM data INNER JOIN price AS T2 ON T1.ID = T2.ID WHERE data.acceleration > [placeholder-type:numeric] AND price.price BETWEEN [placeholder-type:numeric] AND [placeholder-type:numeric]",
        "ba": "The virtual table counts the number of cars from the 'data' table that have an acceleration greater than a specified value and whose price falls within a specified range. It joins the 'data' table with the 'price' table on the car ID to access both acceleration and price information.",
        "gold_complexity": 9,
        "gold_sql": "SELECT COUNT(*) FROM data AS T1 INNER JOIN price AS T2 ON T1.ID = T2.ID WHERE T1.acceleration > 10 AND T2.price BETWEEN 20000 AND 30000"
    },
    {
        "sample_id": 3144,
        "vt": "SELECT COUNT(production.model_year) FROM data INNER JOIN production AS T2 ON T1.ID = T2.ID WHERE data.horsepower > [placeholder-type:numeric] AND production.model_year = [placeholder-type:numeric]",
        "ba": "The virtual table counts the number of car models produced in a specific year that have a horsepower greater than a specified value. It combines data from the 'data' and 'production' tables using their common ID, filtering based on horsepower and model year.",
        "gold_complexity": 9,
        "gold_sql": "SELECT COUNT(T2.model_year) FROM data AS T1 INNER JOIN production AS T2 ON T1.ID = T2.ID WHERE T1.horsepower > 200 AND T2.model_year = 1975"
    },
    {
        "sample_id": 3093,
        "vt": "SELECT price.price FROM data INNER JOIN price AS T2 ON T1.ID = T2.ID ORDER BY data.displacement / data.cylinders LIMIT [placeholder-type:numeric]",
        "ba": "The virtual table retrieves the prices of cars from the 'price' table, while joining with the 'data' table to access additional car attributes. The results are ordered by the calculated sweep volume, which is derived from the engine displacement divided by the number of cylinders, and limited to a specified number of entries.",
        "gold_complexity": 9,
        "gold_sql": "SELECT T2.price FROM data AS T1 INNER JOIN price AS T2 ON T1.ID = T2.ID ORDER BY T1.displacement / T1.cylinders DESC LIMIT 1"
    },
    {
        "sample_id": 3116,
        "vt": "SELECT DISTINCT price.price, country.country FROM price INNER JOIN production AS T2 ON T1.ID = T2.ID INNER JOIN country AS T3 ON T3.origin = T2.country INNER JOIN data AS T4 ON T4.ID = T1.ID WHERE data.car_name = '[placeholder-type:string]'",
        "ba": "The virtual table describes the distinct prices of cars along with their origin countries from the 'price' and 'country' tables. It joins the 'production' and 'data' tables to filter results based on a specific car name, represented by a placeholder.",
        "gold_complexity": 12,
        "gold_sql": "SELECT DISTINCT T1.price, T3.country FROM price AS T1 INNER JOIN production AS T2 ON T1.ID = T2.ID INNER JOIN country AS T3 ON T3.origin = T2.country INNER JOIN data AS T4 ON T4.ID = T1.ID WHERE T4.car_name = 'ford maverick'"
    },
    {
        "sample_id": 3088,
        "vt": "SELECT country.country FROM data INNER JOIN production AS T2 ON T1.ID = T2.ID INNER JOIN country AS T3 ON T3.origin = T2.country ORDER BY data.horsepower LIMIT [placeholder-type:numeric]",
        "ba": "The virtual table retrieves the names of countries associated with cars from the 'data' table, joining it with the 'production' table to link car IDs and model years, and further joining with the 'country' table to get the country names. The results are ordered by the horsepower of the cars, and a limit is applied to restrict the number of results returned.",
        "gold_complexity": 9,
        "gold_sql": "SELECT T3.country FROM data AS T1 INNER JOIN production AS T2 ON T1.ID = T2.ID INNER JOIN country AS T3 ON T3.origin = T2.country ORDER BY T1.horsepower DESC LIMIT 1"
    },
    {
        "sample_id": 3111,
        "vt": "SELECT production.model_year FROM data INNER JOIN production AS T2 ON T1.ID = T2.ID ORDER BY data.weight LIMIT [placeholder-type:numeric]",
        "ba": "The virtual table retrieves the model years of cars from the 'production' table, which are joined with the 'data' table based on their unique IDs. The results are ordered by the weight of the cars, and a limit is applied to restrict the number of results returned.",
        "gold_complexity": 8,
        "gold_sql": "SELECT T2.model_year FROM data AS T1 INNER JOIN production AS T2 ON T1.ID = T2.ID ORDER BY T1.weight DESC LIMIT 1"
    },
    {
        "sample_id": 3086,
        "vt": "SELECT data.cylinders FROM data INNER JOIN price AS T2 ON T1.ID = T2.ID ORDER BY price.price LIMIT [placeholder-type:numeric]",
        "ba": "The virtual table retrieves the number of cylinders for cars from the 'data' table, joining it with the 'price' table to access the price information. The results are ordered by the car price in ascending order, and a limit is applied to restrict the number of records returned based on a specified numeric value.",
        "gold_complexity": 8,
        "gold_sql": "SELECT T1.cylinders FROM data AS T1 INNER JOIN price AS T2 ON T1.ID = T2.ID ORDER BY price ASC LIMIT 1"
    },
    {
        "sample_id": 3130,
        "vt": "SELECT COUNT(DISTINCT T2.model_year) FROM data INNER JOIN production AS T2 ON T1.ID = T2.ID WHERE data.car_name = '[placeholder-type:string]'",
        "ba": "The virtual table counts the distinct model years of cars from the 'data' table that match a specific car name. It joins the 'data' table with the 'production' table to ensure that only relevant records are considered based on the car's ID. The placeholder in the WHERE clause represents the name of the car being queried.",
        "gold_complexity": 8,
        "gold_sql": "SELECT COUNT(DISTINCT T2.model_year) FROM data AS T1 INNER JOIN production AS T2 ON T1.ID = T2.ID WHERE T1.car_name = 'ford maverick'"
    },
    {
        "sample_id": 3127,
        "vt": "SELECT data.id, data.car_name, country.country FROM data INNER JOIN production AS T2 ON T1.ID = T2.ID INNER JOIN country AS T3 ON T3.origin = T2.country WHERE production.model_year = [placeholder-type:numeric] ORDER BY data.cylinders LIMIT [placeholder-type:numeric]",
        "ba": "The virtual table describes the unique identifiers and names of cars along with their origin countries from the 'data', 'production', and 'country' tables. It filters the results based on the model year of the cars and orders them by the number of cylinders, with a limit on the number of results returned.",
        "gold_complexity": 15,
        "gold_sql": "SELECT T1.ID, T1.car_name, T3.country FROM data AS T1 INNER JOIN production AS T2 ON T1.ID = T2.ID INNER JOIN country AS T3 ON T3.origin = T2.country WHERE T2.model_year = 1975 ORDER BY T1.cylinders DESC LIMIT 1"
    },
    {
        "sample_id": 3094,
        "vt": "SELECT data.car_name FROM data INNER JOIN production AS T2 ON T1.ID = T2.ID INNER JOIN country AS T3 ON T3.origin = T2.country WHERE country.country = '[placeholder-type:string]' ORDER BY data.horsepower LIMIT [placeholder-type:numeric]",
        "ba": "The virtual table describes the names of cars from the 'data' table that are produced in a specific country. It joins the 'data' table with the 'production' table to link car IDs and then further joins with the 'country' table to filter by the country name. The results are ordered by horsepower and limited to a specified number of entries.",
        "gold_complexity": 11,
        "gold_sql": "SELECT T1.car_name FROM data AS T1 INNER JOIN production AS T2 ON T1.ID = T2.ID INNER JOIN country AS T3 ON T3.origin = T2.country WHERE T3.country = 'Japan' ORDER BY T1.horsepower DESC LIMIT 1"
    },
    {
        "sample_id": 3121,
        "vt": "SELECT data.car_name, data.model, data.displacement / data.cylinders, production.model_year FROM data INNER JOIN production AS T2 ON T1.ID = T2.ID ORDER BY data.weight LIMIT [placeholder-type:numeric]",
        "ba": "The virtual table describes the car name, model year, engine displacement per cylinder, and the model year of the car from the 'data' and 'production' tables. The query joins these tables based on the car ID and orders the results by the weight of the car, limiting the output to a specified number of records.",
        "gold_complexity": 15,
        "gold_sql": "SELECT T1.car_name, T1.model, T1.displacement / T1.cylinders, T2.model_year FROM data AS T1 INNER JOIN production AS T2 ON T1.ID = T2.ID ORDER BY T1.weight DESC LIMIT 1"
    },
    {
        "sample_id": 3118,
        "vt": "SELECT SUM(CASE WHEN production.model_year = [placeholder-type:numeric] THEN [placeholder-type:numeric] ELSE [placeholder-type:numeric] END) - SUM(CASE WHEN production.model_year = [placeholder-type:numeric] THEN [placeholder-type:numeric] ELSE [placeholder-type:numeric] END) FROM data INNER JOIN production AS T2 ON T1.ID = T2.ID WHERE data.horsepower = [placeholder-type:numeric]",
        "ba": "The virtual table calculates the difference in sums of certain numeric values based on the model year of cars from the 'production' table. It uses conditional aggregation to sum values for specific model years and filters the results based on the horsepower of the cars from the 'data' table. The placeholders represent the model years and numeric values that can be specified by the user.",
        "gold_complexity": 7,
        "gold_sql": "SELECT SUM(CASE WHEN T2.model_year = 1970 THEN 1 ELSE 0 END) - SUM(CASE WHEN T2.model_year = 1976 THEN 1 ELSE 0 END) FROM data AS T1 INNER JOIN production AS T2 ON T1.ID = T2.ID WHERE T1.horsepower = 130"
    },
    {
        "sample_id": 3091,
        "vt": "SELECT data.car_name FROM data INNER JOIN price AS T2 ON T1.ID = T2.ID ORDER BY price.price LIMIT [placeholder-type:numeric]",
        "ba": "The virtual table lists the names of cars from the 'data' table, joining it with the 'price' table to access the price information. The results are ordered by the car price in ascending order, and a limit is applied to restrict the number of car names returned based on a specified numeric value.",
        "gold_complexity": 8,
        "gold_sql": "SELECT T1.car_name FROM data AS T1 INNER JOIN price AS T2 ON T1.ID = T2.ID ORDER BY T2.price DESC LIMIT 1"
    },
    {
        "sample_id": 3099,
        "vt": "SELECT COUNT(*) FROM data INNER JOIN price AS T2 ON T1.ID = T2.ID WHERE data.displacement > [placeholder-type:numeric] AND price.price > [placeholder-type:numeric]",
        "ba": "The virtual table counts the number of cars from the 'data' table that have a displacement greater than a specified value and a price greater than a specified value. It joins the 'data' table with the 'price' table on the car ID to filter the results based on both displacement and price criteria.",
        "gold_complexity": 8,
        "gold_sql": "SELECT COUNT(*) FROM data AS T1 INNER JOIN price AS T2 ON T1.ID = T2.ID WHERE T1.displacement > 400 AND T2.price > 30000"
    },
    {
        "sample_id": 3133,
        "vt": "SELECT AVG(price.price) FROM data INNER JOIN price AS T2 ON T1.ID = T2.ID WHERE data.model = [placeholder-type:numeric]",
        "ba": "The virtual table calculates the average price of cars from the 'price' table that have a specific model year. It joins the 'data' and 'price' tables on their unique car ID to ensure that the data corresponds to the correct car prices. The placeholder in the WHERE clause represents the model year of the cars being queried.",
        "gold_complexity": 7,
        "gold_sql": "SELECT AVG(T2.price) FROM data AS T1 INNER JOIN price AS T2 ON T1.ID = T2.ID WHERE T1.model = 70"
    },
    {
        "sample_id": 3123,
        "vt": "SELECT data.car_name, data.model FROM data INNER JOIN price AS T2 ON T1.ID = T2.ID ORDER BY price.price LIMIT [placeholder-type:numeric]",
        "ba": "The virtual table describes the car names and their model years from the 'data' table, joined with the 'price' table to include the price information. The results are ordered by the price of the cars, and a limit is applied to restrict the number of results returned based on a specified numeric value.",
        "gold_complexity": 10,
        "gold_sql": "SELECT T1.car_name, T1.model FROM data AS T1 INNER JOIN price AS T2 ON T1.ID = T2.ID ORDER BY T2.price DESC LIMIT 1"
    },
    {
        "sample_id": 3100,
        "vt": "SELECT production.model_year FROM production INNER JOIN country AS T2 ON T1.country = T2.origin WHERE country.country = '[placeholder-type:string]' GROUP BY production.model_year ORDER BY COUNT(production.model_year) LIMIT [placeholder-type:numeric]",
        "ba": "The virtual table retrieves the model years of cars produced in a specific country by joining the 'production' table with the 'country' table. It filters the results based on the country name provided as a placeholder, groups the results by model year, and orders them by the count of occurrences, limiting the output to a specified number of results.",
        "gold_complexity": 12,
        "gold_sql": "SELECT T1.model_year FROM production AS T1 INNER JOIN country AS T2 ON T1.country = T2.origin WHERE T2.country = 'Europe' GROUP BY T1.model_year ORDER BY COUNT(T1.model_year) DESC LIMIT 1"
    },
    {
        "sample_id": 3105,
        "vt": "SELECT data.car_name FROM data INNER JOIN production AS T2 ON T1.ID = T2.ID WHERE production.model_year = [placeholder-type:numeric]",
        "ba": "The virtual table describes the names of cars from the 'data' table that were introduced in a specific model year. The query uses an INNER JOIN to connect the 'data' table with the 'production' table based on the car ID, ensuring that only cars matching the specified model year are selected.",
        "gold_complexity": 7,
        "gold_sql": "SELECT T1.car_name FROM data AS T1 INNER JOIN production AS T2 ON T1.ID = T2.ID WHERE T2.model_year = 1975"
    },
    {
        "sample_id": 3125,
        "vt": "SELECT AVG(price.price) FROM price INNER JOIN production AS T2 ON T1.ID = T2.ID INNER JOIN country AS T3 ON T3.origin = T2.country WHERE country.country = '[placeholder-type:string]'",
        "ba": "The virtual table calculates the average price of cars from a specific country by joining the 'price', 'production', and 'country' tables. It filters the results based on the country name provided as a placeholder.",
        "gold_complexity": 8,
        "gold_sql": "SELECT AVG(T1.price) FROM price AS T1 INNER JOIN production AS T2 ON T1.ID = T2.ID INNER JOIN country AS T3 ON T3.origin = T2.country WHERE T3.country = 'Japan'"
    },
    {
        "sample_id": 3132,
        "vt": "SELECT CAST(COUNT(T1.ID) AS FLOAT) / 9 FROM production AS T1 INNER JOIN data AS T2 ON T2.ID = T1.ID WHERE T1.model_year BETWEEN 1971 AND 1980 UNION ALL SELECT DISTINCT T2.car_name FROM production AS T1 INNER JOIN data AS T2 ON T2.ID = T1.ID WHERE T1.model_year BETWEEN 1971 AND 1980 AND T2.weight < 1800",
        "ba": "The virtual table provides two sets of information regarding cars produced between 1971 and 1980. The first part calculates the average number of cars produced during this period by counting the total number of unique car IDs and dividing by 9. The second part retrieves distinct car names from the same period, specifically those that weigh less than 1800 lbs.",
        "gold_complexity": 13,
        "gold_sql": "SELECT CAST(COUNT(T1.ID) AS REAL) / 9 FROM production AS T1 INNER JOIN data AS T2 ON T2.ID = T1.ID WHERE T1.model_year BETWEEN 1971 AND 1980 UNION ALL SELECT DISTINCT T2.car_name FROM production AS T1 INNER JOIN data AS T2 ON T2.ID = T1.ID WHERE T1.model_year BETWEEN 1971 AND 1980 AND T2.weight < 1800"
    },
    {
        "sample_id": 3112,
        "vt": "SELECT data.horsepower, production.model_year FROM data INNER JOIN production AS T2 ON T1.ID = T2.ID WHERE data.car_name = '[placeholder-type:string]'",
        "ba": "The virtual table describes the horsepower and model year of cars from the 'data' and 'production' tables. It retrieves this information by joining the two tables on their unique car ID. The placeholder in the WHERE clause represents the specific name of the car being queried.",
        "gold_complexity": 9,
        "gold_sql": "SELECT T1.horsepower, T2.model_year FROM data AS T1 INNER JOIN production AS T2 ON T1.ID = T2.ID WHERE T1.car_name = 'subaru dl'"
    },
    {
        "sample_id": 3107,
        "vt": "SELECT price.price FROM data INNER JOIN price AS T2 ON T1.ID = T2.ID WHERE data.id = [placeholder-type:numeric]",
        "ba": "The virtual table retrieves the price of a specific car from the 'price' table by joining it with the 'data' table based on the car's unique ID. The placeholder in the WHERE clause represents the unique ID of the car for which the price is being queried.",
        "gold_complexity": 7,
        "gold_sql": "SELECT T2.price FROM data AS T1 INNER JOIN price AS T2 ON T1.ID = T2.ID WHERE T1.ID = 15"
    },
    {
        "sample_id": 3104,
        "vt": "SELECT CAST(SUM(CASE WHEN country.country = '[placeholder-type:string]' THEN [placeholder-type:numeric] ELSE [placeholder-type:numeric] END) AS FLOAT) * [placeholder-type:numeric] / COUNT(*) FROM data INNER JOIN production AS T2 ON T1.ID = T2.ID INNER JOIN country AS T3 ON T3.origin = T2.country WHERE data.displacement / data.cylinders > [placeholder-type:numeric]",
        "ba": "The virtual table calculates the average price of cars from a specific country, considering only those cars that have a higher fuel efficiency based on their displacement and number of cylinders. The placeholders represent the country name, price, and fuel efficiency criteria.",
        "gold_complexity": 9,
        "gold_sql": "SELECT CAST(SUM(CASE WHEN T3.country = 'Japan' THEN 1 ELSE 0 END) AS REAL) * 100 / COUNT(*) FROM data AS T1 INNER JOIN production AS T2 ON T1.ID = T2.ID INNER JOIN country AS T3 ON T3.origin = T2.country WHERE T1.displacement / T1.cylinders > 30"
    },
    {
        "sample_id": 3081,
        "vt": "SELECT country.country FROM price INNER JOIN production AS T2 ON T1.ID = T2.ID INNER JOIN country AS T3 ON T3.origin = T2.country WHERE price.price = [placeholder-type:numeric]",
        "ba": "The virtual table retrieves the origin country of cars from the 'country' table based on their price. It joins the 'price' table with the 'production' table to link car IDs and then further joins with the 'country' table to get the corresponding country name. The placeholder in the WHERE clause represents the specific price of the car.",
        "gold_complexity": 8,
        "gold_sql": "SELECT T3.country FROM price AS T1 INNER JOIN production AS T2 ON T1.ID = T2.ID INNER JOIN country AS T3 ON T3.origin = T2.country WHERE T1.price = 44274.40748"
    },
    {
        "sample_id": 3080,
        "vt": "SELECT DISTINCT country.country FROM production INNER JOIN country AS T2 ON T1.country = T2.origin WHERE production.id = [placeholder-type:numeric]",
        "ba": "The virtual table retrieves a distinct list of countries from the 'country' table that are associated with a specific car model in the 'production' table. The placeholder in the WHERE clause represents the unique ID of the car.",
        "gold_complexity": 8,
        "gold_sql": "SELECT DISTINCT T2.country FROM production AS T1 INNER JOIN country AS T2 ON T1.country = T2.origin WHERE T1.ID = 382"
    },
    {
        "sample_id": 3098,
        "vt": "SELECT data.car_name FROM price INNER JOIN production AS T2 ON T1.ID = T2.ID INNER JOIN country AS T3 ON T3.origin = T2.country INNER JOIN data AS T4 ON T4.ID = T1.ID WHERE country.country = '[placeholder-type:string]' ORDER BY price.price LIMIT [placeholder-type:numeric]",
        "ba": "The virtual table retrieves the names of cars from the 'data' table that are produced in a specific country, while also considering their prices. It joins multiple tables: 'price' to access car prices, 'production' to link cars to their production details, and 'country' to filter by the origin country. The results are ordered by price and limited to a specified number of entries.",
        "gold_complexity": 12,
        "gold_sql": "SELECT T4.car_name FROM price AS T1 INNER JOIN production AS T2 ON T1.ID = T2.ID INNER JOIN country AS T3 ON T3.origin = T2.country INNER JOIN data AS T4 ON T4.ID = T1.ID WHERE T3.country = 'USA' ORDER BY T1.price DESC LIMIT 1"
    },
    {
        "sample_id": 3075,
        "vt": "SELECT AVG(price.price) FROM data INNER JOIN price AS T2 ON T1.ID = T2.ID WHERE data.cylinders = [placeholder-type:numeric]",
        "ba": "The virtual table calculates the average price of cars from the 'price' table that have a specific number of cylinders, by joining it with the 'data' table to filter based on the cylinder count.",
        "gold_complexity": 7,
        "gold_sql": "SELECT AVG(T2.price) FROM data AS T1 INNER JOIN price AS T2 ON T1.ID = T2.ID WHERE T1.cylinders = 8"
    },
    {
        "sample_id": 3131,
        "vt": "SELECT CAST(SUM(CASE WHEN country.country = '[placeholder-type:string]' THEN [placeholder-type:numeric] ELSE [placeholder-type:numeric] END) AS FLOAT) * [placeholder-type:numeric] / COUNT(*) FROM production INNER JOIN country AS T2 ON T1.country = T2.origin",
        "ba": "The virtual table calculates the average price of cars from a specific country by summing the prices of cars that belong to that country and dividing by the total count of cars. The placeholders represent the country name, the price of the car, and a numeric value for scaling the result.",
        "gold_complexity": 6,
        "gold_sql": "SELECT CAST(SUM(CASE WHEN T2.country = 'USA' THEN 1 ELSE 0 END) AS REAL) * 100 / COUNT(*) FROM production AS T1 INNER JOIN country AS T2 ON T1.country = T2.origin"
    },
    {
        "sample_id": 3108,
        "vt": "SELECT COUNT(*) FROM price INNER JOIN production AS T2 ON T1.ID = T2.ID INNER JOIN country AS T3 ON T3.origin = T2.country INNER JOIN data AS T4 ON T4.ID = T1.ID WHERE country.country = '[placeholder-type:string]' AND data.weight < [placeholder-type:numeric]",
        "ba": "The virtual table counts the number of cars from a specific country that weigh less than a specified weight. It combines data from multiple tables: 'price', 'production', 'country', and 'data'. The query filters results based on the country name and the weight of the cars.",
        "gold_complexity": 11,
        "gold_sql": "SELECT COUNT(*) FROM price AS T1 INNER JOIN production AS T2 ON T1.ID = T2.ID INNER JOIN country AS T3 ON T3.origin = T2.country INNER JOIN data AS T4 ON T4.ID = T1.ID WHERE T3.country = 'Japan' AND T4.weight < 3000"
    },
    {
        "sample_id": 3122,
        "vt": "SELECT data.car_name, data.horsepower FROM data INNER JOIN production AS T2 ON T1.ID = T2.ID INNER JOIN country AS T3 ON T3.origin = T2.country WHERE production.model_year = [placeholder-type:numeric] AND country.country = '[placeholder-type:string]'",
        "ba": "The virtual table describes the car names and their associated horsepower from the 'data' table, filtered by the model year and the country of origin. The placeholders in the WHERE clause represent the specific model year and country name.",
        "gold_complexity": 11,
        "gold_sql": "SELECT T1.car_name, T1.horsepower FROM data AS T1 INNER JOIN production AS T2 ON T1.ID = T2.ID INNER JOIN country AS T3 ON T3.origin = T2.country WHERE T2.model_year = 1977 AND T3.country = 'Europe'"
    },
    {
        "sample_id": 3069,
        "vt": "SELECT DISTINCT data.car_name FROM data INNER JOIN production AS T2 ON T1.ID = T2.ID INNER JOIN country AS T3 ON T2.country = T3.origin WHERE country.country = '[placeholder-type:string]'",
        "ba": "The virtual table lists the distinct names of cars from the 'data' table that are produced in a specific country. It joins the 'data' table with the 'production' table to link car IDs and then joins with the 'country' table to filter by the specified country name.",
        "gold_complexity": 9,
        "gold_sql": "SELECT DISTINCT T1.car_name FROM data AS T1 INNER JOIN production AS T2 ON T1.ID = T2.ID INNER JOIN country AS T3 ON T2.country = T3.origin WHERE T3.country = 'USA'"
    },
    {
        "sample_id": 3142,
        "vt": "SELECT production.model_year FROM data INNER JOIN production AS T2 ON T1.ID = T2.ID WHERE data.car_name = '[placeholder-type:string]'",
        "ba": "The virtual table retrieves the model year of cars from the 'production' table by joining it with the 'data' table based on their unique car IDs. The query filters the results to include only those cars that match a specific car name provided as a placeholder.",
        "gold_complexity": 7,
        "gold_sql": "SELECT T2.model_year FROM data AS T1 INNER JOIN production AS T2 ON T1.ID = T2.ID WHERE T1.car_name = 'buick skylark 320'"
    },
    {
        "sample_id": 3074,
        "vt": "SELECT MAX(data.acceleration) FROM data INNER JOIN price AS T2 ON T1.ID = T2.ID WHERE price.price > [placeholder-type:numeric]",
        "ba": "The virtual table retrieves the maximum acceleration of cars from the 'data' table, filtering for those cars that have a price greater than a specified value. The query joins the 'data' table with the 'price' table to access the price information associated with each car.",
        "gold_complexity": 7,
        "gold_sql": "SELECT MAX(T1.acceleration) FROM data AS T1 INNER JOIN price AS T2 ON T1.ID = T2.ID WHERE T2.price > 40000"
    },
    {
        "sample_id": 3076,
        "vt": "SELECT MAX(data.displacement / data.cylinders) FROM data INNER JOIN price AS T2 ON T1.ID = T2.ID WHERE price.price < [placeholder-type:numeric]",
        "ba": "The virtual table calculates the maximum engine sweep volume of cars from the 'data' table, which is derived by dividing the engine displacement by the number of cylinders. It filters the results to include only those cars whose price is below a specified threshold. The query joins the 'data' table with the 'price' table to access the price information for each car.",
        "gold_complexity": 8,
        "gold_sql": "SELECT MAX(T1.displacement / T1.cylinders) FROM data AS T1 INNER JOIN price AS T2 ON T1.ID = T2.ID WHERE T2.price < 30000"
    },
    {
        "sample_id": 3140,
        "vt": "SELECT COUNT(*) FROM data INNER JOIN production AS T2 ON T1.ID = T2.ID INNER JOIN country AS T3 ON T3.origin = T2.country WHERE country.country = '[placeholder-type:string]' AND data.weight > [placeholder-type:numeric]",
        "ba": "The virtual table counts the number of cars from the 'data' table that are produced in a specific country and have a weight greater than a specified value. It joins the 'data', 'production', and 'country' tables to filter the results based on the country name and the weight of the cars.",
        "gold_complexity": 10,
        "gold_sql": "SELECT COUNT(*) FROM data AS T1 INNER JOIN production AS T2 ON T1.ID = T2.ID INNER JOIN country AS T3 ON T3.origin = T2.country WHERE T3.country = 'Japan' AND T1.weight > 2000"
    },
    {
        "sample_id": 3129,
        "vt": "SELECT data.car_name, price.price FROM price INNER JOIN data AS T2 ON T1.ID = T2.ID WHERE data.model = [placeholder-type:numeric] AND data.mpg > [placeholder-type:numeric]",
        "ba": "The virtual table describes the names and prices of cars from the 'price' and 'data' tables. It filters the results based on the model year of the car and ensures that only cars with a mileage greater than a specified value are included. The placeholders in the WHERE clause represent the model year and the minimum mileage required.",
        "gold_complexity": 11,
        "gold_sql": "SELECT T2.car_name, T1.price FROM price AS T1 INNER JOIN data AS T2 ON T1.ID = T2.ID WHERE T2.model = 82 AND T2.mpg > 30"
    },
    {
        "sample_id": 3087,
        "vt": "SELECT data.id, price.price FROM data INNER JOIN price AS T2 ON T1.ID = T2.ID ORDER BY data.weight LIMIT [placeholder-type:numeric]",
        "ba": "The virtual table retrieves the unique ID and price of cars from the 'data' and 'price' tables. It joins these tables on their ID columns to combine relevant information about each car. The results are ordered by the weight of the cars, and a limit is applied to restrict the number of records returned based on a specified numeric value.",
        "gold_complexity": 10,
        "gold_sql": "SELECT T1.ID, T2.price FROM data AS T1 INNER JOIN price AS T2 ON T1.ID = T2.ID ORDER BY T1.weight DESC LIMIT 1"
    },
    {
        "sample_id": 3066,
        "vt": "SELECT price.price FROM data INNER JOIN price AS T2 ON T1.ID = T2.ID WHERE data.car_name = '[placeholder-type:string]'",
        "ba": "The virtual table retrieves the price of a specific car from the 'price' table by joining it with the 'data' table based on the car's unique ID. The placeholder in the WHERE clause represents the name of the car for which the price is being queried.",
        "gold_complexity": 7,
        "gold_sql": "SELECT T2.price FROM data AS T1 INNER JOIN price AS T2 ON T1.ID = T2.ID WHERE T1.car_name = 'ford torino'"
    },
    {
        "sample_id": 3143,
        "vt": "SELECT country.country FROM data INNER JOIN production AS T2 ON T1.ID = T2.ID INNER JOIN country AS T3 ON T3.origin = T2.country INNER JOIN price AS T4 ON T4.ID = T1.ID WHERE production.model_year = [placeholder-type:numeric] ORDER BY price.price LIMIT [placeholder-type:numeric]",
        "ba": "The virtual table retrieves the names of countries associated with cars from the 'data' table, filtered by the model year of the car and ordered by the price of the cars. The placeholders represent the model year and the limit for the number of results returned.",
        "gold_complexity": 12,
        "gold_sql": "SELECT T3.country FROM data AS T1 INNER JOIN production AS T2 ON T1.ID = T2.ID INNER JOIN country AS T3 ON T3.origin = T2.country INNER JOIN price AS T4 ON T4.ID = T1.ID WHERE T2.model_year = 1970 ORDER BY T4.price DESC LIMIT 1"
    },
    {
        "sample_id": 3146,
        "vt": "SELECT AVG(data.weight) FROM data INNER JOIN production AS T2 ON T1.ID = T2.ID INNER JOIN country AS T3 ON T3.origin = T2.country WHERE production.model_year BETWEEN [placeholder-type:numeric] AND [placeholder-type:numeric] AND data.cylinders = [placeholder-type:numeric] AND country.country = '[placeholder-type:string]'",
        "ba": "The virtual table calculates the average weight of cars from the 'data' table, filtered by a specific model year range and the number of cylinders. It joins the 'production' table to access the model year and the 'country' table to filter by the country of origin. The placeholders represent the model year range, the number of cylinders, and the country name.",
        "gold_complexity": 11,
        "gold_sql": "SELECT AVG(T1.weight) FROM data AS T1 INNER JOIN production AS T2 ON T1.ID = T2.ID INNER JOIN country AS T3 ON T3.origin = T2.country WHERE T2.model_year BETWEEN 1975 AND 1980 AND T1.cylinders = 4 AND T3.country = 'Japan'"
    },
    {
        "sample_id": 3070,
        "vt": "SELECT data.car_name FROM data INNER JOIN price AS T2 ON T1.ID = T2.ID ORDER BY price.price LIMIT [placeholder-type:numeric]",
        "ba": "The virtual table describes the names of cars from the 'data' table, which are joined with the 'price' table to access their corresponding prices. The results are ordered by the price of the cars in ascending order, and a limit is applied to restrict the number of results returned based on a specified numeric value.",
        "gold_complexity": 8,
        "gold_sql": "SELECT T1.car_name FROM data AS T1 INNER JOIN price AS T2 ON T1.ID = T2.ID ORDER BY T2.price DESC LIMIT 3"
    },
    {
        "sample_id": 3063,
        "vt": "SELECT data.car_name FROM data INNER JOIN price AS T2 ON T1.ID = T2.ID WHERE data.cylinders = [placeholder-type:numeric] ORDER BY price.price LIMIT [placeholder-type:numeric]",
        "ba": "The virtual table describes the names of cars from the 'data' table that have a specific number of cylinders. It joins the 'data' table with the 'price' table to filter the results based on the number of cylinders and orders them by price, limiting the number of results returned.",
        "gold_complexity": 10,
        "gold_sql": "SELECT T1.car_name FROM data AS T1 INNER JOIN price AS T2 ON T1.ID = T2.ID WHERE T1.cylinders = 8 ORDER BY T2.price DESC LIMIT 1"
    },
    {
        "sample_id": 3115,
        "vt": "SELECT COUNT(*) FROM price INNER JOIN production AS T2 ON T1.ID = T2.ID INNER JOIN country AS T3 ON T3.origin = T2.country WHERE country.country = '[placeholder-type:string]' AND price.price > [placeholder-type:numeric]",
        "ba": "The virtual table counts the number of cars from a specific country that have a price above a certain threshold. It joins the 'price', 'production', and 'country' tables to filter the results based on the country name and the car price.",
        "gold_complexity": 10,
        "gold_sql": "SELECT COUNT(*) FROM price AS T1 INNER JOIN production AS T2 ON T1.ID = T2.ID INNER JOIN country AS T3 ON T3.origin = T2.country WHERE T3.country = 'USA' AND T1.price > 40000"
    },
    {
        "sample_id": 3071,
        "vt": "SELECT DISTINCT production.model_year FROM production INNER JOIN data AS T2 ON T1.ID = T2.ID WHERE data.car_name = '[placeholder-type:string]'",
        "ba": "The virtual table retrieves distinct model years of cars from the 'production' table, joining it with the 'data' table to filter results based on a specific car name. The placeholder in the WHERE clause represents the name of the car being queried.",
        "gold_complexity": 8,
        "gold_sql": "SELECT DISTINCT T1.model_year FROM production AS T1 INNER JOIN data AS T2 ON T1.ID = T2.ID WHERE T2.car_name = 'chevrolet impala'"
    },
    {
        "sample_id": 3068,
        "vt": "SELECT COUNT(*) FROM production INNER JOIN country AS T2 ON T1.country = T2.origin WHERE production.model_year = [placeholder-type:numeric] AND country.country = '[placeholder-type:string]'",
        "ba": "The virtual table provides a count of cars produced in a specific model year from a specific country. It joins the 'production' table with the 'country' table to filter the results based on the model year and the country of origin.",
        "gold_complexity": 8,
        "gold_sql": "SELECT COUNT(*) FROM production AS T1 INNER JOIN country AS T2 ON T1.country = T2.origin WHERE T1.model_year = 1970 AND T2.country = 'USA'"
    },
    {
        "sample_id": 3101,
        "vt": "SELECT price.price FROM data INNER JOIN price AS T2 ON T1.ID = T2.ID WHERE data.car_name = '[placeholder-type:string]'",
        "ba": "The virtual table retrieves the price of a specific car from the 'price' table by joining it with the 'data' table based on the car's unique ID. The placeholder in the WHERE clause represents the name of the car for which the price is being queried.",
        "gold_complexity": 7,
        "gold_sql": "SELECT T2.price FROM data AS T1 INNER JOIN price AS T2 ON T1.ID = T2.ID WHERE T1.car_name = 'peugeot 505s turbo diesel'"
    },
    {
        "sample_id": 3139,
        "vt": "SELECT COUNT(*) FROM data INNER JOIN production AS T2 ON T1.ID = T2.ID INNER JOIN country AS T3 ON T3.origin = T2.country WHERE country.country = '[placeholder-type:string]' AND data.acceleration < [placeholder-type:numeric]",
        "ba": "The virtual table counts the number of cars from the 'data' table that meet specific criteria based on their country of origin and acceleration. It joins the 'data', 'production', and 'country' tables to filter cars from a specified country and with an acceleration value below a certain threshold.",
        "gold_complexity": 10,
        "gold_sql": "SELECT COUNT(*) FROM data AS T1 INNER JOIN production AS T2 ON T1.ID = T2.ID INNER JOIN country AS T3 ON T3.origin = T2.country WHERE T3.country = 'USA' AND T1.acceleration < 12"
    },
    {
        "sample_id": 3102,
        "vt": "SELECT data.acceleration FROM price INNER JOIN production AS T2 ON T1.ID = T2.ID INNER JOIN country AS T3 ON T3.origin = T2.country INNER JOIN data AS T4 ON T4.ID = T1.ID WHERE country.country = '[placeholder-type:string]' ORDER BY price.price LIMIT [placeholder-type:numeric]",
        "ba": "The virtual table retrieves the acceleration of cars from the 'data' table, filtered by the country of origin from the 'country' table. It joins multiple tables: 'price' to get the car prices, 'production' to link the car models with their respective countries, and 'data' to access specific car attributes. The results are ordered by price and limited to a specified number of entries.",
        "gold_complexity": 12,
        "gold_sql": "SELECT T4.acceleration FROM price AS T1 INNER JOIN production AS T2 ON T1.ID = T2.ID INNER JOIN country AS T3 ON T3.origin = T2.country INNER JOIN data AS T4 ON T4.ID = T1.ID WHERE T3.country = 'USA' ORDER BY T1.price ASC LIMIT 1"
    },
    {
        "sample_id": 3117,
        "vt": "SELECT data.car_name FROM data INNER JOIN price AS T2 ON T1.ID = T2.ID WHERE price.price * [placeholder-type:numeric] > (SELECT AVG(price.price) * [placeholder-type:numeric] FROM price)",
        "ba": "The virtual table describes the names of cars from the 'data' table that have a price greater than a specified multiple of the average price of all cars. The query uses an inner join to connect the 'data' and 'price' tables based on the car ID, and it applies a condition to filter the results based on the price comparison.",
        "gold_complexity": 11,
        "gold_sql": "SELECT T1.car_name FROM data AS T1 INNER JOIN price AS T2 ON T1.ID = T2.ID WHERE T2.price * 100 > ( SELECT AVG(price) * 85 FROM price )"
    },
    {
        "sample_id": 3064,
        "vt": "SELECT COUNT(data.car_name) FROM data INNER JOIN price AS T2 ON T1.ID = T2.ID WHERE data.weight > [placeholder-type:numeric] AND price.price < [placeholder-type:numeric]",
        "ba": "The virtual table counts the number of cars from the 'data' table that meet specific criteria regarding their weight and price. It joins the 'data' table with the 'price' table based on the car ID to access both the weight and price information. The placeholders in the WHERE clause represent the minimum weight and maximum price thresholds for filtering the results.",
        "gold_complexity": 9,
        "gold_sql": "SELECT COUNT(T1.car_name) FROM data AS T1 INNER JOIN price AS T2 ON T1.ID = T2.ID WHERE T1.weight > 3000 AND T2.price < 30000"
    }
]