[
    {
        "sample_id": 2067,
        "vt": "SELECT AVG(torrents.totalsnatched) FROM torrents WHERE torrents.artist LIKE '[placeholder-type:string]' AND torrents.releasetype LIKE '[placeholder-type:string]' AND torrents.groupyear BETWEEN [placeholder-type:numeric] AND [placeholder-type:numeric]",
        "ba": "The virtual table calculates the average number of times releases have been downloaded from the 'torrents' table, filtered by a specific artist, release type, and a range of release years. The placeholders represent the artist's name, the type of release, and the start and end years for filtering.",
        "gold_complexity": 9,
        "gold_sql": "SELECT AVG(totalSnatched) FROM torrents WHERE artist LIKE '2Pac' AND releaseType LIKE 'Single' AND groupYear BETWEEN 2001 AND 2013"
    },
    {
        "sample_id": 2047,
        "vt": "SELECT tags.tag FROM torrents INNER JOIN tags AS T2 ON T1.id = T2.id WHERE torrents.releasetype = '[placeholder-type:string]' ORDER BY torrents.totalsnatched LIMIT [placeholder-type:numeric]",
        "ba": "The virtual table retrieves tags associated with releases from the 'torrents' table, filtering by a specific release type and ordering the results by the number of times the release has been downloaded. The placeholders allow users to specify the desired release type and limit the number of results returned.",
        "gold_complexity": 10,
        "gold_sql": "SELECT T2.tag FROM torrents AS T1 INNER JOIN tags AS T2 ON T1.id = T2.id WHERE T1.releaseType = 'album' ORDER BY T1.totalSnatched DESC LIMIT 1"
    },
    {
        "sample_id": 2064,
        "vt": "SELECT torrents.artist, torrents.groupname FROM torrents WHERE torrents.groupyear = [placeholder-type:numeric] AND torrents.releasetype LIKE '[placeholder-type:string]' ORDER BY torrents.totalsnatched LIMIT [placeholder-type:numeric]",
        "ba": "The virtual table describes the artist and release title of torrents from the 'torrents' table for a specific release year and type. The placeholders in the WHERE clause represent the year and type of release, while the LIMIT clause restricts the number of results based on a specified numeric value.",
        "gold_complexity": 13,
        "gold_sql": "SELECT artist, groupName FROM torrents WHERE groupYear = 2012 AND releaseType LIKE 'Single' ORDER BY totalSnatched DESC LIMIT 1"
    },
    {
        "sample_id": 2068,
        "vt": "SELECT torrents.groupname, torrents.groupyear, tags.tag FROM torrents INNER JOIN tags AS T2 ON T1.id = T2.id WHERE torrents.releasetype = '[placeholder-type:string]' ORDER BY torrents.totalsnatched LIMIT [placeholder-type:numeric]",
        "ba": "The virtual table describes the release titles, release years, and associated tags of torrents from the 'torrents' table, filtered by a specific release type. The results are ordered by the number of times the release has been downloaded, with a limit on the number of results returned.",
        "gold_complexity": 14,
        "gold_sql": "SELECT T1.groupName, T1.groupYear, T2.tag FROM torrents AS T1 INNER JOIN tags AS T2 ON T1.id = T2.id WHERE T1.releaseType = 'live album' ORDER BY T1.totalSnatched DESC LIMIT 1"
    },
    {
        "sample_id": 2057,
        "vt": "SELECT COUNT(tags.tag) FROM torrents INNER JOIN tags AS T2 ON T1.id = T2.id WHERE torrents.groupname = '[placeholder-type:string]'",
        "ba": "The virtual table counts the number of tags associated with a specific release title from the 'torrents' table. It uses an inner join with the 'tags' table to match the release identifier, ensuring that only tags related to the specified release title are counted. The placeholder in the WHERE clause represents the release title being queried.",
        "gold_complexity": 7,
        "gold_sql": "SELECT COUNT(T2.tag) FROM torrents AS T1 INNER JOIN tags AS T2 ON T1.id = T2.id WHERE T1.groupName = 'city funk'"
    },
    {
        "sample_id": 2081,
        "vt": "SELECT COUNT(torrents.releasetype) FROM torrents WHERE torrents.releasetype LIKE '[placeholder-type:string]' AND torrents.groupyear = [placeholder-type:numeric]",
        "ba": "The virtual table counts the number of releases from the 'torrents' table based on a specific release type and year. The placeholders represent the release type as a string and the release year as a numeric value.",
        "gold_complexity": 8,
        "gold_sql": "SELECT COUNT(releaseType) FROM torrents WHERE releaseType LIKE 'single' AND groupYear = 1979"
    },
    {
        "sample_id": 2084,
        "vt": "SELECT tags.tag FROM torrents INNER JOIN tags AS T2 ON T1.id = T2.id WHERE torrents.groupyear BETWEEN [placeholder-type:numeric] AND [placeholder-type:numeric] AND torrents.artist LIKE '[placeholder-type:string]'",
        "ba": "The virtual table retrieves tags associated with releases from the 'torrents' table that were released within a specific year range and by a particular artist. The placeholders in the WHERE clause represent the year range and the artist's name.",
        "gold_complexity": 9,
        "gold_sql": "SELECT T2.tag FROM torrents AS T1 INNER JOIN tags AS T2 ON T1.id = T2.id WHERE T1.groupYear BETWEEN 2000 AND 2010 AND T1.artist LIKE 'kurtis blow'"
    },
    {
        "sample_id": 2051,
        "vt": "SELECT tags.tag FROM torrents INNER JOIN tags AS T2 ON T1.id = T2.id WHERE torrents.releasetype = '[placeholder-type:string]' ORDER BY torrents.totalsnatched LIMIT [placeholder-type:numeric]",
        "ba": "The virtual table retrieves tags associated with releases from the 'torrents' table, filtering by a specific release type and ordering the results by the number of times the release has been downloaded. The placeholders represent the release type and the limit on the number of results returned.",
        "gold_complexity": 10,
        "gold_sql": "SELECT T2.tag FROM torrents AS T1 INNER JOIN tags AS T2 ON T1.id = T2.id WHERE T1.releaseType = 'album' ORDER BY T1.totalSnatched LIMIT 5"
    },
    {
        "sample_id": 2050,
        "vt": "SELECT torrents.groupname FROM torrents INNER JOIN tags AS T2 ON T1.id = T2.id WHERE tags.tag LIKE '[placeholder-type:string]' AND torrents.releasetype = '[placeholder-type:string]'",
        "ba": "The virtual table retrieves the release titles from the 'torrents' table that are associated with specific tags and release types. The placeholders in the WHERE clause represent the tag and release type criteria that can be specified by the user.",
        "gold_complexity": 9,
        "gold_sql": "SELECT T1.groupName FROM torrents AS T1 INNER JOIN tags AS T2 ON T1.id = T2.id WHERE T2.tag LIKE 'alternative' AND T1.releaseType = 'ep'"
    },
    {
        "sample_id": 2055,
        "vt": "SELECT torrents.groupname FROM torrents WHERE torrents.totalsnatched > [placeholder-type:numeric]",
        "ba": "The virtual table describes the release titles from the 'torrents' table that have been downloaded more than a specified number of times. The placeholder in the WHERE clause represents the minimum number of downloads required to filter the results.",
        "gold_complexity": 6,
        "gold_sql": "SELECT groupName FROM torrents WHERE totalSnatched > 20000"
    },
    {
        "sample_id": 2046,
        "vt": "SELECT torrents.totalsnatched FROM torrents WHERE torrents.artist LIKE '[placeholder-type:string]' AND torrents.groupyear = [placeholder-type:numeric]",
        "ba": "The virtual table retrieves the total number of times a specific release by a particular artist has been downloaded from the 'torrents' table. The placeholders allow for filtering by the artist's name and the release year.",
        "gold_complexity": 8,
        "gold_sql": "SELECT totalSnatched FROM torrents WHERE artist LIKE 'blowfly' AND groupYear = 1980"
    },
    {
        "sample_id": 2077,
        "vt": "SELECT tags.tag FROM torrents INNER JOIN tags AS T2 ON T1.id = T2.id WHERE torrents.id = [placeholder-type:numeric]",
        "ba": "The virtual table retrieves tags associated with a specific release from the 'torrents' table by joining it with the 'tags' table based on their unique identifiers. The placeholder in the WHERE clause represents the unique identifier of the release.",
        "gold_complexity": 7,
        "gold_sql": "SELECT T2.tag FROM torrents AS T1 INNER JOIN tags AS T2 ON T1.id = T2.id WHERE T1.id = 16"
    },
    {
        "sample_id": 2053,
        "vt": "SELECT COUNT(tags.id) FROM tags WHERE tags.tag LIKE '[placeholder-type:string]'",
        "ba": "The virtual table counts the number of tags associated with releases in the 'tags' table that match a specific tag pattern. The placeholder in the WHERE clause represents the tag to be searched for.",
        "gold_complexity": 6,
        "gold_sql": "SELECT COUNT(id) FROM tags WHERE tag LIKE '1980s'"
    },
    {
        "sample_id": 2072,
        "vt": "SELECT torrents.artist FROM torrents INNER JOIN tags AS T2 ON T1.id = T2.id WHERE tags.tag = '[placeholder-type:string]' AND torrents.groupyear BETWEEN [placeholder-type:numeric] AND [placeholder-type:numeric]",
        "ba": "The virtual table retrieves the artist names from the 'torrents' table by joining it with the 'tags' table based on their unique identifiers. It filters the results to include only those releases that have a specific tag and were released within a specified range of years.",
        "gold_complexity": 9,
        "gold_sql": "SELECT T1.artist FROM torrents AS T1 INNER JOIN tags AS T2 ON T1.id = T2.id WHERE T2.tag = 'disco' AND T1.groupYear BETWEEN 1980 AND 1982"
    },
    {
        "sample_id": 2083,
        "vt": "SELECT COUNT(torrents.id) FROM torrents INNER JOIN tags AS T2 ON T1.id = T2.id WHERE tags.tag = '[placeholder-type:string]' AND torrents.groupyear = [placeholder-type:numeric] AND torrents.releasetype LIKE '[placeholder-type:string]'",
        "ba": "The virtual table counts the number of unique releases from the 'torrents' table that match specific criteria based on tags, release year, and release type. The placeholders represent the tag name, the release year, and the type of release respectively.",
        "gold_complexity": 10,
        "gold_sql": "SELECT COUNT(T1.id) FROM torrents AS T1 INNER JOIN tags AS T2 ON T1.id = T2.id WHERE T2.tag = 'christmas' AND T1.groupYear = 2004 AND T1.releaseType LIKE 'album'"
    },
    {
        "sample_id": 2088,
        "vt": "SELECT torrents.artist FROM torrents INNER JOIN tags AS T2 ON T1.id = T2.id WHERE torrents.releasetype = '[placeholder-type:string]' AND tags.tag LIKE '[placeholder-type:string]'",
        "ba": "The virtual table describes the artists of releases from the 'torrents' table that match a specific release type and a specific tag. The placeholders in the WHERE clause represent the release type and the tag to filter the results accordingly.",
        "gold_complexity": 9,
        "gold_sql": "SELECT T1.artist FROM torrents AS T1 INNER JOIN tags AS T2 ON T1.id = T2.id WHERE T1.releaseType = 'single' AND T2.tag LIKE '1970s'"
    },
    {
        "sample_id": 2060,
        "vt": "SELECT COUNT(torrents.groupname) FROM torrents INNER JOIN tags AS T2 ON T1.id = T2.id WHERE tags.tag = '[placeholder-type:string]' AND torrents.artist = '[placeholder-type:string]'",
        "ba": "The virtual table counts the number of releases from the 'torrents' table that match a specific tag and artist. It joins the 'torrents' table with the 'tags' table on the release identifier to filter the results based on the provided tag and artist name.",
        "gold_complexity": 8,
        "gold_sql": "SELECT COUNT(T1.groupName) FROM torrents AS T1 INNER JOIN tags AS T2 ON T1.id = T2.id WHERE T2.tag = 'pop' AND T1.artist = 'michael jackson'"
    },
    {
        "sample_id": 2063,
        "vt": "SELECT torrents.groupname FROM torrents ORDER BY torrents.totalsnatched LIMIT [placeholder-type:numeric]",
        "ba": "The virtual table lists the release titles from the 'torrents' table, ordered by the number of times each release has been downloaded. The placeholder in the LIMIT clause allows the user to specify how many results they want to retrieve.",
        "gold_complexity": 7,
        "gold_sql": "SELECT groupName FROM torrents ORDER BY totalSnatched DESC LIMIT 3"
    },
    {
        "sample_id": 2079,
        "vt": "SELECT COUNT(torrents.artist) FROM torrents INNER JOIN tags AS T2 ON T1.id = T2.id WHERE tags.tag = '[placeholder-type:string]' AND torrents.groupyear BETWEEN [placeholder-type:numeric] AND [placeholder-type:numeric] AND torrents.releasetype LIKE '[placeholder-type:string]' OR torrents.releasetype LIKE '[placeholder-type:string]'",
        "ba": "The virtual table counts the number of artists from the 'torrents' table that match specific criteria based on tags, release year, and release type. The placeholders represent the tag name, a range of years for the release, and types of releases that can be specified.",
        "gold_complexity": 11,
        "gold_sql": "SELECT COUNT(T1.artist) FROM torrents AS T1 INNER JOIN tags AS T2 ON T1.id = T2.id WHERE T2.tag = 'dance' AND T1.groupYear BETWEEN 1980 AND 1985 AND T1.releaseType LIKE 'album' OR T1.releaseType LIKE 'mixtape'"
    },
    {
        "sample_id": 2048,
        "vt": "SELECT tags.tag FROM torrents INNER JOIN tags AS T2 ON T1.id = T2.id WHERE torrents.releasetype = '[placeholder-type:string]' ORDER BY torrents.totalsnatched LIMIT [placeholder-type:numeric]",
        "ba": "The virtual table retrieves tags associated with releases from the 'torrents' table, filtered by a specific release type. The results are ordered by the number of times the release has been downloaded, and the number of results returned is limited by a numeric placeholder.",
        "gold_complexity": 10,
        "gold_sql": "SELECT T2.tag FROM torrents AS T1 INNER JOIN tags AS T2 ON T1.id = T2.id WHERE T1.releaseType = 'album' ORDER BY T1.totalSnatched DESC LIMIT 5"
    },
    {
        "sample_id": 2058,
        "vt": "SELECT torrents.groupname FROM torrents INNER JOIN tags AS T2 ON T1.id = T2.id WHERE tags.tag = '[placeholder-type:string]'",
        "ba": "The virtual table describes the release titles from the 'torrents' table that are associated with a specific tag. The query uses an INNER JOIN to connect the 'torrents' table with the 'tags' table based on their unique identifiers. The placeholder in the WHERE clause represents the tag that is being filtered.",
        "gold_complexity": 7,
        "gold_sql": "SELECT T1.groupName FROM torrents AS T1 INNER JOIN tags AS T2 ON T1.id = T2.id WHERE T2.tag = '1980s'"
    },
    {
        "sample_id": 2069,
        "vt": "SELECT torrents.artist FROM torrents WHERE torrents.groupyear = [placeholder-type:numeric] AND torrents.releasetype LIKE '[placeholder-type:string]' GROUP BY torrents.artist HAVING COUNT(torrents.releasetype) > [placeholder-type:numeric]",
        "ba": "The virtual table retrieves the names of artists from the 'torrents' table who have released a specific type of release in a given year. The query groups the results by artist and filters to include only those artists who have more than a specified number of releases of that type. The placeholders represent the year, the type of release, and the minimum count of releases required.",
        "gold_complexity": 12,
        "gold_sql": "SELECT artist FROM torrents WHERE groupYear = 2016 AND releaseType LIKE 'bootleg' GROUP BY artist HAVING COUNT(releaseType) > 2"
    },
    {
        "sample_id": 2056,
        "vt": "SELECT tags.tag FROM torrents INNER JOIN tags AS T2 ON T1.id = T2.id WHERE torrents.groupname = '[placeholder-type:string]'",
        "ba": "The virtual table retrieves tags associated with a specific release title from the 'torrents' table by joining it with the 'tags' table based on their unique identifiers. The placeholder in the WHERE clause represents the release title for which the tags are being queried.",
        "gold_complexity": 7,
        "gold_sql": "SELECT T2.tag FROM torrents AS T1 INNER JOIN tags AS T2 ON T1.id = T2.id WHERE T1.groupName = 'sugarhill gang'"
    },
    {
        "sample_id": 2085,
        "vt": "SELECT torrents.groupname, tags.tag FROM torrents INNER JOIN tags AS T2 ON T1.id = T2.id WHERE torrents.groupyear = [placeholder-type:numeric] AND torrents.artist LIKE '[placeholder-type:string]' AND torrents.releasetype LIKE '[placeholder-type:string]'",
        "ba": "The virtual table describes the release titles and associated tags from the 'torrents' and 'tags' tables. It filters the results based on the release year, artist name, and release type, allowing users to find specific releases that match their criteria.",
        "gold_complexity": 12,
        "gold_sql": "SELECT T1.groupName, T2.tag FROM torrents AS T1 INNER JOIN tags AS T2 ON T1.id = T2.id WHERE T1.groupYear = 1980 AND T1.artist LIKE 'millie jackson' AND T1.releaseType LIKE 'album'"
    },
    {
        "sample_id": 2071,
        "vt": "SELECT torrents.groupname FROM torrents WHERE torrents.totalsnatched >= [placeholder-type:numeric] AND torrents.releasetype LIKE '[placeholder-type:string]' AND torrents.id BETWEEN [placeholder-type:numeric] AND [placeholder-type:numeric]",
        "ba": "The virtual table retrieves the release titles from the 'torrents' table based on specific criteria. It filters the results to include only those releases that have been downloaded a certain number of times, match a specific release type, and fall within a specified range of unique identifiers.",
        "gold_complexity": 10,
        "gold_sql": "SELECT groupName FROM torrents WHERE totalSnatched >= 20 AND releaseType LIKE 'single' AND id BETWEEN 10 AND 20"
    },
    {
        "sample_id": 2059,
        "vt": "SELECT torrents.groupname FROM torrents INNER JOIN tags AS T2 ON T1.id = T2.id WHERE tags.tag = '[placeholder-type:string]' ORDER BY torrents.totalsnatched LIMIT [placeholder-type:numeric]",
        "ba": "The virtual table retrieves the release titles from the 'torrents' table that are associated with a specific tag from the 'tags' table. It uses an inner join to connect the two tables based on their unique identifiers, ensuring that only releases with the specified tag are selected. The results are ordered by the number of times each release has been downloaded, and a limit is applied to control the number of results returned.",
        "gold_complexity": 10,
        "gold_sql": "SELECT T1.groupName FROM torrents AS T1 INNER JOIN tags AS T2 ON T1.id = T2.id WHERE T2.tag = '1980s' ORDER BY T1.totalSnatched DESC LIMIT 1"
    },
    {
        "sample_id": 2086,
        "vt": "SELECT torrents.groupname FROM torrents INNER JOIN tags AS T2 ON T1.id = T2.id WHERE torrents.groupyear = [placeholder-type:numeric] AND tags.tag LIKE '[placeholder-type:string]'",
        "ba": "The virtual table describes the release titles from the 'torrents' table that match a specific release year and a tag associated with the release. The placeholders in the WHERE clause represent the release year and the tag name.",
        "gold_complexity": 9,
        "gold_sql": "SELECT T1.groupName FROM torrents AS T1 INNER JOIN tags AS T2 ON T1.id = T2.id WHERE T1.groupYear = 2005 AND T2.tag LIKE 'jazz'"
    }
]