[
    {
        "sample_id": 5027,
        "vt": "SELECT COUNT(games_competitor.person_id) FROM games INNER JOIN games_competitor AS T2 ON T1.id = T2.games_id WHERE games.games_name = '[placeholder-type:string]' AND games_competitor.age = [placeholder-type:numeric]",
        "ba": "The virtual table counts the number of competitors who participated in a specific game based on the game's name and the age of the competitors. It joins the 'games' table with the 'games_competitor' table to filter the results accordingly.",
        "gold_complexity": 8,
        "gold_sql": "SELECT COUNT(T2.person_id) FROM games AS T1 INNER JOIN games_competitor AS T2 ON T1.id = T2.games_id WHERE T1.games_name = '2000 Summer' AND T2.age = 31"
    },
    {
        "sample_id": 4926,
        "vt": "SELECT CAST(COUNT(CASE WHEN noc_region.region_name = '[placeholder-type:string]' THEN [placeholder-type:numeric] ELSE NULL END) AS FLOAT) * [placeholder-type:numeric] / COUNT(person.id) FROM games INNER JOIN games_competitor AS T2 ON T1.id = T2.games_id INNER JOIN person AS T3 ON T2.person_id = T3.id INNER JOIN person_region AS T4 ON T3.id = T4.person_id INNER JOIN noc_region AS T5 ON T4.region_id = T5.id WHERE games.games_name = '[placeholder-type:string]'",
        "ba": "The virtual table calculates the proportion of competitors from a specific region who participated in a particular Olympic game, expressed as a percentage. It counts the number of competitors from the specified region and divides it by the total number of competitors in that game, then multiplies by a specified factor to convert it into a percentage. The placeholders represent the region name and the factor for scaling the result.",
        "gold_complexity": 11,
        "gold_sql": "SELECT CAST(COUNT(CASE WHEN T5.region_name = 'Finland' THEN 1 ELSE NULL END) AS REAL) * 100 / COUNT(T3.id) FROM games AS T1 INNER JOIN games_competitor AS T2 ON T1.id = T2.games_id INNER JOIN person AS T3 ON T2.person_id = T3.id INNER JOIN person_region AS T4 ON T3.id = T4.person_id INNER JOIN noc_region AS T5 ON T4.region_id = T5.id WHERE T1.games_name = '1994 Winter'"
    },
    {
        "sample_id": 5042,
        "vt": "SELECT CAST(COUNT(CASE WHEN games_competitor.age < [placeholder-type:numeric] THEN [placeholder-type:numeric] END) AS FLOAT) * [placeholder-type:numeric] / COUNT(games_competitor.games_id) FROM games INNER JOIN games_competitor AS T2 ON T1.id = T2.games_id WHERE games.season = '[placeholder-type:string]'",
        "ba": "The virtual table calculates the percentage of competitors who participated in Olympic games at an age younger than a specified threshold. It does this by counting the number of competitors whose age is less than the given value and dividing it by the total number of competitors in the specified season of the games. The result is then multiplied by a specified factor to adjust the final output.",
        "gold_complexity": 8,
        "gold_sql": "SELECT CAST(COUNT(CASE WHEN T2.age < 35 THEN 1 END) AS REAL) * 100 / COUNT(T2.games_id) FROM games AS T1 INNER JOIN games_competitor AS T2 ON T1.id = T2.games_id WHERE T1.season = 'Summer'"
    },
    {
        "sample_id": 5005,
        "vt": "SELECT COUNT(competitor_event.competitor_id) FROM competitor_event INNER JOIN event AS T2 ON T1.event_id = T2.id INNER JOIN medal AS T3 ON T1.medal_id = T3.id WHERE event.event_name LIKE '[placeholder-type:string]' AND medal.medal_name = '[placeholder-type:string]'",
        "ba": "The virtual table counts the number of competitors who participated in a specific event and won a specific medal from the Olympic Games data model. It joins the 'competitor_event' table with the 'event' table to filter by event name and with the 'medal' table to filter by medal name.",
        "gold_complexity": 10,
        "gold_sql": "SELECT COUNT(T1.competitor_id) FROM competitor_event AS T1 INNER JOIN event AS T2 ON T1.event_id = T2.id INNER JOIN medal AS T3 ON T1.medal_id = T3.id WHERE T2.event_name LIKE 'Rowing Women%s Coxed Eights' AND T3.medal_name = 'Gold'"
    },
    {
        "sample_id": 5019,
        "vt": "SELECT city.city_name FROM games_city INNER JOIN city AS T2 ON T1.city_id = T2.id INNER JOIN games AS T3 ON T1.games_id = T3.id WHERE games.games_name = '[placeholder-type:string]'",
        "ba": "The virtual table describes the names of cities that hosted specific Olympic games. It retrieves the city names from the 'city' table by joining it with the 'games_city' table, which links cities to games. The query filters the results based on the name of the game, represented by a placeholder for string values.",
        "gold_complexity": 8,
        "gold_sql": "SELECT T2.city_name FROM games_city AS T1 INNER JOIN city AS T2 ON T1.city_id = T2.id INNER JOIN games AS T3 ON T1.games_id = T3.id WHERE T3.games_name = '1920 Summer'"
    },
    {
        "sample_id": 4995,
        "vt": "SELECT COUNT(games_competitor.person_id) FROM games INNER JOIN games_competitor AS T2 ON T1.id = T2.games_id WHERE games.games_name = '[placeholder-type:string]' AND games_competitor.age > [placeholder-type:numeric]",
        "ba": "The virtual table counts the number of competitors who participated in a specific game, filtered by the game's name and the age of the competitors. It joins the 'games' table with the 'games_competitor' table to access the relevant data.",
        "gold_complexity": 9,
        "gold_sql": "SELECT COUNT(T2.person_id) FROM games AS T1 INNER JOIN games_competitor AS T2 ON T1.id = T2.games_id WHERE T1.games_name = '2016 Summer' AND T2.age > 59"
    },
    {
        "sample_id": 5063,
        "vt": "SELECT AVG(games_competitor.age) FROM games INNER JOIN games_competitor AS T2 ON T1.id = T2.games_id WHERE games.games_name = '[placeholder-type:string]'",
        "ba": "The virtual table calculates the average age of competitors who participated in a specific game. It joins the 'games' table with the 'games_competitor' table based on the game ID, filtering the results by the name of the game using a placeholder for string values.",
        "gold_complexity": 7,
        "gold_sql": "SELECT AVG(T2.age) FROM games AS T1 INNER JOIN games_competitor AS T2 ON T1.id = T2.games_id WHERE T1.games_name = '1924 Winter'"
    },
    {
        "sample_id": 5035,
        "vt": "SELECT person_region.region_id FROM person_region INNER JOIN person AS T2 ON T1.person_id = T2.id WHERE person.full_name = '[placeholder-type:string]'",
        "ba": "The virtual table retrieves the region identifier associated with a person based on their full name. It joins the 'person_region' table with the 'person' table to filter the results by the specified person's full name, represented by a placeholder.",
        "gold_complexity": 7,
        "gold_sql": "SELECT T1.region_id FROM person_region AS T1 INNER JOIN person AS T2 ON T1.person_id = T2.id WHERE T2.full_name = 'Christine Jacoba Aaftink'"
    },
    {
        "sample_id": 4980,
        "vt": "SELECT CAST(COUNT(CASE WHEN person.gender = '[placeholder-type:string]' THEN [placeholder-type:numeric] ELSE NULL END) AS FLOAT) * [placeholder-type:numeric] / COUNT(games_competitor.person_id) FROM games INNER JOIN games_competitor AS T2 ON T1.id = T2.games_id INNER JOIN person AS T3 ON T2.person_id = T3.id WHERE games.games_name = '[placeholder-type:string]' AND games_competitor.age < [placeholder-type:numeric]",
        "ba": "The virtual table calculates the percentage of participants of a specific gender in a particular Olympic game, adjusted by a specified factor. It counts the number of participants of the specified gender and divides it by the total number of competitors in that game, then multiplies the result by a given numeric value. The query filters the results based on the game's name and the age of the competitors.",
        "gold_complexity": 11,
        "gold_sql": "SELECT CAST(COUNT(CASE WHEN T3.gender = 'F' THEN 1 ELSE NULL END) AS REAL) * 100 / COUNT(T2.person_id) FROM games AS T1 INNER JOIN games_competitor AS T2 ON T1.id = T2.games_id INNER JOIN person AS T3 ON T2.person_id = T3.id WHERE T1.games_name = '2002 Winter' AND T2.age < 20"
    },
    {
        "sample_id": 4917,
        "vt": "SELECT person.full_name FROM noc_region INNER JOIN person_region AS T2 ON T1.id = T2.region_id INNER JOIN person AS T3 ON T2.person_id = T3.id WHERE noc_region.region_name = '[placeholder-type:string]'",
        "ba": "The virtual table describes the full names of persons from the 'person' table who belong to a specific region identified by the NOC code. The query joins the 'noc_region' table with the 'person_region' table to filter persons based on their associated region, and it uses a placeholder for the region's name in the WHERE clause.",
        "gold_complexity": 8,
        "gold_sql": "SELECT T3.full_name FROM noc_region AS T1 INNER JOIN person_region AS T2 ON T1.id = T2.region_id INNER JOIN person AS T3 ON T2.person_id = T3.id WHERE T1.region_name = 'Finland'"
    },
    {
        "sample_id": 4975,
        "vt": "SELECT COUNT(person.id) FROM games INNER JOIN games_competitor AS T2 ON T1.id = T2.games_id INNER JOIN person AS T3 ON T2.person_id = T3.id INNER JOIN person_region AS T4 ON T3.id = T4.person_id INNER JOIN noc_region AS T5 ON T4.region_id = T5.id WHERE games.games_name = '[placeholder-type:string]' AND noc_region.region_name = '[placeholder-type:string]'",
        "ba": "The virtual table counts the number of participants from a specific region who competed in a particular Olympic game. It joins multiple tables to gather the necessary information, including the games, competitors, persons, and their respective regions.",
        "gold_complexity": 11,
        "gold_sql": "SELECT COUNT(T3.id) FROM games AS T1 INNER JOIN games_competitor AS T2 ON T1.id = T2.games_id INNER JOIN person AS T3 ON T2.person_id = T3.id INNER JOIN person_region AS T4 ON T3.id = T4.person_id INNER JOIN noc_region AS T5 ON T4.region_id = T5.id WHERE T1.games_name = '2016 Summer' AND T5.region_name = 'China'"
    },
    {
        "sample_id": 4998,
        "vt": "SELECT AVG(games_competitor.age) FROM games INNER JOIN games_competitor AS T2 ON T1.id = T2.games_id INNER JOIN person_region AS T3 ON T2.person_id = T3.person_id INNER JOIN noc_region AS T4 ON T3.region_id = T4.id WHERE games.games_name = '[placeholder-type:string]' AND noc_region.region_name = '[placeholder-type:string]'",
        "ba": "The virtual table calculates the average age of competitors who participated in a specific Olympic game held in a specific region. It joins the 'games' table with 'games_competitor' to link games with their competitors, then connects to 'person_region' to associate competitors with their respective regions, and finally links to 'noc_region' to filter by the region's name. The placeholders represent the game name and the region name.",
        "gold_complexity": 10,
        "gold_sql": "SELECT AVG(T2.age) FROM games AS T1 INNER JOIN games_competitor AS T2 ON T1.id = T2.games_id INNER JOIN person_region AS T3 ON T2.person_id = T3.person_id INNER JOIN noc_region AS T4 ON T3.region_id = T4.id WHERE T1.games_name = '2016 Summer' AND T4.region_name = 'USA'"
    },
    {
        "sample_id": 4999,
        "vt": "SELECT noc_region.region_name FROM noc_region WHERE noc_region.noc = '[placeholder-type:string]'",
        "ba": "The virtual table describes the names of regions from the 'noc_region' table that correspond to a specific NOC code. The placeholder in the WHERE clause represents the NOC code being queried.",
        "gold_complexity": 6,
        "gold_sql": "SELECT region_name FROM noc_region WHERE noc = 'COL'"
    },
    {
        "sample_id": 4990,
        "vt": "SELECT COUNT(person.id) FROM person INNER JOIN games_competitor AS T2 ON T1.id = T2.person_id INNER JOIN competitor_event AS T3 ON T2.id = T3.competitor_id INNER JOIN event AS T4 ON T3.event_id = T4.id WHERE person.full_name = '[placeholder-type:string]' AND event.event_name LIKE '[placeholder-type:string]'",
        "ba": "The virtual table counts the number of times a specific person has participated in a specific event in the Olympics. It joins the 'person' table with the 'games_competitor' table to link each person to their game participations, then further joins with the 'competitor_event' table to connect competitors to events, and finally joins with the 'event' table to filter by event name. The placeholders represent the person's full name and the event name being queried.",
        "gold_complexity": 11,
        "gold_sql": "SELECT COUNT(T1.id) FROM person AS T1 INNER JOIN games_competitor AS T2 ON T1.id = T2.person_id INNER JOIN competitor_event AS T3 ON T2.id = T3.competitor_id INNER JOIN event AS T4 ON T3.event_id = T4.id WHERE T1.full_name = 'Ian James Thorpe' AND T4.event_name LIKE 'Swimming Men%s 200 metres Freestyle'"
    },
    {
        "sample_id": 4982,
        "vt": "SELECT (SELECT games.games_name FROM games AS T1 INNER JOIN games_competitor AS T2 ON T1.id = T2.games_id WHERE T1.season = 'Summer' GROUP BY T1.games_year ORDER BY COUNT(T2.person_id) DESC LIMIT 1), (SELECT games.games_name FROM games AS T1 INNER JOIN games_competitor AS T2 ON T1.id = T2.games_id WHERE T1.season = 'Summer' GROUP BY T1.games_year ORDER BY COUNT(T2.person_id) LIMIT 1)",
        "ba": "The virtual table identifies the summer Olympic games with the highest and lowest number of competitors. It retrieves the game names by joining the 'games' and 'games_competitor' tables, filtering for the summer season, and grouping by the year of the games. The first subquery selects the game with the most competitors, while the second subquery selects the game with the least competitors.",
        "gold_complexity": 21,
        "gold_sql": "SELECT ( SELECT T1.games_name FROM games AS T1 INNER JOIN games_competitor AS T2 ON T1.id = T2.games_id WHERE T1.season = 'Summer' GROUP BY T1.games_year ORDER BY COUNT(T2.person_id) DESC LIMIT 1 ) AS HIGHEST , ( SELECT T1.games_name FROM games AS T1 INNER JOIN games_competitor AS T2 ON T1.id = T2.games_id WHERE T1.season = 'Summer' GROUP BY T1.games_year ORDER BY COUNT(T2.person_id) LIMIT 1 ) AS LOWEST"
    },
    {
        "sample_id": 4988,
        "vt": "SELECT games_competitor.age FROM person INNER JOIN games_competitor AS T2 ON T1.id = T2.person_id WHERE person.full_name = '[placeholder-type:string]' ORDER BY games_competitor.age LIMIT [placeholder-type:numeric]",
        "ba": "The virtual table retrieves the ages of competitors from the 'games_competitor' table who are associated with a specific person identified by their full name in the 'person' table. The results are ordered by age and limited to a specified number of entries.",
        "gold_complexity": 10,
        "gold_sql": "SELECT T2.age FROM person AS T1 INNER JOIN games_competitor AS T2 ON T1.id = T2.person_id WHERE T1.full_name = 'Michael Fred Phelps, II' ORDER BY T2.age LIMIT 1"
    },
    {
        "sample_id": 5076,
        "vt": "SELECT AVG(person.height) FROM person INNER JOIN games_competitor AS T2 ON T1.id = T2.person_id WHERE games_competitor.age BETWEEN [placeholder-type:numeric] AND [placeholder-type:numeric]",
        "ba": "The virtual table calculates the average height of persons who participated in Olympic games, filtered by their age range. The query joins the 'person' table with the 'games_competitor' table to access the height and age of competitors. The placeholders represent the minimum and maximum ages for filtering the results.",
        "gold_complexity": 7,
        "gold_sql": "SELECT AVG(T1.height) FROM person AS T1 INNER JOIN games_competitor AS T2 ON T1.id = T2.person_id WHERE T2.age BETWEEN 22 AND 28"
    },
    {
        "sample_id": 5016,
        "vt": "SELECT noc_region.region_name FROM person_region INNER JOIN noc_region AS T2 ON T1.region_id = T2.id GROUP BY noc_region.region_name ORDER BY COUNT(person_region.person_id) LIMIT [placeholder-type:numeric]",
        "ba": "The virtual table lists the names of regions from the 'noc_region' table, which are associated with persons in the 'person_region' table. It groups the results by region name and orders them based on the count of persons linked to each region, limiting the output to a specified number of regions.",
        "gold_complexity": 10,
        "gold_sql": "SELECT T2.region_name FROM person_region AS T1 INNER JOIN noc_region AS T2 ON T1.region_id = T2.id GROUP BY T2.region_name ORDER BY COUNT(T1.person_id) DESC LIMIT 1"
    },
    {
        "sample_id": 4942,
        "vt": "SELECT COUNT(games_competitor.person_id) FROM competitor_event INNER JOIN games_competitor AS T2 ON T1.competitor_id = T2.id INNER JOIN event AS T3 ON T1.event_id = T3.id WHERE event.event_name LIKE '[placeholder-type:string]' AND games_competitor.age = [placeholder-type:numeric]",
        "ba": "The virtual table counts the number of competitors who participated in a specific event at the Olympics, filtered by the event's name and the age of the competitors.",
        "gold_complexity": 10,
        "gold_sql": "SELECT COUNT(T2.person_id) FROM competitor_event AS T1 INNER JOIN games_competitor AS T2 ON T1.competitor_id = T2.id INNER JOIN event AS T3 ON T1.event_id = T3.id WHERE T3.event_name LIKE 'Basketball Men%s Basketball' AND T2.age = 24"
    },
    {
        "sample_id": 4994,
        "vt": "SELECT city.city_name FROM games_city INNER JOIN city AS T2 ON T1.city_id = T2.id INNER JOIN games AS T3 ON T1.games_id = T3.id WHERE games.games_name = '[placeholder-type:string]'",
        "ba": "The virtual table describes the names of cities that hosted specific Olympic games. It retrieves the city names from the 'city' table by joining it with the 'games_city' table, which links cities to games. The query filters the results based on the name of the game, represented by a placeholder for string values.",
        "gold_complexity": 8,
        "gold_sql": "SELECT T2.city_name FROM games_city AS T1 INNER JOIN city AS T2 ON T1.city_id = T2.id INNER JOIN games AS T3 ON T1.games_id = T3.id WHERE T3.games_name = '1992 Summer'"
    },
    {
        "sample_id": 5008,
        "vt": "SELECT games.games_year FROM games_city INNER JOIN city AS T2 ON T1.city_id = T2.id INNER JOIN games AS T3 ON T1.games_id = T3.id WHERE city.city_name = '[placeholder-type:string]'",
        "ba": "The virtual table retrieves the years of games held in a specific city from the 'games' table, using the 'games_city' table to link games to their respective cities. The placeholder in the WHERE clause represents the name of the city for which the game years are being queried.",
        "gold_complexity": 8,
        "gold_sql": "SELECT T3.games_year FROM games_city AS T1 INNER JOIN city AS T2 ON T1.city_id = T2.id INNER JOIN games AS T3 ON T1.games_id = T3.id WHERE T2.city_name = 'Roma'"
    },
    {
        "sample_id": 5050,
        "vt": "SELECT DISTINCT sport.sport_name FROM sport INNER JOIN event AS T2 ON T1.id = T2.sport_id INNER JOIN competitor_event AS T3 ON T2.id = T3.event_id INNER JOIN games_competitor AS T4 ON T3.competitor_id = T4.id INNER JOIN person AS T5 ON T4.person_id = T5.id WHERE person.full_name = '[placeholder-type:string]'",
        "ba": "The virtual table lists the distinct names of sports from the 'sport' table that have been participated in by a specific person. It joins multiple tables to filter the results based on the person's full name, ensuring that only relevant sports are displayed.",
        "gold_complexity": 11,
        "gold_sql": "SELECT DISTINCT T1.sport_name FROM sport AS T1 INNER JOIN event AS T2 ON T1.id = T2.sport_id INNER JOIN competitor_event AS T3 ON T2.id = T3.event_id INNER JOIN games_competitor AS T4 ON T3.competitor_id = T4.id INNER JOIN person AS T5 ON T4.person_id = T5.id WHERE T5.full_name = 'John Aalberg'"
    },
    {
        "sample_id": 5026,
        "vt": "SELECT games_competitor.age FROM games INNER JOIN games_competitor AS T2 ON T1.id = T2.games_id INNER JOIN person AS T3 ON T2.person_id = T3.id WHERE games.games_name = '[placeholder-type:string]' AND person.full_name = '[placeholder-type:string]'",
        "ba": "The virtual table retrieves the ages of competitors who participated in a specific game, identified by its name, and whose full name matches a given name. It joins the 'games' table with the 'games_competitor' table to link games with their competitors, and further joins the 'person' table to filter by the competitor's full name.",
        "gold_complexity": 9,
        "gold_sql": "SELECT T2.age FROM games AS T1 INNER JOIN games_competitor AS T2 ON T1.id = T2.games_id INNER JOIN person AS T3 ON T2.person_id = T3.id WHERE T1.games_name = '2012 Summer' AND T3.full_name = 'A Lamusi'"
    },
    {
        "sample_id": 4918,
        "vt": "SELECT noc_region.region_name FROM noc_region INNER JOIN person_region AS T2 ON T1.id = T2.region_id INNER JOIN person AS T3 ON T2.person_id = T3.id WHERE person.full_name = '[placeholder-type:string]'",
        "ba": "The virtual table retrieves the names of regions associated with a specific person based on their full name. It joins the 'noc_region' table with the 'person_region' table to link regions to persons, and then further joins with the 'person' table to filter by the person's full name.",
        "gold_complexity": 8,
        "gold_sql": "SELECT T1.region_name FROM noc_region AS T1 INNER JOIN person_region AS T2 ON T1.id = T2.region_id INNER JOIN person AS T3 ON T2.person_id = T3.id WHERE T3.full_name = 'John Aalberg'"
    },
    {
        "sample_id": 4945,
        "vt": "SELECT event.event_name FROM competitor_event INNER JOIN event AS T2 ON T1.event_id = T2.id INNER JOIN medal AS T3 ON T1.medal_id = T3.id WHERE medal.medal_name = '[placeholder-type:string]' GROUP BY event.id ORDER BY COUNT(competitor_event.event_id) LIMIT [placeholder-type:numeric]",
        "ba": "The virtual table lists the names of events from the 'event' table that have competitors who won a specific type of medal. It joins the 'competitor_event' table to link competitors to their respective events and medals, filtering the results based on the specified medal name. The results are grouped by event to count the number of competitors and ordered by this count, limiting the output to a specified number of events.",
        "gold_complexity": 13,
        "gold_sql": "SELECT T2.event_name FROM competitor_event AS T1 INNER JOIN event AS T2 ON T1.event_id = T2.id INNER JOIN medal AS T3 ON T1.medal_id = T3.id WHERE T3.medal_name = 'Gold' GROUP BY T2.id ORDER BY COUNT(T1.event_id) DESC LIMIT 1"
    },
    {
        "sample_id": 4997,
        "vt": "SELECT COUNT(games_competitor.person_id) FROM competitor_event INNER JOIN games_competitor AS T2 ON T1.competitor_id = T2.id INNER JOIN event AS T3 ON T1.event_id = T3.id WHERE event.event_name LIKE '[placeholder-type:string]' AND games_competitor.age = [placeholder-type:numeric]",
        "ba": "The virtual table counts the number of competitors who participated in a specific event at the Olympics, filtered by the event name and the age of the competitors.",
        "gold_complexity": 10,
        "gold_sql": "SELECT COUNT(T2.person_id) FROM competitor_event AS T1 INNER JOIN games_competitor AS T2 ON T1.competitor_id = T2.id INNER JOIN event AS T3 ON T1.event_id = T3.id WHERE T3.event_name LIKE 'Gymnastics Men%s Parallel Bars, Teams' AND T2.age = 10"
    },
    {
        "sample_id": 4973,
        "vt": "SELECT COUNT(games_competitor.person_id) FROM games INNER JOIN games_competitor AS T2 ON T1.id = T2.games_id WHERE games.games_name = '[placeholder-type:string]'",
        "ba": "The virtual table counts the number of competitors who participated in a specific game from the 'games' table. It joins the 'games' table with the 'games_competitor' table to link each game with its competitors. The placeholder in the WHERE clause represents the name of the game for which the count of competitors is being requested.",
        "gold_complexity": 7,
        "gold_sql": "SELECT COUNT(T2.person_id) FROM games AS T1 INNER JOIN games_competitor AS T2 ON T1.id = T2.games_id WHERE T1.games_name = '2014 Winter'"
    },
    {
        "sample_id": 4928,
        "vt": "SELECT city.city_name FROM games_city INNER JOIN city AS T2 ON T1.city_id = T2.id INNER JOIN games AS T3 ON T1.games_id = T3.id WHERE games.games_name = '[placeholder-type:string]'",
        "ba": "The virtual table describes the names of cities that hosted specific Olympic games. It retrieves the city names from the 'city' table by joining it with the 'games_city' table, which links cities to games. The query filters the results based on the name of the game, represented by a placeholder for string values.",
        "gold_complexity": 8,
        "gold_sql": "SELECT T2.city_name FROM games_city AS T1 INNER JOIN city AS T2 ON T1.city_id = T2.id INNER JOIN games AS T3 ON T1.games_id = T3.id WHERE T3.games_name = '1936 Winter'"
    },
    {
        "sample_id": 4986,
        "vt": "SELECT COUNT(person_region.person_id) FROM noc_region INNER JOIN person_region AS T2 ON T1.id = T2.region_id INNER JOIN person AS T3 ON T2.person_id = T3.id WHERE noc_region.region_name = '[placeholder-type:string]' AND person.gender = '[placeholder-type:string]'",
        "ba": "The virtual table counts the number of persons from a specific region who belong to a specified gender. It joins the 'noc_region' table with the 'person_region' table to link persons to their respective regions, and then further joins with the 'person' table to filter by gender. The placeholders represent the region name and gender of interest.",
        "gold_complexity": 9,
        "gold_sql": "SELECT COUNT(T2.person_id) FROM noc_region AS T1 INNER JOIN person_region AS T2 ON T1.id = T2.region_id INNER JOIN person AS T3 ON T2.person_id = T3.id WHERE T1.region_name = 'Philippines' AND T3.gender = 'F'"
    },
    {
        "sample_id": 5049,
        "vt": "SELECT person.full_name FROM person INNER JOIN games_competitor AS T2 ON T1.id = T2.person_id ORDER BY games_competitor.age LIMIT [placeholder-type:numeric]",
        "ba": "The virtual table describes the full names of individuals who have participated in Olympic games, retrieved from the 'person' table. It joins with the 'games_competitor' table to associate each person with their participation details, specifically focusing on their age during participation. The results are ordered by age and limited to a specified number of entries.",
        "gold_complexity": 8,
        "gold_sql": "SELECT T1.full_name FROM person AS T1 INNER JOIN games_competitor AS T2 ON T1.id = T2.person_id ORDER BY T2.age DESC LIMIT 1"
    },
    {
        "sample_id": 4933,
        "vt": "SELECT sport.sport_name FROM sport INNER JOIN event AS T2 ON T1.id = T2.sport_id GROUP BY sport.sport_name ORDER BY COUNT(event.event_name) LIMIT [placeholder-type:numeric]",
        "ba": "The virtual table lists the names of sports from the 'sport' table, which are associated with various events. It uses an inner join to connect the 'sport' table with the 'event' table based on the sport's ID. The results are grouped by sport name to count the number of events for each sport, and the output is ordered by the count of events in descending order. The placeholder in the LIMIT clause allows for specifying the maximum number of sports to display.",
        "gold_complexity": 10,
        "gold_sql": "SELECT T1.sport_name FROM sport AS T1 INNER JOIN event AS T2 ON T1.id = T2.sport_id GROUP BY T1.sport_name ORDER BY COUNT(T2.event_name) DESC LIMIT 1"
    },
    {
        "sample_id": 4939,
        "vt": "SELECT CAST(person.weight AS FLOAT) / (person.height * person.height) FROM person INNER JOIN games_competitor AS T2 ON T1.id = T2.person_id WHERE games_competitor.id = [placeholder-type:numeric]",
        "ba": "The virtual table calculates the Body Mass Index (BMI) of competitors by dividing their weight (in kg) by the square of their height (in meters). It retrieves the weight and height from the 'person' table and joins it with the 'games_competitor' table to filter for a specific competitor using a placeholder for the competitor's ID.",
        "gold_complexity": 8,
        "gold_sql": "SELECT CAST(T1.weight AS REAL) / (T1.height * T1.height) FROM person AS T1 INNER JOIN games_competitor AS T2 ON T1.id = T2.person_id WHERE T2.id = 147420"
    },
    {
        "sample_id": 4989,
        "vt": "SELECT COUNT(person_region.person_id) FROM person_region WHERE person_region.region_id = (SELECT person_region.region_id FROM person_region AS T1 INNER JOIN person AS T2 ON T1.person_id = T2.id WHERE T2.full_name = 'Clara Hughes')",
        "ba": "The virtual table counts the number of participants from a specific region in the Olympic games, based on the full name of a person. It retrieves the region ID associated with the person's name and then counts how many individuals belong to that region.",
        "gold_complexity": 11,
        "gold_sql": "SELECT COUNT(person_id) FROM person_region WHERE region_id = ( SELECT T1.region_id FROM person_region AS T1 INNER JOIN person AS T2 ON T1.person_id = T2.id WHERE T2.full_name = 'Clara Hughes' )"
    },
    {
        "sample_id": 5017,
        "vt": "SELECT CAST(COUNT(CASE WHEN person.height > [placeholder-type:numeric] THEN [placeholder-type:numeric] ELSE NULL END) AS FLOAT) * [placeholder-type:numeric] / COUNT(person_region.person_id) FROM noc_region INNER JOIN person_region AS T2 ON T1.id = T2.region_id INNER JOIN person AS T3 ON T2.person_id = T3.id WHERE noc_region.region_name = '[placeholder-type:string]'",
        "ba": "The virtual table calculates the average height of individuals from a specific region by counting those who exceed a certain height and normalizing it against the total number of individuals in that region. The placeholders represent the height threshold and the region name.",
        "gold_complexity": 9,
        "gold_sql": "SELECT CAST(COUNT(CASE WHEN T3.height > 175 THEN 1 ELSE NULL END) AS REAL) * 100 / COUNT(T2.person_id) FROM noc_region AS T1 INNER JOIN person_region AS T2 ON T1.id = T2.region_id INNER JOIN person AS T3 ON T2.person_id = T3.id WHERE T1.region_name = 'Vanuatu'"
    },
    {
        "sample_id": 4993,
        "vt": "SELECT COUNT(games_city.games_id) FROM games_city INNER JOIN city AS T2 ON T1.city_id = T2.id WHERE city.city_name = '[placeholder-type:string]'",
        "ba": "The virtual table counts the number of games held in a specific city from the 'games_city' table. It joins the 'games_city' table with the 'city' table to filter the results based on the city's name provided as a placeholder.",
        "gold_complexity": 7,
        "gold_sql": "SELECT COUNT(T1.games_id) FROM games_city AS T1 INNER JOIN city AS T2 ON T1.city_id = T2.id WHERE T2.city_name = 'London'"
    },
    {
        "sample_id": 5012,
        "vt": "SELECT COUNT(event.event_name) FROM sport INNER JOIN event AS T2 ON T1.id = T2.sport_id WHERE sport.sport_name = '[placeholder-type:string]'",
        "ba": "The virtual table counts the number of events associated with a specific sport from the 'sport' and 'event' tables. The placeholder in the WHERE clause represents the name of the sport for which the event count is being queried.",
        "gold_complexity": 7,
        "gold_sql": "SELECT COUNT(T2.event_name) FROM sport AS T1 INNER JOIN event AS T2 ON T1.id = T2.sport_id WHERE T1.sport_name = 'Athletics'"
    },
    {
        "sample_id": 4963,
        "vt": "SELECT games.games_name FROM games INNER JOIN games_competitor AS T2 ON T1.id = T2.games_id INNER JOIN person AS T3 ON T2.person_id = T3.id WHERE person.gender = '[placeholder-type:string]' GROUP BY games.games_name ORDER BY COUNT(games_competitor.person_id) LIMIT [placeholder-type:numeric]",
        "ba": "The virtual table lists the names of games from the 'games' table that were participated in by competitors of a specific gender. It joins the 'games' table with the 'games_competitor' table to link games with their competitors, and then further joins with the 'person' table to filter based on the gender of the competitors. The results are grouped by game names and ordered by the count of competitors participating in each game, with a limit on the number of results returned.",
        "gold_complexity": 13,
        "gold_sql": "SELECT T1.games_name FROM games AS T1 INNER JOIN games_competitor AS T2 ON T1.id = T2.games_id INNER JOIN person AS T3 ON T2.person_id = T3.id WHERE T3.gender = 'F' GROUP BY T1.games_name ORDER BY COUNT(T2.person_id) DESC LIMIT 1"
    },
    {
        "sample_id": 4959,
        "vt": "SELECT person.full_name FROM person INNER JOIN games_competitor AS T2 ON T1.id = T2.person_id INNER JOIN competitor_event AS T3 ON T2.id = T3.competitor_id INNER JOIN medal AS T4 ON T3.medal_id = T4.id WHERE medal.id <> [placeholder-type:numeric] GROUP BY person.full_name ORDER BY COUNT(medal.id) LIMIT [placeholder-type:numeric]",
        "ba": "The virtual table describes the full names of persons who have participated in Olympic games and have won medals, excluding a specific medal type. The results are grouped by the person's full name and ordered by the count of medals won, with a limit on the number of results returned.",
        "gold_complexity": 14,
        "gold_sql": "SELECT T1.full_name FROM person AS T1 INNER JOIN games_competitor AS T2 ON T1.id = T2.person_id INNER JOIN competitor_event AS T3 ON T2.id = T3.competitor_id INNER JOIN medal AS T4 ON T3.medal_id = T4.id WHERE T4.id != 4 GROUP BY T1.full_name ORDER BY COUNT(T4.id) DESC LIMIT 1"
    },
    {
        "sample_id": 5058,
        "vt": "SELECT person.full_name FROM noc_region INNER JOIN person_region AS T2 ON T1.id = T2.region_id INNER JOIN person AS T3 ON T2.person_id = T3.id WHERE noc_region.region_name = '[placeholder-type:string]'",
        "ba": "The virtual table describes the full names of persons from the 'person' table who belong to a specific region identified by the NOC code. The query joins the 'noc_region' table with the 'person_region' table to filter persons based on their associated region, and it uses a placeholder for the region's name in the WHERE clause.",
        "gold_complexity": 8,
        "gold_sql": "SELECT T3.full_name FROM noc_region AS T1 INNER JOIN person_region AS T2 ON T1.id = T2.region_id INNER JOIN person AS T3 ON T2.person_id = T3.id WHERE T1.region_name = 'Argentina'"
    },
    {
        "sample_id": 4953,
        "vt": "SELECT COUNT(competitor_event.event_id), CAST(COUNT(CASE WHEN medal.id = '[placeholder-type:string]' THEN [placeholder-type:numeric] ELSE NULL END) AS FLOAT) * [placeholder-type:numeric] / COUNT(medal.id) FROM person INNER JOIN games_competitor AS T2 ON T1.id = T2.person_id INNER JOIN competitor_event AS T3 ON T2.id = T3.competitor_id INNER JOIN medal AS T4 ON T3.medal_id = T4.id WHERE person.full_name = '[placeholder-type:string]'",
        "ba": "The virtual table calculates the total number of competitors who participated in events and the proportion of those who won a specific medal type based on a person's full name. The placeholders represent the medal type and a numeric value for scaling the proportion.",
        "gold_complexity": 11,
        "gold_sql": "SELECT COUNT(T3.event_id) , CAST(COUNT(CASE WHEN T4.id = '1' THEN 1 ELSE NULL END) AS REAL) * 100 / COUNT(T4.id) FROM person AS T1 INNER JOIN games_competitor AS T2 ON T1.id = T2.person_id INNER JOIN competitor_event AS T3 ON T2.id = T3.competitor_id INNER JOIN medal AS T4 ON T3.medal_id = T4.id WHERE T1.full_name = 'Michael Fred Phelps, II'"
    },
    {
        "sample_id": 5023,
        "vt": "SELECT city.city_name FROM games_city INNER JOIN city AS T2 ON T1.city_id = T2.id GROUP BY city.city_name ORDER BY COUNT(city.city_name) LIMIT [placeholder-type:numeric]",
        "ba": "The virtual table lists the names of cities that have hosted Olympic games, aggregating the data to show only unique city names. The results are ordered by the number of times each city has hosted games, and the output is limited to a specified number of cities.",
        "gold_complexity": 10,
        "gold_sql": "SELECT T2.city_name FROM games_city AS T1 INNER JOIN city AS T2 ON T1.city_id = T2.id GROUP BY T2.city_name ORDER BY COUNT(T2.city_name) DESC LIMIT 1"
    },
    {
        "sample_id": 5044,
        "vt": "SELECT DISTINCT medal.medal_name FROM medal INNER JOIN competitor_event AS T2 ON T1.id = T2.medal_id WHERE competitor_event.competitor_id = [placeholder-type:numeric]",
        "ba": "The virtual table lists the distinct names of medals from the 'medal' table that have been awarded to a specific competitor in the Olympic events. The query joins the 'medal' table with the 'competitor_event' table to filter the results based on the competitor's ID, represented by a placeholder for numeric values.",
        "gold_complexity": 8,
        "gold_sql": "SELECT DISTINCT T1.medal_name FROM medal AS T1 INNER JOIN competitor_event AS T2 ON T1.id = T2.medal_id WHERE T2.competitor_id = 9"
    },
    {
        "sample_id": 4977,
        "vt": "SELECT noc_region.region_name FROM medal INNER JOIN competitor_event AS T2 ON T1.id = T2.medal_id INNER JOIN games_competitor AS T3 ON T2.competitor_id = T3.id INNER JOIN person_region AS T4 ON T3.person_id = T4.person_id INNER JOIN noc_region AS T5 ON T4.region_id = T5.id WHERE medal.id <> [placeholder-type:numeric] GROUP BY noc_region.region_name ORDER BY COUNT(competitor_event.competitor_id) LIMIT [placeholder-type:numeric]",
        "ba": "The virtual table retrieves the names of regions from the 'noc_region' table based on the medals awarded in Olympic events. It filters out a specific medal type using a placeholder and groups the results by region name, counting the number of competitors for each region. The results are then ordered by the count of competitors and limited to a specified number of regions.",
        "gold_complexity": 15,
        "gold_sql": "SELECT T5.region_name FROM medal AS T1 INNER JOIN competitor_event AS T2 ON T1.id = T2.medal_id INNER JOIN games_competitor AS T3 ON T2.competitor_id = T3.id INNER JOIN person_region AS T4 ON T3.person_id = T4.person_id INNER JOIN noc_region AS T5 ON T4.region_id = T5.id WHERE T1.id != 4 GROUP BY T5.region_name ORDER BY COUNT(T2.competitor_id) DESC LIMIT 1"
    },
    {
        "sample_id": 5033,
        "vt": "SELECT sport.sport_name FROM sport INNER JOIN event AS T2 ON T1.id = T2.sport_id WHERE event.event_name LIKE '[placeholder-type:string]'",
        "ba": "The virtual table lists the names of sports from the 'sport' table that are associated with a specific event. The query uses an inner join to connect the 'sport' table with the 'event' table based on the sport's ID. The placeholder in the WHERE clause allows for filtering events by their name.",
        "gold_complexity": 7,
        "gold_sql": "SELECT T1.sport_name FROM sport AS T1 INNER JOIN event AS T2 ON T1.id = T2.sport_id WHERE T2.event_name LIKE 'Cross Country Skiing Men%s 10/15 kilometres Pursuit'"
    },
    {
        "sample_id": 4930,
        "vt": "SELECT COUNT(event.event_name) FROM sport INNER JOIN event AS T2 ON T1.id = T2.sport_id WHERE sport.sport_name = '[placeholder-type:string]'",
        "ba": "The virtual table counts the number of events associated with a specific sport from the 'sport' and 'event' tables. The placeholder in the WHERE clause represents the name of the sport for which the event count is being queried.",
        "gold_complexity": 7,
        "gold_sql": "SELECT COUNT(T2.event_name) FROM sport AS T1 INNER JOIN event AS T2 ON T1.id = T2.sport_id WHERE T1.sport_name = 'Swimming'"
    },
    {
        "sample_id": 4937,
        "vt": "SELECT person.full_name FROM person INNER JOIN games_competitor AS T2 ON T1.id = T2.person_id WHERE games_competitor.id = [placeholder-type:numeric]",
        "ba": "The virtual table describes the full names of individuals who participated in a specific Olympic game. It retrieves data from the 'person' table and joins it with the 'games_competitor' table to filter based on the unique identifier of the competitor. The placeholder in the WHERE clause represents the ID of the competitor.",
        "gold_complexity": 7,
        "gold_sql": "SELECT T1.full_name FROM person AS T1 INNER JOIN games_competitor AS T2 ON T1.id = T2.person_id WHERE T2.id = 90991"
    },
    {
        "sample_id": 4991,
        "vt": "SELECT COUNT(event.id) FROM event INNER JOIN competitor_event AS T2 ON T1.id = T2.event_id INNER JOIN games_competitor AS T3 ON T2.competitor_id = T3.id INNER JOIN person AS T4 ON T3.person_id = T4.id WHERE person.full_name = '[placeholder-type:string]' AND event.event_name LIKE '[placeholder-type:string]' AND competitor_event.medal_id = [placeholder-type:numeric]",
        "ba": "The virtual table counts the number of events from the 'event' table that a specific person has participated in, based on their full name and the event name. It also filters the results to include only those competitors who have won a specific medal, identified by its ID. The query joins multiple tables to gather the necessary information about events, competitors, and persons.",
        "gold_complexity": 12,
        "gold_sql": "SELECT COUNT(T1.id) FROM event AS T1 INNER JOIN competitor_event AS T2 ON T1.id = T2.event_id INNER JOIN games_competitor AS T3 ON T2.competitor_id = T3.id INNER JOIN person AS T4 ON T3.person_id = T4.id WHERE T4.full_name = 'Larysa Semenivna Latynina (Diriy-)' AND T1.event_name LIKE 'Gymnastics Women%s Individual All-Around' AND T2.medal_id = 1"
    },
    {
        "sample_id": 5047,
        "vt": "SELECT city.city_name FROM games_city INNER JOIN city AS T2 ON T1.city_id = T2.id INNER JOIN games AS T3 ON T1.games_id = T3.id WHERE games.games_year = [placeholder-type:numeric]",
        "ba": "The virtual table describes the names of cities that hosted Olympic games in a specific year. It retrieves the city names from the 'city' table by joining it with the 'games_city' table, which links cities to games, and filters the results based on the year of the games using a placeholder for numeric values.",
        "gold_complexity": 8,
        "gold_sql": "SELECT T2.city_name FROM games_city AS T1 INNER JOIN city AS T2 ON T1.city_id = T2.id INNER JOIN games AS T3 ON T1.games_id = T3.id WHERE T3.games_year = 1992"
    },
    {
        "sample_id": 4921,
        "vt": "SELECT city.city_name FROM games_city INNER JOIN city AS T2 ON T1.city_id = T2.id INNER JOIN games AS T3 ON T1.games_id = T3.id WHERE games.games_name = '[placeholder-type:string]'",
        "ba": "The virtual table describes the names of cities that hosted specific Olympic games. It retrieves the city names from the 'city' table by joining it with the 'games_city' table, which links cities to games. The query filters the results based on the name of the game, represented by a placeholder for string values.",
        "gold_complexity": 8,
        "gold_sql": "SELECT T2.city_name FROM games_city AS T1 INNER JOIN city AS T2 ON T1.city_id = T2.id INNER JOIN games AS T3 ON T1.games_id = T3.id WHERE T3.games_name = '1992 Summer'"
    },
    {
        "sample_id": 5018,
        "vt": "SELECT AVG(person.weight) FROM noc_region INNER JOIN person_region AS T2 ON T1.id = T2.region_id INNER JOIN person AS T3 ON T2.person_id = T3.id WHERE noc_region.region_name = '[placeholder-type:string]' AND person.gender = '[placeholder-type:string]'",
        "ba": "The virtual table calculates the average weight of persons from a specific region and gender. It joins the 'noc_region' table with the 'person_region' table to link persons to their respective regions, and then further joins with the 'person' table to access the weight and gender information of each person. The placeholders in the WHERE clause represent the region name and gender of interest.",
        "gold_complexity": 9,
        "gold_sql": "SELECT AVG(T3.weight) FROM noc_region AS T1 INNER JOIN person_region AS T2 ON T1.id = T2.region_id INNER JOIN person AS T3 ON T2.person_id = T3.id WHERE T1.region_name = 'Tonga' AND T3.gender = 'M'"
    },
    {
        "sample_id": 5011,
        "vt": "SELECT COUNT(games_competitor.person_id) FROM games INNER JOIN games_competitor AS T2 ON T1.id = T2.games_id WHERE games.games_name = '[placeholder-type:string]' AND games_competitor.age > [placeholder-type:numeric]",
        "ba": "The virtual table counts the number of competitors who participated in a specific game, filtered by the game's name and the age of the competitors. It joins the 'games' table with the 'games_competitor' table to access the relevant data.",
        "gold_complexity": 9,
        "gold_sql": "SELECT COUNT(T2.person_id) FROM games AS T1 INNER JOIN games_competitor AS T2 ON T1.id = T2.games_id WHERE T1.games_name = '1984 Summer' AND T2.age > 50"
    },
    {
        "sample_id": 5041,
        "vt": "SELECT AVG(games_competitor.age) FROM games INNER JOIN games_competitor AS T2 ON T1.id = T2.games_id WHERE games.season = '[placeholder-type:string]'",
        "ba": "The virtual table calculates the average age of competitors who participated in games held during a specific season. It joins the 'games' table with the 'games_competitor' table to access the age of competitors associated with each game, filtering the results based on the specified season.",
        "gold_complexity": 7,
        "gold_sql": "SELECT AVG(T2.age) FROM games AS T1 INNER JOIN games_competitor AS T2 ON T1.id = T2.games_id WHERE T1.season = 'Winter'"
    },
    {
        "sample_id": 4966,
        "vt": "SELECT games.games_name FROM games INNER JOIN games_competitor AS T2 ON T1.id = T2.games_id INNER JOIN person AS T3 ON T2.person_id = T3.id WHERE person.full_name = '[placeholder-type:string]'",
        "ba": "The virtual table describes the names of games from the 'games' table in which a specific person participated. It joins the 'games' table with the 'games_competitor' table to link games with competitors, and further joins with the 'person' table to filter results based on the full name of the person. The placeholder in the WHERE clause represents the person's full name.",
        "gold_complexity": 8,
        "gold_sql": "SELECT T1.games_name FROM games AS T1 INNER JOIN games_competitor AS T2 ON T1.id = T2.games_id INNER JOIN person AS T3 ON T2.person_id = T3.id WHERE T3.full_name = 'Morten Aleksander Djupvik'"
    },
    {
        "sample_id": 5021,
        "vt": "SELECT COUNT(games.id) FROM games_city INNER JOIN city AS T2 ON T1.city_id = T2.id INNER JOIN games AS T3 ON T1.games_id = T3.id WHERE city.city_name = '[placeholder-type:string]' AND games.season = '[placeholder-type:string]'",
        "ba": "The virtual table counts the number of games held in a specific city during a specific season. It joins the 'games_city' table with the 'city' table to filter by city name and with the 'games' table to filter by season.",
        "gold_complexity": 9,
        "gold_sql": "SELECT COUNT(T3.id) FROM games_city AS T1 INNER JOIN city AS T2 ON T1.city_id = T2.id INNER JOIN games AS T3 ON T1.games_id = T3.id WHERE T2.city_name = 'Paris' AND T3.season = 'Summer'"
    },
    {
        "sample_id": 4967,
        "vt": "SELECT COUNT(competitor_event.competitor_id) FROM competitor_event INNER JOIN event AS T2 ON T1.event_id = T2.id INNER JOIN sport AS T3 ON T2.sport_id = T3.id WHERE event.event_name = '[placeholder-type:string]'",
        "ba": "The virtual table counts the number of competitors who participated in a specific event from the 'competitor_event' table. It joins the 'event' table to get the event details and the 'sport' table to link the event to its corresponding sport. The placeholder in the WHERE clause represents the name of the event for which the count of competitors is being queried.",
        "gold_complexity": 8,
        "gold_sql": "SELECT COUNT(T1.competitor_id) FROM competitor_event AS T1 INNER JOIN event AS T2 ON T1.event_id = T2.id INNER JOIN sport AS T3 ON T2.sport_id = T3.id WHERE T2.event_name = 'Sailing Mixed 12 metres'"
    },
    {
        "sample_id": 4913,
        "vt": "SELECT games.games_name FROM games INNER JOIN games_competitor AS T2 ON T1.id = T2.games_id INNER JOIN person AS T3 ON T2.person_id = T3.id WHERE person.full_name = '[placeholder-type:string]'",
        "ba": "The virtual table lists the names of games from the 'games' table that a specific person has participated in. It joins the 'games' table with the 'games_competitor' table to link games with competitors, and further joins with the 'person' table to filter results based on the full name of the person. The placeholder in the WHERE clause represents the person's full name.",
        "gold_complexity": 8,
        "gold_sql": "SELECT T1.games_name FROM games AS T1 INNER JOIN games_competitor AS T2 ON T1.id = T2.games_id INNER JOIN person AS T3 ON T2.person_id = T3.id WHERE T3.full_name = 'John Aalberg'"
    },
    {
        "sample_id": 5034,
        "vt": "SELECT CAST(COUNT(CASE WHEN games_competitor.age > [placeholder-type:numeric] AND games.season = '[placeholder-type:string]' THEN [placeholder-type:numeric] ELSE NULL END) AS FLOAT) * [placeholder-type:numeric] / COUNT(games_competitor.games_id) FROM games INNER JOIN games_competitor AS T2 ON T1.id = T2.games_id",
        "ba": "The virtual table calculates the percentage of competitors who participated in a specific season of the games and were older than a certain age. It does this by counting the number of competitors who meet the age condition and dividing it by the total number of competitors for that game, then multiplying by a specified factor.",
        "gold_complexity": 7,
        "gold_sql": "SELECT CAST(COUNT(CASE WHEN T2.age > 24 AND T1.season = 'Winter' THEN 1 ELSE NULL END) AS REAL) * 100 / COUNT(T2.games_id) FROM games AS T1 INNER JOIN games_competitor AS T2 ON T1.id = T2.games_id"
    },
    {
        "sample_id": 5069,
        "vt": "SELECT games_city.games_id FROM games_city INNER JOIN city AS T2 ON T1.city_id = T2.id WHERE city.city_name = '[placeholder-type:string]'",
        "ba": "The virtual table retrieves the unique identifiers of games held in a specific city from the 'games_city' table. It joins the 'games_city' table with the 'city' table to filter the results based on the name of the city provided as a placeholder.",
        "gold_complexity": 7,
        "gold_sql": "SELECT T1.games_id FROM games_city AS T1 INNER JOIN city AS T2 ON T1.city_id = T2.id WHERE T2.city_name = 'Tokyo'"
    },
    {
        "sample_id": 4960,
        "vt": "SELECT noc_region.region_name FROM noc_region INNER JOIN person_region AS T2 ON T1.id = T2.region_id INNER JOIN person AS T3 ON T2.person_id = T3.id WHERE person.full_name = '[placeholder-type:string]'",
        "ba": "The virtual table describes the names of regions associated with a specific person based on their full name. It retrieves the region name from the 'noc_region' table by joining it with the 'person_region' table to find the corresponding region ID for the person, and then joining with the 'person' table to filter by the person's full name. The placeholder in the WHERE clause represents the full name of the person.",
        "gold_complexity": 8,
        "gold_sql": "SELECT T1.region_name FROM noc_region AS T1 INNER JOIN person_region AS T2 ON T1.id = T2.region_id INNER JOIN person AS T3 ON T2.person_id = T3.id WHERE T3.full_name = 'Estelle Nze Minko'"
    },
    {
        "sample_id": 4956,
        "vt": "SELECT city.city_name FROM city WHERE city.city_name LIKE '[placeholder-type:string]'",
        "ba": "The virtual table retrieves the names of cities from the 'city' table that match a specified pattern. The placeholder in the WHERE clause allows for flexible searching of city names based on user input.",
        "gold_complexity": 6,
        "gold_sql": "SELECT city_name FROM city WHERE city_name LIKE 'M%'"
    },
    {
        "sample_id": 4947,
        "vt": "SELECT city.city_name FROM games_city INNER JOIN city AS T2 ON T1.city_id = T2.id GROUP BY city.id HAVING COUNT(games_city.games_id) >= [placeholder-type:numeric]",
        "ba": "The virtual table lists the names of cities that have hosted a certain number of Olympic games. It retrieves data from the 'games_city' table, which links games to their respective cities, and joins it with the 'city' table to get the city names. The results are grouped by city ID, and only those cities that have hosted a specified minimum number of games are included in the output.",
        "gold_complexity": 9,
        "gold_sql": "SELECT T2.city_name FROM games_city AS T1 INNER JOIN city AS T2 ON T1.city_id = T2.id GROUP BY T2.id HAVING COUNT(T1.games_id) >= 3"
    },
    {
        "sample_id": 4936,
        "vt": "SELECT person.full_name FROM person INNER JOIN games_competitor AS T2 ON T1.id = T2.person_id GROUP BY games_competitor.person_id ORDER BY COUNT(games_competitor.person_id) LIMIT [placeholder-type:numeric]",
        "ba": "The virtual table lists the full names of individuals who have participated in Olympic games, derived from the 'person' table. It joins with the 'games_competitor' table to associate each person with their participation records. The results are grouped by each person's ID to count their total participations, and the output is ordered by the number of participations in descending order. A placeholder is included to limit the number of results returned, allowing users to specify how many names they want to see.",
        "gold_complexity": 10,
        "gold_sql": "SELECT T1.full_name FROM person AS T1 INNER JOIN games_competitor AS T2 ON T1.id = T2.person_id GROUP BY T2.person_id ORDER BY COUNT(T2.person_id) DESC LIMIT 1"
    },
    {
        "sample_id": 4981,
        "vt": "SELECT CAST(COUNT(CASE WHEN person.gender = '[placeholder-type:string]' THEN [placeholder-type:numeric] ELSE NULL END) AS FLOAT) / COUNT(CASE WHEN person.gender = '[placeholder-type:string]' THEN [placeholder-type:numeric] ELSE NULL END) FROM games INNER JOIN games_competitor AS T2 ON T1.id = T2.games_id INNER JOIN person AS T3 ON T2.person_id = T3.id WHERE games.games_name = '[placeholder-type:string]'",
        "ba": "The virtual table calculates the gender ratio of competitors in a specific Olympic game. It counts the number of male and female competitors based on their gender and divides the count of one gender by the total count of competitors in that game. The placeholders represent the gender to filter by and the name of the game.",
        "gold_complexity": 8,
        "gold_sql": "SELECT CAST(COUNT(CASE WHEN T3.gender = 'M' THEN 1 ELSE NULL END) AS REAL) / COUNT(CASE WHEN T3.gender = 'F' THEN 1 ELSE NULL END) FROM games AS T1 INNER JOIN games_competitor AS T2 ON T1.id = T2.games_id INNER JOIN person AS T3 ON T2.person_id = T3.id WHERE T1.games_name = '2012 Summer'"
    },
    {
        "sample_id": 4979,
        "vt": "SELECT DISTINCT medal.medal_name FROM medal INNER JOIN competitor_event AS T2 ON T1.id = T2.medal_id INNER JOIN games_competitor AS T3 ON T2.competitor_id = T3.id INNER JOIN person AS T4 ON T3.person_id = T4.id WHERE person.full_name = '[placeholder-type:string]' AND competitor_event.medal_id <> [placeholder-type:numeric]",
        "ba": "The virtual table lists the distinct names of medals won by competitors in Olympic events, excluding a specific medal type. It joins multiple tables to connect medals with competitors and their respective personal details, filtering results based on the full name of the person and excluding a specified medal ID.",
        "gold_complexity": 12,
        "gold_sql": "SELECT DISTINCT T1.medal_name FROM medal AS T1 INNER JOIN competitor_event AS T2 ON T1.id = T2.medal_id INNER JOIN games_competitor AS T3 ON T2.competitor_id = T3.id INNER JOIN person AS T4 ON T3.person_id = T4.id WHERE T4.full_name = 'Lee Chong Wei' AND T2.medal_id <> 4"
    },
    {
        "sample_id": 5004,
        "vt": "SELECT city.id FROM city WHERE city.city_name = '[placeholder-type:string]'",
        "ba": "The virtual table retrieves the unique identifier of a city from the 'city' table based on the specified city name. The placeholder in the WHERE clause represents the name of the city being queried.",
        "gold_complexity": 6,
        "gold_sql": "SELECT id FROM city WHERE city_name = 'Rio de Janeiro'"
    },
    {
        "sample_id": 5009,
        "vt": "SELECT COUNT(games_competitor.person_id) FROM games INNER JOIN games_competitor AS T2 ON T1.id = T2.games_id WHERE games.games_name = '[placeholder-type:string]' AND games_competitor.age = [placeholder-type:numeric]",
        "ba": "The virtual table counts the number of competitors who participated in a specific Olympic game based on the game's name and the age of the competitors. It joins the 'games' table with the 'games_competitor' table to filter the results accordingly.",
        "gold_complexity": 8,
        "gold_sql": "SELECT COUNT(T2.person_id) FROM games AS T1 INNER JOIN games_competitor AS T2 ON T1.id = T2.games_id WHERE T1.games_name = '1984 Summer' AND T2.age = 20"
    },
    {
        "sample_id": 5080,
        "vt": "SELECT CAST(COUNT(CASE WHEN games_competitor.age = [placeholder-type:numeric] THEN [placeholder-type:numeric] END) AS FLOAT) * [placeholder-type:numeric] / COUNT(games_competitor.person_id) FROM games INNER JOIN games_competitor AS T2 ON T1.id = T2.games_id WHERE games.games_name = '[placeholder-type:string]'",
        "ba": "The virtual table calculates the percentage of competitors who were of a specific age during a particular Olympic game. It does this by counting the number of competitors who match the specified age and dividing it by the total number of competitors in that game, then multiplying by a specified factor. The query joins the 'games' table with the 'games_competitor' table to filter results based on the game's name.",
        "gold_complexity": 8,
        "gold_sql": "SELECT CAST(COUNT(CASE WHEN T2.age = 28 THEN 1 END) AS REAL) * 100 / COUNT(T2.person_id) FROM games AS T1 INNER JOIN games_competitor AS T2 ON T1.id = T2.games_id WHERE T1.games_name = '2014 Winter'"
    },
    {
        "sample_id": 5051,
        "vt": "SELECT COUNT(person_region.person_id) FROM noc_region INNER JOIN person_region AS T2 ON T1.id = T2.region_id INNER JOIN person AS T3 ON T2.person_id = T3.id WHERE noc_region.region_name = '[placeholder-type:string]' AND person.gender = '[placeholder-type:string]'",
        "ba": "The virtual table counts the number of persons from a specific region who belong to a specified gender. It joins the 'noc_region' table with the 'person_region' table to link persons to their respective regions, and then further joins with the 'person' table to filter by gender. The placeholders represent the region name and gender of interest.",
        "gold_complexity": 9,
        "gold_sql": "SELECT COUNT(T2.person_id) FROM noc_region AS T1 INNER JOIN person_region AS T2 ON T1.id = T2.region_id INNER JOIN person AS T3 ON T2.person_id = T3.id WHERE T1.region_name = 'Belgium' AND T3.gender = 'M'"
    },
    {
        "sample_id": 4958,
        "vt": "SELECT medal.medal_name FROM person INNER JOIN games_competitor AS T2 ON T1.id = T2.person_id INNER JOIN competitor_event AS T3 ON T2.id = T3.competitor_id INNER JOIN medal AS T4 ON T3.medal_id = T4.id WHERE person.full_name = '[placeholder-type:string]'",
        "ba": "The virtual table retrieves the names of medals won by a specific person in the Olympic games. It joins the 'person' table to get the person's details, the 'games_competitor' table to link the person to their game participations, the 'competitor_event' table to find out the events they participated in, and finally the 'medal' table to get the names of the medals associated with those events. The placeholder in the WHERE clause represents the full name of the person whose medals are being queried.",
        "gold_complexity": 9,
        "gold_sql": "SELECT T4.medal_name FROM person AS T1 INNER JOIN games_competitor AS T2 ON T1.id = T2.person_id INNER JOIN competitor_event AS T3 ON T2.id = T3.competitor_id INNER JOIN medal AS T4 ON T3.medal_id = T4.id WHERE T1.full_name = 'Coleen Dufresne (-Stewner)'"
    },
    {
        "sample_id": 5001,
        "vt": "SELECT event.id FROM event WHERE event.event_name = '[placeholder-type:string]'",
        "ba": "The virtual table retrieves the unique identifier of an event from the 'event' table based on a specified event name. The placeholder in the WHERE clause represents the name of the event being queried.",
        "gold_complexity": 6,
        "gold_sql": "SELECT id FROM event WHERE event_name = 'Shooting Mixed Skeet'"
    },
    {
        "sample_id": 4943,
        "vt": "SELECT event.event_name FROM sport INNER JOIN event AS T2 ON T1.id = T2.sport_id WHERE sport.sport_name = '[placeholder-type:string]'",
        "ba": "The virtual table describes the names of events from the 'event' table that are associated with a specific sport. The query joins the 'sport' table with the 'event' table to filter events based on the specified sport name.",
        "gold_complexity": 7,
        "gold_sql": "SELECT T2.event_name FROM sport AS T1 INNER JOIN event AS T2 ON T1.id = T2.sport_id WHERE T1.sport_name = 'Art Competitions'"
    },
    {
        "sample_id": 4914,
        "vt": "SELECT games.games_name FROM games INNER JOIN games_competitor AS T2 ON T1.id = T2.games_id INNER JOIN person AS T3 ON T2.person_id = T3.id WHERE person.full_name = '[placeholder-type:string]' AND games_competitor.age = [placeholder-type:numeric]",
        "ba": "The virtual table describes the names of games from the 'games' table that a specific person participated in, based on their full name and age. The query joins the 'games' table with the 'games_competitor' table to link games with competitors, and further joins with the 'person' table to filter by the person's full name and age.",
        "gold_complexity": 9,
        "gold_sql": "SELECT T1.games_name FROM games AS T1 INNER JOIN games_competitor AS T2 ON T1.id = T2.games_id INNER JOIN person AS T3 ON T2.person_id = T3.id WHERE T3.full_name = 'John Aalberg' AND T2.age = 31"
    },
    {
        "sample_id": 4934,
        "vt": "SELECT person.full_name FROM noc_region INNER JOIN person_region AS T2 ON T1.id = T2.region_id INNER JOIN person AS T3 ON T2.person_id = T3.id WHERE noc_region.region_name = '[placeholder-type:string]' ORDER BY person.height LIMIT [placeholder-type:numeric]",
        "ba": "The virtual table describes the full names of persons from the 'person' table who belong to a specific region identified by the NOC code. The query joins the 'noc_region' table with the 'person_region' table to filter persons based on their region, and it orders the results by height, limiting the number of results based on a specified numeric value.",
        "gold_complexity": 11,
        "gold_sql": "SELECT T3.full_name FROM noc_region AS T1 INNER JOIN person_region AS T2 ON T1.id = T2.region_id INNER JOIN person AS T3 ON T2.person_id = T3.id WHERE T1.region_name = 'Sweden' ORDER BY T3.height DESC LIMIT 1"
    },
    {
        "sample_id": 4950,
        "vt": "SELECT city.city_name FROM games_city INNER JOIN city AS T2 ON T1.city_id = T2.id INNER JOIN games AS T3 ON T1.games_id = T3.id ORDER BY games.games_year LIMIT [placeholder-type:numeric]",
        "ba": "The virtual table lists the names of cities that hosted Olympic games, ordered by the year of the games. The query joins the 'games_city' table with the 'city' and 'games' tables to retrieve the relevant city names based on the games held. The result is limited to a specified number of entries.",
        "gold_complexity": 9,
        "gold_sql": "SELECT T2.city_name FROM games_city AS T1 INNER JOIN city AS T2 ON T1.city_id = T2.id INNER JOIN games AS T3 ON T1.games_id = T3.id ORDER BY T3.games_year LIMIT 1"
    },
    {
        "sample_id": 5037,
        "vt": "SELECT city.city_name FROM games_city INNER JOIN city AS T2 ON T1.city_id = T2.id WHERE games_city.games_id = [placeholder-type:numeric]",
        "ba": "The virtual table describes the names of cities that hosted a specific Olympic game. It retrieves the city names from the 'city' table by joining it with the 'games_city' table, which links games to their respective host cities. The placeholder in the WHERE clause represents the unique identifier of the game.",
        "gold_complexity": 7,
        "gold_sql": "SELECT T2.city_name FROM games_city AS T1 INNER JOIN city AS T2 ON T1.city_id = T2.id WHERE T1.games_id = 3"
    },
    {
        "sample_id": 4916,
        "vt": "SELECT COUNT(person_region.person_id) FROM person_region INNER JOIN noc_region AS T2 ON T1.region_id = T2.id WHERE noc_region.region_name = '[placeholder-type:string]'",
        "ba": "The virtual table counts the number of persons from the 'person_region' table who belong to a specific NOC region. It joins the 'person_region' table with the 'noc_region' table to filter based on the region's name, represented by a placeholder.",
        "gold_complexity": 7,
        "gold_sql": "SELECT COUNT(T1.person_id) FROM person_region AS T1 INNER JOIN noc_region AS T2 ON T1.region_id = T2.id WHERE T2.region_name = 'Finland'"
    },
    {
        "sample_id": 5061,
        "vt": "SELECT games.games_name FROM games INNER JOIN games_competitor AS T2 ON T1.id = T2.games_id INNER JOIN person AS T3 ON T2.person_id = T3.id WHERE person.full_name = '[placeholder-type:string]'",
        "ba": "The virtual table describes the names of games from the 'games' table in which a specific person participated. It joins the 'games' table with the 'games_competitor' table to link games with competitors, and further joins with the 'person' table to filter by the full name of the person. The placeholder in the WHERE clause represents the person's full name.",
        "gold_complexity": 8,
        "gold_sql": "SELECT T1.games_name FROM games AS T1 INNER JOIN games_competitor AS T2 ON T1.id = T2.games_id INNER JOIN person AS T3 ON T2.person_id = T3.id WHERE T3.full_name = 'Georgios Abaris'"
    },
    {
        "sample_id": 4992,
        "vt": "SELECT city.city_name FROM person INNER JOIN games_competitor AS T2 ON T1.id = T2.person_id INNER JOIN games_city AS T3 ON T2.games_id = T3.games_id INNER JOIN city AS T4 ON T3.city_id = T4.id WHERE person.full_name = '[placeholder-type:string]'",
        "ba": "The virtual table describes the names of cities where a specific person participated in Olympic games. It retrieves the city names by joining the 'person', 'games_competitor', 'games_city', and 'city' tables based on their relationships. The placeholder in the WHERE clause represents the full name of the person.",
        "gold_complexity": 9,
        "gold_sql": "SELECT T4.city_name FROM person AS T1 INNER JOIN games_competitor AS T2 ON T1.id = T2.person_id INNER JOIN games_city AS T3 ON T2.games_id = T3.games_id INNER JOIN city AS T4 ON T3.city_id = T4.id WHERE T1.full_name = 'Carl Lewis Borack'"
    },
    {
        "sample_id": 5066,
        "vt": "SELECT person.full_name FROM games INNER JOIN games_competitor AS T2 ON T1.id = T2.games_id INNER JOIN person AS T3 ON T2.person_id = T3.id WHERE games.games_name = '[placeholder-type:string]'",
        "ba": "The virtual table describes the full names of competitors who participated in a specific game from the 'games' table. The query joins the 'games' table with the 'games_competitor' table to link games with their competitors, and then it further joins with the 'person' table to retrieve the full names of those competitors. The placeholder in the WHERE clause represents the name of the game.",
        "gold_complexity": 8,
        "gold_sql": "SELECT T3.full_name FROM games AS T1 INNER JOIN games_competitor AS T2 ON T1.id = T2.games_id INNER JOIN person AS T3 ON T2.person_id = T3.id WHERE T1.games_name = '2000 Summer'"
    },
    {
        "sample_id": 5062,
        "vt": "SELECT person.full_name FROM noc_region INNER JOIN person_region AS T2 ON T1.id = T2.region_id INNER JOIN person AS T3 ON T2.person_id = T3.id WHERE noc_region.region_name = '[placeholder-type:string]'",
        "ba": "The virtual table describes the full names of persons from the 'person' table who belong to a specific region identified by the NOC code. The query joins the 'noc_region' table with the 'person_region' table to filter persons based on their associated region, using a placeholder for the region's name.",
        "gold_complexity": 8,
        "gold_sql": "SELECT T3.full_name FROM noc_region AS T1 INNER JOIN person_region AS T2 ON T1.id = T2.region_id INNER JOIN person AS T3 ON T2.person_id = T3.id WHERE T1.region_name = 'Greece'"
    },
    {
        "sample_id": 5032,
        "vt": "SELECT CAST(COUNT(CASE WHEN person.gender = '[placeholder-type:string]' AND person.height > [placeholder-type:numeric] THEN [placeholder-type:numeric] END) AS FLOAT) * [placeholder-type:numeric] / COUNT(games_competitor.person_id) FROM games INNER JOIN games_competitor AS T2 ON T1.id = T2.games_id INNER JOIN person AS T3 ON T2.person_id = T3.id WHERE games.games_year = [placeholder-type:numeric]",
        "ba": "The virtual table calculates the percentage of competitors of a specific gender who are taller than a certain height in a given Olympic game year. It does this by counting the number of qualifying competitors and dividing it by the total number of competitors in that game year, then multiplying by a specified factor.",
        "gold_complexity": 10,
        "gold_sql": "SELECT CAST(COUNT(CASE WHEN T3.gender = 'F' AND T3.height > 170 THEN 1 END) AS REAL) * 100 / COUNT(T2.person_id) FROM games AS T1 INNER JOIN games_competitor AS T2 ON T1.id = T2.games_id INNER JOIN person AS T3 ON T2.person_id = T3.id WHERE T1.games_year = 1988"
    },
    {
        "sample_id": 4940,
        "vt": "SELECT CAST(COUNT(CASE WHEN person.gender = '[placeholder-type:string]' THEN [placeholder-type:numeric] ELSE NULL END) AS FLOAT) * [placeholder-type:numeric] / COUNT(person_region.person_id) FROM noc_region INNER JOIN person_region AS T2 ON T1.id = T2.region_id INNER JOIN person AS T3 ON T2.person_id = T3.id WHERE noc_region.region_name = '[placeholder-type:string]'",
        "ba": "The virtual table calculates the percentage of participants of a specific gender from a particular region in the Olympic Games. It counts the number of participants of the specified gender and divides it by the total number of participants from that region, then multiplies by a specified factor for scaling purposes. The placeholders represent the gender, the scaling factor, and the region's name.",
        "gold_complexity": 9,
        "gold_sql": "SELECT CAST(COUNT(CASE WHEN T3.gender = 'M' THEN 1 ELSE NULL END) AS REAL) * 100 / COUNT(T2.person_id) FROM noc_region AS T1 INNER JOIN person_region AS T2 ON T1.id = T2.region_id INNER JOIN person AS T3 ON T2.person_id = T3.id WHERE T1.region_name = 'Estonia'"
    },
    {
        "sample_id": 4951,
        "vt": "SELECT games.games_name FROM games INNER JOIN games_competitor AS T2 ON T1.id = T2.games_id ORDER BY games_competitor.age LIMIT [placeholder-type:numeric]",
        "ba": "The virtual table lists the names of games from the 'games' table, specifically focusing on those games that have competitors participating in them. The results are ordered by the age of the competitors, and a limit is applied to restrict the number of results returned.",
        "gold_complexity": 8,
        "gold_sql": "SELECT T1.games_name FROM games AS T1 INNER JOIN games_competitor AS T2 ON T1.id = T2.games_id ORDER BY T2.age LIMIT 1"
    },
    {
        "sample_id": 5013,
        "vt": "SELECT person.full_name FROM noc_region INNER JOIN person_region AS T2 ON T1.id = T2.region_id INNER JOIN person AS T3 ON T2.person_id = T3.id WHERE noc_region.region_name = '[placeholder-type:string]' ORDER BY person.weight LIMIT [placeholder-type:numeric]",
        "ba": "The virtual table describes the full names of persons from the 'person' table who belong to a specific region identified by the NOC code. The query joins the 'noc_region' table with the 'person_region' table to filter persons based on their region, and it orders the results by the weight of the persons. The placeholders represent the region's name and the limit on the number of results returned.",
        "gold_complexity": 11,
        "gold_sql": "SELECT T3.full_name FROM noc_region AS T1 INNER JOIN person_region AS T2 ON T1.id = T2.region_id INNER JOIN person AS T3 ON T2.person_id = T3.id WHERE T1.region_name = 'Russia' ORDER BY T3.weight DESC LIMIT 1"
    },
    {
        "sample_id": 4972,
        "vt": "SELECT COUNT(games.games_year) FROM games WHERE games.games_year BETWEEN '[placeholder-type:string]' AND '[placeholder-type:string]'",
        "ba": "The virtual table counts the number of games held within a specified range of years from the 'games' table. The placeholders represent the start and end years for filtering the results.",
        "gold_complexity": 6,
        "gold_sql": "SELECT COUNT(games_year) FROM games WHERE games_year BETWEEN '1990' AND '1999'"
    },
    {
        "sample_id": 5003,
        "vt": "SELECT person.weight FROM person WHERE person.full_name = '[placeholder-type:string]'",
        "ba": "The virtual table describes the weight of a person from the 'person' table based on their full name. The placeholder in the WHERE clause represents the person's full name.",
        "gold_complexity": 6,
        "gold_sql": "SELECT weight FROM person WHERE full_name = 'Dagfinn Sverre Aarskog'"
    },
    {
        "sample_id": 5070,
        "vt": "SELECT noc_region.noc, noc_region.region_name FROM noc_region INNER JOIN person_region AS T2 ON T1.id = T2.region_id INNER JOIN person AS T3 ON T2.person_id = T3.id ORDER BY person.weight LIMIT [placeholder-type:numeric]",
        "ba": "The virtual table retrieves the NOC code and region name from the 'noc_region' table, joining it with the 'person_region' table to link each person to their respective region. It further joins with the 'person' table to access the weight of each person. The results are ordered by the weight of the person, and a limit is applied to restrict the number of results returned.",
        "gold_complexity": 11,
        "gold_sql": "SELECT T1.noc, T1.region_name FROM noc_region AS T1 INNER JOIN person_region AS T2 ON T1.id = T2.region_id INNER JOIN person AS T3 ON T2.person_id = T3.id ORDER BY T3.weight DESC LIMIT 1"
    },
    {
        "sample_id": 5072,
        "vt": "SELECT AVG(person.weight) FROM person INNER JOIN games_competitor AS T2 ON T1.id = T2.person_id INNER JOIN competitor_event AS T3 ON T2.id = T3.competitor_id INNER JOIN medal AS T4 ON T3.medal_id = T4.id WHERE medal.medal_name = '[placeholder-type:string]'",
        "ba": "The virtual table calculates the average weight of persons who have won a specific medal in Olympic events. It joins the 'person' table with the 'games_competitor' table to link persons to their competition records, then further joins with the 'competitor_event' table to access the medals won by these competitors. Finally, it filters the results based on the specified medal name.",
        "gold_complexity": 9,
        "gold_sql": "SELECT AVG(T1.weight) FROM person AS T1 INNER JOIN games_competitor AS T2 ON T1.id = T2.person_id INNER JOIN competitor_event AS T3 ON T2.id = T3.competitor_id INNER JOIN medal AS T4 ON T3.medal_id = T4.id WHERE T4.medal_name = 'Silver'"
    },
    {
        "sample_id": 5079,
        "vt": "SELECT COUNT(CASE WHEN person.weight > [placeholder-type:numeric] THEN [placeholder-type:numeric] ELSE NULL END) - COUNT(CASE WHEN person.weight < [placeholder-type:numeric] THEN [placeholder-type:numeric] ELSE NULL END) FROM person INNER JOIN games_competitor AS T2 ON T1.id = T2.person_id WHERE games_competitor.age < [placeholder-type:numeric]",
        "ba": "The virtual table calculates the difference between the number of competitors whose weight is greater than a specified value and those whose weight is less than a specified value. It does this by joining the 'person' table with the 'games_competitor' table to filter competitors based on their age, using placeholders for numeric values to allow for dynamic querying.",
        "gold_complexity": 7,
        "gold_sql": "SELECT COUNT(CASE WHEN T1.weight > 70 THEN 1 ELSE NULL END) - COUNT(CASE WHEN T1.weight < 70 THEN 1 ELSE NULL END) FROM person AS T1 INNER JOIN games_competitor AS T2 ON T1.id = T2.person_id WHERE T2.age < 24"
    },
    {
        "sample_id": 4935,
        "vt": "SELECT COUNT(person_region.person_id) FROM person_region INNER JOIN noc_region AS T2 ON T1.region_id = T2.id WHERE noc_region.region_name = '[placeholder-type:string]'",
        "ba": "The virtual table counts the number of persons from the 'person_region' table who belong to a specific NOC region. It joins the 'person_region' table with the 'noc_region' table to filter based on the region's name, represented by a placeholder.",
        "gold_complexity": 7,
        "gold_sql": "SELECT COUNT(T1.person_id) FROM person_region AS T1 INNER JOIN noc_region AS T2 ON T1.region_id = T2.id WHERE T2.region_name = 'Guatemala'"
    },
    {
        "sample_id": 4968,
        "vt": "SELECT COUNT(DISTINCT T2.event_name) FROM sport INNER JOIN event AS T2 ON T1.id = T2.sport_id WHERE sport.sport_name = '[placeholder-type:string]'",
        "ba": "The virtual table counts the distinct event names associated with a specific sport from the 'sport' and 'event' tables. The placeholder in the WHERE clause represents the name of the sport for which the events are being counted.",
        "gold_complexity": 8,
        "gold_sql": "SELECT COUNT(DISTINCT T2.event_name) FROM sport AS T1 INNER JOIN event AS T2 ON T1.id = T2.sport_id WHERE T1.sport_name = 'Modern Pentathlon'"
    },
    {
        "sample_id": 5052,
        "vt": "SELECT COUNT(games_competitor.person_id) FROM games_competitor INNER JOIN games_city AS T2 ON T1.games_id = T2.games_id INNER JOIN city AS T3 ON T2.city_id = T3.id WHERE city.city_name = '[placeholder-type:string]'",
        "ba": "The virtual table counts the number of competitors who participated in Olympic games held in a specific city. It joins the 'games_competitor' table with the 'games_city' table to link games to their respective cities, and then further joins with the 'city' table to filter by the city's name. The placeholder in the WHERE clause represents the name of the city.",
        "gold_complexity": 8,
        "gold_sql": "SELECT COUNT(T1.person_id) FROM games_competitor AS T1 INNER JOIN games_city AS T2 ON T1.games_id = T2.games_id INNER JOIN city AS T3 ON T2.city_id = T3.id WHERE T3.city_name = 'Barcelona'"
    },
    {
        "sample_id": 4984,
        "vt": "SELECT COUNT(person.id) FROM sport INNER JOIN event AS T2 ON T1.id = T2.sport_id INNER JOIN competitor_event AS T3 ON T2.id = T3.event_id INNER JOIN games_competitor AS T4 ON T3.competitor_id = T4.id INNER JOIN person AS T5 ON T4.person_id = T5.id INNER JOIN games AS T6 ON T4.games_id = T6.id WHERE sport.sport_name = '[placeholder-type:string]' AND games.games_name = '[placeholder-type:string]' AND person.weight * [placeholder-type:numeric] / (person.height * person.height) BETWEEN [placeholder-type:numeric] AND [placeholder-type:numeric]",
        "ba": "The virtual table counts the number of participants in a specific sport during a particular Olympic game, filtered by the sport's name and the game's name. Additionally, it applies a condition based on the Body Mass Index (BMI) of the participants, calculated using their weight and height, to ensure it falls within a specified range.",
        "gold_complexity": 14,
        "gold_sql": "SELECT COUNT(T5.id) FROM sport AS T1 INNER JOIN event AS T2 ON T1.id = T2.sport_id INNER JOIN competitor_event AS T3 ON T2.id = T3.event_id INNER JOIN games_competitor AS T4 ON T3.competitor_id = T4.id INNER JOIN person AS T5 ON T4.person_id = T5.id INNER JOIN games AS T6 ON T4.games_id = T6.id WHERE T1.sport_name = 'Canoeing' AND T6.games_name = '2008 Summer' AND T5.weight * 10000.0 / (T5.height * T5.height) BETWEEN 25.0 AND 30"
    },
    {
        "sample_id": 5055,
        "vt": "SELECT COUNT(games_city.games_id) FROM games_city INNER JOIN city AS T2 ON T1.city_id = T2.id WHERE city.city_name = '[placeholder-type:string]'",
        "ba": "The virtual table counts the number of games held in a specific city from the 'games_city' table. It joins the 'games_city' table with the 'city' table to filter the results based on the city's name. The placeholder in the WHERE clause represents the name of the city for which the count of games is requested.",
        "gold_complexity": 7,
        "gold_sql": "SELECT COUNT(T1.games_id) FROM games_city AS T1 INNER JOIN city AS T2 ON T1.city_id = T2.id WHERE T2.city_name = 'Barcelona'"
    },
    {
        "sample_id": 5046,
        "vt": "SELECT person.full_name FROM person ORDER BY person.weight LIMIT [placeholder-type:numeric]",
        "ba": "The virtual table lists the full names of individuals from the 'person' table, ordered by their weight. The placeholder in the LIMIT clause allows for specifying the maximum number of names to retrieve.",
        "gold_complexity": 7,
        "gold_sql": "SELECT full_name FROM person ORDER BY weight DESC LIMIT 1"
    },
    {
        "sample_id": 4915,
        "vt": "SELECT games_competitor.age FROM games INNER JOIN games_competitor AS T2 ON T1.id = T2.games_id INNER JOIN person AS T3 ON T2.person_id = T3.id WHERE person.full_name = '[placeholder-type:string]' AND games.games_name = '[placeholder-type:string]'",
        "ba": "The virtual table retrieves the ages of competitors from the 'games_competitor' table who participated in a specific game. It joins the 'games' table to filter by the game's name and the 'person' table to filter by the competitor's full name. The placeholders represent the full name of the person and the name of the game.",
        "gold_complexity": 9,
        "gold_sql": "SELECT T2.age FROM games AS T1 INNER JOIN games_competitor AS T2 ON T1.id = T2.games_id INNER JOIN person AS T3 ON T2.person_id = T3.id WHERE T3.full_name = 'John Aalberg' AND T1.games_name = '1994 Winter'"
    },
    {
        "sample_id": 5053,
        "vt": "SELECT COUNT(event.event_name) FROM sport INNER JOIN event AS T2 ON T1.id = T2.sport_id WHERE sport.sport_name = '[placeholder-type:string]'",
        "ba": "The virtual table counts the number of events associated with a specific sport from the 'sport' and 'event' tables. The placeholder in the WHERE clause represents the name of the sport for which the event count is being queried.",
        "gold_complexity": 7,
        "gold_sql": "SELECT COUNT(T2.event_name) FROM sport AS T1 INNER JOIN event AS T2 ON T1.id = T2.sport_id WHERE T1.sport_name = 'Football'"
    },
    {
        "sample_id": 4927,
        "vt": "SELECT sport.sport_name FROM sport INNER JOIN event AS T2 ON T1.id = T2.sport_id WHERE event.event_name LIKE '[placeholder-type:string]'",
        "ba": "The virtual table lists the names of sports from the 'sport' table that are associated with a specific event. The query uses an INNER JOIN to connect the 'sport' table with the 'event' table based on the sport's ID. The placeholder in the WHERE clause allows for filtering events by their name.",
        "gold_complexity": 7,
        "gold_sql": "SELECT T1.sport_name FROM sport AS T1 INNER JOIN event AS T2 ON T1.id = T2.sport_id WHERE T2.event_name LIKE 'Shooting Women%s Trap'"
    },
    {
        "sample_id": 4964,
        "vt": "SELECT COUNT(person_region.person_id) FROM noc_region INNER JOIN person_region AS T2 ON T1.id = T2.region_id INNER JOIN person AS T3 ON T2.person_id = T3.id WHERE noc_region.region_name = '[placeholder-type:string]' AND person.gender = '[placeholder-type:string]'",
        "ba": "The virtual table counts the number of persons from a specific region and gender who have participated in the Olympics. It joins the 'noc_region' table with the 'person_region' table to filter by region, and then further joins with the 'person' table to filter by gender. The placeholders represent the region name and gender of the persons.",
        "gold_complexity": 9,
        "gold_sql": "SELECT COUNT(T2.person_id) FROM noc_region AS T1 INNER JOIN person_region AS T2 ON T1.id = T2.region_id INNER JOIN person AS T3 ON T2.person_id = T3.id WHERE T1.region_name = 'Belgium' AND T3.gender = 'M'"
    },
    {
        "sample_id": 4944,
        "vt": "SELECT COUNT(person.id) FROM person INNER JOIN games_competitor AS T2 ON T1.id = T2.person_id INNER JOIN competitor_event AS T3 ON T2.id = T3.competitor_id INNER JOIN medal AS T4 ON T3.medal_id = T4.id WHERE person.full_name = '[placeholder-type:string]' AND medal.medal_name = '[placeholder-type:string]'",
        "ba": "The virtual table counts the number of participants from the 'person' table who have won a specific medal in the Olympics. It joins the 'games_competitor' table to link participants to their respective games, the 'competitor_event' table to associate competitors with events, and the 'medal' table to filter by the type of medal won. The placeholders represent the full name of the person and the name of the medal they won.",
        "gold_complexity": 10,
        "gold_sql": "SELECT COUNT(T1.id) FROM person AS T1 INNER JOIN games_competitor AS T2 ON T1.id = T2.person_id INNER JOIN competitor_event AS T3 ON T2.id = T3.competitor_id INNER JOIN medal AS T4 ON T3.medal_id = T4.id WHERE T1.full_name = 'Henk Jan Zwolle' AND T4.medal_name = 'Gold'"
    },
    {
        "sample_id": 4922,
        "vt": "SELECT games.games_name FROM games_city INNER JOIN city AS T2 ON T1.city_id = T2.id INNER JOIN games AS T3 ON T1.games_id = T3.id WHERE city.city_name = '[placeholder-type:string]'",
        "ba": "The virtual table describes the names of games held in a specific city. It retrieves the game names from the 'games' table by joining it with the 'games_city' table, which links games to their respective cities. The query filters results based on the specified city name.",
        "gold_complexity": 8,
        "gold_sql": "SELECT T3.games_name FROM games_city AS T1 INNER JOIN city AS T2 ON T1.city_id = T2.id INNER JOIN games AS T3 ON T1.games_id = T3.id WHERE T2.city_name = 'London'"
    }
]