[
    {
        "sample_id": 242,
        "vt": "SELECT CASE WHEN SUM(CASE WHEN callcenterlogs.\"complaint id\" = '[placeholder-type:string]' THEN callcenterlogs.priority END) > SUM(CASE WHEN callcenterlogs.\"complaint id\" = '[placeholder-type:string]' THEN callcenterlogs.priority END) THEN '[placeholder-type:string]' ELSE '[placeholder-type:string]' END FROM callcenterlogs",
        "ba": "The virtual table calculates the priority of complaints from the 'callcenterlogs' table based on a specific complaint ID. It uses a conditional statement to compare the sum of priorities for two different complaint IDs, represented by placeholders. The result will indicate which complaint ID has a higher total priority based on the provided values.",
        "gold_complexity": 5,
        "gold_sql": "SELECT CASE WHEN SUM(CASE WHEN \"Complaint ID\" = 'CR2400594' THEN priority END) > SUM(CASE WHEN \"Complaint ID\" = 'CR2405641' THEN priority END) THEN 'CR2400594' ELSE 'CR2405641' END FROM callcenterlogs"
    },
    {
        "sample_id": 377,
        "vt": "SELECT MAX(client.age) FROM client WHERE client.sex = '[placeholder-type:string]'",
        "ba": "The virtual table retrieves the maximum age of clients from the 'client' table, filtered by the specified sex. The placeholder in the WHERE clause represents the gender of the clients being queried.",
        "gold_complexity": 6,
        "gold_sql": "SELECT MAX(age) FROM client WHERE sex = 'Male'"
    },
    {
        "sample_id": 366,
        "vt": "SELECT AVG(CAST(SUBSTRING(callcenterlogs.ser_time, [placeholder-type:numeric], [placeholder-type:numeric]) AS FLOAT)) FROM callcenterlogs WHERE callcenterlogs.\"date received\" BETWEEN '[placeholder-type:string]' AND '[placeholder-type:string]'",
        "ba": "The virtual table calculates the average server time from the 'callcenterlogs' table for complaints received within a specified date range. The placeholders represent the start and end dates for filtering the records, while the server time is extracted and converted to a float for averaging.",
        "gold_complexity": 6,
        "gold_sql": "SELECT AVG(CAST(SUBSTR(ser_time, 4, 2) AS REAL)) FROM callcenterlogs WHERE \"Date received\" BETWEEN '2017-01-01' AND '2017-04-01'"
    },
    {
        "sample_id": 334,
        "vt": "SELECT COUNT(client.client_id) FROM client INNER JOIN callcenterlogs AS T2 ON T1.client_id = T2.\"rand client\" WHERE client.sex = '[placeholder-type:string]' AND callcenterlogs.priority = [placeholder-type:numeric]",
        "ba": "The virtual table counts the number of clients from the 'client' table who have logged complaints in the 'callcenterlogs' table. It filters the results based on the client's sex and the priority of the complaints. The placeholders represent the specific sex of the client and the priority level of the complaint.",
        "gold_complexity": 8,
        "gold_sql": "SELECT COUNT(T1.client_id) FROM client AS T1 INNER JOIN callcenterlogs AS T2 ON T1.client_id = T2.\"rand client\" WHERE T1.sex = 'Female' AND T2.priority = 1"
    },
    {
        "sample_id": 312,
        "vt": "SELECT COUNT(client.email) FROM client INNER JOIN callcenterlogs AS T2 ON T1.client_id = T2.\"rand client\" WHERE (callcenterlogs.\"date received\" LIKE '[placeholder-type:string]' OR callcenterlogs.\"date received\" LIKE '[placeholder-type:string]') AND client.email LIKE '[placeholder-type:string]'",
        "ba": "The virtual table counts the number of unique client emails from the 'client' table who have logged complaints in the 'callcenterlogs' table. It filters the results based on specific complaint dates and a specified email pattern.",
        "gold_complexity": 8,
        "gold_sql": "SELECT COUNT(T1.email) FROM client AS T1 INNER JOIN callcenterlogs AS T2 ON T1.client_id = T2.\"rand client\" WHERE (T2.\"Date received\" LIKE '2017-02%' OR T2.\"Date received\" LIKE '2017-01%') AND T1.email LIKE '%@gmail.com'"
    },
    {
        "sample_id": 273,
        "vt": "SELECT client.first, client.middle, client.last, client.year, client.month, client.day, client.email FROM client WHERE client.age > [placeholder-type:numeric] ORDER BY client.age",
        "ba": "The virtual table describes the first, middle, and last names, as well as the birth date (year, month, day) and email of clients from the 'client' table who are older than a specified age. The placeholder in the WHERE clause represents the minimum age of the clients to be included in the results.",
        "gold_complexity": 20,
        "gold_sql": "SELECT first, middle, last, year, month , day, email FROM client WHERE age > 65 ORDER BY age DESC"
    },
    {
        "sample_id": 326,
        "vt": "SELECT client.day, client.month, client.year FROM client ORDER BY client.year, client.month, client.day LIMIT [placeholder-type:numeric]",
        "ba": "The virtual table retrieves the day, month, and year of birth for clients from the 'client' table. The results are ordered by year, then month, and then day, allowing for a chronological listing of birth dates. The placeholder in the LIMIT clause indicates the maximum number of records to return, which can be adjusted as needed.",
        "gold_complexity": 15,
        "gold_sql": "SELECT day, month, year FROM client ORDER BY year DESC, month DESC, day DESC LIMIT 1"
    },
    {
        "sample_id": 391,
        "vt": "SELECT COUNT(client.client_id) FROM client INNER JOIN events AS T2 ON T1.client_id = T2.Client_ID WHERE client.city = '[placeholder-type:string]' AND events.\"date received\" LIKE '[placeholder-type:string]' AND events.issue = '[placeholder-type:string]'",
        "ba": "The virtual table counts the number of clients from the 'client' table who have submitted events related to specific issues. It filters the results based on the client's city, the date the event was received, and the specific issue being reported. The placeholders represent the city name, the date of the event, and the issue type.",
        "gold_complexity": 10,
        "gold_sql": "SELECT COUNT(T1.client_id) FROM client AS T1 INNER JOIN events AS T2 ON T1.client_id = T2.Client_ID WHERE T1.city = 'Portland' AND T2.\"Date received\" LIKE '2015%' AND T2.Issue = 'Billing disputes'"
    },
    {
        "sample_id": 284,
        "vt": "SELECT STRFTIME('%Y', events.\"date received\"), CAST(SUM(CASE WHEN events.\"company response to consumer\" = '[placeholder-type:string]' THEN [placeholder-type:numeric] ELSE [placeholder-type:numeric] END) AS FLOAT) / COUNT(events.\"complaint id\") FROM callcenterlogs INNER JOIN client AS T2 ON T1.\"rand client\" = T2.client_id INNER JOIN events AS T3 ON T1.\"Complaint ID\" = T3.\"Complaint ID\" WHERE client.city = '[placeholder-type:string]' GROUP BY STRFTIME('%Y', events.\"date received\")",
        "ba": "The virtual table summarizes the average response rate of companies to consumer complaints over the years, filtered by a specific city. It calculates the total number of complaints that received a response and divides it by the total number of complaints for each year.",
        "gold_complexity": 13,
        "gold_sql": "SELECT STRFTIME('%Y', T3.\"Date received\") , CAST(SUM(CASE WHEN T3.\"Company response to consumer\" = 'Closed with explanation' THEN 1 ELSE 0 END) AS REAL) / COUNT(T3.\"Complaint ID\") AS average FROM callcenterlogs AS T1 INNER JOIN client AS T2 ON T1.\"rand client\" = T2.client_id INNER JOIN events AS T3 ON T1.\"Complaint ID\" = T3.\"Complaint ID\" WHERE T2.city = 'New Bedford' GROUP BY strftime('%Y', T3.\"Date received\")"
    },
    {
        "sample_id": 404,
        "vt": "SELECT client.phone FROM client INNER JOIN events AS T2 ON T1.client_id = T2.Client_ID WHERE events.product = '[placeholder-type:string]' ORDER BY client.age LIMIT [placeholder-type:numeric]",
        "ba": "The virtual table retrieves the phone numbers of clients from the 'client' table who have submitted complaints about a specific product. It joins the 'client' table with the 'events' table based on the client ID to filter the results according to the specified product. The results are ordered by the age of the clients, and a limit is applied to control the number of returned records.",
        "gold_complexity": 10,
        "gold_sql": "SELECT T1.phone FROM client AS T1 INNER JOIN events AS T2 ON T1.client_id = T2.Client_ID WHERE T2.Product = 'Credit card' ORDER BY T1.age DESC LIMIT 1"
    },
    {
        "sample_id": 372,
        "vt": "SELECT client.social, client.state FROM client INNER JOIN district AS T2 ON T1.district_id = T2.district_id INNER JOIN state AS T3 ON T2.state_abbrev = T3.StateCode WHERE client.phone = '[placeholder-type:string]'",
        "ba": "The virtual table provides the social number and state of clients from the 'client' table, by joining it with the 'district' and 'state' tables. The join conditions ensure that the correct district and state information is associated with each client. The query filters results based on a specific phone number provided as a placeholder.",
        "gold_complexity": 10,
        "gold_sql": "SELECT T1.social, T1.state FROM client AS T1 INNER JOIN district AS T2 ON T1.district_id = T2.district_id INNER JOIN state AS T3 ON T2.state_abbrev = T3.StateCode WHERE T1.phone = '100-121-8371'"
    },
    {
        "sample_id": 340,
        "vt": "SELECT CAST(SUM(CASE WHEN client.age > [placeholder-type:numeric] AND client.age <= [placeholder-type:numeric] THEN [placeholder-type:numeric] * STRFTIME('%H', callcenterlogs.ser_time) + STRFTIME('%M', callcenterlogs.ser_time) + STRFTIME('%S', callcenterlogs.ser_time) / [placeholder-type:numeric] ELSE [placeholder-type:numeric] END) AS FLOAT) / SUM(CASE WHEN client.age > [placeholder-type:numeric] AND client.age <= [placeholder-type:numeric] THEN [placeholder-type:numeric] ELSE [placeholder-type:numeric] END), CAST(SUM(CASE WHEN client.age > [placeholder-type:numeric] AND client.age <= [placeholder-type:numeric] THEN [placeholder-type:numeric] * STRFTIME('%H', callcenterlogs.ser_time) + STRFTIME('%M', callcenterlogs.ser_time) + STRFTIME('%S', callcenterlogs.ser_time) / [placeholder-type:numeric] ELSE [placeholder-type:numeric] END) AS FLOAT) / SUM(CASE WHEN client.age > [placeholder-type:numeric] AND client.age <= [placeholder-type:numeric] THEN [placeholder-type:numeric] ELSE [placeholder-type:numeric] END), CAST(SUM(CASE WHEN client.age > [placeholder-type:numeric] THEN [placeholder-type:numeric] * STRFTIME('%H', callcenterlogs.ser_time) + STRFTIME('%M', callcenterlogs.ser_time) + STRFTIME('%S', callcenterlogs.ser_time) / [placeholder-type:numeric] ELSE [placeholder-type:numeric] END) AS FLOAT) / SUM(CASE WHEN client.age > [placeholder-type:numeric] THEN [placeholder-type:numeric] ELSE [placeholder-type:numeric] END) FROM client INNER JOIN callcenterlogs AS T2 ON T1.client_id = T2.\"rand client\"",
        "ba": "The virtual table calculates the average server time for complaints based on the age of clients. It aggregates the server time for clients within specified age ranges and computes the average for those groups. The placeholders represent the age limits and numeric values used in the calculations.",
        "gold_complexity": 7,
        "gold_sql": "SELECT CAST(SUM(CASE WHEN T1.age > 13 AND T1.age <= 19 THEN 60 * strftime('%H', ser_time) + strftime('%M', ser_time) + strftime('%S', ser_time) / 60 ELSE 0 END) AS REAL) / SUM(CASE WHEN T1.age > 13 AND T1.age <= 19 THEN 1 ELSE 0 END) AS teenagerAverageMins, CAST(SUM(CASE WHEN T1.age > 19 AND T1.age <= 65 THEN 60 * strftime('%H', ser_time) + strftime('%M', ser_time) + strftime('%S', ser_time) / 60 ELSE 0 END) AS REAL) / SUM(CASE WHEN T1.age > 19 AND T1.age <= 65 THEN 1 ELSE 0 END) AS adultAverageMins , CAST(SUM(CASE WHEN T1.age > 65 THEN 60 * strftime('%H', ser_time) + strftime('%M', ser_time) + strftime('%S', ser_time) / 60 ELSE 0 END) AS REAL) / SUM(CASE WHEN T1.age > 65 THEN 1 ELSE 0 END) AS elderAverageMins FROM client AS T1 INNER JOIN callcenterlogs AS T2 ON T1.client_id = T2.\"rand client\""
    },
    {
        "sample_id": 244,
        "vt": "SELECT COUNT(client.client_id) FROM client INNER JOIN events AS T2 ON T1.client_id = T2.Client_ID WHERE client.first = '[placeholder-type:string]' AND client.last = '[placeholder-type:string]'",
        "ba": "The virtual table counts the number of clients from the 'client' table who have submitted events. It joins the 'client' table with the 'events' table based on the client ID. The query filters the results to include only those clients whose first and last names match the specified placeholders.",
        "gold_complexity": 8,
        "gold_sql": "SELECT COUNT(T1.client_id) FROM client AS T1 INNER JOIN events AS T2 ON T1.client_id = T2.Client_ID WHERE T1.first = 'Diesel' AND T1.last = 'Galloway'"
    },
    {
        "sample_id": 301,
        "vt": "SELECT COUNT(client.age) FROM reviews INNER JOIN client AS T2 ON T1.district_id = T2.district_id WHERE reviews.product = '[placeholder-type:string]' AND reviews.stars = [placeholder-type:numeric] AND client.age < [placeholder-type:numeric]",
        "ba": "The virtual table counts the number of clients from the 'client' table who have provided reviews for a specific product and given a certain number of stars, while also filtering for clients who are younger than a specified age. The query joins the 'reviews' table with the 'client' table based on the district ID to ensure that only relevant clients are considered.",
        "gold_complexity": 10,
        "gold_sql": "SELECT COUNT(T2.age) FROM reviews AS T1 INNER JOIN client AS T2 ON T1.district_id = T2.district_id WHERE T1.Product = 'Eagle National Mortgage' AND T1.Stars = 1 AND T2.age < 35"
    },
    {
        "sample_id": 397,
        "vt": "SELECT DISTINCT callcenterlogs.\"date received\" FROM client INNER JOIN events AS T2 ON T1.client_id = T2.Client_ID INNER JOIN callcenterlogs AS T3 ON T2.\"Complaint ID\" = T3.\"Complaint ID\" WHERE client.age BETWEEN [placeholder-type:numeric] AND [placeholder-type:numeric] AND client.sex = '[placeholder-type:string]'",
        "ba": "The virtual table retrieves distinct complaint dates from the 'callcenterlogs' table, filtering based on the client's age range and sex. It joins the 'client' table to access client details and the 'events' table to link complaints to clients.",
        "gold_complexity": 11,
        "gold_sql": "SELECT DISTINCT T3.\"Date received\" FROM client AS T1 INNER JOIN events AS T2 ON T1.client_id = T2.Client_ID INNER JOIN callcenterlogs AS T3 ON T2.\"Complaint ID\" = T3.\"Complaint ID\" WHERE T1.age BETWEEN 20 AND 40 AND T1.sex = 'Female'"
    },
    {
        "sample_id": 330,
        "vt": "SELECT client.first, client.middle, client.last FROM district INNER JOIN client AS T2 ON T1.district_id = T2.district_id WHERE district.division = '[placeholder-type:string]'",
        "ba": "The virtual table describes the first, middle, and last names of clients from the 'client' table who belong to a specific division in the 'district' table. The placeholder in the WHERE clause represents the division name.",
        "gold_complexity": 11,
        "gold_sql": "SELECT T2.first, T2.middle, T2.last FROM district AS T1 INNER JOIN client AS T2 ON T1.district_id = T2.district_id WHERE T1.division = 'Pacific'"
    },
    {
        "sample_id": 304,
        "vt": "SELECT client.state FROM callcenterlogs INNER JOIN client AS T2 ON T1.\"rand client\" = T2.client_id INNER JOIN district AS T3 ON T2.district_id = T3.district_id INNER JOIN state AS T4 ON T3.state_abbrev = T4.StateCode WHERE callcenterlogs.priority = [placeholder-type:numeric] GROUP BY client.state ORDER BY COUNT(client.state) LIMIT [placeholder-type:numeric]",
        "ba": "The virtual table provides a summary of the states associated with call center logs filtered by complaint priority. It joins multiple tables to correlate client information with their respective districts and states, allowing for an analysis of how many complaints originate from each state based on a specified priority level. The results are grouped by state and ordered by the count of complaints, with a limit on the number of states returned.",
        "gold_complexity": 14,
        "gold_sql": "SELECT T2.state FROM callcenterlogs AS T1 INNER JOIN client AS T2 ON T1.\"rand client\" = T2.client_id INNER JOIN district AS T3 ON T2.district_id = T3.district_id INNER JOIN state AS T4 ON T3.state_abbrev = T4.StateCode WHERE T1.priority = 0 GROUP BY T2.state ORDER BY COUNT(T2.state) DESC LIMIT 1"
    },
    {
        "sample_id": 318,
        "vt": "SELECT district.division FROM client INNER JOIN district AS T2 ON T1.district_id = T2.district_id WHERE client.first = '[placeholder-type:string]' AND client.last = '[placeholder-type:string]'",
        "ba": "The virtual table describes the division of a district associated with a specific client based on their first and last names. It retrieves this information by joining the 'client' table with the 'district' table using the district ID, ensuring that the correct division is identified for the specified client.",
        "gold_complexity": 8,
        "gold_sql": "SELECT T2.division FROM client AS T1 INNER JOIN district AS T2 ON T1.district_id = T2.district_id WHERE T1.first = 'Noah' AND T1.last = 'Thompson'"
    },
    {
        "sample_id": 249,
        "vt": "SELECT callcenterlogs.ser_time FROM client INNER JOIN callcenterlogs AS T2 ON T1.client_id = T2.\"rand client\" WHERE client.first = '[placeholder-type:string]' AND client.last = '[placeholder-type:string]' AND callcenterlogs.\"date received\" = '[placeholder-type:string]'",
        "ba": "The virtual table retrieves the server time from call center logs for a specific client based on their first and last names, as well as the date the complaint was received. It involves joining the 'client' table with the 'callcenterlogs' table using the client ID to filter the results accordingly.",
        "gold_complexity": 9,
        "gold_sql": "SELECT T2.ser_time FROM client AS T1 INNER JOIN callcenterlogs AS T2 ON T1.client_id = T2.\"rand client\" WHERE T1.first = 'Rachel' AND T1.last = 'Hicks' AND T2.\"Date received\" = '2017-03-27'"
    },
    {
        "sample_id": 317,
        "vt": "SELECT district.state_abbrev FROM reviews INNER JOIN district AS T2 ON T1.district_id = T2.district_id WHERE reviews.stars = [placeholder-type:numeric] GROUP BY district.state_abbrev ORDER BY COUNT(district.state_abbrev) LIMIT [placeholder-type:numeric]",
        "ba": "The virtual table retrieves the state abbreviations from the 'district' table based on the reviews given by clients. It joins the 'reviews' table with the 'district' table to filter the results by the number of stars given in the reviews. The results are grouped by state abbreviation and ordered by the count of reviews for each state, limiting the output to a specified number of states.",
        "gold_complexity": 12,
        "gold_sql": "SELECT T2.state_abbrev FROM reviews AS T1 INNER JOIN district AS T2 ON T1.district_id = T2.district_id WHERE T1.Stars = 5 GROUP BY T2.state_abbrev ORDER BY COUNT(T2.state_abbrev) DESC LIMIT 1"
    },
    {
        "sample_id": 375,
        "vt": "SELECT COUNT(client.sex) FROM client WHERE client.sex = '[placeholder-type:string]' AND client.age > [placeholder-type:numeric]",
        "ba": "The virtual table counts the number of clients from the 'client' table based on their sex and age. The placeholders represent the specific sex of the clients and the minimum age threshold for counting.",
        "gold_complexity": 8,
        "gold_sql": "SELECT COUNT(sex) FROM client WHERE sex = 'Female' AND age > 30"
    },
    {
        "sample_id": 360,
        "vt": "SELECT callcenterlogs.\"date received\" FROM callcenterlogs INNER JOIN events AS T2 ON T1.\"Complaint ID\" = T2.\"Complaint ID\" WHERE events.\"submitted via\" = '[placeholder-type:string]'",
        "ba": "The virtual table retrieves the dates when complaints were received from the 'callcenterlogs' table, specifically for those complaints that have been submitted via a specified method. It joins the 'callcenterlogs' table with the 'events' table to ensure that only relevant complaints are considered based on the submission method provided.",
        "gold_complexity": 7,
        "gold_sql": "SELECT T1.\"Date received\" FROM callcenterlogs AS T1 INNER JOIN events AS T2 ON T1.\"Complaint ID\" = T2.\"Complaint ID\" WHERE T2.\"Submitted via\" = 'Fax'"
    },
    {
        "sample_id": 270,
        "vt": "SELECT CAST(SUM(CASE WHEN client.sex = '[placeholder-type:string]' THEN [placeholder-type:numeric] ELSE [placeholder-type:numeric] END) AS FLOAT) * [placeholder-type:numeric] / COUNT(client.sex) FROM client INNER JOIN events AS T2 ON T1.client_id = T2.Client_ID WHERE events.\"date received\" = '[placeholder-type:string]'",
        "ba": "The virtual table calculates the weighted average of a specific metric based on the sex of clients from the 'client' table, while also considering the events associated with those clients. It uses a conditional sum to differentiate between male and female clients, applying a multiplier to the sum based on a placeholder value. The results are then normalized by dividing by the count of clients of the specified sex, filtered by a specific complaint date from the 'events' table.",
        "gold_complexity": 7,
        "gold_sql": "SELECT CAST(SUM(CASE WHEN T1.sex = 'Female' THEN 1 ELSE 0 END) AS REAL) * 100 / COUNT(T1.sex) FROM client AS T1 INNER JOIN events AS T2 ON T1.client_id = T2.Client_ID WHERE T2.\"Date received\" = '2017-03-27'"
    },
    {
        "sample_id": 313,
        "vt": "SELECT CAST(SUM(reviews.stars) AS FLOAT) / COUNT(reviews.stars) FROM state INNER JOIN district AS T2 ON T1.StateCode = T2.state_abbrev INNER JOIN reviews AS T3 ON T2.district_id = T3.district_id WHERE state.state = '[placeholder-type:string]'",
        "ba": "The virtual table calculates the average rating of reviews for a specific state by joining the 'state', 'district', and 'reviews' tables. It sums up the stars from the reviews and divides by the count of reviews to get the average. The placeholder in the WHERE clause represents the name of the state for which the average rating is being calculated.",
        "gold_complexity": 8,
        "gold_sql": "SELECT CAST(SUM(T3.Stars) AS REAL) / COUNT(T3.Stars) AS average FROM state AS T1 INNER JOIN district AS T2 ON T1.StateCode = T2.state_abbrev INNER JOIN reviews AS T3 ON T2.district_id = T3.district_id WHERE T1.State = 'Oregon'"
    },
    {
        "sample_id": 320,
        "vt": "SELECT DISTINCT events.product FROM client INNER JOIN events AS T2 ON T1.client_id = T2.Client_ID WHERE client.year > [placeholder-type:numeric]",
        "ba": "The virtual table lists distinct products associated with clients who were born after a certain year. It combines data from the 'client' and 'events' tables, filtering clients based on their birth year.",
        "gold_complexity": 8,
        "gold_sql": "SELECT DISTINCT T2.Product FROM client AS T1 INNER JOIN events AS T2 ON T1.client_id = T2.Client_ID WHERE T1.year > 2005"
    },
    {
        "sample_id": 296,
        "vt": "SELECT state.region FROM reviews INNER JOIN district AS T2 ON T1.district_id = T2.district_id INNER JOIN state AS T3 ON T2.state_abbrev = T3.StateCode WHERE reviews.stars = [placeholder-type:numeric] GROUP BY state.region ORDER BY COUNT(state.region) LIMIT [placeholder-type:numeric]",
        "ba": "The virtual table provides a summary of the regions associated with reviews from the 'reviews' table. It joins the 'district' table to link each review to its corresponding district and then further joins the 'state' table to categorize these districts by their respective regions. The query filters the results based on a specific star rating and groups the results by region, allowing for an ordered count of reviews per region, limited to a specified number of results.",
        "gold_complexity": 13,
        "gold_sql": "SELECT T3.Region FROM reviews AS T1 INNER JOIN district AS T2 ON T1.district_id = T2.district_id INNER JOIN state AS T3 ON T2.state_abbrev = T3.StateCode WHERE T1.Stars = 1 GROUP BY T3.Region ORDER BY COUNT(T3.Region) DESC LIMIT 1"
    },
    {
        "sample_id": 294,
        "vt": "SELECT COUNT(callcenterlogs.outcome) FROM callcenterlogs WHERE callcenterlogs.outcome <> '[placeholder-type:string]'",
        "ba": "The virtual table counts the number of outcomes from the 'callcenterlogs' table where the outcome does not match a specified value. The placeholder in the WHERE clause represents the outcome that should be excluded from the count.",
        "gold_complexity": 6,
        "gold_sql": "SELECT COUNT(outcome) FROM callcenterlogs WHERE outcome != 'AGENT'"
    },
    {
        "sample_id": 369,
        "vt": "SELECT client.year, client.month, client.day, client.email, client.phone FROM client INNER JOIN district AS T2 ON T1.district_id = T2.district_id WHERE district.city = '[placeholder-type:string]' ORDER BY client.year, client.month, client.day LIMIT [placeholder-type:numeric]",
        "ba": "The virtual table retrieves the birth date, email, and phone number of clients from the 'client' table who reside in a specific city. It joins the 'client' table with the 'district' table to filter clients based on their district's city. The results are ordered by the client's birth date and limited to a specified number of records.",
        "gold_complexity": 22,
        "gold_sql": "SELECT T1.year, T1.month, T1.day, T1.email, T1.phone FROM client AS T1 INNER JOIN district AS T2 ON T1.district_id = T2.district_id WHERE T2.city = 'Indianapolis' ORDER BY T1.year DESC, T1.month DESC, T1.day DESC LIMIT 1"
    },
    {
        "sample_id": 254,
        "vt": "SELECT district.division FROM client INNER JOIN district AS T2 ON T1.district_id = T2.district_id WHERE client.first = '[placeholder-type:string]' AND client.last = '[placeholder-type:string]'",
        "ba": "The virtual table describes the division of a district associated with a specific client based on their first and last names. It retrieves this information by joining the 'client' table with the 'district' table using the district ID, ensuring that the correct division is linked to the client's details.",
        "gold_complexity": 8,
        "gold_sql": "SELECT T2.division FROM client AS T1 INNER JOIN district AS T2 ON T1.district_id = T2.district_id WHERE T1.first = 'Diesel' AND T1.last = 'Galloway'"
    },
    {
        "sample_id": 344,
        "vt": "SELECT client.first, client.middle, client.last FROM client WHERE client.email = '[placeholder-type:string]'",
        "ba": "The virtual table describes the first, middle, and last names of clients from the 'client' table who have a specific email address. The placeholder in the WHERE clause represents the client's email address.",
        "gold_complexity": 10,
        "gold_sql": "SELECT first, middle, last FROM client WHERE email = 'emily.garcia43@outlook.com'"
    },
    {
        "sample_id": 327,
        "vt": "SELECT COUNT(events.\"timely response?\") FROM events WHERE events.\"timely response?\" = '[placeholder-type:string]' AND events.\"consumer disputed?\" = '[placeholder-type:string]'",
        "ba": "The virtual table counts the number of events from the 'events' table where the response from the company is timely and whether the consumer disputed the response. The placeholders represent the values for timely response and consumer dispute status.",
        "gold_complexity": 7,
        "gold_sql": "SELECT COUNT(\"Timely response?\") FROM events WHERE \"Timely response?\" = 'No' AND \"Consumer disputed?\" = 'No'"
    },
    {
        "sample_id": 251,
        "vt": "SELECT client.first, client.middle, client.last FROM client INNER JOIN events AS T2 ON T1.client_id = T2.Client_ID WHERE events.\"company response to consumer\" = '[placeholder-type:string]'",
        "ba": "The virtual table describes the first, middle, and last names of clients from the 'client' table who have a specific response from the company regarding their complaints. The query joins the 'client' table with the 'events' table based on the client ID to filter clients based on the company's response.",
        "gold_complexity": 11,
        "gold_sql": "SELECT T1.first, T1.middle, T1.last FROM client AS T1 INNER JOIN events AS T2 ON T1.client_id = T2.Client_ID WHERE T2.\"Company response to consumer\" = 'In progress'"
    },
    {
        "sample_id": 376,
        "vt": "SELECT client.first, client.last FROM client WHERE client.city = '[placeholder-type:string]'",
        "ba": "The virtual table describes the first and last names of clients from the 'client' table who reside in a specific city. The placeholder in the WHERE clause represents the name of the city.",
        "gold_complexity": 8,
        "gold_sql": "SELECT first, last FROM client WHERE city = 'New York City'"
    },
    {
        "sample_id": 255,
        "vt": "SELECT client.first, client.middle, client.last FROM client INNER JOIN district AS T2 ON T1.district_id = T2.district_id WHERE district.division = '[placeholder-type:string]' AND client.sex = '[placeholder-type:string]'",
        "ba": "The virtual table describes the first, middle, and last names of clients from the 'client' table who belong to a specific district division and have a specified sex. The placeholders in the WHERE clause represent the division of the district and the sex of the client.",
        "gold_complexity": 12,
        "gold_sql": "SELECT T1.first, T1.middle, T1.last FROM client AS T1 INNER JOIN district AS T2 ON T1.district_id = T2.district_id WHERE T2.division = 'Pacific' AND T1.sex = 'Male'"
    },
    {
        "sample_id": 337,
        "vt": "SELECT client.state FROM state INNER JOIN district AS T2 ON T1.StateCode = T2.state_abbrev INNER JOIN client AS T3 ON T2.district_id = T3.district_id WHERE client.email = '[placeholder-type:string]'",
        "ba": "The virtual table retrieves the state information of clients from the 'client' table based on their email address. It joins the 'client' table with the 'district' table to get the district information, and then joins with the 'state' table to get the corresponding state code. The placeholder in the WHERE clause represents the client's email address.",
        "gold_complexity": 8,
        "gold_sql": "SELECT T3.state FROM state AS T1 INNER JOIN district AS T2 ON T1.StateCode = T2.state_abbrev INNER JOIN client AS T3 ON T2.district_id = T3.district_id WHERE T3.email = 'skylar.ramirez@gmail.com'"
    },
    {
        "sample_id": 240,
        "vt": "SELECT callcenterlogs.\"date received\" FROM callcenterlogs WHERE callcenterlogs.ser_time = (SELECT MAX(callcenterlogs.ser_time) FROM callcenterlogs)",
        "ba": "The virtual table retrieves the most recent complaint date from the 'callcenterlogs' table based on the longest server time recorded for processing complaints. The placeholder in the query allows for dynamic filtering based on server time.",
        "gold_complexity": 9,
        "gold_sql": "SELECT \"Date received\" FROM callcenterlogs WHERE ser_time = ( SELECT MAX(ser_time) FROM callcenterlogs )"
    },
    {
        "sample_id": 374,
        "vt": "SELECT client.social, [placeholder-type:numeric] * (STRFTIME('%Y', events.\"date sent to company\") - STRFTIME('%Y', events.\"date received\")) + [placeholder-type:numeric] * (STRFTIME('%M', events.\"date sent to company\") - STRFTIME('%M', events.\"date received\")) + (STRFTIME('%d', events.\"date sent to company\") - STRFTIME('%d', events.\"date received\")), events.\"company response to consumer\" FROM client INNER JOIN events AS T2 ON T1.client_id = T2.Client_ID ORDER BY [placeholder-type:numeric] * (STRFTIME('%Y', events.\"date sent to company\") - STRFTIME('%Y', events.\"date received\")) + [placeholder-type:numeric] * (STRFTIME('%M', events.\"date sent to company\") - STRFTIME('%M', events.\"date received\")) + (STRFTIME('%d', events.\"date sent to company\") - STRFTIME('%d', events.\"date received\")) LIMIT [placeholder-type:numeric]",
        "ba": "The virtual table retrieves the social number of clients along with the calculated delay in response time from the company for their complaints. The delay is computed by taking the difference in years, months, and days between the date the complaint was received and the date it was sent to the company. The results are ordered by this calculated delay, and a limit is applied to the number of records returned.",
        "gold_complexity": 14,
        "gold_sql": "SELECT T1.social , 365 * (strftime('%Y', T2.\"Date sent to company\") - strftime('%Y', T2.\"Date received\")) + 30 * (strftime('%M', T2.\"Date sent to company\") - strftime('%M', T2.\"Date received\")) + (strftime('%d', T2.\"Date sent to company\") - strftime('%d', T2.\"Date received\")), T2.\"Company response to consumer\" FROM client AS T1 INNER JOIN events AS T2 ON T1.client_id = T2.Client_ID ORDER BY 365 * (strftime('%Y', T2.\"Date sent to company\") - strftime('%Y', T2.\"Date received\")) + 30 * (strftime('%M', T2.\"Date sent to company\") - strftime('%M', T2.\"Date received\")) + (strftime('%d', T2.\"Date sent to company\") - strftime('%d', T2.\"Date received\")) DESC LIMIT 1"
    },
    {
        "sample_id": 275,
        "vt": "SELECT state.state FROM state WHERE state.region = '[placeholder-type:string]'",
        "ba": "The virtual table retrieves the names of states from the 'state' table that belong to a specific region. The placeholder in the WHERE clause represents the region's name.",
        "gold_complexity": 6,
        "gold_sql": "SELECT state FROM state WHERE Region = 'South'"
    },
    {
        "sample_id": 350,
        "vt": "SELECT callcenterlogs.\"complaint id\" FROM client INNER JOIN callcenterlogs AS T2 ON T1.client_id = T2.\"rand client\" WHERE client.year = [placeholder-type:numeric]",
        "ba": "The virtual table retrieves the complaint IDs from the 'callcenterlogs' table for clients born in a specific year. It joins the 'client' table with the 'callcenterlogs' table based on the client ID, ensuring that only complaints associated with clients of a certain birth year are selected.",
        "gold_complexity": 7,
        "gold_sql": "SELECT T2.\"Complaint ID\" FROM client AS T1 INNER JOIN callcenterlogs AS T2 ON T1.client_id = T2.\"rand client\" WHERE T1.year = 1931"
    },
    {
        "sample_id": 252,
        "vt": "SELECT COUNT(client.city) FROM client INNER JOIN events AS T2 ON T1.client_id = T2.Client_ID WHERE events.\"timely response?\" = '[placeholder-type:string]' AND client.city = '[placeholder-type:string]'",
        "ba": "The virtual table counts the number of clients from the 'client' table who have received a timely response to their complaints, filtered by a specific city. The placeholders in the WHERE clause represent the response timeliness and the city name.",
        "gold_complexity": 8,
        "gold_sql": "SELECT COUNT(T1.city) FROM client AS T1 INNER JOIN events AS T2 ON T1.client_id = T2.Client_ID WHERE T2.\"Timely response?\" = 'No' AND T1.city = 'New York City'"
    },
    {
        "sample_id": 324,
        "vt": "SELECT CAST(SUM(CASE WHEN client.sex = '[placeholder-type:string]' THEN [placeholder-type:numeric] ELSE [placeholder-type:numeric] END) AS FLOAT) * [placeholder-type:numeric] / COUNT(client.sex) FROM client INNER JOIN events AS T2 ON T1.client_id = T2.Client_ID WHERE events.product = '[placeholder-type:string]'",
        "ba": "The virtual table calculates a weighted average based on the sex of clients who have submitted complaints about a specific product. It sums up a conditional value based on the client's sex and divides it by the total count of clients of that sex, then multiplies by a specified numeric value. The query joins the 'client' table with the 'events' table to filter the results based on the product in question.",
        "gold_complexity": 7,
        "gold_sql": "SELECT CAST(SUM(CASE WHEN T1.sex = 'Male' THEN 1 ELSE 0 END) AS REAL) * 100 / COUNT(T1.sex) FROM client AS T1 INNER JOIN events AS T2 ON T1.client_id = T2.Client_ID WHERE T2.Product = 'Credit card'"
    },
    {
        "sample_id": 357,
        "vt": "SELECT events.product FROM client INNER JOIN events AS T2 ON T1.client_id = T2.Client_ID WHERE client.age > [placeholder-type:numeric] ORDER BY client.client_id LIMIT [placeholder-type:numeric]",
        "ba": "The virtual table retrieves the products associated with clients who are older than a specified age. It joins the 'client' table with the 'events' table based on the client ID, ensuring that only clients above the given age are considered. The results are ordered by client ID and limited to a specified number of entries.",
        "gold_complexity": 10,
        "gold_sql": "SELECT T2.Product FROM client AS T1 INNER JOIN events AS T2 ON T1.client_id = T2.Client_ID WHERE T1.age > 65 ORDER BY T1.client_id DESC LIMIT 1"
    },
    {
        "sample_id": 373,
        "vt": "SELECT client.first, client.middle, client.last, client.phone FROM client INNER JOIN district AS T2 ON T1.district_id = T2.district_id WHERE district.division = '[placeholder-type:string]'",
        "ba": "The virtual table describes the first, middle, and last names along with the phone numbers of clients from the 'client' table who belong to a specific division in the 'district' table. The placeholder in the WHERE clause represents the division name.",
        "gold_complexity": 13,
        "gold_sql": "SELECT T1.first, T1.middle, T1.last, T1.phone FROM client AS T1 INNER JOIN district AS T2 ON T1.district_id = T2.district_id WHERE T2.division = 'Pacific'"
    },
    {
        "sample_id": 309,
        "vt": "SELECT client.address_1, client.address_2 FROM client INNER JOIN events AS T2 ON T1.client_id = T2.Client_ID WHERE events.\"timely response?\" = '[placeholder-type:string]' AND events.\"consumer disputed?\" = '[placeholder-type:string]'",
        "ba": "The virtual table describes the addresses of clients from the 'client' table who have associated events. It filters the results based on whether the company's response to the consumer was timely and whether the consumer disputed the response. The placeholders in the WHERE clause represent the values for these conditions.",
        "gold_complexity": 10,
        "gold_sql": "SELECT T1.address_1, T1.address_2 FROM client AS T1 INNER JOIN events AS T2 ON T1.client_id = T2.Client_ID WHERE T2.\"Timely response?\" = 'Yes' AND T2.\"Consumer disputed?\" = 'Yes'"
    },
    {
        "sample_id": 295,
        "vt": "SELECT COUNT(callcenterlogs.\"complaint id\") FROM callcenterlogs INNER JOIN events AS T2 ON T1.\"Complaint ID\" = T2.\"Complaint ID\" WHERE events.product = '[placeholder-type:string]' AND callcenterlogs.server = '[placeholder-type:string]'",
        "ba": "The virtual table counts the number of complaints from the 'callcenterlogs' table that are associated with specific products and servers. It joins the 'callcenterlogs' table with the 'events' table based on the complaint ID, filtering results based on the specified product and server values.",
        "gold_complexity": 8,
        "gold_sql": "SELECT COUNT(T1.\"Complaint ID\") FROM callcenterlogs AS T1 INNER JOIN events AS T2 ON T1.\"Complaint ID\" = T2.\"Complaint ID\" WHERE T2.Product = 'Credit card' AND T1.server = 'SHARON'"
    },
    {
        "sample_id": 268,
        "vt": "SELECT client.month, client.day FROM client INNER JOIN events AS T2 ON T1.client_id = T2.Client_ID WHERE events.\"complaint id\" = '[placeholder-type:string]'",
        "ba": "The virtual table describes the month and day of birth of clients from the 'client' table who have a specific complaint recorded in the 'events' table. The query uses an inner join to connect the 'client' and 'events' tables based on the client ID, ensuring that only clients with a matching complaint ID are selected. The placeholder in the WHERE clause represents the unique identifier for the complaint.",
        "gold_complexity": 9,
        "gold_sql": "SELECT T1.month, T1.day FROM client AS T1 INNER JOIN events AS T2 ON T1.client_id = T2.Client_ID WHERE T2.\"Complaint ID\" = 'CR0217298'"
    },
    {
        "sample_id": 401,
        "vt": "SELECT DISTINCT reviews.product FROM state INNER JOIN district AS T2 ON T1.StateCode = T2.state_abbrev INNER JOIN reviews AS T3 ON T2.district_id = T3.district_id WHERE state.region = '[placeholder-type:string]' AND reviews.stars = [placeholder-type:numeric]",
        "ba": "The virtual table retrieves distinct products from the 'reviews' table based on the specified region and star rating. It joins the 'state' table to filter by region and the 'district' table to link districts to their respective states.",
        "gold_complexity": 10,
        "gold_sql": "SELECT DISTINCT T3.Product FROM state AS T1 INNER JOIN district AS T2 ON T1.StateCode = T2.state_abbrev INNER JOIN reviews AS T3 ON T2.district_id = T3.district_id WHERE T1.Region = 'Midwest' AND T3.Stars = 1"
    },
    {
        "sample_id": 328,
        "vt": "SELECT COUNT(callcenterlogs.ser_time) FROM callcenterlogs WHERE STRFTIME('%M', callcenterlogs.ser_time) > '[placeholder-type:string]'",
        "ba": "The virtual table counts the number of entries in the 'callcenterlogs' table where the server time (ser_time) exceeds a specified minute value. The placeholder in the WHERE clause represents the minute threshold for filtering the records.",
        "gold_complexity": 6,
        "gold_sql": "SELECT COUNT(ser_time) FROM callcenterlogs WHERE strftime('%M', ser_time) > '15'"
    },
    {
        "sample_id": 282,
        "vt": "SELECT client.first, client.middle, client.last FROM client INNER JOIN events AS T2 ON T1.client_id = T2.Client_ID WHERE client.year BETWEEN [placeholder-type:numeric] AND [placeholder-type:numeric] AND client.sex = '[placeholder-type:string]' AND events.\"submitted via\" = '[placeholder-type:string]'",
        "ba": "The virtual table describes the first, middle, and last names of clients from the 'client' table who have submitted events within a specific year range, filtered by their sex and the method of submission.",
        "gold_complexity": 14,
        "gold_sql": "SELECT T1.first, T1.middle, T1.last FROM client AS T1 INNER JOIN events AS T2 ON T1.client_id = T2.Client_ID WHERE T1.year BETWEEN 1980 AND 2000 AND T1.sex = 'Male' AND T2.\"Submitted via\" = 'Referral'"
    },
    {
        "sample_id": 382,
        "vt": "SELECT COUNT(client.email) FROM client INNER JOIN district AS T2 ON T1.district_id = T2.district_id INNER JOIN state AS T3 ON T2.state_abbrev = T3.StateCode WHERE state.region = '[placeholder-type:string]' AND client.email LIKE '[placeholder-type:string]'",
        "ba": "The virtual table counts the number of clients from the 'client' table who are located in a specific region and have a specific email format. It joins the 'client' table with the 'district' table to associate clients with their respective districts, and then further joins with the 'state' table to filter by region. The placeholders represent the region and the email pattern to be searched.",
        "gold_complexity": 10,
        "gold_sql": "SELECT COUNT(T1.email) FROM client AS T1 INNER JOIN district AS T2 ON T1.district_id = T2.district_id INNER JOIN state AS T3 ON T2.state_abbrev = T3.StateCode WHERE T3.Region = 'Northeast' AND T1.email LIKE '%@outlook.com'"
    },
    {
        "sample_id": 310,
        "vt": "SELECT COUNT(events.\"submitted via\") FROM client INNER JOIN events AS T2 ON T1.client_id = T2.Client_ID WHERE client.sex = '[placeholder-type:string]' AND client.year = [placeholder-type:numeric] AND events.\"submitted via\" <> '[placeholder-type:string]'",
        "ba": "The virtual table counts the number of events submitted via a specific method for clients of a certain sex and birth year. It joins the 'client' table with the 'events' table based on the client ID, filtering by the client's sex and year of birth, while excluding a specific submission method.",
        "gold_complexity": 10,
        "gold_sql": "SELECT COUNT(T2.\"Submitted via\") FROM client AS T1 INNER JOIN events AS T2 ON T1.client_id = T2.Client_ID WHERE T1.sex = 'Female' AND T1.year = 2000 AND T2.\"Submitted via\" != 'Web'"
    },
    {
        "sample_id": 279,
        "vt": "SELECT district.division FROM reviews INNER JOIN district AS T2 ON T1.district_id = T2.district_id WHERE reviews.product = '[placeholder-type:string]' AND reviews.stars > (SELECT AVG(reviews.stars) FROM reviews AS T1 INNER JOIN district AS T2 ON T1.district_id = T2.district_id)",
        "ba": "The virtual table retrieves the division of districts from the 'reviews' table where the product matches a specified value and the star rating is greater than the average star rating of all reviews for that product.",
        "gold_complexity": 12,
        "gold_sql": "SELECT T2.division FROM reviews AS T1 INNER JOIN district AS T2 ON T1.district_id = T2.district_id WHERE T1.Product = 'Eagle Capital' AND T1.Stars > ( SELECT AVG(Stars) FROM reviews AS T1 INNER JOIN district AS T2 ON T1.district_id = T2.district_id )"
    },
    {
        "sample_id": 322,
        "vt": "SELECT events.issue FROM callcenterlogs INNER JOIN events AS T2 ON T1.\"Complaint ID\" = T2.\"Complaint ID\" WHERE callcenterlogs.ser_time = (SELECT MAX(callcenterlogs.ser_time) FROM callcenterlogs)",
        "ba": "The virtual table retrieves the issues associated with the most recent complaint logged in the call center. It joins the 'callcenterlogs' table with the 'events' table based on the complaint ID, ensuring that only the latest complaint's issue is selected.",
        "gold_complexity": 10,
        "gold_sql": "SELECT T2.Issue FROM callcenterlogs AS T1 INNER JOIN events AS T2 ON T1.\"Complaint ID\" = T2.\"Complaint ID\" WHERE T1.ser_time = ( SELECT MAX(ser_time) FROM callcenterlogs )"
    },
    {
        "sample_id": 265,
        "vt": "SELECT reviews.reviews FROM reviews INNER JOIN district AS T2 ON T1.district_id = T2.district_id WHERE district.city = '[placeholder-type:string]' AND reviews.date = '[placeholder-type:string]'",
        "ba": "The virtual table describes the reviews from the 'reviews' table for a specific city and date. The placeholders in the WHERE clause represent the city name and the review date.",
        "gold_complexity": 8,
        "gold_sql": "SELECT T1.Reviews FROM reviews AS T1 INNER JOIN district AS T2 ON T1.district_id = T2.district_id WHERE T2.city = 'Jacksonville' AND T1.Date = '2017-07-22'"
    },
    {
        "sample_id": 365,
        "vt": "SELECT callcenterlogs.\"complaint id\", callcenterlogs.call_id, callcenterlogs.phonefinal FROM callcenterlogs WHERE STRFTIME('%Y', callcenterlogs.\"date received\") = '[placeholder-type:string]' AND callcenterlogs.server = '[placeholder-type:string]'",
        "ba": "The virtual table provides a view of complaint details from the 'callcenterlogs' table, specifically focusing on the complaint ID, call ID, and final phone number. It filters the results based on the year of the complaint date and the server handling the complaint, using placeholders for both the year and server name.",
        "gold_complexity": 11,
        "gold_sql": "SELECT \"Complaint ID\", call_id, phonefinal FROM callcenterlogs WHERE strftime('%Y', \"Date received\") = '2014' AND server = 'AVIDAN'"
    },
    {
        "sample_id": 395,
        "vt": "SELECT reviews.date FROM district INNER JOIN reviews AS T2 ON T1.district_id = T2.district_id WHERE reviews.product = '[placeholder-type:string]' AND district.city = '[placeholder-type:string]' AND district.state_abbrev = '[placeholder-type:string]'",
        "ba": "The virtual table retrieves the dates of reviews for a specific product from the 'reviews' table, filtered by the city and state of the district. It joins the 'district' table to ensure that the reviews correspond to the correct district based on the provided city and state abbreviation.",
        "gold_complexity": 9,
        "gold_sql": "SELECT T2.Date FROM district AS T1 INNER JOIN reviews AS T2 ON T1.district_id = T2.district_id WHERE T2.Product = 'Eagle Capital' AND T1.city = 'Indianapolis' AND T1.state_abbrev = 'IN'"
    },
    {
        "sample_id": 405,
        "vt": "SELECT COUNT(events.\"complaint id\") FROM callcenterlogs INNER JOIN events AS T2 ON T1.\"Complaint ID\" = T2.\"Complaint ID\" WHERE events.\"submitted via\" = '[placeholder-type:string]' AND STRFTIME('%Y', callcenterlogs.\"date received\") = '[placeholder-type:string]'",
        "ba": "The virtual table counts the number of complaints from the 'callcenterlogs' table that have corresponding entries in the 'events' table. It filters the results based on the submission method of the complaint and the year in which the complaint was received.",
        "gold_complexity": 8,
        "gold_sql": "SELECT COUNT(T2.\"Complaint ID\") FROM callcenterlogs AS T1 INNER JOIN events AS T2 ON T1.\"Complaint ID\" = T2.\"Complaint ID\" WHERE T2.\"Submitted via\" = 'Phone' AND strftime('%Y', T1.\"Date received\") = '2014'"
    },
    {
        "sample_id": 406,
        "vt": "SELECT DISTINCT events.product, events.issue FROM client INNER JOIN events AS T2 ON T1.client_id = T2.Client_ID WHERE client.age * [placeholder-type:numeric] > (SELECT AVG(client.age) * [placeholder-type:numeric] FROM client)",
        "ba": "The virtual table provides a distinct list of products and issues from the 'events' table, filtered by clients whose age is above the average age of all clients. The query joins the 'client' table with the 'events' table based on the client ID, and applies a condition to ensure that only clients older than a certain age (represented by a placeholder) are included in the results.",
        "gold_complexity": 13,
        "gold_sql": "SELECT DISTINCT T2.Product, T2.Issue FROM client AS T1 INNER JOIN events AS T2 ON T1.client_id = T2.Client_ID WHERE T1.age * 100 > ( SELECT AVG(age) * 60 FROM client )"
    },
    {
        "sample_id": 262,
        "vt": "SELECT CASE WHEN events.\"consumer consent provided?\" IN (NULL, '[placeholder-type:string]', '[placeholder-type:string]') THEN '[placeholder-type:string]' ELSE '[placeholder-type:string]' END FROM client INNER JOIN events AS T2 ON T1.client_id = T2.Client_ID WHERE client.first = '[placeholder-type:string]' AND client.middle = '[placeholder-type:string]' AND client.last = '[placeholder-type:string]' AND client.sex = '[placeholder-type:string]' AND events.\"date received\" = '[placeholder-type:string]'",
        "ba": "The virtual table provides a mechanism to evaluate whether consumer consent was provided for specific events related to clients. It checks the consent status and returns a specific value based on that status. The query joins the 'client' and 'events' tables to filter results based on the client's first name, middle name, last name, sex, and the date the event was received.",
        "gold_complexity": 11,
        "gold_sql": "SELECT CASE WHEN T2.\"Consumer consent provided?\" IN (NULL, 'N/A', '') THEN 'No' ELSE 'Yes' END FROM client AS T1 INNER JOIN events AS T2 ON T1.client_id = T2.Client_ID WHERE T1.first = 'Lyric' AND T1.middle = 'Emely' AND T1.last = 'Taylor' AND T1.sex = 'Female' AND T2.\"Date received\" = '2016-05-20'"
    },
    {
        "sample_id": 342,
        "vt": "SELECT CAST(SUM(CASE WHEN client.sex = '[placeholder-type:string]' THEN [placeholder-type:numeric] ELSE [placeholder-type:numeric] END) AS FLOAT) * [placeholder-type:numeric] / COUNT(client.client_id) FROM client WHERE client.city = '[placeholder-type:string]'",
        "ba": "The virtual table calculates a weighted average based on the sex of clients from the 'client' table, specifically for clients residing in a specified city. It uses a conditional sum to differentiate between male and female clients, applying a multiplier to the sum based on a placeholder value. The result is then divided by the total count of clients in that city to derive the average.",
        "gold_complexity": 7,
        "gold_sql": "SELECT CAST(SUM(CASE WHEN sex = 'Male' THEN 1 ELSE 0 END) AS REAL) * 100 / COUNT(client_id) FROM client WHERE city = 'Indianapolis'"
    },
    {
        "sample_id": 286,
        "vt": "SELECT COUNT(client.client_id) FROM client INNER JOIN events AS T2 ON T1.client_id = T2.Client_ID WHERE events.tags = '[placeholder-type:string]' AND client.city = '[placeholder-type:string]'",
        "ba": "The virtual table counts the number of clients from the 'client' table who have submitted events with specific tags and reside in a particular city. The placeholders represent the tag and city values that can be modified by the user.",
        "gold_complexity": 8,
        "gold_sql": "SELECT COUNT(T1.client_id) FROM client AS T1 INNER JOIN events AS T2 ON T1.client_id = T2.Client_ID WHERE T2.Tags = 'Servicemember' AND T1.city = 'Syracuse'"
    },
    {
        "sample_id": 311,
        "vt": "SELECT events.\"consumer complaint narrative\" FROM client INNER JOIN events AS T2 ON T1.client_id = T2.Client_ID WHERE client.first = '[placeholder-type:string]' AND client.last = '[placeholder-type:string]'",
        "ba": "The virtual table describes the consumer complaint narratives from the 'events' table for clients with specific first and last names. The placeholders in the WHERE clause represent the first and last names of the clients.",
        "gold_complexity": 8,
        "gold_sql": "SELECT T2.\"Consumer complaint narrative\" FROM client AS T1 INNER JOIN events AS T2 ON T1.client_id = T2.Client_ID WHERE T1.first = 'Brenda' AND T1.last = 'Mayer'"
    },
    {
        "sample_id": 289,
        "vt": "SELECT callcenterlogs.\"complaint id\" FROM callcenterlogs ORDER BY callcenterlogs.ser_time LIMIT [placeholder-type:numeric]",
        "ba": "The virtual table retrieves the unique complaint IDs from the 'callcenterlogs' table, which records various complaints received by a call center. The results are ordered by the server time associated with each complaint, and the number of results returned is limited by a numeric placeholder.",
        "gold_complexity": 7,
        "gold_sql": "SELECT \"Complaint ID\" FROM callcenterlogs ORDER BY ser_time DESC LIMIT 3"
    },
    {
        "sample_id": 316,
        "vt": "SELECT COUNT(reviews.stars) FROM reviews INNER JOIN district AS T2 ON T1.district_id = T2.district_id WHERE district.city = '[placeholder-type:string]' AND reviews.stars = [placeholder-type:numeric]",
        "ba": "The virtual table counts the number of reviews with a specific star rating from the 'reviews' table, filtered by a specific city from the 'district' table. The placeholders represent the city name and the star rating.",
        "gold_complexity": 8,
        "gold_sql": "SELECT COUNT(T1.Stars) FROM reviews AS T1 INNER JOIN district AS T2 ON T1.district_id = T2.district_id WHERE T2.city = 'Kansas City' AND T1.Stars = 1"
    },
    {
        "sample_id": 345,
        "vt": "SELECT client.first FROM client INNER JOIN callcenterlogs AS T2 ON T1.client_id = T2.\"rand client\" WHERE callcenterlogs.priority = (SELECT MAX(callcenterlogs.priority) FROM callcenterlogs)",
        "ba": "The virtual table retrieves the first names of clients from the 'client' table who have the highest priority complaints recorded in the 'callcenterlogs' table. It uses an inner join to connect the two tables based on the client ID, ensuring that only clients associated with the highest priority complaints are selected.",
        "gold_complexity": 11,
        "gold_sql": "SELECT T1.first FROM client AS T1 INNER JOIN callcenterlogs AS T2 ON T1.client_id = T2.\"rand client\" WHERE T2.priority = ( SELECT MAX(priority) FROM callcenterlogs )"
    },
    {
        "sample_id": 297,
        "vt": "SELECT client.year FROM client INNER JOIN events AS T2 ON T1.client_id = T2.Client_ID WHERE events.\"sub-product\" = '[placeholder-type:string]' GROUP BY client.year ORDER BY COUNT(client.year) LIMIT [placeholder-type:numeric]",
        "ba": "The virtual table retrieves the years of birth of clients from the 'client' table who have submitted complaints about a specific sub-product. It joins the 'client' table with the 'events' table based on the client ID, groups the results by year of birth, and orders them by the count of clients in each year, limiting the results to a specified number.",
        "gold_complexity": 12,
        "gold_sql": "SELECT T1.year FROM client AS T1 INNER JOIN events AS T2 ON T1.client_id = T2.Client_ID WHERE T2.\"Sub-product\" = '(CD) Certificate of deposit' GROUP BY T1.year ORDER BY COUNT(T1.year) DESC LIMIT 1"
    },
    {
        "sample_id": 384,
        "vt": "SELECT CAST(SUM(CASE WHEN callcenterlogs.priority = [placeholder-type:numeric] THEN [placeholder-type:numeric] ELSE [placeholder-type:numeric] END) AS FLOAT) * [placeholder-type:numeric] / COUNT(callcenterlogs.\"complaint id\") FROM callcenterlogs INNER JOIN events AS T2 ON T1.\"Complaint ID\" = T2.\"Complaint ID\" WHERE STRFTIME('%Y', callcenterlogs.\"date received\") = '[placeholder-type:string]'",
        "ba": "The virtual table calculates a weighted average of complaint priorities from the 'callcenterlogs' table for a specific year. It sums the priorities based on a condition and divides it by the total count of complaints received in that year, providing insight into the severity of complaints over time.",
        "gold_complexity": 8,
        "gold_sql": "SELECT CAST(SUM(CASE WHEN T1.priority = 2 THEN 1 ELSE 0 END) AS REAL) * 100 / COUNT(T1.\"Complaint ID\") FROM callcenterlogs AS T1 INNER JOIN events AS T2 ON T1.\"Complaint ID\" = T2.\"Complaint ID\" WHERE strftime('%Y', T1.\"Date received\") = '2017'"
    },
    {
        "sample_id": 264,
        "vt": "SELECT district.district_id, district.city FROM reviews INNER JOIN district AS T2 ON T1.district_id = T2.district_id WHERE reviews.date = '[placeholder-type:string]'",
        "ba": "The virtual table describes the district IDs and cities from the 'district' table that are associated with reviews made on a specific date. The placeholder in the WHERE clause represents the date of the reviews.",
        "gold_complexity": 9,
        "gold_sql": "SELECT T2.district_id, T2.city FROM reviews AS T1 INNER JOIN district AS T2 ON T1.district_id = T2.district_id WHERE T1.Date = '2018-09-11'"
    },
    {
        "sample_id": 257,
        "vt": "SELECT [placeholder-type:numeric] * (SUM(CASE WHEN STRFTIME('%Y', events.\"date received\") = '[placeholder-type:string]' THEN [placeholder-type:numeric] ELSE [placeholder-type:numeric] END) - SUM(CASE WHEN STRFTIME('%Y', events.\"date received\") = '[placeholder-type:string]' THEN [placeholder-type:numeric] ELSE [placeholder-type:numeric] END)) / SUM(CASE WHEN STRFTIME('%Y', events.\"date received\") = '[placeholder-type:string]' THEN [placeholder-type:numeric] ELSE [placeholder-type:numeric] END) FROM client INNER JOIN events AS T2 ON T1.client_id = T2.Client_ID WHERE client.city = '[placeholder-type:string]'",
        "ba": "The virtual table calculates a specific metric based on the events received in a given year for clients located in a specified city. It aggregates data from the 'client' and 'events' tables, using the client ID to join them. The placeholders represent the year for filtering events, a numeric value for scaling the result, and the city for which the data is being queried.",
        "gold_complexity": 7,
        "gold_sql": "SELECT 100.0 * (SUM(CASE WHEN strftime('%Y', T2.\"Date received\") = '2017' THEN 1 ELSE 0 END) - SUM(CASE WHEN strftime('%Y', T2.\"Date received\") = '2016' THEN 1 ELSE 0 END)) / SUM(CASE WHEN strftime('%Y', T2.\"Date received\") = '2016' THEN 1 ELSE 0 END) FROM client AS T1 INNER JOIN events AS T2 ON T1.client_id = T2.Client_ID WHERE T1.city = 'New York City'"
    },
    {
        "sample_id": 407,
        "vt": "SELECT CAST(SUM(CASE WHEN district.division = '[placeholder-type:string]' THEN [placeholder-type:numeric] ELSE [placeholder-type:numeric] END) AS FLOAT) * [placeholder-type:numeric] / COUNT(district.division) FROM district INNER JOIN reviews AS T2 ON T1.district_id = T2.district_id WHERE reviews.stars = [placeholder-type:numeric]",
        "ba": "The virtual table calculates a weighted average of reviews for districts based on their division. It sums the values conditionally based on the division type and multiplies by a specified weight, then divides by the count of divisions to get the average. The query filters the results to include only those reviews that match a specific star rating.",
        "gold_complexity": 7,
        "gold_sql": "SELECT CAST(SUM(CASE WHEN T1.division = 'East North Central' THEN 1 ELSE 0 END) AS REAL) * 100 / COUNT(T1.division) FROM district AS T1 INNER JOIN reviews AS T2 ON T1.district_id = T2.district_id WHERE T2.Stars = 5"
    },
    {
        "sample_id": 347,
        "vt": "SELECT client.last FROM client INNER JOIN callcenterlogs AS T2 ON T1.client_id = T2.\"rand client\" WHERE client.age > [placeholder-type:numeric] AND callcenterlogs.server = '[placeholder-type:string]'",
        "ba": "The virtual table retrieves the last names of clients from the 'client' table who have made complaints logged in the 'callcenterlogs' table. It filters the results based on the client's age being greater than a specified numeric value and the server used for the complaint being a specific string value.",
        "gold_complexity": 9,
        "gold_sql": "SELECT T1.last FROM client AS T1 INNER JOIN callcenterlogs AS T2 ON T1.client_id = T2.\"rand client\" WHERE T1.age > 65 AND T2.server = 'YIFAT'"
    },
    {
        "sample_id": 271,
        "vt": "SELECT CAST(SUM(CASE WHEN events.\"consumer consent provided?\" = '[placeholder-type:string]' THEN [placeholder-type:numeric] ELSE [placeholder-type:numeric] END) AS FLOAT) * [placeholder-type:numeric] / COUNT(events.\"consumer consent provided?\") FROM client INNER JOIN events AS T2 ON T1.client_id = T2.Client_ID WHERE client.sex = '[placeholder-type:string]' AND client.first = '[placeholder-type:string]' AND client.middle = '[placeholder-type:string]' AND client.last = '[placeholder-type:string]'",
        "ba": "The virtual table calculates a weighted average based on consumer consent provided for complaints associated with clients. It sums the values based on whether consent was provided, multiplies by a specified factor, and divides by the total count of consent entries. The query filters results based on the client's sex and full name (first, middle, last).",
        "gold_complexity": 10,
        "gold_sql": "SELECT CAST(SUM(CASE WHEN T2.\"Consumer consent provided?\" = 'Consent provided' THEN 1 ELSE 0 END) AS REAL) * 100 / COUNT(T2.\"Consumer consent provided?\") FROM client AS T1 INNER JOIN events AS T2 ON T1.client_id = T2.Client_ID WHERE T1.sex = 'Male' AND T1.first = 'Mason' AND T1.middle = 'Javen' AND T1.last = 'Lopez'"
    },
    {
        "sample_id": 302,
        "vt": "SELECT COUNT(client.sex) FROM client INNER JOIN callcenterlogs AS T2 ON T1.client_id = T2.\"rand client\" WHERE client.sex = '[placeholder-type:string]' AND callcenterlogs.priority = [placeholder-type:numeric] AND client.year = [placeholder-type:numeric]",
        "ba": "The virtual table counts the number of clients from the 'client' table who have a specific sex, have made complaints with a certain priority level in the 'callcenterlogs' table, and were born in a specific year. The placeholders represent the sex of the client, the priority of the complaint, and the year of birth.",
        "gold_complexity": 9,
        "gold_sql": "SELECT COUNT(T1.sex) FROM client AS T1 INNER JOIN callcenterlogs AS T2 ON T1.client_id = T2.\"rand client\" WHERE T1.sex = 'Male' AND T2.priority = 0 AND T1.year = 1997"
    },
    {
        "sample_id": 389,
        "vt": "SELECT COUNT(client.client_id) FROM client INNER JOIN events AS T2 ON T1.client_id = T2.Client_ID WHERE STRFTIME('%Y', events.\"date received\") BETWEEN '[placeholder-type:string]' AND '[placeholder-type:string]' AND events.\"submitted via\" = '[placeholder-type:string]' AND client.sex = '[placeholder-type:string]'",
        "ba": "The virtual table counts the number of clients from the 'client' table who have submitted complaints within a specific date range, through a specified submission method, and are of a certain sex. It joins the 'client' table with the 'events' table to filter the results based on the provided criteria.",
        "gold_complexity": 10,
        "gold_sql": "SELECT COUNT(T1.client_id) FROM client AS T1 INNER JOIN events AS T2 ON T1.client_id = T2.Client_ID WHERE strftime('%Y', T2.\"Date received\") BETWEEN '2012' AND '2015' AND T2.\"Submitted via\" = 'Email' AND T1.sex = 'Male'"
    },
    {
        "sample_id": 292,
        "vt": "SELECT events.\"complaint id\" FROM events WHERE STRFTIME('%J', events.\"date sent to company\") - STRFTIME('%J', events.\"date received\") = (SELECT MAX(STRFTIME('%J', events.\"date sent to company\") - STRFTIME('%J', events.\"date received\")) FROM events WHERE \"Date sent to company\" = '2014-09-25') AND events.\"date sent to company\" = '[placeholder-type:string]'",
        "ba": "The virtual table retrieves the complaint ID from the 'events' table for complaints that have the maximum delay between the date received and the date sent to the company, specifically for a given date when the complaints were sent to the company. The placeholder in the WHERE clause represents the specific date when the complaints were sent.",
        "gold_complexity": 11,
        "gold_sql": "SELECT \"Complaint ID\" FROM events WHERE strftime('%J', \"Date sent to company\") - strftime('%J', \"Date received\") = ( SELECT MAX(strftime('%J', \"Date sent to company\") - strftime('%J', \"Date received\")) FROM events WHERE \"Date sent to company\" = '2014-09-25' ) AND \"Date sent to company\" = '2014-09-25'"
    },
    {
        "sample_id": 362,
        "vt": "SELECT client.email FROM client INNER JOIN events AS T2 ON T1.client_id = T2.Client_ID WHERE events.\"submitted via\" = '[placeholder-type:string]'",
        "ba": "The virtual table retrieves the email addresses of clients from the 'client' table who have submitted complaints through a specific channel. The query joins the 'client' table with the 'events' table based on the client ID, ensuring that only those clients who have submitted complaints via the specified method are included in the results.",
        "gold_complexity": 7,
        "gold_sql": "SELECT T1.email FROM client AS T1 INNER JOIN events AS T2 ON T1.client_id = T2.Client_ID WHERE T2.\"Submitted via\" = 'Postal mail'"
    },
    {
        "sample_id": 263,
        "vt": "SELECT [placeholder-type:numeric] * (STRFTIME('%Y', events.\"date sent to company\") - STRFTIME('%Y', events.\"date received\")) + [placeholder-type:numeric] * (STRFTIME('%M', events.\"date sent to company\") - STRFTIME('%M', events.\"date received\")) + (STRFTIME('%d', events.\"date sent to company\") - STRFTIME('%d', events.\"date received\")) FROM client INNER JOIN events AS T2 ON T1.client_id = T2.Client_ID WHERE events.\"date received\" = '[placeholder-type:string]' AND client.sex = '[placeholder-type:string]' AND client.first = '[placeholder-type:string]' AND client.middle = '[placeholder-type:string]' AND client.last = '[placeholder-type:string]'",
        "ba": "The virtual table calculates the total time taken to respond to complaints by subtracting the date received from the date sent to the company. It retrieves this information for clients based on specific criteria such as their first name, middle name, last name, sex, and the date the complaint was received.",
        "gold_complexity": 12,
        "gold_sql": "SELECT 365 * (strftime('%Y', T2.\"Date sent to company\") - strftime('%Y', T2.\"Date received\")) + 30 * (strftime('%M', T2.\"Date sent to company\") - strftime('%M', T2.\"Date received\")) + (strftime('%d', T2.\"Date sent to company\") - strftime('%d', T2.\"Date received\")) AS days FROM client AS T1 INNER JOIN events AS T2 ON T1.client_id = T2.Client_ID WHERE T2.\"Date received\" = '2012-05-18' AND T1.sex = 'Male' AND T1.first = 'Brantley' AND T1.middle = 'Julian' AND T1.last = 'Stanley'"
    },
    {
        "sample_id": 392,
        "vt": "SELECT CAST((SUM(CASE WHEN STRFTIME('%J', events.\"date sent to company\") - STRFTIME('%J', events.\"date received\") > [placeholder-type:numeric] THEN [placeholder-type:numeric] ELSE [placeholder-type:numeric] END)) AS FLOAT) * [placeholder-type:numeric] / COUNT(client.client_id) FROM client INNER JOIN events AS T2 ON T1.client_id = T2.Client_ID WHERE client.city = '[placeholder-type:string]' AND STRFTIME('%Y', events.\"date received\") = '[placeholder-type:string]'",
        "ba": "The virtual table calculates the average delay in days for complaints received in a specific city during a specific year. It sums the delays for complaints that exceed a certain threshold and divides by the total number of clients in that city. The placeholders represent the threshold for delay, a multiplier for scaling the result, the city name, and the year of the complaints.",
        "gold_complexity": 10,
        "gold_sql": "SELECT CAST((SUM(CASE WHEN strftime('%J', T2.\"Date sent to company\") - strftime('%J', T2.\"Date received\") > 5 THEN 1 ELSE 0 END)) AS REAL) * 100 / COUNT(T1.client_id) FROM client AS T1 INNER JOIN events AS T2 ON T1.client_id = T2.Client_ID WHERE T1.city = 'Houston' AND strftime('%Y', T2.\"Date received\") = '2014'"
    },
    {
        "sample_id": 245,
        "vt": "SELECT events.\"sub-product\" FROM client INNER JOIN events AS T2 ON T1.client_id = T2.Client_ID WHERE client.first = '[placeholder-type:string]' AND client.last = '[placeholder-type:string]' AND events.\"date received\" = '[placeholder-type:string]'",
        "ba": "The virtual table retrieves the sub-product information from the 'events' table for a specific client identified by their first and last names, along with the date the event was received. It involves joining the 'client' table with the 'events' table based on the client ID.",
        "gold_complexity": 9,
        "gold_sql": "SELECT T2.\"Sub-product\" FROM client AS T1 INNER JOIN events AS T2 ON T1.client_id = T2.Client_ID WHERE T1.first = 'Diesel' AND T1.last = 'Galloway' AND T2.\"Date received\" = '2014-07-03'"
    },
    {
        "sample_id": 285,
        "vt": "SELECT CAST(SUM(CASE WHEN events.\"consumer disputed?\" = '[placeholder-type:string]' AND client.city = '[placeholder-type:string]' THEN [placeholder-type:numeric] ELSE [placeholder-type:numeric] END) AS FLOAT) * [placeholder-type:numeric] / COUNT(client.client_id) FROM client INNER JOIN events AS T2 ON T1.client_id = T2.Client_ID",
        "ba": "The virtual table calculates a weighted average of complaints based on whether the consumer disputed the outcome, filtered by the client's city. It sums the values based on the condition of dispute and divides by the total number of clients to provide an average score, which is then adjusted by a specified multiplier.",
        "gold_complexity": 7,
        "gold_sql": "SELECT CAST(SUM(CASE WHEN T2.\"Consumer disputed?\" = 'Yes' AND T1.city = 'Houston' THEN 1 ELSE 0 END) AS REAL) * 100 / COUNT(T1.client_id) FROM client AS T1 INNER JOIN events AS T2 ON T1.client_id = T2.Client_ID"
    },
    {
        "sample_id": 333,
        "vt": "SELECT client.address_1, client.address_2 FROM client INNER JOIN events AS T2 ON T1.client_id = T2.Client_ID WHERE events.\"date received\" = '[placeholder-type:string]' AND events.\"submitted via\" = '[placeholder-type:string]'",
        "ba": "The virtual table provides the addresses of clients from the 'client' table who have submitted complaints on a specific date and through a specific channel. The placeholders in the WHERE clause represent the date of receipt of the complaint and the method of submission.",
        "gold_complexity": 10,
        "gold_sql": "SELECT T1.address_1, T1.address_2 FROM client AS T1 INNER JOIN events AS T2 ON T1.client_id = T2.Client_ID WHERE T2.\"Date received\" = '2012-03-14' AND T2.\"Submitted via\" = 'Postal mail'"
    },
    {
        "sample_id": 283,
        "vt": "SELECT events.\"submitted via\" FROM callcenterlogs INNER JOIN client AS T2 ON T1.\"rand client\" = T2.client_id INNER JOIN events AS T3 ON T1.\"Complaint ID\" = T3.\"Complaint ID\" WHERE client.state = '[placeholder-type:string]' GROUP BY callcenterlogs.\"complaint id\" ORDER BY COUNT(callcenterlogs.\"complaint id\") LIMIT [placeholder-type:numeric]",
        "ba": "The virtual table retrieves the submission methods of complaints from the 'callcenterlogs' table, filtered by the state of the clients. It joins the 'client' and 'events' tables to correlate client information and complaint details. The results are grouped by complaint ID to count occurrences, and the output is ordered by the number of complaints, limiting the results to a specified number.",
        "gold_complexity": 13,
        "gold_sql": "SELECT T3.\"Submitted via\" FROM callcenterlogs AS T1 INNER JOIN client AS T2 ON T1.\"rand client\" = T2.client_id INNER JOIN events AS T3 ON T1.\"Complaint ID\" = T3.\"Complaint ID\" WHERE T2.state = 'FL' GROUP BY T1.\"Complaint ID\" ORDER BY COUNT(T1.\"Complaint ID\") DESC LIMIT 1"
    },
    {
        "sample_id": 348,
        "vt": "SELECT COUNT(callcenterlogs.\"rand client\") FROM client INNER JOIN callcenterlogs AS T2 ON T1.client_id = T2.\"rand client\" WHERE client.city = '[placeholder-type:string]' AND callcenterlogs.outcome = '[placeholder-type:string]'",
        "ba": "The virtual table counts the number of complaints logged in the call center for clients residing in a specific city, filtered by the outcome of those complaints. It joins the 'client' table with the 'callcenterlogs' table based on the client ID to ensure that only relevant complaints are considered.",
        "gold_complexity": 8,
        "gold_sql": "SELECT COUNT(T2.\"rand client\") FROM client AS T1 INNER JOIN callcenterlogs AS T2 ON T1.client_id = T2.\"rand client\" WHERE T1.city = 'New York City' AND T2.outcome = 'AGENT'"
    },
    {
        "sample_id": 288,
        "vt": "SELECT (CAST(SUM(CASE WHEN client.age BETWEEN [placeholder-type:numeric] AND [placeholder-type:numeric] THEN client.age ELSE [placeholder-type:numeric] END) AS FLOAT) / SUM(CASE WHEN client.age BETWEEN [placeholder-type:numeric] AND [placeholder-type:numeric] THEN [placeholder-type:numeric] ELSE [placeholder-type:numeric] END)) - (CAST(SUM(CASE WHEN client.age > [placeholder-type:numeric] THEN client.age ELSE [placeholder-type:numeric] END) AS FLOAT) / SUM(CASE WHEN client.age > [placeholder-type:numeric] THEN [placeholder-type:numeric] ELSE [placeholder-type:numeric] END)) FROM client INNER JOIN district AS T2 ON T1.district_id = T2.district_id INNER JOIN state AS T3 ON T2.state_abbrev = T3.StateCode WHERE state.region = '[placeholder-type:string]'",
        "ba": "The virtual table calculates the difference in average age between two age groups of clients based on their district and state region. It uses conditional aggregation to sum the ages of clients within specified age ranges and divides by the count of clients in those ranges. The result is filtered by the region of the state, which is represented by a placeholder for string values.",
        "gold_complexity": 8,
        "gold_sql": "SELECT (CAST(SUM(CASE WHEN T1.age BETWEEN 35 AND 55 THEN T1.age ELSE 0 END) AS REAL) / SUM(CASE WHEN T1.age BETWEEN 35 AND 55 THEN 1 ELSE 0 END)) - (CAST(SUM(CASE WHEN T1.age > 65 THEN T1.age ELSE 0 END) AS REAL) / SUM(CASE WHEN T1.age > 65 THEN 1 ELSE 0 END)) AS difference FROM client AS T1 INNER JOIN district AS T2 ON T1.district_id = T2.district_id INNER JOIN state AS T3 ON T2.state_abbrev = T3.StateCode WHERE T3.Region = 'Northeast'"
    },
    {
        "sample_id": 331,
        "vt": "SELECT client.social FROM client INNER JOIN events AS T2 ON T1.client_id = T2.Client_ID GROUP BY client.client_id ORDER BY COUNT(client.client_id) LIMIT [placeholder-type:numeric]",
        "ba": "The virtual table retrieves the social security numbers of clients from the 'client' table. It joins the 'client' table with the 'events' table based on the client ID, grouping the results by client ID to aggregate the data. The results are ordered by the count of occurrences of each client ID, and a limit is applied to restrict the number of results returned based on a specified numeric value.",
        "gold_complexity": 10,
        "gold_sql": "SELECT T1.social FROM client AS T1 INNER JOIN events AS T2 ON T1.client_id = T2.Client_ID GROUP BY T1.client_id ORDER BY COUNT(T1.client_id) DESC LIMIT 1"
    },
    {
        "sample_id": 363,
        "vt": "SELECT AVG(client.age) FROM client INNER JOIN events AS T2 ON T1.client_id = T2.Client_ID WHERE events.\"company response to consumer\" = '[placeholder-type:string]'",
        "ba": "The virtual table calculates the average age of clients from the 'client' table who have submitted complaints, filtered by whether the company has responded to those complaints. The placeholder in the WHERE clause represents the response status of the company.",
        "gold_complexity": 7,
        "gold_sql": "SELECT AVG(T1.age) FROM client AS T1 INNER JOIN events AS T2 ON T1.client_id = T2.Client_ID WHERE T2.\"Company response to consumer\" = 'Closed with relief'"
    },
    {
        "sample_id": 243,
        "vt": "SELECT client.first, client.middle, client.last FROM client WHERE client.year > [placeholder-type:numeric]",
        "ba": "The virtual table describes the first, middle, and last names of clients from the 'client' table who were born after a specific year. The placeholder in the WHERE clause represents the year of birth.",
        "gold_complexity": 10,
        "gold_sql": "SELECT first, middle, last FROM client WHERE year > 1990"
    },
    {
        "sample_id": 258,
        "vt": "SELECT callcenterlogs.ser_time FROM callcenterlogs INNER JOIN events AS T2 ON T1.\"Complaint ID\" = T2.\"Complaint ID\" WHERE events.client_id = '[placeholder-type:string]' AND callcenterlogs.\"date received\" = '[placeholder-type:string]'",
        "ba": "The virtual table retrieves the server time from the 'callcenterlogs' table for specific complaints. It joins the 'callcenterlogs' and 'events' tables based on the complaint ID to ensure that the server time corresponds to the correct complaint. The query filters results based on a specific client ID and the date the complaint was received, both of which are represented by placeholders.",
        "gold_complexity": 8,
        "gold_sql": "SELECT T1.ser_time FROM callcenterlogs AS T1 INNER JOIN events AS T2 ON T1.\"Complaint ID\" = T2.\"Complaint ID\" WHERE T2.Client_ID = 'C00007127' AND T1.\"Date received\" = '2017-02-22'"
    },
    {
        "sample_id": 346,
        "vt": "SELECT client.email FROM client INNER JOIN callcenterlogs AS T2 ON T1.client_id = T2.\"rand client\" WHERE callcenterlogs.type = '[placeholder-type:string]'",
        "ba": "The virtual table retrieves the email addresses of clients from the 'client' table who have logged complaints in the 'callcenterlogs' table. The query filters the results based on the type of complaint, which is specified by a placeholder for string values.",
        "gold_complexity": 7,
        "gold_sql": "SELECT T1.email FROM client AS T1 INNER JOIN callcenterlogs AS T2 ON T1.client_id = T2.\"rand client\" WHERE T2.type = 'PS'"
    },
    {
        "sample_id": 361,
        "vt": "SELECT client.first, client.middle, client.last FROM client INNER JOIN events AS T2 ON T1.client_id = T2.Client_ID WHERE events.issue = '[placeholder-type:string]'",
        "ba": "The virtual table describes the first, middle, and last names of clients from the 'client' table who have submitted complaints related to a specific issue. The query joins the 'client' table with the 'events' table to filter clients based on the issue they reported, using a placeholder for the issue type.",
        "gold_complexity": 11,
        "gold_sql": "SELECT T1.first, T1.middle, T1.last FROM client AS T1 INNER JOIN events AS T2 ON T1.client_id = T2.Client_ID WHERE T2.Issue = 'Balance transfer'"
    },
    {
        "sample_id": 308,
        "vt": "SELECT COUNT(reviews.reviews) FROM reviews INNER JOIN client AS T2 ON T1.district_id = T2.district_id WHERE client.age BETWEEN [placeholder-type:numeric] AND [placeholder-type:numeric] AND reviews.reviews LIKE '[placeholder-type:string]'",
        "ba": "The virtual table counts the number of reviews from the 'reviews' table that are associated with clients in a specific age range and match a certain review text pattern. It joins the 'reviews' table with the 'client' table based on the district ID to filter the results accordingly.",
        "gold_complexity": 9,
        "gold_sql": "SELECT COUNT(T1.Reviews) FROM reviews AS T1 INNER JOIN client AS T2 ON T1.district_id = T2.district_id WHERE T2.age BETWEEN 30 AND 50 AND T1.Reviews LIKE '%great%'"
    },
    {
        "sample_id": 303,
        "vt": "SELECT client.first, client.middle, client.last FROM client INNER JOIN events AS T2 ON T1.client_id = T2.Client_ID WHERE events.tags = '[placeholder-type:string]' AND events.\"consumer consent provided?\" <> '[placeholder-type:string]' AND NOT events.\"consumer consent provided?\" IS NULL AND events.\"consumer consent provided?\" <> '[placeholder-type:string]'",
        "ba": "The virtual table describes the first, middle, and last names of clients from the 'client' table who have associated events. It filters the results based on specific tags and ensures that the consumer consent for those tags is provided, excluding any null or empty values.",
        "gold_complexity": 15,
        "gold_sql": "SELECT T1.first, T1.middle, T1.last FROM client AS T1 INNER JOIN events AS T2 ON T1.client_id = T2.Client_ID WHERE T2.Tags = 'Older American' AND T2.\"Consumer consent provided?\" != 'N/A' AND T2.\"Consumer consent provided?\" IS NOT NULL AND T2.\"Consumer consent provided?\" != ''"
    },
    {
        "sample_id": 267,
        "vt": "SELECT COUNT(reviews.stars) FROM reviews INNER JOIN district AS T2 ON T1.district_id = T2.district_id WHERE reviews.product = '[placeholder-type:string]' AND district.city = '[placeholder-type:string]' AND reviews.date = '[placeholder-type:string]'",
        "ba": "The virtual table counts the number of reviews for a specific product in a specific city on a specific date. It joins the 'reviews' table with the 'district' table to filter the results based on the city associated with each review.",
        "gold_complexity": 9,
        "gold_sql": "SELECT COUNT(T1.Stars) FROM reviews AS T1 INNER JOIN district AS T2 ON T1.district_id = T2.district_id WHERE T1.Product = 'Eagle Capital' AND T2.city = 'Little Rock' AND T1.Date = '2013-04-04'"
    },
    {
        "sample_id": 341,
        "vt": "SELECT CAST(SUM(CASE WHEN client.age > [placeholder-type:numeric] THEN [placeholder-type:numeric] ELSE [placeholder-type:numeric] END) AS FLOAT) * [placeholder-type:numeric] / COUNT(client.age) FROM client INNER JOIN events AS T2 ON T1.client_id = T2.Client_ID",
        "ba": "The virtual table calculates a weighted average of the ages of clients based on a specified age threshold. It sums up the ages of clients who are older than the given threshold and applies a multiplier to this sum, then divides by the total count of clients' ages to get the average. The query involves joining the 'client' table with the 'events' table using the client ID to ensure that only relevant clients with associated events are considered in the calculation.",
        "gold_complexity": 5,
        "gold_sql": "SELECT CAST(SUM(CASE WHEN T1.age > 65 THEN 1 ELSE 0 END) AS REAL) * 100 / COUNT(T1.age) FROM client AS T1 INNER JOIN events AS T2 ON T1.client_id = T2.Client_ID"
    },
    {
        "sample_id": 354,
        "vt": "SELECT callcenterlogs.call_id FROM client INNER JOIN callcenterlogs AS T2 ON T1.client_id = T2.\"rand client\" WHERE client.first LIKE '[placeholder-type:string]'",
        "ba": "The virtual table retrieves the call IDs from the 'callcenterlogs' table for clients whose first names match a specified value. It uses an inner join to connect the 'client' table with the 'callcenterlogs' table based on the client ID, ensuring that only relevant call records are selected.",
        "gold_complexity": 7,
        "gold_sql": "SELECT T2.call_id FROM client AS T1 INNER JOIN callcenterlogs AS T2 ON T1.client_id = T2.\"rand client\" WHERE T1.first LIKE 'B%'"
    },
    {
        "sample_id": 336,
        "vt": "SELECT DISTINCT events.issue FROM client INNER JOIN events AS T2 ON T1.client_id = T2.Client_ID WHERE client.first = '[placeholder-type:string]' AND client.middle = '[placeholder-type:string]' AND client.last = '[placeholder-type:string]'",
        "ba": "The virtual table retrieves distinct issues from the 'events' table related to clients based on their first, middle, and last names. It joins the 'client' table with the 'events' table to filter the results according to the specified client names.",
        "gold_complexity": 10,
        "gold_sql": "SELECT DISTINCT T2.Issue FROM client AS T1 INNER JOIN events AS T2 ON T1.client_id = T2.Client_ID WHERE T1.first = 'Kaitlyn' AND T1.middle = 'Eliza' AND T1.last = 'Elliott'"
    },
    {
        "sample_id": 266,
        "vt": "SELECT reviews.product FROM reviews INNER JOIN district AS T2 ON T1.district_id = T2.district_id WHERE district.city = '[placeholder-type:string]' AND reviews.date = '[placeholder-type:string]'",
        "ba": "The virtual table describes the products reviewed in a specific city and on a specific date. It retrieves the product information from the 'reviews' table, joining it with the 'district' table to filter based on the city. The placeholders represent the city name and the review date.",
        "gold_complexity": 8,
        "gold_sql": "SELECT T1.Product FROM reviews AS T1 INNER JOIN district AS T2 ON T1.district_id = T2.district_id WHERE T2.city = 'Indianapolis' AND T1.Date = '2016-10-07'"
    },
    {
        "sample_id": 371,
        "vt": "SELECT MAX(callcenterlogs.ser_time) FROM callcenterlogs INNER JOIN events AS T2 ON T1.\"Complaint ID\" = T2.\"Complaint ID\" WHERE events.issue = '[placeholder-type:string]'",
        "ba": "The virtual table retrieves the maximum server time from the 'callcenterlogs' table, which indicates the longest duration taken to process complaints. It joins with the 'events' table to filter the results based on a specific issue related to the complaints. The placeholder in the WHERE clause represents the issue being queried.",
        "gold_complexity": 7,
        "gold_sql": "SELECT MAX(T1.ser_time) FROM callcenterlogs AS T1 INNER JOIN events AS T2 ON T1.\"Complaint ID\" = T2.\"Complaint ID\" WHERE T2.issue = 'Arbitration'"
    },
    {
        "sample_id": 364,
        "vt": "SELECT AVG(client.age) FROM client INNER JOIN callcenterlogs AS T2 ON T1.client_id = T2.\"rand client\" WHERE callcenterlogs.type = '[placeholder-type:string]'",
        "ba": "The virtual table calculates the average age of clients from the 'client' table who have logged complaints in the 'callcenterlogs' table. The query joins the 'client' and 'callcenterlogs' tables based on the client ID, filtering the results by a specific type of complaint using a placeholder for string values.",
        "gold_complexity": 7,
        "gold_sql": "SELECT AVG(T1.age) FROM client AS T1 INNER JOIN callcenterlogs AS T2 ON T1.client_id = T2.\"rand client\" WHERE T2.type = 'TT'"
    },
    {
        "sample_id": 290,
        "vt": "SELECT COUNT(client.email) FROM client WHERE NOT client.email LIKE '[placeholder-type:string]'",
        "ba": "The virtual table counts the number of clients from the 'client' table whose email does not match a specified pattern. The placeholder in the WHERE clause represents the email pattern to be excluded.",
        "gold_complexity": 6,
        "gold_sql": "SELECT COUNT(email) FROM client WHERE email NOT LIKE '%@gmail.com'"
    }
]