[
    {
        "sample_id": 1746,
        "vt": "SELECT generalinfo.review FROM generalinfo INNER JOIN location AS T2 ON T1.id_restaurant = T2.id_restaurant WHERE location.street_name = '[placeholder-type:string]' AND location.street_num = [placeholder-type:numeric]",
        "ba": "The virtual table retrieves the review ratings of restaurants based on their street name and street number. It combines data from the 'generalinfo' table, which contains restaurant reviews, and the 'location' table, which provides the street details of each restaurant. The placeholders in the WHERE clause allow users to specify the street name and street number for filtering the results.",
        "gold_complexity": 8,
        "gold_sql": "SELECT T1.review FROM generalinfo AS T1 INNER JOIN location AS T2 ON T1.id_restaurant = T2.id_restaurant WHERE T2.street_name = 'Broadway' AND T2.street_num = 430"
    },
    {
        "sample_id": 1692,
        "vt": "SELECT generalinfo.label FROM location INNER JOIN generalinfo AS T2 ON T1.id_restaurant = T2.id_restaurant WHERE location.street_name = '[placeholder-type:string]' AND generalinfo.city = '[placeholder-type:string]' ORDER BY generalinfo.review LIMIT [placeholder-type:numeric]",
        "ba": "The virtual table retrieves the labels of restaurants based on their street name and city. It joins the 'location' table with the 'generalinfo' table using the unique restaurant ID to ensure that the correct restaurant information is associated with its location. The query filters results by a specific street name and city, and it orders the results by review rating, limiting the number of results returned.",
        "gold_complexity": 11,
        "gold_sql": "SELECT T2.label FROM location AS T1 INNER JOIN generalinfo AS T2 ON T1.id_restaurant = T2.id_restaurant WHERE T1.street_name = 'avenida de las pulgas' AND T2.city = 'menlo park' ORDER BY review LIMIT 1"
    },
    {
        "sample_id": 1767,
        "vt": "SELECT COUNT(generalinfo.food_type = '[placeholder-type:string]') FROM location INNER JOIN generalinfo AS T2 ON T1.id_restaurant = T2.id_restaurant WHERE location.city = '[placeholder-type:string]' AND location.street_name = '[placeholder-type:string]'",
        "ba": "The virtual table counts the number of restaurants of a specific food type located in a particular city and street name. It combines data from the 'location' and 'generalinfo' tables using an inner join on the restaurant ID, ensuring that only restaurants in the specified city and street are considered.",
        "gold_complexity": 8,
        "gold_sql": "SELECT COUNT(T2.food_type = 'american') FROM location AS T1 INNER JOIN generalinfo AS T2 ON T1.id_restaurant = T2.id_restaurant WHERE T1.city = 'san francisco' AND T1.street_name = 'front'"
    },
    {
        "sample_id": 1740,
        "vt": "SELECT location.street_name FROM location WHERE location.city = '[placeholder-type:string]'",
        "ba": "The virtual table describes the street names of restaurants located in a specific city from the 'location' table. The placeholder in the WHERE clause represents the name of the city.",
        "gold_complexity": 6,
        "gold_sql": "SELECT street_name FROM location WHERE city = 'San Francisco'"
    },
    {
        "sample_id": 1743,
        "vt": "SELECT COUNT(generalinfo.label) FROM generalinfo INNER JOIN geographic AS T2 ON T1.city = T2.city WHERE geographic.county = '[placeholder-type:string]'",
        "ba": "The virtual table counts the number of restaurants from the 'generalinfo' table that are located in cities belonging to a specific county. It joins the 'generalinfo' table with the 'geographic' table based on the city, allowing for filtering by county.",
        "gold_complexity": 7,
        "gold_sql": "SELECT COUNT(T1.label) FROM generalinfo AS T1 INNER JOIN geographic AS T2 ON T1.city = T2.city WHERE T2.county = 'unknown'"
    },
    {
        "sample_id": 1768,
        "vt": "SELECT location.id_restaurant FROM location INNER JOIN generalinfo AS T2 ON T1.id_restaurant = T2.id_restaurant WHERE generalinfo.food_type = '[placeholder-type:string]' AND location.street_num > [placeholder-type:numeric] GROUP BY location.id_restaurant ORDER BY AVG(generalinfo.review) * [placeholder-type:numeric]",
        "ba": "The virtual table retrieves the unique identifiers of restaurants from the 'location' table that serve a specific type of food and are located on streets with a number greater than a specified value. The results are grouped by restaurant ID and ordered by the average review rating multiplied by a specified factor, indicating the popularity of the restaurants based on their reviews.",
        "gold_complexity": 13,
        "gold_sql": "SELECT T1.id_restaurant FROM location AS T1 INNER JOIN generalinfo AS T2 ON T1.id_restaurant = T2.id_restaurant WHERE T2.food_type = 'american' AND T1.street_num > 2000 GROUP BY T1.id_restaurant ORDER BY AVG(T2.review) * 0.7 DESC"
    },
    {
        "sample_id": 1756,
        "vt": "SELECT generalinfo.review FROM location INNER JOIN generalinfo AS T2 ON T1.id_restaurant = T2.id_restaurant WHERE generalinfo.city = '[placeholder-type:string]' AND location.street_name = '[placeholder-type:string]'",
        "ba": "The virtual table retrieves the review ratings of restaurants based on their location in a specific city and street name. It combines data from the 'location' and 'generalinfo' tables using an inner join on the restaurant's unique identifier, ensuring that only relevant reviews for the specified city and street are selected.",
        "gold_complexity": 8,
        "gold_sql": "SELECT T2.review FROM location AS T1 INNER JOIN generalinfo AS T2 ON T1.id_restaurant = T2.id_restaurant WHERE T2.city = 'santa cruz' AND T1.street_name = 'ocean st'"
    },
    {
        "sample_id": 1717,
        "vt": "SELECT DISTINCT geographic.county, geographic.region FROM location INNER JOIN geographic AS T2 ON T1.city = T2.city WHERE location.street_name = '[placeholder-type:string]'",
        "ba": "The virtual table retrieves distinct counties and regions from the 'geographic' table based on the street name of restaurants located in a specific city. The query joins the 'location' table with the 'geographic' table to filter results according to the specified street name.",
        "gold_complexity": 10,
        "gold_sql": "SELECT DISTINCT T2.county, T2.region FROM location AS T1 INNER JOIN geographic AS T2 ON T1.city = T2.city WHERE T1.street_name = 'E. El Camino Real'"
    },
    {
        "sample_id": 1710,
        "vt": "SELECT generalinfo.id_restaurant FROM generalinfo INNER JOIN location AS T2 ON T1.id_restaurant = T2.id_restaurant WHERE generalinfo.city = '[placeholder-type:string]' AND location.street_name = '[placeholder-type:string]'",
        "ba": "The virtual table retrieves the unique identifiers of restaurants from the 'generalinfo' table that are located in a specific city and on a specific street name. It uses an inner join with the 'location' table to ensure that the restaurant's location matches the specified criteria.",
        "gold_complexity": 8,
        "gold_sql": "SELECT T1.id_restaurant FROM generalinfo AS T1 INNER JOIN location AS T2 ON T1.id_restaurant = T2.id_restaurant WHERE T1.city = 'Oakland' AND T2.street_name = '19th St'"
    },
    {
        "sample_id": 1785,
        "vt": "SELECT geographic.region FROM geographic INNER JOIN location AS T2 ON T1.city = T2.city GROUP BY geographic.region ORDER BY COUNT(location.id_restaurant) LIMIT [placeholder-type:numeric]",
        "ba": "The virtual table retrieves the regions from the 'geographic' table based on the number of restaurants located in each region. It joins the 'geographic' table with the 'location' table to correlate cities and counts the number of restaurants in each region. The results are grouped by region and ordered by the count of restaurants, limiting the output to a specified number of regions.",
        "gold_complexity": 10,
        "gold_sql": "SELECT T1.region FROM geographic AS T1 INNER JOIN location AS T2 ON T1.city = T2.city GROUP BY T1.region ORDER BY COUNT(T2.id_restaurant) DESC LIMIT 1"
    },
    {
        "sample_id": 1741,
        "vt": "SELECT location.id_restaurant FROM location WHERE location.city = '[placeholder-type:string]'",
        "ba": "The virtual table retrieves the unique identifiers of restaurants from the 'location' table based on a specified city. The placeholder in the WHERE clause represents the name of the city.",
        "gold_complexity": 6,
        "gold_sql": "SELECT id_restaurant FROM location WHERE city = 'Danville'"
    },
    {
        "sample_id": 1725,
        "vt": "SELECT COUNT(location.id_restaurant) FROM location WHERE location.street_name = '[placeholder-type:string]'",
        "ba": "The virtual table counts the number of restaurants located on a specific street name from the 'location' table. The placeholder in the WHERE clause represents the street name being queried.",
        "gold_complexity": 6,
        "gold_sql": "SELECT COUNT(id_restaurant) FROM location WHERE street_name = 'irving'"
    },
    {
        "sample_id": 1764,
        "vt": "SELECT generalinfo.label, location.id_restaurant FROM location INNER JOIN generalinfo AS T2 ON T1.id_restaurant = T2.id_restaurant WHERE location.city = '[placeholder-type:string]' AND location.street_name = '[placeholder-type:string]'",
        "ba": "The virtual table describes the labels and unique identifiers of restaurants located in a specific city and street name. It combines data from the 'location' and 'generalinfo' tables using an inner join on the restaurant ID, ensuring that only restaurants in the specified city and street are included.",
        "gold_complexity": 10,
        "gold_sql": "SELECT T2.label, T1.id_restaurant FROM location AS T1 INNER JOIN generalinfo AS T2 ON T1.id_restaurant = T2.id_restaurant WHERE T1.city = 'san francisco' AND T1.street_name = 'ocean avenue'"
    },
    {
        "sample_id": 1700,
        "vt": "SELECT generalinfo.label FROM generalinfo WHERE generalinfo.food_type = '[placeholder-type:string]'",
        "ba": "The virtual table describes the labels of restaurants from the 'generalinfo' table that serve a specific type of food. The placeholder in the WHERE clause represents the food type being queried.",
        "gold_complexity": 6,
        "gold_sql": "SELECT label FROM generalinfo WHERE food_type = 'european'"
    },
    {
        "sample_id": 1678,
        "vt": "SELECT location.id_restaurant FROM location WHERE location.city = '[placeholder-type:string]' AND location.street_name = '[placeholder-type:string]'",
        "ba": "The virtual table retrieves the unique restaurant identifiers from the 'location' table based on the specified city and street name. The placeholders represent the city and street name that the user can modify to filter the results accordingly.",
        "gold_complexity": 7,
        "gold_sql": "SELECT id_restaurant FROM location WHERE City = 'san francisco' AND street_name = '9th avenue'"
    },
    {
        "sample_id": 1723,
        "vt": "SELECT generalinfo.label FROM generalinfo WHERE generalinfo.food_type = '[placeholder-type:string]' ORDER BY generalinfo.review LIMIT [placeholder-type:numeric]",
        "ba": "The virtual table lists the labels of restaurants from the 'generalinfo' table that serve a specific type of food. The results are ordered by the review rating, and the number of results returned is limited by a placeholder for numeric values.",
        "gold_complexity": 9,
        "gold_sql": "SELECT label FROM generalinfo WHERE food_type = 'chicken' ORDER BY review DESC LIMIT 1"
    },
    {
        "sample_id": 1712,
        "vt": "SELECT generalinfo.label FROM location INNER JOIN generalinfo AS T2 ON T1.id_restaurant = T2.id_restaurant INNER JOIN geographic AS T3 ON T2.city = T3.city WHERE geographic.region = '[placeholder-type:string]' LIMIT [placeholder-type:numeric]",
        "ba": "The virtual table retrieves the labels of restaurants located in cities that belong to a specific region. It combines data from three tables: 'location', 'generalinfo', and 'geographic'. The query filters the results based on the region of the city, using a placeholder for the region name, and limits the number of results returned using a numeric placeholder.",
        "gold_complexity": 9,
        "gold_sql": "SELECT T2.label FROM location AS T1 INNER JOIN generalinfo AS T2 ON T1.id_restaurant = T2.id_restaurant INNER JOIN geographic AS T3 ON T2.city = T3.city WHERE T3.region = 'unknown' LIMIT 3"
    },
    {
        "sample_id": 1730,
        "vt": "SELECT location.street_name FROM geographic INNER JOIN location AS T2 ON T1.city = T2.city WHERE geographic.region = '[placeholder-type:string]'",
        "ba": "The virtual table retrieves the street names of restaurants located in cities that belong to a specific region. It combines data from the 'geographic' and 'location' tables based on the city, ensuring that only those cities within the specified region are included.",
        "gold_complexity": 7,
        "gold_sql": "SELECT T2.street_name FROM geographic AS T1 INNER JOIN location AS T2 ON T1.city = T2.city WHERE T1.region = 'unknown'"
    },
    {
        "sample_id": 1783,
        "vt": "SELECT location.street_name, location.street_num, location.city FROM generalinfo INNER JOIN location AS T2 ON T1.id_restaurant = T2.id_restaurant ORDER BY generalinfo.review LIMIT [placeholder-type:numeric]",
        "ba": "The virtual table provides the street name, street number, and city of restaurants from the 'generalinfo' and 'location' tables. It joins these tables based on the unique restaurant ID and orders the results by the review rating, limiting the output to a specified number of entries.",
        "gold_complexity": 12,
        "gold_sql": "SELECT T2.street_name, T2.street_num, T2.city FROM generalinfo AS T1 INNER JOIN location AS T2 ON T1.id_restaurant = T2.id_restaurant ORDER BY T1.review DESC LIMIT 1"
    },
    {
        "sample_id": 1714,
        "vt": "SELECT COUNT(generalinfo.id_restaurant) FROM generalinfo INNER JOIN location AS T2 ON T1.id_restaurant = T2.id_restaurant WHERE generalinfo.food_type = '[placeholder-type:string]' AND generalinfo.city = '[placeholder-type:string]' AND location.street_name = '[placeholder-type:string]'",
        "ba": "The virtual table counts the number of restaurants from the 'generalinfo' table that match specific criteria. It joins the 'generalinfo' table with the 'location' table to ensure that the restaurant's location is accurately represented. The placeholders in the WHERE clause allow users to specify the food type, city, and street name to filter the results accordingly.",
        "gold_complexity": 9,
        "gold_sql": "SELECT COUNT(T1.id_restaurant) FROM generalinfo AS T1 INNER JOIN location AS T2 ON T1.id_restaurant = T2.id_restaurant WHERE T1.food_type = 'thai' AND T1.city = 'albany' AND T2.street_name = 'san pablo ave'"
    },
    {
        "sample_id": 1754,
        "vt": "SELECT COUNT(location.city) FROM location WHERE location.street_name = '[placeholder-type:string]' AND location.street_num < [placeholder-type:numeric]",
        "ba": "The virtual table counts the number of restaurants located on a specific street in a city, where the street number is less than a specified value. The placeholders represent the street name and the numeric threshold for the street number.",
        "gold_complexity": 8,
        "gold_sql": "SELECT COUNT(city) FROM location WHERE street_name = 'railroad' AND street_num < 1000"
    },
    {
        "sample_id": 1718,
        "vt": "SELECT generalinfo.id_restaurant FROM generalinfo INNER JOIN location AS T2 ON T1.id_restaurant = T2.id_restaurant WHERE generalinfo.city = '[placeholder-type:string]' AND location.street_name = '[placeholder-type:string]' AND generalinfo.food_type = '[placeholder-type:string]' ORDER BY generalinfo.review LIMIT [placeholder-type:numeric]",
        "ba": "The virtual table retrieves the unique restaurant IDs from the 'generalinfo' table based on specific criteria. It filters the results by the city where the restaurant is located, the street name of the restaurant, and the type of food served. The results are ordered by the review rating, and a limit is applied to control the number of results returned.",
        "gold_complexity": 12,
        "gold_sql": "SELECT T1.id_restaurant FROM generalinfo AS T1 INNER JOIN location AS T2 ON T1.id_restaurant = T2.id_restaurant WHERE T1.city = 'berkeley' AND T2.street_name = 'shattuck ave' AND T1.food_type = 'Indian restaurant' ORDER BY T1.review LIMIT 1"
    },
    {
        "sample_id": 1757,
        "vt": "SELECT location.street_num FROM generalinfo INNER JOIN location AS T2 ON T1.id_restaurant = T2.id_restaurant WHERE generalinfo.review = [placeholder-type:numeric] AND location.city = '[placeholder-type:string]' AND generalinfo.food_type = '[placeholder-type:string]'",
        "ba": "The virtual table retrieves the street number of restaurants based on specific criteria. It joins the 'generalinfo' and 'location' tables using the restaurant's unique ID, ensuring that the data is related. The query filters results by the restaurant's review rating, the city where the restaurant is located, and the type of food served, all represented by placeholders for user input.",
        "gold_complexity": 9,
        "gold_sql": "SELECT T2.street_num FROM generalinfo AS T1 INNER JOIN location AS T2 ON T1.id_restaurant = T2.id_restaurant WHERE T1.review = 2.7 AND T2.city = 'oakland' AND T1.food_type = 'bar'"
    },
    {
        "sample_id": 1699,
        "vt": "SELECT CAST(SUM(CASE WHEN location.street_name = '[placeholder-type:string]' THEN [placeholder-type:numeric] ELSE [placeholder-type:numeric] END) AS FLOAT) * [placeholder-type:numeric] / COUNT(location.id_restaurant) FROM location INNER JOIN geographic AS T2 ON T1.city = T2.city WHERE geographic.county = '[placeholder-type:string]'",
        "ba": "The virtual table calculates a weighted average based on the street names of restaurants located in a specific county. It sums up a conditional value based on whether the street name matches a specified placeholder, and then multiplies this sum by another placeholder value. Finally, it divides this product by the count of restaurants in that location, providing insight into the average rating or score of restaurants based on their street names within a given county.",
        "gold_complexity": 8,
        "gold_sql": "SELECT CAST(SUM(IIF(T1.street_name = '11th st', 1, 0)) AS REAL) * 100 / COUNT(T1.id_restaurant) FROM location AS T1 INNER JOIN geographic AS T2 ON T1.city = T2.city WHERE T2.County = 'alameda county'"
    },
    {
        "sample_id": 1709,
        "vt": "SELECT location.street_num, location.street_name, generalinfo.city FROM generalinfo INNER JOIN location AS T2 ON T1.id_restaurant = T2.id_restaurant WHERE generalinfo.label = '[placeholder-type:string]'",
        "ba": "The virtual table provides the street number and street name of a restaurant along with the city it is located in. It combines data from the 'generalinfo' and 'location' tables using an inner join on the restaurant's unique identifier. The query filters results based on a specific restaurant label, represented by a placeholder.",
        "gold_complexity": 11,
        "gold_sql": "SELECT T2.street_num, T2.street_name, T1.city FROM generalinfo AS T1 INNER JOIN location AS T2 ON T1.id_restaurant = T2.id_restaurant WHERE T1.label = 'Albert''s Caf\u00e9'"
    },
    {
        "sample_id": 1735,
        "vt": "SELECT geographic.county FROM generalinfo INNER JOIN geographic AS T2 ON T1.city = T2.city WHERE generalinfo.label = '[placeholder-type:string]'",
        "ba": "The virtual table retrieves the county of a restaurant based on its label from the 'generalinfo' table. It joins the 'generalinfo' table with the 'geographic' table to access the corresponding county for the city where the restaurant is located. The placeholder in the WHERE clause represents the specific label of the restaurant being queried.",
        "gold_complexity": 7,
        "gold_sql": "SELECT T2.county FROM generalinfo AS T1 INNER JOIN geographic AS T2 ON T1.city = T2.city WHERE T1.label = 'sankee'"
    },
    {
        "sample_id": 1722,
        "vt": "SELECT location.street_name FROM location GROUP BY location.street_name ORDER BY COUNT(location.street_name) LIMIT [placeholder-type:numeric]",
        "ba": "The virtual table lists unique street names from the 'location' table, grouping them to count occurrences and ordering them by the frequency of each street name. The placeholder allows for limiting the number of results returned based on a specified numeric value.",
        "gold_complexity": 9,
        "gold_sql": "SELECT street_name FROM location GROUP BY street_name ORDER BY COUNT(street_name) DESC LIMIT 1"
    },
    {
        "sample_id": 1726,
        "vt": "SELECT generalinfo.label FROM generalinfo INNER JOIN geographic AS T2 ON T1.city = T2.city WHERE geographic.county = '[placeholder-type:string]'",
        "ba": "The virtual table retrieves the labels of restaurants from the 'generalinfo' table that are located in cities belonging to a specific county. It uses an inner join with the 'geographic' table to filter the results based on the county associated with the city.",
        "gold_complexity": 7,
        "gold_sql": "SELECT T1.label FROM generalinfo AS T1 INNER JOIN geographic AS T2 ON T1.city = T2.city WHERE T2.county = 'marin county'"
    },
    {
        "sample_id": 1739,
        "vt": "SELECT AVG(generalinfo.review) FROM generalinfo INNER JOIN geographic AS T2 ON T1.city = T2.city WHERE generalinfo.food_type = '[placeholder-type:string]' GROUP BY generalinfo.id_restaurant ORDER BY AVG(generalinfo.review)",
        "ba": "The virtual table calculates the average review rating of restaurants based on their food type. It joins the 'generalinfo' table with the 'geographic' table to ensure that the city information is consistent. The results are grouped by each restaurant's unique identifier, allowing for an average rating to be computed for each restaurant that matches the specified food type. The final output is ordered by the average review rating, providing a ranking of restaurants based on their popularity as indicated by customer reviews.",
        "gold_complexity": 11,
        "gold_sql": "SELECT AVG(T1.review) FROM generalinfo AS T1 INNER JOIN geographic AS T2 ON T1.city = T2.city WHERE T1.food_type = 'chinese' GROUP BY T1.id_restaurant ORDER BY AVG(T1.review) DESC"
    },
    {
        "sample_id": 1732,
        "vt": "SELECT generalinfo.food_type FROM geographic INNER JOIN generalinfo AS T2 ON T1.city = T2.city WHERE geographic.county = '[placeholder-type:string]' GROUP BY generalinfo.food_type ORDER BY COUNT(generalinfo.food_type) LIMIT [placeholder-type:numeric]",
        "ba": "The virtual table describes the different types of food available in restaurants located in a specific county. It retrieves the food types from the 'generalinfo' table, joining it with the 'geographic' table to filter by the county. The results are grouped by food type and ordered by the count of each type, allowing users to see the most common food types in that county, limited to a specified number of results.",
        "gold_complexity": 12,
        "gold_sql": "SELECT T2.food_type FROM geographic AS T1 INNER JOIN generalinfo AS T2 ON T1.city = T2.city WHERE T1.county = 'Monterey' GROUP BY T2.food_type ORDER BY COUNT(T2.food_type) DESC LIMIT 1"
    },
    {
        "sample_id": 1724,
        "vt": "SELECT geographic.county FROM geographic WHERE geographic.city = '[placeholder-type:string]'",
        "ba": "The virtual table retrieves the county information from the 'geographic' table based on a specified city. The placeholder in the WHERE clause represents the name of the city for which the county is being queried.",
        "gold_complexity": 6,
        "gold_sql": "SELECT county FROM geographic WHERE city = 'el cerrito'"
    },
    {
        "sample_id": 1677,
        "vt": "SELECT COUNT(location.id_restaurant) FROM location WHERE location.street_num = [placeholder-type:numeric]",
        "ba": "The virtual table counts the number of restaurants located on a specific street number from the 'location' table. The placeholder in the WHERE clause represents the street number being queried.",
        "gold_complexity": 6,
        "gold_sql": "SELECT COUNT(id_restaurant) FROM location WHERE street_num = 871"
    },
    {
        "sample_id": 1728,
        "vt": "SELECT location.street_name FROM geographic INNER JOIN location AS T2 ON T1.city = T2.city WHERE geographic.county = '[placeholder-type:string]' GROUP BY location.street_name HAVING COUNT(location.id_restaurant) > [placeholder-type:numeric]",
        "ba": "The virtual table describes the street names of restaurants located in cities that belong to a specific county. It filters the results based on the county and groups the street names, only including those streets that have more than a specified number of restaurants.",
        "gold_complexity": 11,
        "gold_sql": "SELECT T2.street_name FROM geographic AS T1 INNER JOIN location AS T2 ON T1.city = T2.city WHERE T1.county = 'alameda county' GROUP BY T2.street_name HAVING COUNT(T2.id_restaurant) > 10"
    },
    {
        "sample_id": 1747,
        "vt": "SELECT location.street_num, location.street_name FROM generalinfo INNER JOIN location AS T2 ON T1.id_restaurant = T2.id_restaurant ORDER BY generalinfo.review LIMIT [placeholder-type:numeric]",
        "ba": "The virtual table retrieves the street number and street name of restaurants from the 'location' table, joining it with the 'generalinfo' table to filter based on restaurant information. The results are ordered by the review rating of the restaurants, and a limit is applied to control the number of results returned.",
        "gold_complexity": 10,
        "gold_sql": "SELECT T2.street_num, T2.street_name FROM generalinfo AS T1 INNER JOIN location AS T2 ON T1.id_restaurant = T2.id_restaurant ORDER BY T1.review DESC LIMIT 1"
    },
    {
        "sample_id": 1711,
        "vt": "SELECT generalinfo.food_type FROM generalinfo INNER JOIN location AS T2 ON T1.id_restaurant = T2.id_restaurant WHERE location.street_num = [placeholder-type:numeric] AND location.street_name = '[placeholder-type:string]'",
        "ba": "The virtual table retrieves the food type of restaurants based on their street number and street name. It combines data from the 'generalinfo' and 'location' tables using an inner join on the restaurant ID, ensuring that only the relevant restaurants located at the specified address are included in the results.",
        "gold_complexity": 8,
        "gold_sql": "SELECT T1.food_type FROM generalinfo AS T1 INNER JOIN location AS T2 ON T1.id_restaurant = T2.id_restaurant WHERE T2.street_num = 106 AND T2.street_name = 'e 25th ave'"
    },
    {
        "sample_id": 1687,
        "vt": "SELECT generalinfo.review FROM generalinfo INNER JOIN location AS T2 ON T1.id_restaurant = T2.id_restaurant WHERE location.street_name = '[placeholder-type:string]'",
        "ba": "The virtual table retrieves the review ratings of restaurants based on their street name. It combines data from the 'generalinfo' table, which contains restaurant reviews, and the 'location' table, which provides the street information for each restaurant. The placeholder in the WHERE clause allows users to specify a particular street name to filter the results accordingly.",
        "gold_complexity": 7,
        "gold_sql": "SELECT T1.review FROM generalinfo AS T1 INNER JOIN location AS T2 ON T1.id_restaurant = T2.id_restaurant WHERE T2.street_name = 'atlantic ave'"
    },
    {
        "sample_id": 1771,
        "vt": "SELECT COUNT(DISTINCT city) FROM geographic WHERE geographic.region = '[placeholder-type:string]'",
        "ba": "The virtual table counts the number of distinct cities from the 'geographic' table that belong to a specific region. The placeholder in the WHERE clause represents the region name.",
        "gold_complexity": 7,
        "gold_sql": "SELECT COUNT(DISTINCT city) FROM geographic WHERE region = 'monterey'"
    },
    {
        "sample_id": 1693,
        "vt": "SELECT location.street_name FROM location INNER JOIN generalinfo AS T2 ON T1.id_restaurant = T2.id_restaurant INNER JOIN geographic AS T3 ON T2.city = T3.city WHERE generalinfo.label = '[placeholder-type:string]' AND geographic.county = '[placeholder-type:string]'",
        "ba": "The virtual table retrieves the street names of restaurants based on their labels and the county they are located in. It joins the 'location' table with the 'generalinfo' table to match restaurants by their unique IDs, and also joins with the 'geographic' table to filter by the county associated with the city where the restaurant is located. The placeholders in the WHERE clause represent the restaurant's label and the county name.",
        "gold_complexity": 9,
        "gold_sql": "SELECT T1.street_name FROM location AS T1 INNER JOIN generalinfo AS T2 ON T1.id_restaurant = T2.id_restaurant INNER JOIN geographic AS T3 ON T2.city = T3.city WHERE T2.label = 'good heavens' AND T3.county = 'tuolumne county'"
    },
    {
        "sample_id": 1694,
        "vt": "SELECT DISTINCT location.street_num FROM location INNER JOIN generalinfo AS T2 ON T1.id_restaurant = T2.id_restaurant WHERE generalinfo.label = '[placeholder-type:string]'",
        "ba": "The virtual table retrieves distinct street numbers of restaurants based on their labels from the 'location' and 'generalinfo' tables. It uses an inner join to connect the two tables through the unique restaurant ID, ensuring that only relevant street numbers for the specified restaurant label are selected.",
        "gold_complexity": 8,
        "gold_sql": "SELECT DISTINCT T1.street_num FROM location AS T1 INNER JOIN generalinfo AS T2 ON T1.id_restaurant = T2.id_restaurant WHERE T2.label = 'aux delices vietnamese restaurant'"
    },
    {
        "sample_id": 1704,
        "vt": "SELECT geographic.county, geographic.region FROM geographic WHERE geographic.city = '[placeholder-type:string]'",
        "ba": "The virtual table retrieves the county and region information from the 'geographic' table for a specified city. The placeholder in the WHERE clause represents the name of the city being queried.",
        "gold_complexity": 8,
        "gold_sql": "SELECT county, region FROM geographic WHERE city = 'Davis'"
    },
    {
        "sample_id": 1703,
        "vt": "SELECT geographic.city FROM geographic WHERE geographic.county = '[placeholder-type:string]' AND geographic.region = '[placeholder-type:string]' LIMIT [placeholder-type:numeric]",
        "ba": "The virtual table retrieves a list of cities from the 'geographic' table that belong to a specific county and region. The placeholders in the WHERE clause represent the county and region names, while the LIMIT clause allows for controlling the number of results returned.",
        "gold_complexity": 8,
        "gold_sql": "SELECT city FROM geographic WHERE county = 'unknown' AND region = 'unknown' LIMIT 5"
    },
    {
        "sample_id": 1738,
        "vt": "SELECT CAST(SUM(CASE WHEN geographic.region = '[placeholder-type:string]' THEN [placeholder-type:numeric] ELSE [placeholder-type:numeric] END) AS FLOAT) * [placeholder-type:numeric] / COUNT(location.id_restaurant) FROM geographic INNER JOIN location AS T2 ON T1.city = T2.city",
        "ba": "The virtual table calculates a weighted average of restaurant ratings based on their geographical region. It sums up the ratings of restaurants located in a specific region and normalizes this sum by the total number of restaurants in that region. The placeholders represent the region name, the rating values, and a multiplier for scaling the result.",
        "gold_complexity": 6,
        "gold_sql": "SELECT CAST(SUM(IIF(T1.region = 'bay area', 1, 0)) AS REAL) * 100 / COUNT(T2.id_restaurant) FROM geographic AS T1 INNER JOIN location AS T2 ON T1.city = T2.city"
    },
    {
        "sample_id": 1707,
        "vt": "SELECT COUNT(generalinfo.id_restaurant) FROM generalinfo WHERE generalinfo.food_type = '[placeholder-type:string]' AND generalinfo.city = '[placeholder-type:string]' AND generalinfo.review = (SELECT MIN(generalinfo.review) FROM generalinfo WHERE food_type = 'american' AND city = 'carmel')",
        "ba": "The virtual table counts the number of restaurants from the 'generalinfo' table that match a specific food type and city, while also filtering for those that have the lowest review rating among American restaurants in a specified city. The placeholders represent the food type and city names.",
        "gold_complexity": 11,
        "gold_sql": "SELECT COUNT(id_restaurant) FROM generalinfo WHERE food_type = 'american' AND city = 'carmel' AND review = ( SELECT MIN(review) FROM generalinfo WHERE food_type = 'american' AND city = 'carmel' )"
    },
    {
        "sample_id": 1670,
        "vt": "SELECT COUNT(generalinfo.id_restaurant) FROM generalinfo WHERE generalinfo.review < [placeholder-type:numeric]",
        "ba": "The virtual table counts the number of restaurants from the 'generalinfo' table that have a review rating below a specified threshold. The placeholder in the WHERE clause represents the review rating limit.",
        "gold_complexity": 6,
        "gold_sql": "SELECT COUNT(id_restaurant) FROM generalinfo WHERE review < 3"
    },
    {
        "sample_id": 1755,
        "vt": "SELECT generalinfo.label FROM generalinfo WHERE generalinfo.food_type = '[placeholder-type:string]' AND generalinfo.city = '[placeholder-type:string]'",
        "ba": "The virtual table lists the labels of restaurants from the 'generalinfo' table that serve a specific type of food and are located in a specified city. The placeholders in the WHERE clause represent the food type and city name.",
        "gold_complexity": 7,
        "gold_sql": "SELECT label FROM generalinfo WHERE food_type = '24 hour diner' AND city = 'san francisco'"
    },
    {
        "sample_id": 1674,
        "vt": "SELECT DISTINCT geographic.county FROM geographic WHERE geographic.region <> '[placeholder-type:string]'",
        "ba": "The virtual table retrieves a distinct list of counties from the 'geographic' table, filtering out those that belong to a specific region. The placeholder in the WHERE clause represents the region to be excluded.",
        "gold_complexity": 7,
        "gold_sql": "SELECT DISTINCT county FROM geographic WHERE region != 'bay area'"
    },
    {
        "sample_id": 1688,
        "vt": "SELECT location.id_restaurant FROM location INNER JOIN geographic AS T2 ON T1.city = T2.city WHERE geographic.county = '[placeholder-type:string]'",
        "ba": "The virtual table retrieves the unique restaurant IDs from the 'location' table, filtering based on the county of the city where the restaurant is located. It uses an inner join with the 'geographic' table to ensure that only restaurants in the specified county are included in the results.",
        "gold_complexity": 7,
        "gold_sql": "SELECT T1.id_restaurant FROM location AS T1 INNER JOIN geographic AS T2 ON T1.city = T2.city WHERE T2.county = 'contra costa county'"
    },
    {
        "sample_id": 1750,
        "vt": "SELECT COUNT(geographic.city) FROM geographic WHERE geographic.region = '[placeholder-type:string]'",
        "ba": "The virtual table counts the number of cities from the 'geographic' table that belong to a specific region. The placeholder in the WHERE clause represents the region name.",
        "gold_complexity": 6,
        "gold_sql": "SELECT COUNT(city) FROM geographic WHERE region = 'bay area'"
    },
    {
        "sample_id": 1731,
        "vt": "SELECT generalinfo.review FROM location INNER JOIN generalinfo AS T2 ON T1.id_restaurant = T2.id_restaurant WHERE location.street_name = '[placeholder-type:string]' AND location.street_num = [placeholder-type:numeric]",
        "ba": "The virtual table retrieves the review ratings of restaurants based on their street address. It combines data from the 'location' and 'generalinfo' tables, filtering for a specific street name and street number. The placeholder in the WHERE clause allows users to specify the street name as a string and the street number as a numeric value.",
        "gold_complexity": 8,
        "gold_sql": "SELECT T2.review FROM location AS T1 INNER JOIN generalinfo AS T2 ON T1.id_restaurant = T2.id_restaurant WHERE T1.street_name = 'murray ave' AND T1.street_num = 8440"
    },
    {
        "sample_id": 1782,
        "vt": "SELECT COUNT(generalinfo.food_type) FROM geographic INNER JOIN generalinfo AS T2 ON T1.city = T2.city WHERE geographic.region = '[placeholder-type:string]'",
        "ba": "The virtual table counts the number of different food types available in restaurants located in cities that belong to a specific region. It combines data from the 'geographic' table, which provides information about the region of each city, and the 'generalinfo' table, which contains details about the restaurants and their food types. The placeholder in the WHERE clause represents the region being queried.",
        "gold_complexity": 7,
        "gold_sql": "SELECT COUNT(T2.food_type) FROM geographic AS T1 INNER JOIN generalinfo AS T2 ON T1.city = T2.city WHERE T1.region = 'yosemite and mono lake area'"
    },
    {
        "sample_id": 1685,
        "vt": "SELECT DISTINCT geographic.county FROM generalinfo INNER JOIN geographic AS T2 ON T1.city = T2.city WHERE generalinfo.label <> '[placeholder-type:string]'",
        "ba": "The virtual table retrieves a distinct list of counties from the 'geographic' table based on the cities associated with restaurants in the 'generalinfo' table, excluding a specific restaurant label.",
        "gold_complexity": 8,
        "gold_sql": "SELECT DISTINCT T2.county FROM generalinfo AS T1 INNER JOIN geographic AS T2 ON T1.city = T2.city WHERE T1.label != 'bakers square restaurant & pie shop'"
    },
    {
        "sample_id": 1761,
        "vt": "SELECT COUNT(location.id_restaurant) FROM location INNER JOIN generalinfo AS T2 ON T1.id_restaurant = T2.id_restaurant WHERE location.street_name = '[placeholder-type:string]' AND location.city = '[placeholder-type:string]' AND generalinfo.food_type = '[placeholder-type:string]' AND generalinfo.label LIKE '[placeholder-type:string]'",
        "ba": "The virtual table counts the number of restaurants based on specific criteria such as street name, city, food type, and a partial match on the restaurant label.",
        "gold_complexity": 11,
        "gold_sql": "SELECT COUNT(T1.id_restaurant) FROM location AS T1 INNER JOIN generalinfo AS T2 ON T1.id_restaurant = T2.id_restaurant WHERE T1.street_name = 'castro st' AND T1.city = 'mountain view' AND T2.food_type = 'indian' AND T2.label LIKE '%cookhouse%'"
    },
    {
        "sample_id": 1690,
        "vt": "SELECT generalinfo.label FROM generalinfo INNER JOIN location AS T2 ON T1.id_restaurant = T2.id_restaurant WHERE location.street_name = '[placeholder-type:string]' AND generalinfo.food_type <> '[placeholder-type:string]' AND location.city = '[placeholder-type:string]'",
        "ba": "The virtual table retrieves the labels of restaurants from the 'generalinfo' table that are located on a specific street and in a specific city, while excluding a certain type of food. The query uses an inner join with the 'location' table to match restaurants based on their unique identifiers.",
        "gold_complexity": 10,
        "gold_sql": "SELECT T1.label FROM generalinfo AS T1 INNER JOIN location AS T2 ON T1.id_restaurant = T2.id_restaurant WHERE T2.street_name = 'drive' AND T1.food_type != 'american' AND T2.city = 'san rafael'"
    },
    {
        "sample_id": 1736,
        "vt": "SELECT COUNT(geographic.city) FROM geographic INNER JOIN location AS T2 ON T1.city = T2.city WHERE geographic.region = '[placeholder-type:string]'",
        "ba": "The virtual table counts the number of cities from the 'geographic' table that are associated with restaurants located in those cities. It filters the results based on a specific region, using a placeholder for the region name.",
        "gold_complexity": 7,
        "gold_sql": "SELECT COUNT(T1.city) FROM geographic AS T1 INNER JOIN location AS T2 ON T1.city = T2.city WHERE T1.region = 'northern california'"
    },
    {
        "sample_id": 1786,
        "vt": "SELECT location.street_num, location.street_name, location.city FROM location INNER JOIN generalinfo AS T2 ON T1.city = T2.city WHERE generalinfo.review >= [placeholder-type:numeric]",
        "ba": "The virtual table describes the street number, street name, and city of restaurants that have a review rating above a certain threshold. It combines data from the 'location' and 'generalinfo' tables based on the city, ensuring that only restaurants with higher review ratings are included.",
        "gold_complexity": 11,
        "gold_sql": "SELECT T1.street_num, T1.street_name, T1.city FROM location AS T1 INNER JOIN generalinfo AS T2 ON T1.city = T2.city WHERE T2.review >= 4"
    },
    {
        "sample_id": 1713,
        "vt": "SELECT generalinfo.label FROM generalinfo INNER JOIN location AS T2 ON T1.id_restaurant = T2.id_restaurant WHERE location.street_num = [placeholder-type:numeric] AND generalinfo.city = '[placeholder-type:string]' AND location.street_name = '[placeholder-type:string]'",
        "ba": "The virtual table describes the labels of restaurants from the 'generalinfo' table that are located on a specific street number and street name in a specified city. The query uses an inner join with the 'location' table to match the restaurant IDs and filter based on the street number and street name, while also ensuring the city matches.",
        "gold_complexity": 9,
        "gold_sql": "SELECT T1.label FROM generalinfo AS T1 INNER JOIN location AS T2 ON T1.id_restaurant = T2.id_restaurant WHERE T2.street_num = 104 AND T1.city = 'campbell' AND T2.street_name = 'san tomas aquino road'"
    },
    {
        "sample_id": 1776,
        "vt": "SELECT COUNT(generalinfo.id_restaurant) FROM generalinfo INNER JOIN location AS T2 ON T1.id_restaurant = T2.id_restaurant WHERE generalinfo.city = '[placeholder-type:string]' AND generalinfo.food_type = '[placeholder-type:string]' AND location.street_name = '[placeholder-type:string]'",
        "ba": "The virtual table counts the number of restaurants from the 'generalinfo' table that match specific criteria. It joins the 'generalinfo' table with the 'location' table to ensure that the restaurant's location is accurately represented. The placeholders in the WHERE clause allow users to specify the city, food type, and street name to filter the results accordingly.",
        "gold_complexity": 9,
        "gold_sql": "SELECT COUNT(T1.id_restaurant) FROM generalinfo AS T1 INNER JOIN location AS T2 ON T1.id_restaurant = T2.id_restaurant WHERE T1.city = 'livermore' AND T1.food_type = 'chinese' AND T2.street_name = '1st st'"
    },
    {
        "sample_id": 1672,
        "vt": "SELECT COUNT(generalinfo.id_restaurant) FROM generalinfo WHERE generalinfo.food_type = '[placeholder-type:string]' AND generalinfo.city = '[placeholder-type:string]'",
        "ba": "The virtual table counts the number of restaurants from the 'generalinfo' table that serve a specific type of food and are located in a specified city. The placeholders in the WHERE clause represent the food type and the city name.",
        "gold_complexity": 7,
        "gold_sql": "SELECT COUNT(id_restaurant) FROM generalinfo WHERE food_type = 'mediterranean' AND city = 'richmond'"
    },
    {
        "sample_id": 1696,
        "vt": "SELECT DISTINCT geographic.region FROM generalinfo INNER JOIN geographic AS T2 ON T1.city = T2.city WHERE generalinfo.food_type = '[placeholder-type:string]' AND geographic.region <> '[placeholder-type:string]'",
        "ba": "The virtual table retrieves distinct regions from the 'geographic' table based on the food type of restaurants listed in the 'generalinfo' table. It filters out regions that match a specified region, allowing users to find regions with restaurants of a certain food type that are not in a specific region.",
        "gold_complexity": 10,
        "gold_sql": "SELECT DISTINCT T2.region FROM generalinfo AS T1 INNER JOIN geographic AS T2 ON T1.city = T2.city WHERE T1.food_type = 'pizza' AND T2.region != 'unknown'"
    },
    {
        "sample_id": 1752,
        "vt": "SELECT geographic.city FROM geographic WHERE geographic.region = '[placeholder-type:string]' AND geographic.county = '[placeholder-type:string]'",
        "ba": "The virtual table retrieves the cities from the 'geographic' table that belong to a specific region and county. The placeholders in the WHERE clause represent the region and county names.",
        "gold_complexity": 7,
        "gold_sql": "SELECT city FROM geographic WHERE region = 'bay area' AND county = 'santa clara county'"
    },
    {
        "sample_id": 1766,
        "vt": "SELECT generalinfo.food_type FROM location INNER JOIN generalinfo AS T2 ON T1.id_restaurant = T2.id_restaurant WHERE location.street_num = [placeholder-type:numeric] AND location.street_name = '[placeholder-type:string]' AND generalinfo.city = '[placeholder-type:string]'",
        "ba": "The virtual table retrieves the food type of restaurants based on their street number, street name, and city. It combines data from the 'location' and 'generalinfo' tables using an inner join on the restaurant ID, ensuring that only restaurants located at the specified street address in the specified city are considered.",
        "gold_complexity": 9,
        "gold_sql": "SELECT T2.food_type FROM location AS T1 INNER JOIN generalinfo AS T2 ON T1.id_restaurant = T2.id_restaurant WHERE T1.street_num = 22779 AND T1.street_name = '6th St' AND T2.city = 'hayward'"
    },
    {
        "sample_id": 1778,
        "vt": "SELECT generalinfo.food_type FROM geographic INNER JOIN generalinfo AS T2 ON T1.city = T2.city WHERE geographic.region = '[placeholder-type:string]' GROUP BY generalinfo.food_type ORDER BY COUNT(generalinfo.food_type) LIMIT [placeholder-type:numeric]",
        "ba": "The virtual table retrieves the types of food offered by restaurants located in cities that belong to a specific region. It joins the 'geographic' table with the 'generalinfo' table based on the city, filtering the results by the specified region. The results are grouped by food type and ordered by the count of each food type, limiting the output to a specified number of results.",
        "gold_complexity": 12,
        "gold_sql": "SELECT T2.food_type FROM geographic AS T1 INNER JOIN generalinfo AS T2 ON T1.city = T2.city WHERE T1.region = 'bay area' GROUP BY T2.food_type ORDER BY COUNT(T2.food_type) DESC LIMIT 1"
    },
    {
        "sample_id": 1781,
        "vt": "SELECT location.street_name FROM location INNER JOIN generalinfo AS T2 ON T1.city = T2.city WHERE generalinfo.food_type = '[placeholder-type:string]' AND location.city = '[placeholder-type:string]'",
        "ba": "The virtual table retrieves the street names of restaurants from the 'location' table that serve a specific type of food and are located in a specified city. It uses an inner join to connect the 'location' and 'generalinfo' tables based on the city, ensuring that only relevant restaurants are considered based on their food type and location.",
        "gold_complexity": 8,
        "gold_sql": "SELECT T1.street_name FROM location AS T1 INNER JOIN generalinfo AS T2 ON T1.city = T2.city WHERE T2.food_type = 'pizza' AND T1.city = 'san jose'"
    },
    {
        "sample_id": 1774,
        "vt": "SELECT COUNT(location.id_restaurant) FROM location WHERE location.city = '[placeholder-type:string]'",
        "ba": "The virtual table counts the number of restaurants located in a specific city from the 'location' table. The placeholder in the WHERE clause represents the name of the city.",
        "gold_complexity": 6,
        "gold_sql": "SELECT COUNT(id_restaurant) FROM location WHERE city = 'concord'"
    },
    {
        "sample_id": 1671,
        "vt": "SELECT generalinfo.food_type FROM generalinfo WHERE generalinfo.review = (SELECT MAX(generalinfo.review) FROM generalinfo) LIMIT [placeholder-type:numeric]",
        "ba": "The virtual table retrieves the food types of restaurants from the 'generalinfo' table that have the highest review rating. The query uses a subquery to find the maximum review rating and limits the results based on a specified number of entries.",
        "gold_complexity": 10,
        "gold_sql": "SELECT food_type FROM generalinfo WHERE review = ( SELECT MAX(review) FROM generalinfo ) LIMIT 4"
    },
    {
        "sample_id": 1749,
        "vt": "SELECT CAST(SUM(CASE WHEN geographic.region = '[placeholder-type:string]' THEN [placeholder-type:numeric] ELSE [placeholder-type:numeric] END) AS FLOAT) * [placeholder-type:numeric] / COUNT(geographic.region) FROM geographic",
        "ba": "The virtual table calculates a weighted average of restaurant reviews based on the region specified. It sums the reviews for restaurants located in a particular region and normalizes this sum by the count of regions, allowing for an analysis of restaurant popularity in that region.",
        "gold_complexity": 4,
        "gold_sql": "SELECT CAST(SUM(IIF(region = 'Napa Valley', 1, 0)) AS REAL) * 100 / COUNT(region) FROM geographic"
    },
    {
        "sample_id": 1775,
        "vt": "SELECT geographic.region FROM generalinfo INNER JOIN geographic AS T2 ON T1.city = T2.city ORDER BY generalinfo.review LIMIT [placeholder-type:numeric]",
        "ba": "The virtual table retrieves the regions corresponding to restaurants based on their city from the 'geographic' and 'generalinfo' tables. It uses an inner join to connect the two tables through the city column, ensuring that only restaurants located in cities present in the geographic data are considered. The results are ordered by the review rating of the restaurants, and a limit is applied to control the number of results returned.",
        "gold_complexity": 8,
        "gold_sql": "SELECT T2.region FROM generalinfo AS T1 INNER JOIN geographic AS T2 ON T1.city = T2.city ORDER BY T1.review DESC LIMIT 4"
    },
    {
        "sample_id": 1742,
        "vt": "SELECT COUNT(geographic.city) FROM geographic WHERE geographic.region = '[placeholder-type:string]'",
        "ba": "The virtual table counts the number of cities from the 'geographic' table that belong to a specific region. The placeholder in the WHERE clause represents the region name.",
        "gold_complexity": 6,
        "gold_sql": "SELECT COUNT(city) FROM geographic WHERE region = 'bay area'"
    },
    {
        "sample_id": 1684,
        "vt": "SELECT location.street_name FROM location INNER JOIN generalinfo AS T2 ON T1.id_restaurant = T2.id_restaurant WHERE location.city = '[placeholder-type:string]' AND generalinfo.food_type = '[placeholder-type:string]' AND NOT location.street_name IS NULL",
        "ba": "The virtual table retrieves the street names of restaurants located in a specific city that serve a particular type of food. It combines data from the 'location' and 'generalinfo' tables, ensuring that only non-null street names are included in the results.",
        "gold_complexity": 10,
        "gold_sql": "SELECT T1.street_name FROM location AS T1 INNER JOIN generalinfo AS T2 ON T1.id_restaurant = T2.id_restaurant WHERE T1.city = 'san francisco' AND T2.food_type = 'seafood' AND street_name IS NOT NULL"
    },
    {
        "sample_id": 1708,
        "vt": "SELECT CAST(SUM(CASE WHEN generalinfo.food_type = '[placeholder-type:string]' THEN [placeholder-type:numeric] ELSE [placeholder-type:numeric] END) AS FLOAT) * [placeholder-type:numeric] / COUNT(generalinfo.id_restaurant) FROM generalinfo WHERE generalinfo.city = '[placeholder-type:string]'",
        "ba": "The virtual table calculates the average rating of restaurants based on their food type in a specific city. It sums up the ratings of restaurants that match the specified food type and divides it by the total number of restaurants in that city, providing a weighted average rating.",
        "gold_complexity": 7,
        "gold_sql": "SELECT CAST(SUM(IIF(food_type = 'american food', 1, 0)) AS REAL) * 100 / COUNT(id_restaurant) FROM generalinfo WHERE city = 'dublin'"
    }
]