[
    {
        "sample_id": 613,
        "vt": "SELECT COUNT(solution.repoid) FROM repo INNER JOIN Solution AS T2 ON T1.Id = T2.RepoId WHERE repo.watchers = [placeholder-type:numeric]",
        "ba": "The virtual table counts the number of solutions associated with repositories that have a specific number of watchers. It joins the 'repo' table with the 'solution' table based on the repository ID, filtering the results to only include those repositories that match the specified number of watchers.",
        "gold_complexity": 7,
        "gold_sql": "SELECT COUNT(T2.RepoId) FROM Repo AS T1 INNER JOIN Solution AS T2 ON T1.Id = T2.RepoId WHERE T1.Watchers = 8094"
    },
    {
        "sample_id": 674,
        "vt": "SELECT DISTINCT SUBSTRING(SUBSTRING(method.name, INSTR(method.name, '.') + [placeholder-type:numeric]), [placeholder-type:numeric], INSTR(SUBSTRING(method.name, INSTR(method.name, '.') + [placeholder-type:numeric]), '.') - [placeholder-type:numeric]) FROM method WHERE method.nametokenized = '[placeholder-type:string]'",
        "ba": "The virtual table retrieves distinct substrings from the 'name' column of the 'method' table, specifically extracting parts of the method name that follow a certain pattern. The placeholders represent numeric values for substring extraction and a string value for filtering based on tokenized names.",
        "gold_complexity": 7,
        "gold_sql": "SELECT DISTINCT SUBSTR(SUBSTR(Name, INSTR(Name, '.') + 1), 1, INSTR(SUBSTR(Name, INSTR(Name, '.') + 1), '.') - 1) task FROM Method WHERE NameTokenized = 'string extensions to pascal case'"
    },
    {
        "sample_id": 589,
        "vt": "SELECT method.name FROM method WHERE method.summary = '[placeholder-type:string]'",
        "ba": "The virtual table describes the names of methods from the 'method' table that have a specific summary. The placeholder in the WHERE clause represents the summary of the method being queried.",
        "gold_complexity": 6,
        "gold_sql": "SELECT Name FROM Method WHERE Summary = 'Write a command to the log'"
    },
    {
        "sample_id": 625,
        "vt": "SELECT CAST(SUM(CASE WHEN solution.id = [placeholder-type:numeric] THEN repo.watchers ELSE [placeholder-type:numeric] END) - SUM(CASE WHEN solution.id = [placeholder-type:numeric] THEN repo.watchers ELSE [placeholder-type:numeric] END) AS FLOAT) * [placeholder-type:numeric] / SUM(CASE WHEN solution.id = [placeholder-type:numeric] THEN repo.watchers ELSE [placeholder-type:numeric] END) FROM repo INNER JOIN Solution AS T2 ON T1.Id = T2.RepoId",
        "ba": "The virtual table calculates a weighted difference in the number of watchers for a specific solution from the 'repo' table, based on the solution's ID. It uses placeholders for numeric values to allow users to specify the solution ID and other numeric parameters dynamically.",
        "gold_complexity": 6,
        "gold_sql": "SELECT CAST(SUM(CASE WHEN T2.Id = 83855 THEN T1.Watchers ELSE 0 END) - SUM(CASE WHEN T2.Id = 1502 THEN T1.Watchers ELSE 0 END) AS REAL) * 100 / SUM(CASE WHEN T2.Id = 1502 THEN T1.Watchers ELSE 0 END) FROM Repo AS T1 INNER JOIN Solution AS T2 ON T1.Id = T2.RepoId"
    },
    {
        "sample_id": 662,
        "vt": "SELECT COUNT(DISTINCT T1.Id) FROM repo INNER JOIN Solution AS T2 ON T1.Id = T2.RepoId WHERE repo.stars > CAST(repo.forks AS FLOAT) / [placeholder-type:numeric]",
        "ba": "The virtual table counts the distinct number of repositories from the 'repo' table that have more stars than half of their forks. It does this by joining the 'repo' table with the 'solution' table based on the repository ID, and applies a condition to filter repositories based on their star and fork counts.",
        "gold_complexity": 8,
        "gold_sql": "SELECT COUNT(DISTINCT T1.Id) FROM Repo AS T1 INNER JOIN Solution AS T2 ON T1.Id = T2.RepoId WHERE T1.Stars > CAST(T1.Forks AS REAL) / 3"
    },
    {
        "sample_id": 608,
        "vt": "SELECT COUNT(solution.repoid) FROM repo INNER JOIN Solution AS T2 ON T1.Id = T2.RepoId WHERE repo.stars = [placeholder-type:numeric]",
        "ba": "The virtual table counts the number of solutions associated with repositories that have a specific number of stars. It joins the 'repo' table with the 'solution' table based on the repository ID, filtering the results to only include those repositories that match the specified star count.",
        "gold_complexity": 7,
        "gold_sql": "SELECT COUNT(T2.RepoId) FROM Repo AS T1 INNER JOIN Solution AS T2 ON T1.Id = T2.RepoId WHERE T1.Stars = 8094"
    },
    {
        "sample_id": 639,
        "vt": "SELECT repo.url FROM repo INNER JOIN Solution AS T2 ON T1.Id = T2.RepoId WHERE solution.processedtime = (SELECT MAX(repo.processedtime) FROM Solution)",
        "ba": "The virtual table retrieves the URLs of repositories from the 'repo' table that are associated with solutions having the maximum processed time. It uses an inner join to connect the 'repo' and 'solution' tables based on their respective IDs, ensuring that only the relevant repository URLs are selected for the most recently processed solution.",
        "gold_complexity": 11,
        "gold_sql": "SELECT T1.Url FROM Repo AS T1 INNER JOIN Solution AS T2 ON T1.Id = T2.RepoId WHERE T2.ProcessedTime = ( SELECT MAX(ProcessedTime) FROM Solution )"
    },
    {
        "sample_id": 567,
        "vt": "SELECT SUBSTRING(SUBSTRING(method.name, INSTR(method.name, '.') + [placeholder-type:numeric]), [placeholder-type:numeric], INSTR(SUBSTRING(method.name, INSTR(method.name, '.') + [placeholder-type:numeric]), '.') - [placeholder-type:numeric]) FROM method WHERE method.nametokenized = '[placeholder-type:string]'",
        "ba": "The virtual table extracts a specific part of the method's name from the 'method' table based on a tokenized name. It uses string manipulation functions to isolate a substring of the method name, starting from the first occurrence of a dot and continuing for a specified length. The placeholders represent the numeric values for substring positions and the tokenized name for filtering.",
        "gold_complexity": 6,
        "gold_sql": "SELECT SUBSTR(SUBSTR(Name, INSTR(Name, '.') + 1), 1, INSTR(SUBSTR(Name, INSTR(Name, '.') + 1), '.') - 1) task FROM Method WHERE NameTokenized = 'online median filter test median window filling'"
    },
    {
        "sample_id": 682,
        "vt": "SELECT repo.url FROM repo INNER JOIN Solution AS T2 ON T1.Id = T2.RepoId WHERE solution.path = '[placeholder-type:string]'",
        "ba": "The virtual table retrieves the URLs of repositories from the 'repo' table that are associated with a specific solution path. It uses an inner join to connect the 'repo' table with the 'solution' table based on the repository ID, ensuring that only the relevant repository URLs for the given solution path are selected.",
        "gold_complexity": 7,
        "gold_sql": "SELECT T1.Url FROM Repo AS T1 INNER JOIN Solution AS T2 ON T1.Id = T2.RepoId WHERE T2.Path = 'joeyrobert_bloomfilterDataTypes.BloomFilter.sln'"
    },
    {
        "sample_id": 630,
        "vt": "SELECT SUM(solution.processedtime) FROM repo INNER JOIN Solution AS T2 ON T1.Id = T2.RepoId WHERE repo.forks = (SELECT MAX(repo.forks) FROM Repo)",
        "ba": "The virtual table calculates the total processed time of solutions from the repository that has the maximum number of forks. It joins the 'repo' table with the 'solution' table to aggregate the processed time for solutions associated with the repository having the highest fork count.",
        "gold_complexity": 10,
        "gold_sql": "SELECT SUM(T2.ProcessedTime) FROM Repo AS T1 INNER JOIN Solution AS T2 ON T1.Id = T2.RepoId WHERE T1.Forks = ( SELECT MAX(Forks) FROM Repo )"
    },
    {
        "sample_id": 688,
        "vt": "SELECT CAST(SUM(solution.processedtime) AS FLOAT) / COUNT(solution.processedtime) FROM repo INNER JOIN Solution AS T2 ON T1.Id = T2.RepoId WHERE repo.stars = [placeholder-type:numeric] AND repo.forks = [placeholder-type:numeric] AND repo.watchers = [placeholder-type:numeric]",
        "ba": "The virtual table calculates the average processed time of solutions from repositories that have a specific number of stars, forks, and watchers. It joins the 'repo' table with the 'solution' table based on the repository ID, and filters the results based on the specified numeric values for stars, forks, and watchers.",
        "gold_complexity": 9,
        "gold_sql": "SELECT CAST(SUM(T2.ProcessedTime) AS REAL) / COUNT(T2.ProcessedTime) FROM Repo AS T1 INNER JOIN Solution AS T2 ON T1.Id = T2.RepoId WHERE T1.Stars = 254 AND T1.Forks = 88 AND T1.Watchers = 254"
    },
    {
        "sample_id": 633,
        "vt": "SELECT DISTINCT method.id FROM solution INNER JOIN Method AS T2 ON T1.Id = T2.SolutionId WHERE solution.repoid = [placeholder-type:numeric] AND method.lang = '[placeholder-type:string]'",
        "ba": "The virtual table retrieves distinct method IDs from the 'method' table that are associated with a specific solution in the 'solution' table. It filters the results based on the repository ID and the programming language of the method.",
        "gold_complexity": 9,
        "gold_sql": "SELECT DISTINCT T2.id FROM Solution AS T1 INNER JOIN Method AS T2 ON T1.Id = T2.SolutionId WHERE T1.RepoId = 1093 AND T2.Lang = 'en'"
    },
    {
        "sample_id": 595,
        "vt": "SELECT COUNT(solution.repoid) FROM repo INNER JOIN Solution AS T2 ON T1.Id = T2.RepoId WHERE repo.processedtime = (SELECT MAX(repo.processedtime) FROM Repo) AND solution.wascompiled = [placeholder-type:numeric]",
        "ba": "The virtual table counts the number of solutions associated with the most recently processed repository, filtering based on whether the solutions require compilation or not. The placeholder in the WHERE clause represents a numeric value indicating the compilation requirement of the solutions.",
        "gold_complexity": 11,
        "gold_sql": "SELECT COUNT(T2.RepoId) FROM Repo AS T1 INNER JOIN Solution AS T2 ON T1.Id = T2.RepoId WHERE T1.ProcessedTime = ( SELECT MAX(ProcessedTime) FROM Repo ) AND T2.WasCompiled = 1"
    },
    {
        "sample_id": 612,
        "vt": "SELECT solution.path FROM solution INNER JOIN Method AS T2 ON T1.Id = T2.SolutionId WHERE method.name = '[placeholder-type:string]'",
        "ba": "The virtual table describes the paths of solutions from the 'solution' table that are associated with a specific method name. The query uses an INNER JOIN to connect the 'solution' table with the 'method' table based on the solution ID, filtering results to only include those methods that match the specified name.",
        "gold_complexity": 7,
        "gold_sql": "SELECT T1.Path FROM Solution AS T1 INNER JOIN Method AS T2 ON T1.Id = T2.SolutionId WHERE T2.Name = 'ExportToRTF.RTFStyleSheet.H6Write'"
    },
    {
        "sample_id": 614,
        "vt": "SELECT repo.url FROM repo INNER JOIN Solution AS T2 ON T1.Id = T2.RepoId GROUP BY solution.repoid ORDER BY COUNT(solution.repoid) LIMIT [placeholder-type:numeric]",
        "ba": "The virtual table retrieves the URLs of repositories from the 'repo' table, joining it with the 'solution' table to associate each repository with its solutions. The results are grouped by the repository ID and ordered by the count of solutions associated with each repository, limiting the output to a specified number of results.",
        "gold_complexity": 10,
        "gold_sql": "SELECT T1.Url FROM Repo AS T1 INNER JOIN Solution AS T2 ON T1.Id = T2.RepoId GROUP BY T2.RepoId ORDER BY COUNT(T2.RepoId) DESC LIMIT 1"
    },
    {
        "sample_id": 650,
        "vt": "SELECT CAST(SUM(CASE WHEN repo.stars > [placeholder-type:numeric] THEN [placeholder-type:numeric] ELSE [placeholder-type:numeric] END) AS FLOAT) * [placeholder-type:numeric] / COUNT(repo.stars) FROM repo",
        "ba": "The virtual table calculates a weighted average of the stars received by repositories from the 'repo' table. It uses a conditional sum to differentiate between repositories with stars greater than a specified threshold and those that do not, applying a multiplier to the result. The final output is normalized by the count of stars, allowing users to understand the average star rating based on their criteria.",
        "gold_complexity": 4,
        "gold_sql": "SELECT CAST(SUM(CASE WHEN Stars > 2000 THEN 1 ELSE 0 END) AS REAL) * 100 / COUNT(Stars) FROM Repo"
    },
    {
        "sample_id": 626,
        "vt": "SELECT CAST(SUM(CASE WHEN solution.id = [placeholder-type:numeric] THEN repo.stars ELSE [placeholder-type:numeric] END) - SUM(CASE WHEN solution.id = [placeholder-type:numeric] THEN repo.stars ELSE [placeholder-type:numeric] END) AS FLOAT) * [placeholder-type:numeric] / SUM(CASE WHEN solution.id = [placeholder-type:numeric] THEN repo.stars ELSE [placeholder-type:numeric] END) FROM repo INNER JOIN Solution AS T2 ON T1.Id = T2.RepoId",
        "ba": "The virtual table calculates a weighted difference in stars for repositories associated with a specific solution. It sums the stars of repositories linked to a given solution ID and applies a formula to compute a float value based on the total stars and a specified multiplier. The placeholders represent the solution ID and numeric values for calculations.",
        "gold_complexity": 6,
        "gold_sql": "SELECT CAST(SUM(CASE WHEN T2.Id = 51424 THEN T1.Stars ELSE 0 END) - SUM(CASE WHEN T2.Id = 167053 THEN T1.Stars ELSE 0 END) AS REAL) * 100 / SUM(CASE WHEN T2.Id = 167053 THEN T1.Stars ELSE 0 END) FROM Repo AS T1 INNER JOIN Solution AS T2 ON T1.Id = T2.RepoId"
    },
    {
        "sample_id": 680,
        "vt": "SELECT COUNT(method.commentisxml) FROM repo INNER JOIN Solution AS T2 ON T1.Id = T2.RepoId INNER JOIN Method AS T3 ON T2.Id = T3.SolutionId WHERE repo.url = '[placeholder-type:string]' AND method.commentisxml = [placeholder-type:numeric]",
        "ba": "The virtual table counts the number of methods from the 'method' table that have comments in XML format or not, based on a specific repository URL from the 'repo' table. It joins the 'repo', 'solution', and 'method' tables to filter the results accordingly.",
        "gold_complexity": 9,
        "gold_sql": "SELECT COUNT(T3.CommentIsXml) FROM Repo AS T1 INNER JOIN Solution AS T2 ON T1.Id = T2.RepoId INNER JOIN Method AS T3 ON T2.Id = T3.SolutionId WHERE T1.Url = 'https://github.com/dogeth/vss2git.git' AND T3.CommentIsXml = 1"
    },
    {
        "sample_id": 599,
        "vt": "SELECT COUNT(solution.repoid) FROM repo INNER JOIN Solution AS T2 ON T1.Id = T2.RepoId WHERE solution.processedtime < [placeholder-type:numeric] AND repo.stars > [placeholder-type:numeric]",
        "ba": "The virtual table counts the number of solutions associated with repositories that have been processed within a specified time and have received a certain number of stars. The placeholders represent the maximum processed time for the solutions and the minimum number of stars for the repositories.",
        "gold_complexity": 9,
        "gold_sql": "SELECT COUNT(T2.RepoId) FROM Repo AS T1 INNER JOIN Solution AS T2 ON T1.Id = T2.RepoId WHERE T2.ProcessedTime < 636439500080712000 AND T1.Stars > 200"
    },
    {
        "sample_id": 634,
        "vt": "SELECT DISTINCT solution.path FROM repo INNER JOIN Solution AS T2 ON T1.Id = T2.RepoId WHERE repo.url = '[placeholder-type:string]'",
        "ba": "The virtual table retrieves distinct paths of solutions from the 'solution' table that are associated with a specific repository identified by its URL in the 'repo' table. The placeholder in the WHERE clause represents the repository's URL.",
        "gold_complexity": 8,
        "gold_sql": "SELECT DISTINCT T2.Path FROM Repo AS T1 INNER JOIN Solution AS T2 ON T1.Id = T2.RepoId WHERE T1.Url = 'https://github.com/ecoffey/Bebop.git'"
    },
    {
        "sample_id": 620,
        "vt": "SELECT DISTINCT solution.processedtime FROM solution INNER JOIN Method AS T2 ON T1.Id = T2.SolutionId WHERE method.nametokenized = '[placeholder-type:string]'",
        "ba": "The virtual table retrieves distinct processed times of solutions from the 'solution' table that are associated with methods having a specific tokenized name. The query uses an inner join to connect the 'solution' table with the 'method' table based on the solution ID, ensuring that only relevant solutions are considered. The placeholder in the WHERE clause represents the tokenized name of the method being queried.",
        "gold_complexity": 8,
        "gold_sql": "SELECT DISTINCT T1.ProcessedTime FROM Solution AS T1 INNER JOIN Method AS T2 ON T1.Id = T2.SolutionId WHERE T2.NameTokenized = 't jadwal entity get single mpic'"
    },
    {
        "sample_id": 587,
        "vt": "SELECT SUBSTRING(SUBSTRING(method.name, INSTR(method.name, '.') + [placeholder-type:numeric]), [placeholder-type:numeric], INSTR(SUBSTRING(method.name, INSTR(method.name, '.') + [placeholder-type:numeric]), '.') - [placeholder-type:numeric]) FROM method WHERE method.nametokenized = '[placeholder-type:string]'",
        "ba": "The virtual table extracts a specific part of the method name from the 'method' table based on a tokenized name. It uses string manipulation functions to isolate a substring of the method name, starting from the first occurrence of a dot and continuing for a specified length. The placeholders represent the numeric values for substring positions and the tokenized name for filtering.",
        "gold_complexity": 6,
        "gold_sql": "SELECT SUBSTR(SUBSTR(Name, INSTR(Name, '.') + 1), 1, INSTR(SUBSTR(Name, INSTR(Name, '.') + 1), '.') - 1) task FROM Method WHERE NameTokenized = 'html parser feed'"
    },
    {
        "sample_id": 663,
        "vt": "SELECT SUBSTRING(SUBSTRING(method.name, INSTR(method.name, '.') + [placeholder-type:numeric]), [placeholder-type:numeric], INSTR(SUBSTRING(method.name, INSTR(method.name, '.') + [placeholder-type:numeric]), '.') - [placeholder-type:numeric]) FROM method WHERE method.id = [placeholder-type:numeric]",
        "ba": "The virtual table extracts a specific part of the method's name from the 'method' table based on its unique identifier. It uses string manipulation functions to isolate a substring that follows a certain pattern, indicated by numeric placeholders for flexibility in specifying the starting position and length of the substring.",
        "gold_complexity": 6,
        "gold_sql": "SELECT SUBSTR(SUBSTR(Name, INSTR(Name, '.') + 1), 1, INSTR(SUBSTR(Name, INSTR(Name, '.') + 1), '.') - 1) task FROM Method WHERE Id = 2"
    },
    {
        "sample_id": 652,
        "vt": "SELECT repo.id FROM repo WHERE repo.stars = [placeholder-type:numeric] AND repo.forks = (SELECT MAX(repo.forks) FROM Repo WHERE Stars = 21)",
        "ba": "The virtual table retrieves the unique identifiers of repositories from the 'repo' table that have a specific number of stars and the maximum number of forks among those repositories with the same star count. The placeholder in the WHERE clause represents the number of stars to filter the repositories.",
        "gold_complexity": 10,
        "gold_sql": "SELECT Id FROM Repo WHERE Stars = 21 AND Forks = ( SELECT MAX(Forks) FROM Repo WHERE Stars = 21 )"
    },
    {
        "sample_id": 643,
        "vt": "SELECT solution.path FROM solution INNER JOIN Method AS T2 ON T1.Id = T2.SolutionId WHERE method.name = '[placeholder-type:string]'",
        "ba": "The virtual table describes the paths of solutions from the 'solution' table that are associated with a specific method name. The query uses an INNER JOIN to connect the 'solution' table with the 'method' table based on the solution ID, filtering results to only include those methods that match the specified name.",
        "gold_complexity": 7,
        "gold_sql": "SELECT T1.Path FROM Solution AS T1 INNER JOIN Method AS T2 ON T1.Id = T2.SolutionId WHERE T2.Name = 'HtmlSharp.HtmlParser.Feed'"
    },
    {
        "sample_id": 676,
        "vt": "SELECT COUNT(DISTINCT T2.Path) FROM repo INNER JOIN Solution AS T2 ON T1.Id = T2.RepoId WHERE repo.url = '[placeholder-type:string]'",
        "ba": "The virtual table counts the distinct paths of solutions associated with a specific repository URL from the 'repo' table. It joins the 'repo' table with the 'solution' table based on the repository ID, filtering for a particular repository URL using a placeholder.",
        "gold_complexity": 8,
        "gold_sql": "SELECT COUNT(DISTINCT T2.Path) FROM Repo AS T1 INNER JOIN Solution AS T2 ON T1.Id = T2.RepoId WHERE T1.Url = 'https://github.com/jeffdik/tachy.git'"
    },
    {
        "sample_id": 638,
        "vt": "SELECT solution.id FROM repo INNER JOIN Solution AS T2 ON T1.Id = T2.RepoId WHERE repo.processedtime = [placeholder-type:numeric]",
        "ba": "The virtual table retrieves the unique identifiers of solutions from the 'solution' table that are associated with repositories in the 'repo' table, filtered by the processed time of the repository. The placeholder in the WHERE clause represents the specific processed time value to filter the results.",
        "gold_complexity": 7,
        "gold_sql": "SELECT T2.Id FROM Repo AS T1 INNER JOIN Solution AS T2 ON T1.Id = T2.RepoId WHERE T1.ProcessedTime = 636430969128176000"
    },
    {
        "sample_id": 648,
        "vt": "SELECT CAST(SUM(CASE WHEN solution.wascompiled = [placeholder-type:numeric] THEN [placeholder-type:numeric] ELSE [placeholder-type:numeric] END) AS FLOAT) * [placeholder-type:numeric] / COUNT(method.solutionid) FROM solution INNER JOIN Method AS T2 ON T1.Id = T2.SolutionId WHERE method.commentisxml = [placeholder-type:numeric]",
        "ba": "The virtual table calculates a weighted average based on the compilation requirement of solutions associated with methods that have XML comments. It sums up the values based on whether the solution needs to be compiled or not, and then divides this sum by the count of solutions linked to the methods, applying a scaling factor.",
        "gold_complexity": 8,
        "gold_sql": "SELECT CAST(SUM(CASE WHEN T1.WasCompiled = 0 THEN 1 ELSE 0 END) AS REAL) * 100 / COUNT(T2.SolutionId) FROM Solution AS T1 INNER JOIN Method AS T2 ON T1.Id = T2.SolutionId WHERE T2.CommentIsXml = 1"
    },
    {
        "sample_id": 580,
        "vt": "SELECT CAST(SUM(solution.processedtime) AS FLOAT) / COUNT(solution.repoid) FROM repo INNER JOIN Solution AS T2 ON T1.Id = T2.RepoId WHERE repo.url = '[placeholder-type:string]'",
        "ba": "The virtual table calculates the average processed time of solutions associated with a specific repository URL. It does this by summing the processed time of all solutions linked to the repository and dividing it by the count of those solutions. The placeholder in the WHERE clause represents the repository's URL.",
        "gold_complexity": 8,
        "gold_sql": "SELECT CAST(SUM(T2.ProcessedTime) AS REAL) / COUNT(T2.RepoId) FROM Repo AS T1 INNER JOIN Solution AS T2 ON T1.Id = T2.RepoId WHERE T1.Url = 'https://github.com/zphingphong/DiscardCustomerApp.git'"
    },
    {
        "sample_id": 681,
        "vt": "SELECT DISTINCT solution.path FROM solution INNER JOIN Method AS T2 ON T1.Id = T2.SolutionId WHERE method.sampledat = [placeholder-type:numeric] LIMIT [placeholder-type:numeric]",
        "ba": "The virtual table retrieves distinct paths of solutions from the 'solution' table that are associated with methods sampled at a specific time. The query joins the 'solution' table with the 'method' table using the solution ID to filter results based on the sampling date, and it limits the number of results returned.",
        "gold_complexity": 9,
        "gold_sql": "SELECT DISTINCT T1.Path FROM Solution AS T1 INNER JOIN Method AS T2 ON T1.Id = T2.SolutionId WHERE T2.SampledAt = 636431758961741000 LIMIT 5"
    },
    {
        "sample_id": 685,
        "vt": "SELECT repo.url FROM repo INNER JOIN Solution AS T2 ON T1.Id = T2.RepoId INNER JOIN Method AS T3 ON T2.Id = T3.SolutionId WHERE method.summary = '[placeholder-type:string]'",
        "ba": "The virtual table retrieves the URLs of repositories from the 'repo' table that are associated with solutions in the 'solution' table, which in turn are linked to methods in the 'method' table. The query filters the results based on a specific summary of the method, represented by a placeholder for string values.",
        "gold_complexity": 8,
        "gold_sql": "SELECT T1.Url FROM Repo AS T1 INNER JOIN Solution AS T2 ON T1.Id = T2.RepoId INNER JOIN Method AS T3 ON T2.Id = T3.SolutionId WHERE T3.Summary = 'A test for Decompose'"
    },
    {
        "sample_id": 616,
        "vt": "SELECT solution.path FROM solution INNER JOIN Method AS T2 ON T1.Id = T2.SolutionId WHERE method.lang = '[placeholder-type:string]' GROUP BY solution.path ORDER BY COUNT(solution.path) LIMIT [placeholder-type:numeric]",
        "ba": "The virtual table retrieves the paths of solutions from the 'solution' table that are associated with methods in a specific programming language. It joins the 'solution' table with the 'method' table based on the solution ID, filters the results by the specified language, groups the results by solution path, and orders them by the count of occurrences, limiting the output to a specified number of results.",
        "gold_complexity": 12,
        "gold_sql": "SELECT T1.Path FROM Solution AS T1 INNER JOIN Method AS T2 ON T1.Id = T2.SolutionId WHERE T2.Lang = 'zh-cn' GROUP BY T1.Path ORDER BY COUNT(T1.Path) DESC LIMIT 1"
    },
    {
        "sample_id": 655,
        "vt": "SELECT solution.id FROM repo INNER JOIN Solution AS T2 ON T1.Id = T2.RepoId WHERE repo.forks = [placeholder-type:numeric]",
        "ba": "The virtual table retrieves the unique identifiers of solutions from the 'solution' table that are associated with repositories having a specific number of forks. The query uses an INNER JOIN to connect the 'repo' and 'solution' tables based on the repository ID, filtering the results based on the number of forks in the 'repo' table.",
        "gold_complexity": 7,
        "gold_sql": "SELECT T2.Id FROM Repo AS T1 INNER JOIN Solution AS T2 ON T1.Id = T2.RepoId WHERE T1.Forks = 238"
    },
    {
        "sample_id": 576,
        "vt": "SELECT DISTINCT method.nametokenized FROM solution INNER JOIN Method AS T2 ON T1.Id = T2.SolutionId WHERE solution.path = '[placeholder-type:string]'",
        "ba": "The virtual table describes the distinct tokenized names of methods from the 'method' table that are associated with a specific solution path in the 'solution' table. The placeholder in the WHERE clause represents the path of the solution being queried.",
        "gold_complexity": 8,
        "gold_sql": "SELECT DISTINCT T2.NameTokenized FROM Solution AS T1 INNER JOIN Method AS T2 ON T1.Id = T2.SolutionId WHERE T1.Path = 'maravillas_linq-to-delicious'"
    },
    {
        "sample_id": 658,
        "vt": "SELECT solution.path FROM solution INNER JOIN Method AS T2 ON T1.Id = T2.SolutionId WHERE method.fullcomment = '[placeholder-type:string]'",
        "ba": "The virtual table describes the paths of solutions from the 'solution' table that are associated with methods having a specific full comment. The query uses an INNER JOIN to connect the 'solution' table with the 'method' table based on the solution ID, filtering results based on the full comment of the method.",
        "gold_complexity": 7,
        "gold_sql": "SELECT T1.Path FROM Solution AS T1 INNER JOIN Method AS T2 ON T1.Id = T2.SolutionId WHERE T2.FullComment = 'Feeds data into the parser'"
    },
    {
        "sample_id": 673,
        "vt": "SELECT CASE WHEN method.commentisxml = [placeholder-type:numeric] THEN '[placeholder-type:string]' WHEN method.commentisxml = [placeholder-type:numeric] THEN '[placeholder-type:string]' END FROM solution INNER JOIN Method AS T2 ON T1.Id = T2.SolutionId WHERE method.id = [placeholder-type:numeric] AND solution.path = '[placeholder-type:string]'",
        "ba": "The virtual table provides a conditional selection of comments based on whether the comment format is XML or not from the 'method' table, while also joining with the 'solution' table to filter results based on a specific method ID and solution path. The placeholders represent the numeric values for the comment format and method ID, as well as string values for the comments and solution path.",
        "gold_complexity": 8,
        "gold_sql": "SELECT CASE WHEN T2.CommentIsXml = 0 THEN 'isNotXMLFormat' WHEN T2.CommentIsXml = 1 THEN 'isXMLFormat' END format FROM Solution AS T1 INNER JOIN Method AS T2 ON T1.Id = T2.SolutionId WHERE T2.Id = 50 AND T1.Path = 'managedfusion_managedfusionManagedFusion.sln'"
    },
    {
        "sample_id": 586,
        "vt": "SELECT method.lang FROM solution INNER JOIN Method AS T2 ON T1.Id = T2.SolutionId WHERE solution.path = '[placeholder-type:string]'",
        "ba": "The virtual table retrieves the programming language used in methods associated with a specific solution path from the 'solution' and 'method' tables. It uses an INNER JOIN to connect the two tables based on the solution ID, ensuring that only relevant methods for the given solution path are selected.",
        "gold_complexity": 7,
        "gold_sql": "SELECT T2.Lang FROM Solution AS T1 INNER JOIN Method AS T2 ON T1.Id = T2.SolutionId WHERE T1.Path = 'opendns_diagnosticappwindowsOpenDnsDiagnostic.sln'"
    },
    {
        "sample_id": 597,
        "vt": "SELECT repo.url FROM repo INNER JOIN Solution AS T2 ON T1.Id = T2.RepoId WHERE solution.id = [placeholder-type:numeric]",
        "ba": "The virtual table retrieves the URLs of repositories from the 'repo' table that are associated with a specific solution identified by its ID. The query uses an INNER JOIN to connect the 'repo' table with the 'solution' table based on the repository ID, ensuring that only the relevant repository URLs for the specified solution are returned.",
        "gold_complexity": 7,
        "gold_sql": "SELECT T1.Url FROM Repo AS T1 INNER JOIN Solution AS T2 ON T1.Id = T2.RepoId WHERE T2.Id = 9"
    },
    {
        "sample_id": 571,
        "vt": "SELECT repo.url, repo.stars FROM repo WHERE repo.stars = (SELECT MAX(repo.stars) FROM Repo)",
        "ba": "The virtual table provides the URL and star count of the repository with the highest number of stars from the 'repo' table. The subquery identifies the maximum star count among all repositories, and the main query retrieves the corresponding URL and star count for that repository.",
        "gold_complexity": 10,
        "gold_sql": "SELECT Url, Stars FROM Repo WHERE Stars = ( SELECT MAX(Stars) FROM Repo )"
    },
    {
        "sample_id": 660,
        "vt": "SELECT CAST(SUM(CASE WHEN solution.wascompiled = [placeholder-type:numeric] THEN [placeholder-type:numeric] ELSE [placeholder-type:numeric] END) AS FLOAT) * [placeholder-type:numeric] / COUNT(method.lang) FROM solution INNER JOIN Method AS T2 ON T1.Id = T2.SolutionId WHERE method.lang = '[placeholder-type:string]'",
        "ba": "The virtual table calculates a weighted average based on the compilation requirement of solutions associated with methods in a specific programming language. It sums up the values based on whether the solution needs to be compiled or not, and then divides this sum by the count of methods in that language. The placeholders represent the conditions and values that can be modified to generate specific queries.",
        "gold_complexity": 8,
        "gold_sql": "SELECT CAST(SUM(CASE WHEN T1.WasCompiled = 0 THEN 1 ELSE 0 END) AS REAL) * 100 / COUNT(Lang) FROM Solution AS T1 INNER JOIN Method AS T2 ON T1.Id = T2.SolutionId WHERE T2.Lang = 'en'"
    },
    {
        "sample_id": 598,
        "vt": "SELECT solution.path FROM repo INNER JOIN Solution AS T2 ON T1.Id = T2.RepoId WHERE repo.url = '[placeholder-type:string]'",
        "ba": "The virtual table describes the paths of solutions from the 'solution' table that are associated with a specific repository in the 'repo' table. The placeholder in the WHERE clause represents the URL of the repository.",
        "gold_complexity": 7,
        "gold_sql": "SELECT T2.Path FROM Repo AS T1 INNER JOIN Solution AS T2 ON T1.Id = T2.RepoId WHERE T1.Url = 'https://github.com/maxild/playground.git'"
    },
    {
        "sample_id": 679,
        "vt": "SELECT DISTINCT solution.path FROM solution INNER JOIN Method AS T2 ON T1.Id = T2.SolutionId WHERE method.nametokenized = '[placeholder-type:string]'",
        "ba": "The virtual table retrieves distinct paths of solutions from the 'solution' table that are associated with methods having a specific tokenized name. The query uses an inner join to connect the 'solution' table with the 'method' table based on the solution ID, ensuring that only relevant solutions are selected based on the provided tokenized name.",
        "gold_complexity": 8,
        "gold_sql": "SELECT DISTINCT T1.Path FROM Solution AS T1 INNER JOIN Method AS T2 ON T1.Id = T2.SolutionId WHERE T2.NameTokenized = 'matrix multiply'"
    },
    {
        "sample_id": 670,
        "vt": "SELECT COUNT(method.solutionid) FROM solution INNER JOIN Method AS T2 ON T1.Id = T2.SolutionId WHERE method.nametokenized LIKE '[placeholder-type:string]'",
        "ba": "The virtual table counts the number of solutions associated with methods that have a specific tokenized name. It joins the 'solution' table with the 'method' table based on the solution ID, filtering for methods whose tokenized name matches a given pattern.",
        "gold_complexity": 7,
        "gold_sql": "SELECT COUNT(T2.SolutionId) FROM Solution AS T1 INNER JOIN Method AS T2 ON T1.Id = T2.SolutionId WHERE T2.NameTokenized LIKE 'query language%'"
    },
    {
        "sample_id": 629,
        "vt": "SELECT COUNT(solution.repoid) FROM repo INNER JOIN Solution AS T2 ON T1.Id = T2.RepoId WHERE repo.url = '[placeholder-type:string]'",
        "ba": "The virtual table counts the number of solutions associated with a specific repository identified by its URL. It joins the 'repo' table with the 'solution' table to link each solution to its corresponding repository, filtering the results based on the provided repository URL.",
        "gold_complexity": 7,
        "gold_sql": "SELECT COUNT(T2.RepoId) FROM Repo AS T1 INNER JOIN Solution AS T2 ON T1.Id = T2.RepoId WHERE T1.Url = 'https://github.com/derickbailey/presentations-and-training.git'"
    },
    {
        "sample_id": 621,
        "vt": "SELECT DISTINCT solution.repoid FROM solution INNER JOIN Method AS T2 ON T1.Id = T2.SolutionId WHERE method.name = '[placeholder-type:string]'",
        "ba": "The virtual table retrieves distinct repository IDs from the 'solution' table that are associated with methods having a specific name. It uses an inner join to connect the 'solution' table with the 'method' table based on the solution ID, ensuring that only relevant solutions linked to the specified method name are considered.",
        "gold_complexity": 8,
        "gold_sql": "SELECT DISTINCT T1.RepoId FROM Solution AS T1 INNER JOIN Method AS T2 ON T1.Id = T2.SolutionId WHERE T2.Name = 'Kalibrasi.Data.EntityClasses.THistoryJadwalEntity.GetSingleTjadwal'"
    },
    {
        "sample_id": 566,
        "vt": "SELECT COUNT(method.lang) FROM method WHERE method.lang = '[placeholder-type:string]' AND method.commentisxml = [placeholder-type:numeric]",
        "ba": "The virtual table counts the number of methods from the 'method' table that are written in a specific programming language and have comments in a specified format (either XML or not). The placeholders represent the language code and the XML format status.",
        "gold_complexity": 7,
        "gold_sql": "SELECT COUNT(Lang) FROM Method WHERE Lang = 'en' AND CommentIsXml = 1"
    },
    {
        "sample_id": 672,
        "vt": "SELECT COUNT(method.solutionid) FROM solution INNER JOIN Method AS T2 ON T1.Id = T2.SolutionId WHERE solution.repoid = [placeholder-type:numeric] AND method.fullcomment IS NULL AND method.summary IS NULL",
        "ba": "The virtual table counts the number of methods associated with a specific solution in the 'solution' table, where the solution is identified by its repository ID. It filters the methods to include only those that do not have a full comment or summary.",
        "gold_complexity": 10,
        "gold_sql": "SELECT COUNT(T2.SolutionId) FROM Solution AS T1 INNER JOIN Method AS T2 ON T1.Id = T2.SolutionId WHERE T1.RepoId = 150 AND T2.FullComment IS NULL AND T2.Summary IS NULL"
    },
    {
        "sample_id": 606,
        "vt": "SELECT method.nametokenized FROM method WHERE method.name = '[placeholder-type:string]'",
        "ba": "The virtual table describes the tokenized name of a method from the 'method' table based on a specific method name. The placeholder in the WHERE clause represents the name of the method being queried.",
        "gold_complexity": 6,
        "gold_sql": "SELECT NameTokenized FROM Method WHERE Name = 'Supay.Irc.Messages.KnockMessage.GetTokens'"
    },
    {
        "sample_id": 656,
        "vt": "SELECT method.nametokenized FROM solution INNER JOIN Method AS T2 ON T1.Id = T2.SolutionId WHERE method.lang = '[placeholder-type:string]' AND solution.wascompiled = [placeholder-type:numeric]",
        "ba": "The virtual table describes the tokenized names of methods from the 'method' table that are associated with solutions in the 'solution' table. It filters the results based on the specified programming language and whether the solution requires compilation, using placeholders for these criteria.",
        "gold_complexity": 8,
        "gold_sql": "SELECT NameTokenized FROM Solution AS T1 INNER JOIN Method AS T2 ON T1.Id = T2.SolutionId WHERE Lang = 'en' AND WasCompiled = 0"
    },
    {
        "sample_id": 678,
        "vt": "SELECT repo.url FROM repo INNER JOIN Solution AS T2 ON T1.Id = T2.RepoId WHERE solution.wascompiled = [placeholder-type:numeric] LIMIT [placeholder-type:numeric]",
        "ba": "The virtual table retrieves the URLs of repositories from the 'repo' table that are associated with solutions from the 'solution' table. It filters the results based on whether the solution requires compilation, using a placeholder for numeric values to indicate this requirement. Additionally, it limits the number of results returned, allowing for a controlled output of repository URLs.",
        "gold_complexity": 8,
        "gold_sql": "SELECT T1.Url FROM Repo AS T1 INNER JOIN Solution AS T2 ON T1.Id = T2.RepoId WHERE T2.WasCompiled = 1 LIMIT 5"
    },
    {
        "sample_id": 585,
        "vt": "SELECT method.sampledat FROM solution INNER JOIN Method AS T2 ON T1.Id = T2.SolutionId WHERE solution.path = '[placeholder-type:string]' AND method.name = '[placeholder-type:string]'",
        "ba": "The virtual table retrieves the sampling time of methods from the 'method' table that are associated with a specific solution in the 'solution' table. It uses an INNER JOIN to connect the two tables based on the solution ID, and filters the results based on the path of the solution and the name of the method, both represented by placeholders.",
        "gold_complexity": 8,
        "gold_sql": "SELECT T2.SampledAt FROM Solution AS T1 INNER JOIN Method AS T2 ON T1.Id = T2.SolutionId WHERE T1.Path = 'maxild_playgroundPlayground.sln' AND T2.Name = 'GitHubRepo.Cli.GitHubClientWrapper.GetReleases'"
    },
    {
        "sample_id": 689,
        "vt": "SELECT COUNT(DISTINCT T3.Lang) FROM repo INNER JOIN Solution AS T2 ON T1.Id = T2.RepoId INNER JOIN Method AS T3 ON T2.Id = T3.SolutionId WHERE repo.url = '[placeholder-type:string]'",
        "ba": "The virtual table counts the distinct programming languages used in methods associated with a specific repository. It joins the 'repo', 'solution', and 'method' tables to filter the results based on the repository's URL, which is provided as a placeholder.",
        "gold_complexity": 9,
        "gold_sql": "SELECT COUNT(DISTINCT T3.Lang) FROM Repo AS T1 INNER JOIN Solution AS T2 ON T1.Id = T2.RepoId INNER JOIN Method AS T3 ON T2.Id = T3.SolutionId WHERE T1.Url = 'https://github.com/managedfusion/managedfusion.git'"
    },
    {
        "sample_id": 647,
        "vt": "SELECT COUNT(method.solutionid), CASE WHEN solution.wascompiled = [placeholder-type:numeric] THEN '[placeholder-type:string]' ELSE '[placeholder-type:string]' END FROM solution INNER JOIN Method AS T2 ON T1.Id = T2.SolutionId WHERE method.solutionid = [placeholder-type:numeric]",
        "ba": "The virtual table provides a count of methods associated with a specific solution, indicating whether the solution requires compilation or not. The placeholders represent the solution ID and the compilation status.",
        "gold_complexity": 9,
        "gold_sql": "SELECT COUNT(T2.SolutionId) , CASE WHEN T1.WasCompiled = 0 THEN 'Needs' ELSE 'NoNeeds' END needToCompile FROM Solution AS T1 INNER JOIN Method AS T2 ON T1.Id = T2.SolutionId WHERE T2.SolutionId = 1"
    },
    {
        "sample_id": 684,
        "vt": "SELECT DISTINCT method.nametokenized FROM solution INNER JOIN Method AS T2 ON T1.Id = T2.SolutionId WHERE solution.path = '[placeholder-type:string]'",
        "ba": "The virtual table provides a distinct list of tokenized names of methods from the 'method' table that are associated with a specific solution path in the 'solution' table. The placeholder in the WHERE clause represents the path of the solution being queried.",
        "gold_complexity": 8,
        "gold_sql": "SELECT DISTINCT T2.NameTokenized FROM Solution AS T1 INNER JOIN Method AS T2 ON T1.Id = T2.SolutionId WHERE T1.Path = 'jurney_P4BackupP4BackupP4Backup.sln'"
    },
    {
        "sample_id": 636,
        "vt": "SELECT solution.repoid FROM solution INNER JOIN Method AS T2 ON T1.Id = T2.SolutionId WHERE method.nametokenized = '[placeholder-type:string]'",
        "ba": "The virtual table retrieves the repository ID associated with solutions that are linked to methods with a specific tokenized name. It joins the 'solution' table with the 'method' table based on the solution ID, filtering for methods that match the provided tokenized name.",
        "gold_complexity": 7,
        "gold_sql": "SELECT T1.RepoId FROM Solution AS T1 INNER JOIN Method AS T2 ON T1.Id = T2.SolutionId WHERE T2.NameTokenized = 'crc parameters get hash code'"
    },
    {
        "sample_id": 568,
        "vt": "SELECT DISTINCT method.sampledat, method.solutionid FROM method WHERE method.sampledat = (SELECT MAX(method.sampledat) FROM Method)",
        "ba": "The virtual table provides a distinct list of sample dates and solution IDs from the 'method' table, specifically focusing on the most recent sample date available. The placeholder in the WHERE clause is used to filter the results based on the latest sample date.",
        "gold_complexity": 11,
        "gold_sql": "SELECT DISTINCT SampledAt, SolutionId FROM Method WHERE SampledAt = ( SELECT MAX(SampledAt) FROM Method )"
    },
    {
        "sample_id": 628,
        "vt": "SELECT DISTINCT method.name FROM solution INNER JOIN Method AS T2 ON T1.Id = T2.SolutionId WHERE solution.processedtime = [placeholder-type:numeric]",
        "ba": "The virtual table lists distinct method names from the 'method' table that are associated with solutions in the 'solution' table, filtered by the processed time of the solution. The placeholder in the WHERE clause represents the specific processed time value to filter the results.",
        "gold_complexity": 8,
        "gold_sql": "SELECT DISTINCT T2.Name FROM Solution AS T1 INNER JOIN Method AS T2 ON T1.Id = T2.SolutionId WHERE T1.ProcessedTime = 636449700980488000"
    },
    {
        "sample_id": 645,
        "vt": "SELECT solution.id FROM repo INNER JOIN Solution AS T2 ON T1.Id = T2.RepoId WHERE repo.watchers = (SELECT MAX(repo.watchers) FROM Repo)",
        "ba": "The virtual table retrieves the unique identifiers of solutions from the 'solution' table that are associated with the repository having the maximum number of watchers. It uses an inner join between the 'repo' and 'solution' tables to link solutions to their respective repositories, filtering for the repository with the highest watcher count.",
        "gold_complexity": 10,
        "gold_sql": "SELECT T2.Id FROM Repo AS T1 INNER JOIN Solution AS T2 ON T1.Id = T2.RepoId WHERE T1.Watchers = ( SELECT MAX(Watchers) FROM Repo )"
    },
    {
        "sample_id": 591,
        "vt": "SELECT DISTINCT solution.path FROM repo INNER JOIN Solution AS T2 ON T1.Id = T2.RepoId WHERE repo.stars = (SELECT MAX(repo.stars) FROM Repo)",
        "ba": "The virtual table retrieves distinct paths of solutions from the 'solution' table that are associated with the repository having the maximum number of stars in the 'repo' table. The query uses an inner join to connect the 'repo' and 'solution' tables based on the repository ID, ensuring that only solutions from the most popular repository are selected.",
        "gold_complexity": 11,
        "gold_sql": "SELECT DISTINCT T2.Path FROM Repo AS T1 INNER JOIN Solution AS T2 ON T1.Id = T2.RepoId WHERE T1.Stars = ( SELECT MAX(Stars) FROM Repo )"
    },
    {
        "sample_id": 575,
        "vt": "SELECT DISTINCT repo.id, solution.wascompiled FROM repo INNER JOIN Solution AS T2 ON T1.Id = T2.RepoId WHERE repo.processedtime = (SELECT MAX(repo.processedtime) FROM Repo)",
        "ba": "The virtual table provides a distinct list of repository IDs along with their compilation status from the 'repo' and 'solution' tables. It filters the results to include only those repositories that have the maximum processed time, indicating the most recently processed repositories.",
        "gold_complexity": 13,
        "gold_sql": "SELECT DISTINCT T1.id, T2.WasCompiled FROM Repo AS T1 INNER JOIN Solution AS T2 ON T1.Id = T2.RepoId WHERE T1.ProcessedTime = ( SELECT MAX(ProcessedTime) FROM Repo )"
    },
    {
        "sample_id": 646,
        "vt": "SELECT repo.stars FROM repo INNER JOIN Solution AS T2 ON T1.Id = T2.RepoId WHERE solution.id = [placeholder-type:numeric]",
        "ba": "The virtual table retrieves the number of stars for a specific repository associated with a solution. It joins the 'repo' table with the 'solution' table to link the repository information with the solution's details, using a placeholder for the solution's ID.",
        "gold_complexity": 7,
        "gold_sql": "SELECT T1.Stars FROM Repo AS T1 INNER JOIN Solution AS T2 ON T1.Id = T2.RepoId WHERE T2.Id = 20"
    },
    {
        "sample_id": 667,
        "vt": "SELECT solution.path FROM solution INNER JOIN Method AS T2 ON T1.Id = T2.SolutionId WHERE method.id = [placeholder-type:numeric]",
        "ba": "The virtual table describes the paths of solutions from the 'solution' table that are associated with a specific method identified by its ID. The query uses an INNER JOIN to connect the 'solution' table with the 'method' table based on the solution ID, filtering results to only include those methods that match the provided method ID placeholder.",
        "gold_complexity": 7,
        "gold_sql": "SELECT T1.Path FROM Solution AS T1 INNER JOIN Method AS T2 ON T1.Id = T2.SolutionId WHERE T2.Id = 3"
    },
    {
        "sample_id": 619,
        "vt": "SELECT solution.path FROM solution INNER JOIN Method AS T2 ON T1.Id = T2.SolutionId WHERE method.name = '[placeholder-type:string]'",
        "ba": "The virtual table describes the paths of solutions from the 'solution' table that are associated with a specific method name. The query uses an INNER JOIN to connect the 'solution' table with the 'method' table based on the solution ID, filtering results to only include those methods that match the specified name.",
        "gold_complexity": 7,
        "gold_sql": "SELECT T1.Path FROM Solution AS T1 INNER JOIN Method AS T2 ON T1.Id = T2.SolutionId WHERE T2.Name = 'Mosa.Platform.x86.Instructions.IMul.EmitLegacy'"
    },
    {
        "sample_id": 609,
        "vt": "SELECT solution.path FROM solution INNER JOIN Method AS T2 ON T1.Id = T2.SolutionId WHERE method.name = '[placeholder-type:string]'",
        "ba": "The virtual table describes the paths of solutions from the 'solution' table that are associated with a specific method name. The query uses an INNER JOIN to connect the 'solution' table with the 'method' table based on the solution ID, filtering results to only include those methods that match the specified name.",
        "gold_complexity": 7,
        "gold_sql": "SELECT T1.Path FROM Solution AS T1 INNER JOIN Method AS T2 ON T1.Id = T2.SolutionId WHERE T2.Name = 'IQ.Data.DbQueryProvider.CanBeEvaluatedLocally'"
    },
    {
        "sample_id": 627,
        "vt": "SELECT CAST(SUM(CASE WHEN solution.id = [placeholder-type:numeric] THEN repo.forks ELSE [placeholder-type:numeric] END) - SUM(CASE WHEN solution.id = [placeholder-type:numeric] THEN repo.forks ELSE [placeholder-type:numeric] END) AS FLOAT) * [placeholder-type:numeric] / SUM(CASE WHEN solution.id = [placeholder-type:numeric] THEN repo.forks ELSE [placeholder-type:numeric] END) FROM repo INNER JOIN Solution AS T2 ON T1.Id = T2.RepoId",
        "ba": "The virtual table calculates a weighted difference based on the number of forks from repositories associated with a specific solution. It uses conditional aggregation to sum the forks for a given solution ID and applies a mathematical operation to derive a result, which is then scaled by a placeholder value.",
        "gold_complexity": 6,
        "gold_sql": "SELECT CAST(SUM(CASE WHEN T2.Id = 53546 THEN T1.Forks ELSE 0 END) - SUM(CASE WHEN T2.Id = 1502 THEN T1.Forks ELSE 0 END) AS REAL) * 100 / SUM(CASE WHEN T2.Id = 1502 THEN T1.Forks ELSE 0 END) FROM Repo AS T1 INNER JOIN Solution AS T2 ON T1.Id = T2.RepoId"
    },
    {
        "sample_id": 584,
        "vt": "SELECT DISTINCT solution.processedtime, method.lang FROM solution INNER JOIN Method AS T2 ON T1.Id = T2.SolutionId WHERE method.nametokenized = '[placeholder-type:string]'",
        "ba": "The virtual table describes the distinct processed time and language of methods from the 'solution' and 'method' tables. It filters the results based on a specific tokenized name of the method, represented by a placeholder.",
        "gold_complexity": 10,
        "gold_sql": "SELECT DISTINCT T1.ProcessedTime, T2.Lang FROM Solution AS T1 INNER JOIN Method AS T2 ON T1.Id = T2.SolutionId WHERE T2.NameTokenized = 'about box1 dispose'"
    },
    {
        "sample_id": 596,
        "vt": "SELECT DISTINCT solution.processedtime FROM repo INNER JOIN Solution AS T2 ON T1.Id = T2.RepoId WHERE solution.path = '[placeholder-type:string]'",
        "ba": "The virtual table retrieves distinct processed times of solutions from the 'solution' table that are associated with a specific repository in the 'repo' table. The placeholder in the WHERE clause represents the path of the solution being queried.",
        "gold_complexity": 8,
        "gold_sql": "SELECT DISTINCT T2.ProcessedTime FROM Repo AS T1 INNER JOIN Solution AS T2 ON T1.Id = T2.RepoId WHERE T2.Path = 'jeffdik_tachysrcTachy.sln'"
    },
    {
        "sample_id": 601,
        "vt": "SELECT CAST(SUM(solution.processedtime) AS FLOAT) / COUNT(solution.repoid) FROM repo INNER JOIN Solution AS T2 ON T1.Id = T2.RepoId WHERE repo.url = '[placeholder-type:string]'",
        "ba": "The virtual table calculates the average processed time of solutions associated with a specific repository URL. It does this by summing the processed time of all solutions linked to the repository and dividing it by the count of those solutions. The placeholder in the WHERE clause represents the repository's URL.",
        "gold_complexity": 8,
        "gold_sql": "SELECT CAST(SUM(T2.ProcessedTime) AS REAL) / COUNT(T2.RepoId) FROM Repo AS T1 INNER JOIN Solution AS T2 ON T1.Id = T2.RepoId WHERE T1.Url = 'https://github.com/jeffdik/tachy.git'"
    },
    {
        "sample_id": 569,
        "vt": "SELECT repo.forks, repo.url FROM repo WHERE repo.forks = (SELECT MAX(repo.forks) FROM Repo)",
        "ba": "The virtual table displays the URL and the number of forks of the repository that has received the maximum number of forks from the 'repo' table. The subquery identifies the maximum number of forks across all repositories, and the main query retrieves the corresponding repository's URL and fork count.",
        "gold_complexity": 10,
        "gold_sql": "SELECT Forks, Url FROM Repo WHERE Forks = ( SELECT MAX(Forks) FROM Repo )"
    },
    {
        "sample_id": 610,
        "vt": "SELECT solution.processedtime FROM solution INNER JOIN Method AS T2 ON T1.Id = T2.SolutionId WHERE method.nametokenized = '[placeholder-type:string]'",
        "ba": "The virtual table retrieves the processed time of solutions from the 'solution' table that are associated with methods having a specific tokenized name. The query uses an INNER JOIN to connect the 'solution' table with the 'method' table based on the solution ID, ensuring that only relevant solutions are considered. The placeholder in the WHERE clause represents the tokenized name of the method being queried.",
        "gold_complexity": 7,
        "gold_sql": "SELECT T1.ProcessedTime FROM Solution AS T1 INNER JOIN Method AS T2 ON T1.Id = T2.SolutionId WHERE T2.NameTokenized = 'interp parser expr'"
    },
    {
        "sample_id": 637,
        "vt": "SELECT COUNT(method.solutionid) FROM solution INNER JOIN Method AS T2 ON T1.Id = T2.SolutionId WHERE solution.path = '[placeholder-type:string]'",
        "ba": "The virtual table counts the number of methods associated with a specific solution path from the 'solution' table. It joins the 'solution' table with the 'method' table based on the solution ID, filtering for a specific solution path using a placeholder for string values.",
        "gold_complexity": 7,
        "gold_sql": "SELECT COUNT(T2.SolutionId) FROM Solution AS T1 INNER JOIN Method AS T2 ON T1.Id = T2.SolutionId WHERE T1.Path = 'maravillas_linq-to-delicious\\tasty.sln'"
    },
    {
        "sample_id": 654,
        "vt": "SELECT solution.path FROM solution INNER JOIN Method AS T2 ON T1.Id = T2.SolutionId WHERE method.nametokenized = '[placeholder-type:string]'",
        "ba": "The virtual table describes the paths of solutions from the 'solution' table that are associated with methods having a specific tokenized name. The query uses an INNER JOIN to connect the 'solution' table with the 'method' table based on the solution ID, filtering results based on the tokenized name of the method.",
        "gold_complexity": 7,
        "gold_sql": "SELECT T1.Path FROM Solution AS T1 INNER JOIN Method AS T2 ON T1.Id = T2.SolutionId WHERE T2.NameTokenized = 'html parser feed'"
    },
    {
        "sample_id": 631,
        "vt": "SELECT DISTINCT solution.path FROM solution INNER JOIN Method AS T2 ON T1.Id = T2.SolutionId WHERE method.lang = '[placeholder-type:string]'",
        "ba": "The virtual table retrieves distinct paths of solutions from the 'solution' table that are associated with methods in a specific programming language. The placeholder in the WHERE clause represents the language code of the method.",
        "gold_complexity": 8,
        "gold_sql": "SELECT DISTINCT T1.Path FROM Solution AS T1 INNER JOIN Method AS T2 ON T1.Id = T2.SolutionId WHERE T2.Lang = 'it'"
    }
]