[
    {
        "sample_id": 3055,
        "vt": "SELECT chapters.description FROM works RIGHT JOIN chapters AS T2 ON T1.id = T2.work_id WHERE works.title = '[placeholder-type:string]' ORDER BY chapters.scene LIMIT [placeholder-type:numeric]",
        "ba": "The virtual table retrieves the descriptions of chapters from the 'chapters' table that are associated with a specific work title from the 'works' table. The query uses a RIGHT JOIN to ensure that all chapters are included even if there is no matching work title, and it orders the results by scene while limiting the number of results based on a numeric placeholder.",
        "gold_complexity": 10,
        "gold_sql": "SELECT T2.Description FROM works AS T1 RIGHT JOIN chapters AS T2 ON T1.id = T2.work_id WHERE T1.Title = 'Venus and Adonis' ORDER BY T2.Scene DESC LIMIT 1"
    },
    {
        "sample_id": 2987,
        "vt": "SELECT COUNT(works.id) FROM works WHERE works.genretype = '[placeholder-type:string]'",
        "ba": "The virtual table counts the number of works from the 'works' table that belong to a specific genre type. The placeholder in the WHERE clause represents the genre type being queried.",
        "gold_complexity": 6,
        "gold_sql": "SELECT COUNT(id) FROM works WHERE GenreType = 'Poem'"
    },
    {
        "sample_id": 2969,
        "vt": "SELECT MIN(works.date) FROM works WHERE works.genretype = '[placeholder-type:string]'",
        "ba": "The virtual table retrieves the earliest date of works from the 'works' table that belong to a specific genre type. The placeholder in the WHERE clause represents the genre type of the work.",
        "gold_complexity": 6,
        "gold_sql": "SELECT MIN(Date) FROM works WHERE GenreType = 'Poem'"
    },
    {
        "sample_id": 3062,
        "vt": "SELECT CAST(SUM(CASE WHEN characters.charname = '[placeholder-type:string]' THEN [placeholder-type:numeric] ELSE [placeholder-type:numeric] END) AS FLOAT) * [placeholder-type:numeric] / COUNT(works.id) FROM works INNER JOIN chapters AS T2 ON T1.id = T2.work_id INNER JOIN paragraphs AS T3 ON T2.id = T3.chapter_id INNER JOIN characters AS T4 ON T3.character_id = T4.id WHERE works.genretype = '[placeholder-type:string]'",
        "ba": "The virtual table calculates a weighted average based on the number of characters in a specific genre of works. It sums up a conditional value based on whether the character's name matches a specified placeholder, and then multiplies this sum by another placeholder value. Finally, it divides this result by the count of works in the specified genre.",
        "gold_complexity": 10,
        "gold_sql": "SELECT CAST(SUM(IIF(T4.CharName = 'antonio', 1, 0)) AS REAL) * 100 / COUNT(T1.id) FROM works AS T1 INNER JOIN chapters AS T2 ON T1.id = T2.work_id INNER JOIN paragraphs AS T3 ON T2.id = T3.chapter_id INNER JOIN characters AS T4 ON T3.character_id = T4.id WHERE T1.GenreType = 'Comedy'"
    },
    {
        "sample_id": 3042,
        "vt": "SELECT characters.charname FROM characters INNER JOIN paragraphs AS T2 ON T1.id = T2.character_id WHERE paragraphs.chapter_id = [placeholder-type:numeric] LIMIT [placeholder-type:numeric]",
        "ba": "The virtual table retrieves the names of characters from the 'characters' table that are mentioned in a specific chapter identified by its ID. The query joins the 'characters' table with the 'paragraphs' table to find the relevant character names associated with the specified chapter. The placeholders allow for dynamic input of the chapter ID and a limit on the number of results returned.",
        "gold_complexity": 8,
        "gold_sql": "SELECT T1.CharName FROM characters AS T1 INNER JOIN paragraphs AS T2 ON T1.id = T2.character_id WHERE T2.chapter_id = 18708 LIMIT 2"
    },
    {
        "sample_id": 3043,
        "vt": "SELECT COUNT(chapters.act) FROM chapters LEFT JOIN works AS T2 ON T1.work_id = T2.id WHERE works.genretype = '[placeholder-type:string]' AND works.title = '[placeholder-type:string]'",
        "ba": "The virtual table counts the number of acts in the 'chapters' table that are associated with works of a specific genre and title. The placeholders in the WHERE clause represent the genre type and title of the work.",
        "gold_complexity": 8,
        "gold_sql": "SELECT COUNT(T1.ACT) FROM chapters AS T1 LEFT JOIN works AS T2 ON T1.work_id = T2.id WHERE T2.GenreType = 'Comedy' AND T2.Title = 'Two Gentlemen of Verona'"
    },
    {
        "sample_id": 3011,
        "vt": "SELECT SUM(CASE WHEN characters.charname = '[placeholder-type:string]' THEN [placeholder-type:numeric] ELSE [placeholder-type:numeric] END), SUM(CASE WHEN characters.charname = '[placeholder-type:string]' THEN [placeholder-type:numeric] ELSE [placeholder-type:numeric] END), CAST(SUM(CASE WHEN characters.charname = '[placeholder-type:string]' THEN [placeholder-type:numeric] ELSE [placeholder-type:numeric] END) + SUM(CASE WHEN characters.charname = '[placeholder-type:string]' THEN [placeholder-type:numeric] ELSE [placeholder-type:numeric] END) AS FLOAT) * [placeholder-type:numeric] / COUNT(works.id) FROM works INNER JOIN chapters AS T2 ON T1.id = T2.work_id INNER JOIN paragraphs AS T3 ON T2.id = T3.chapter_id INNER JOIN characters AS T4 ON T3.character_id = T4.id",
        "ba": "The virtual table calculates the total and average values based on character names from the 'characters' table, while also aggregating data from related 'works', 'chapters', and 'paragraphs' tables. It uses conditional summation to differentiate between characters and applies a mathematical operation to derive a final result, which is then averaged over the count of works.",
        "gold_complexity": 9,
        "gold_sql": "SELECT SUM(IIF(T4.CharName = 'Romeo', 1, 0)), SUM(IIF(T4.CharName = 'Juliet', 1, 0)), CAST(SUM(IIF(T4.CharName = 'Romeo', 1, 0)) + SUM(IIF(T4.CharName = 'Juliet', 1, 0)) AS REAL) * 100 / COUNT(T1.id) FROM works AS T1 INNER JOIN chapters AS T2 ON T1.id = T2.work_id INNER JOIN paragraphs AS T3 ON T2.id = T3.chapter_id INNER JOIN characters AS T4 ON T3.character_id = T4.id"
    },
    {
        "sample_id": 2983,
        "vt": "SELECT CAST(SUM(CASE WHEN works.genretype = '[placeholder-type:string]' THEN [placeholder-type:numeric] ELSE [placeholder-type:numeric] END) AS FLOAT) * [placeholder-type:numeric] / COUNT(chapters.scene) FROM chapters INNER JOIN works AS T2 ON T1.work_id = T2.id WHERE works.date = '[placeholder-type:string]'",
        "ba": "The virtual table calculates a weighted average based on the number of scenes in chapters associated with a specific genre type of works. It sums up a conditional value based on the genre type and divides it by the count of scenes in the chapters, applying a multiplier. The query filters the results based on the date of the works.",
        "gold_complexity": 8,
        "gold_sql": "SELECT CAST(SUM(IIF(T2.GenreType = 'Tragedy', 1, 0)) AS REAL) * 100 / COUNT(T1.Scene) FROM chapters AS T1 INNER JOIN works AS T2 ON T1.work_id = T2.id WHERE T2.Date = '1594'"
    },
    {
        "sample_id": 3017,
        "vt": "SELECT COUNT(chapters.id) FROM works INNER JOIN chapters AS T2 ON T1.id = T2.work_id WHERE works.title = '[placeholder-type:string]'",
        "ba": "The virtual table counts the number of chapters associated with a specific work from the 'works' table. It joins the 'works' table with the 'chapters' table using the work_id to filter the chapters that belong to the specified work title. The placeholder in the WHERE clause represents the title of the work for which the chapter count is being requested.",
        "gold_complexity": 7,
        "gold_sql": "SELECT COUNT(T2.id) FROM works AS T1 INNER JOIN chapters AS T2 ON T1.id = T2.work_id WHERE T1.Title = 'Midsummer Night''s Dream'"
    },
    {
        "sample_id": 3013,
        "vt": "SELECT COUNT(paragraphs.paragraphnum) FROM paragraphs WHERE paragraphs.chapter_id = [placeholder-type:numeric]",
        "ba": "The virtual table counts the number of paragraphs in a specific chapter from the 'paragraphs' table. The placeholder in the WHERE clause represents the unique identifier of the chapter.",
        "gold_complexity": 6,
        "gold_sql": "SELECT COUNT(ParagraphNum) FROM paragraphs WHERE chapter_id = 18881"
    },
    {
        "sample_id": 3028,
        "vt": "SELECT COUNT(characters.id) FROM characters WHERE characters.abbrev = '[placeholder-type:string]'",
        "ba": "The virtual table counts the number of characters from the 'characters' table that have a specific abbreviation. The placeholder in the WHERE clause represents the abbreviation of the character.",
        "gold_complexity": 6,
        "gold_sql": "SELECT COUNT(id) FROM characters WHERE Abbrev = 'All'"
    },
    {
        "sample_id": 2962,
        "vt": "SELECT paragraphs.id FROM paragraphs INNER JOIN characters AS T2 ON T1.character_id = T2.id WHERE characters.description = '[placeholder-type:string]'",
        "ba": "The virtual table retrieves the unique identifiers of paragraphs from the 'paragraphs' table that are associated with characters whose descriptions match a specified value. The query uses an inner join to connect the 'paragraphs' and 'characters' tables based on the character's ID, allowing for filtering based on the character's description.",
        "gold_complexity": 7,
        "gold_sql": "SELECT T1.id FROM paragraphs AS T1 INNER JOIN characters AS T2 ON T1.character_id = T2.id WHERE T2.Description = 'son to Tamora'"
    },
    {
        "sample_id": 2974,
        "vt": "SELECT DISTINCT chapters.act FROM chapters INNER JOIN works AS T2 ON T1.id = T1.work_id WHERE works.longtitle = '[placeholder-type:string]'",
        "ba": "The virtual table retrieves distinct acts from the 'chapters' table that are associated with a specific work identified by its long title. The query joins the 'chapters' table with the 'works' table to filter the results based on the long title of the work.",
        "gold_complexity": 8,
        "gold_sql": "SELECT DISTINCT T1.Act FROM chapters AS T1 INNER JOIN works AS T2 ON T1.id = T1.work_id WHERE T2.LongTitle = 'Two Gentlemen of Verona'"
    },
    {
        "sample_id": 2981,
        "vt": "SELECT (SELECT T1.LongTitle, COUNT(T2.Scene) AS num FROM works AS T1 INNER JOIN chapters AS T2 ON T1.id = T2.work_id WHERE T1.GenreType = 'Tragedy' GROUP BY T1.LongTitle, T2.Scene).longtitle FROM (SELECT works.longtitle, COUNT(chapters.scene) FROM works AS T1 INNER JOIN chapters AS T2 ON T1.id = T2.work_id WHERE T1.GenreType = 'Tragedy' GROUP BY T1.LongTitle, T2.Scene) AS t ORDER BY (SELECT T1.LongTitle, COUNT(T2.Scene) AS num FROM works AS T1 INNER JOIN chapters AS T2 ON T1.id = T2.work_id WHERE T1.GenreType = 'Tragedy' GROUP BY T1.LongTitle, T2.Scene).num LIMIT [placeholder-type:numeric]",
        "ba": "The virtual table provides a list of long titles of works categorized under the genre 'Tragedy', along with the count of scenes associated with each work. It filters the works based on their genre type and groups the results by the long title and scene count. The results are ordered by the number of scenes in descending order, and a limit is applied to restrict the number of returned records.",
        "gold_complexity": 27,
        "gold_sql": "SELECT T.LongTitle FROM ( SELECT T1.LongTitle, COUNT(T2.Scene) AS num FROM works AS T1 INNER JOIN chapters AS T2 ON T1.id = T2.work_id WHERE T1.GenreType = 'Tragedy' GROUP BY T1.LongTitle, T2.Scene ) AS T ORDER BY T.num DESC LIMIT 1"
    },
    {
        "sample_id": 2986,
        "vt": "SELECT works.title FROM works WHERE works.date = (SELECT MIN(works.date) FROM works)",
        "ba": "The virtual table retrieves the title of the earliest work from the 'works' table based on the date of publication. The inner query identifies the minimum date from the 'works' table, and the outer query selects the title corresponding to that date.",
        "gold_complexity": 9,
        "gold_sql": "SELECT Title FROM works WHERE Date = ( SELECT MIN(Date) FROM works )"
    },
    {
        "sample_id": 3023,
        "vt": "SELECT DISTINCT works.longtitle FROM works INNER JOIN chapters AS T2 ON T1.id = T2.work_id INNER JOIN paragraphs AS T3 ON T2.id = T3.chapter_id INNER JOIN characters AS T4 ON T3.character_id = T4.id WHERE characters.description = '[placeholder-type:string]'",
        "ba": "The virtual table retrieves distinct long titles of works from the 'works' table, which are associated with chapters and paragraphs that mention characters with a specific description. The query joins the 'works', 'chapters', 'paragraphs', and 'characters' tables to filter the results based on the character's description.",
        "gold_complexity": 10,
        "gold_sql": "SELECT DISTINCT T1.LongTitle FROM works AS T1 INNER JOIN chapters AS T2 ON T1.id = T2.work_id INNER JOIN paragraphs AS T3 ON T2.id = T3.chapter_id INNER JOIN characters AS T4 ON T3.character_id = T4.id WHERE T4.Description = 'Servant to Montague'"
    },
    {
        "sample_id": 3033,
        "vt": "SELECT characters.charname FROM characters WHERE characters.description = '[placeholder-type:string]'",
        "ba": "The virtual table lists the names of characters from the 'characters' table that match a specific description. The placeholder in the WHERE clause represents the character's description.",
        "gold_complexity": 6,
        "gold_sql": "SELECT CharName FROM characters WHERE Description = 'a senator of Venice'"
    },
    {
        "sample_id": 3027,
        "vt": "SELECT CAST(SUM(CASE WHEN works.title = '[placeholder-type:string]' THEN [placeholder-type:numeric] ELSE [placeholder-type:numeric] END) AS FLOAT) * [placeholder-type:numeric] / COUNT(paragraphs.id) FROM works INNER JOIN chapters AS T2 ON T1.id = T2.work_id INNER JOIN paragraphs AS T3 ON T2.id = T3.chapter_id",
        "ba": "The virtual table calculates a weighted average of a specific numeric value based on the title of a work from the 'works' table. It sums up a conditional value based on whether the title matches a specified placeholder, and then multiplies this sum by another placeholder value. Finally, it divides this result by the count of paragraphs associated with the chapters of the work.",
        "gold_complexity": 7,
        "gold_sql": "SELECT CAST(SUM(IIF(T1.Title = 'All''s Well That Ends Well', 1, 0)) AS REAL) * 100 / COUNT(T3.id) FROM works AS T1 INNER JOIN chapters AS T2 ON T1.id = T2.work_id INNER JOIN paragraphs AS T3 ON T2.id = T3.chapter_id"
    },
    {
        "sample_id": 2957,
        "vt": "SELECT DISTINCT works.title FROM works INNER JOIN chapters AS T2 ON T1.id = T2.work_id INNER JOIN paragraphs AS T3 ON T2.id = T3.chapter_id INNER JOIN characters AS T4 ON T3.character_id = T4.id WHERE characters.charname = '[placeholder-type:string]'",
        "ba": "The virtual table retrieves distinct titles of works from the 'works' table that are associated with chapters containing paragraphs mentioning a specific character's name. The query joins multiple tables: 'works', 'chapters', 'paragraphs', and 'characters' to filter the results based on the character's name provided as a placeholder.",
        "gold_complexity": 10,
        "gold_sql": "SELECT DISTINCT T1.Title FROM works AS T1 INNER JOIN chapters AS T2 ON T1.id = T2.work_id INNER JOIN paragraphs AS T3 ON T2.id = T3.chapter_id INNER JOIN characters AS T4 ON T3.character_id = T4.id WHERE T4.CharName = 'Lord Abergavenny'"
    },
    {
        "sample_id": 3061,
        "vt": "SELECT chapters.id FROM works INNER JOIN chapters AS T2 ON T1.id = T2.work_id WHERE works.date > (SELECT AVG(works.date) FROM works) * [placeholder-type:numeric]",
        "ba": "The virtual table retrieves the unique identifiers of chapters from the 'chapters' table that are associated with works created after the average date of all works. It uses an inner join to connect the 'works' and 'chapters' tables based on the work's ID, and applies a condition to filter the results based on the average date of works, using a numeric placeholder for further specification.",
        "gold_complexity": 10,
        "gold_sql": "SELECT T2.id FROM works AS T1 INNER JOIN chapters AS T2 ON T1.id = T2.work_id WHERE T1.DATE > ( SELECT AVG(DATE) FROM works ) * 0.89"
    },
    {
        "sample_id": 3034,
        "vt": "SELECT characters.charname FROM characters INNER JOIN paragraphs AS T2 ON T1.id = T2.character_id WHERE paragraphs.paragraphnum = [placeholder-type:numeric] AND paragraphs.chapter_id = [placeholder-type:numeric]",
        "ba": "The virtual table retrieves the names of characters from the 'characters' table that are mentioned in specific paragraphs of a chapter. The query uses an inner join to connect the 'characters' table with the 'paragraphs' table based on the character's ID. It filters the results to include only those paragraphs that match a specified paragraph number and are associated with a specific chapter ID.",
        "gold_complexity": 8,
        "gold_sql": "SELECT T1.CharName FROM characters AS T1 INNER JOIN paragraphs AS T2 ON T1.id = T2.character_id WHERE T2.ParagraphNum = 8 AND T2.chapter_id = 18820"
    },
    {
        "sample_id": 3008,
        "vt": "SELECT chapters.description FROM works INNER JOIN chapters AS T2 ON T1.id = T2.work_id WHERE chapters.act = [placeholder-type:numeric] AND chapters.scene = [placeholder-type:numeric] AND works.title = '[placeholder-type:string]'",
        "ba": "The virtual table describes the textual descriptions of chapters from the 'chapters' table that are part of a specific work. It filters the chapters based on the act and scene numbers, as well as the title of the work, using placeholders for numeric and string values.",
        "gold_complexity": 9,
        "gold_sql": "SELECT T2.Description FROM works AS T1 INNER JOIN chapters AS T2 ON T1.id = T2.work_id WHERE T2.Act = 1 AND T2.Scene = 1 AND T1.Title = 'A Lover''s Complaint'"
    },
    {
        "sample_id": 3051,
        "vt": "SELECT characters.description FROM characters INNER JOIN paragraphs AS T2 ON T1.id = T2.character_id WHERE paragraphs.plaintext = '[placeholder-type:string]' AND paragraphs.paragraphnum BETWEEN [placeholder-type:numeric] AND [placeholder-type:numeric]",
        "ba": "The virtual table retrieves the descriptions of characters from the 'characters' table based on specific conditions related to paragraphs. It joins the 'characters' table with the 'paragraphs' table to filter character descriptions that are mentioned in paragraphs with a specific plaintext content and within a specified range of paragraph numbers.",
        "gold_complexity": 9,
        "gold_sql": "SELECT T1.description FROM characters AS T1 INNER JOIN paragraphs AS T2 ON T1.id = T2.character_id WHERE T2.PlainText = 'a sea captain, friend to Sebastian' AND T2.ParagraphNum BETWEEN 1500 AND 1950"
    },
    {
        "sample_id": 3040,
        "vt": "SELECT DISTINCT characters.charname FROM characters INNER JOIN paragraphs AS T2 ON T1.id = T2.character_id WHERE paragraphs.paragraphnum = [placeholder-type:numeric]",
        "ba": "The virtual table retrieves distinct character names from the 'characters' table that are mentioned in paragraphs of a specific chapter. The query joins the 'characters' table with the 'paragraphs' table based on the character's ID, and filters the results to include only those paragraphs that match a specified paragraph number.",
        "gold_complexity": 8,
        "gold_sql": "SELECT DISTINCT T1.CharName FROM characters AS T1 INNER JOIN paragraphs AS T2 ON T1.id = T2.character_id WHERE T2.ParagraphNum = 3"
    },
    {
        "sample_id": 3058,
        "vt": "SELECT chapters.id, chapters.description FROM chapters INNER JOIN paragraphs AS T2 ON T1.id = T2.chapter_id WHERE paragraphs.plaintext = '[placeholder-type:string]'",
        "ba": "The virtual table describes the unique identifiers and textual descriptions of chapters from the 'chapters' table that are associated with paragraphs containing specific content. The placeholder in the WHERE clause represents the main content of the paragraphs.",
        "gold_complexity": 9,
        "gold_sql": "SELECT T1.id, T1.Description FROM chapters AS T1 INNER JOIN paragraphs AS T2 ON T1.id = T2.chapter_id WHERE T2.PlainText = 'What, wilt thou hear some music, my sweet love?'"
    },
    {
        "sample_id": 3041,
        "vt": "SELECT paragraphs.paragraphnum FROM characters INNER JOIN paragraphs AS T2 ON T1.id = T2.character_id WHERE characters.charname = '[placeholder-type:string]'",
        "ba": "The virtual table retrieves the paragraph numbers from the 'paragraphs' table that are associated with a specific character from the 'characters' table. The placeholder in the WHERE clause represents the name of the character being queried.",
        "gold_complexity": 7,
        "gold_sql": "SELECT T2.ParagraphNum FROM characters AS T1 INNER JOIN paragraphs AS T2 ON T1.id = T2.character_id WHERE T1.CharName = 'Aedile'"
    },
    {
        "sample_id": 2965,
        "vt": "SELECT (SELECT T1.Title, COUNT(T3.character_id) AS num FROM works AS T1 INNER JOIN chapters AS T2 ON T1.id = T2.work_id INNER JOIN paragraphs AS T3 ON T2.id = T3.chapter_id INNER JOIN characters AS T4 ON T3.character_id = T4.id GROUP BY T3.character_id, T1.Title).title FROM (SELECT works.title, COUNT(paragraphs.character_id) FROM works AS T1 INNER JOIN chapters AS T2 ON T1.id = T2.work_id INNER JOIN paragraphs AS T3 ON T2.id = T3.chapter_id INNER JOIN characters AS T4 ON T3.character_id = T4.id GROUP BY T3.character_id, T1.Title) AS t ORDER BY (SELECT T1.Title, COUNT(T3.character_id) AS num FROM works AS T1 INNER JOIN chapters AS T2 ON T1.id = T2.work_id INNER JOIN paragraphs AS T3 ON T2.id = T3.chapter_id INNER JOIN characters AS T4 ON T3.character_id = T4.id GROUP BY T3.character_id, T1.Title).num LIMIT [placeholder-type:numeric]",
        "ba": "The virtual table provides a list of titles of works along with the count of characters mentioned in their respective paragraphs. It aggregates data from multiple tables: 'works', 'chapters', 'paragraphs', and 'characters'. The query counts the number of unique characters associated with each work's title and orders the results based on the character count, limiting the output to a specified number of results.",
        "gold_complexity": 31,
        "gold_sql": "SELECT T.Title FROM ( SELECT T1.Title, COUNT(T3.character_id) AS num FROM works T1 INNER JOIN chapters T2 ON T1.id = T2.work_id INNER JOIN paragraphs T3 ON T2.id = T3.chapter_id INNER JOIN characters T4 ON T3.character_id = T4.id GROUP BY T3.character_id, T1.Title ) T ORDER BY T.num DESC LIMIT 1"
    },
    {
        "sample_id": 3052,
        "vt": "SELECT works.longtitle FROM works RIGHT JOIN chapters AS T2 ON T1.id = T2.work_id WHERE chapters.description = '[placeholder-type:string]'",
        "ba": "The virtual table retrieves the full title of works from the 'works' table that are associated with chapters containing a specific description. The query uses a RIGHT JOIN to ensure that all chapters are included, even if they do not have a corresponding work, and filters the results based on the chapter's description using a placeholder for string values.",
        "gold_complexity": 7,
        "gold_sql": "SELECT T1.LongTitle FROM works AS T1 RIGHT JOIN chapters AS T2 ON T1.id = T2.work_id WHERE T2.Description = 'Mytilene. A street before the brothel.'"
    },
    {
        "sample_id": 3006,
        "vt": "SELECT DISTINCT works.title, works.genretype FROM works INNER JOIN chapters AS T2 ON T1.id = T2.work_id WHERE chapters.act = [placeholder-type:numeric]",
        "ba": "The virtual table provides a distinct list of titles and genre types from the 'works' table, specifically for works that contain chapters belonging to a specified act. The placeholder in the WHERE clause represents the act number.",
        "gold_complexity": 10,
        "gold_sql": "SELECT DISTINCT T1.Title, T1.GenreType FROM works AS T1 INNER JOIN chapters AS T2 ON T1.id = T2.work_id WHERE T2.Act = 1"
    },
    {
        "sample_id": 3032,
        "vt": "SELECT works.id FROM works WHERE works.title LIKE '[placeholder-type:string]'",
        "ba": "The virtual table retrieves the unique identifier of works from the 'works' table that match a specified title pattern. The placeholder in the WHERE clause allows for flexible input of the title to search for.",
        "gold_complexity": 6,
        "gold_sql": "SELECT id FROM works WHERE Title LIKE '%Henry%'"
    },
    {
        "sample_id": 3048,
        "vt": "SELECT paragraphs.character_id FROM paragraphs WHERE paragraphs.plaintext = '[placeholder-type:string]'",
        "ba": "The virtual table retrieves the character ID from the 'paragraphs' table based on a specific paragraph's main content. The placeholder in the WHERE clause represents the text content of the paragraph.",
        "gold_complexity": 6,
        "gold_sql": "SELECT character_id FROM paragraphs WHERE PlainText = 'O my poor brother! and so perchance may he be.'"
    },
    {
        "sample_id": 3026,
        "vt": "SELECT CAST(SUM(chapters.scene) AS FLOAT) / COUNT(chapters.act) FROM works INNER JOIN chapters AS T2 ON T1.id = T2.work_id WHERE works.title = '[placeholder-type:string]'",
        "ba": "The virtual table calculates the average number of scenes per act for a specific work by joining the 'works' and 'chapters' tables. It sums the total number of scenes in the chapters and divides it by the count of acts, filtering the results based on the title of the work provided as a placeholder.",
        "gold_complexity": 8,
        "gold_sql": "SELECT CAST(SUM(T2.Scene) AS REAL) / COUNT(T2.act) FROM works AS T1 INNER JOIN chapters AS T2 ON T1.id = T2.work_id WHERE T1.Title = 'Antony and Cleopatra'"
    },
    {
        "sample_id": 3009,
        "vt": "SELECT works.date, works.id FROM works INNER JOIN chapters AS T2 ON T1.id = T2.work_id WHERE chapters.scene = [placeholder-type:numeric]",
        "ba": "The virtual table retrieves the date and unique identifier of works from the 'works' table that are associated with chapters containing a specific scene. The query uses an inner join to connect the 'works' table with the 'chapters' table based on the work's ID, filtering the results to only include chapters that match a specified scene number.",
        "gold_complexity": 9,
        "gold_sql": "SELECT T1.Date, T1.id FROM works AS T1 INNER JOIN chapters AS T2 ON T1.id = T2.work_id WHERE T2.Scene = 154"
    },
    {
        "sample_id": 3019,
        "vt": "SELECT DISTINCT characters.charname, chapters.description FROM works INNER JOIN chapters AS T2 ON T1.id = T2.work_id INNER JOIN paragraphs AS T3 ON T2.id = T3.chapter_id INNER JOIN characters AS T4 ON T3.character_id = T4.id WHERE works.title = '[placeholder-type:string]'",
        "ba": "The virtual table describes the distinct character names and chapter descriptions from the 'works' table, joined with the 'chapters', 'paragraphs', and 'characters' tables. The placeholder in the WHERE clause represents the title of the work being queried.",
        "gold_complexity": 12,
        "gold_sql": "SELECT DISTINCT T4.CharName, T2.Description FROM works AS T1 INNER JOIN chapters AS T2 ON T1.id = T2.work_id INNER JOIN paragraphs AS T3 ON T2.id = T3.chapter_id INNER JOIN characters AS T4 ON T3.character_id = T4.id WHERE T1.Title = 'Venus and Adonis'"
    },
    {
        "sample_id": 3022,
        "vt": "SELECT chapters.scene, chapters.description FROM works INNER JOIN chapters AS T2 ON T1.id = T2.work_id WHERE works.longtitle = '[placeholder-type:string]' AND chapters.act = [placeholder-type:numeric]",
        "ba": "The virtual table describes the scenes and their descriptions from the 'chapters' table that are associated with a specific work identified by its long title. It uses an inner join to connect the 'works' and 'chapters' tables based on the work's ID, and filters the results based on the specified long title and act number.",
        "gold_complexity": 10,
        "gold_sql": "SELECT T2.Scene, T2.Description FROM works AS T1 INNER JOIN chapters AS T2 ON T1.id = T2.work_id WHERE T1.LongTitle = 'Pericles, Prince of Tyre' AND T2.Act = 1"
    },
    {
        "sample_id": 3029,
        "vt": "SELECT works.title FROM works WHERE works.genretype = '[placeholder-type:string]' LIMIT [placeholder-type:numeric]",
        "ba": "The virtual table retrieves the titles of works from the 'works' table that match a specific genre type. The placeholder in the WHERE clause represents the genre type, and the LIMIT clause allows for specifying the maximum number of results to return.",
        "gold_complexity": 7,
        "gold_sql": "SELECT Title FROM works WHERE GenreType = 'comedy' LIMIT 3"
    },
    {
        "sample_id": 3045,
        "vt": "SELECT CAST(SUM(CASE WHEN chapters.act = [placeholder-type:numeric] THEN [placeholder-type:numeric] ELSE [placeholder-type:numeric] END) AS FLOAT) * [placeholder-type:numeric] / COUNT(chapters.act) FROM works INNER JOIN chapters AS T2 ON T1.id = T2.work_id WHERE works.title = '[placeholder-type:string]'",
        "ba": "The virtual table calculates a weighted average based on the number of acts in chapters associated with a specific work. It sums up a conditional value based on the act type and divides it by the count of acts, providing a float result. The query joins the 'works' table with the 'chapters' table to filter results based on the title of the work.",
        "gold_complexity": 7,
        "gold_sql": "SELECT CAST(SUM(IIF(T2.act = 5, 1, 0)) AS REAL) * 100 / COUNT(T2.act) FROM works AS T1 INNER JOIN chapters AS T2 ON T1.id = T2.work_id WHERE T1.Title = 'Titus Andronicus'"
    },
    {
        "sample_id": 2982,
        "vt": "SELECT SUM(paragraphs.paragraphnum) FROM chapters INNER JOIN paragraphs AS T2 ON T1.id = T2.chapter_id WHERE chapters.description = '[placeholder-type:string]'",
        "ba": "The virtual table calculates the total number of paragraphs from the 'paragraphs' table that are associated with chapters from the 'chapters' table, filtered by a specific chapter description. The placeholder in the WHERE clause represents the chapter's description.",
        "gold_complexity": 7,
        "gold_sql": "SELECT SUM(T2.ParagraphNum) FROM chapters AS T1 INNER JOIN paragraphs AS T2 ON T1.id = T2.chapter_id WHERE T1.Description = 'A Sea-port in Cyprus. An open place near the quay.'"
    },
    {
        "sample_id": 2956,
        "vt": "SELECT SUM(CASE WHEN chapters.act = [placeholder-type:numeric] THEN [placeholder-type:numeric] ELSE [placeholder-type:numeric] END) - SUM(CASE WHEN chapters.act = [placeholder-type:numeric] THEN [placeholder-type:numeric] ELSE [placeholder-type:numeric] END) FROM works INNER JOIN chapters AS T2 ON T1.id = T2.work_id WHERE works.title = '[placeholder-type:string]'",
        "ba": "The virtual table calculates the difference between two sums based on conditions applied to the 'act' column in the 'chapters' table. It joins the 'works' table to filter results based on the title of the work. The placeholders represent numeric values for the conditions and a string value for the title of the work.",
        "gold_complexity": 7,
        "gold_sql": "SELECT SUM(IIF(T2.Act = 1, 1, 0)) - SUM(IIF(T2.Act = 5, 1, 0)) AS more FROM works AS T1 INNER JOIN chapters AS T2 ON T1.id = T2.work_id WHERE T1.Title = 'Twelfth Night'"
    },
    {
        "sample_id": 3012,
        "vt": "SELECT paragraphs.paragraphnum FROM paragraphs WHERE paragraphs.plaintext = '[placeholder-type:string]'",
        "ba": "The virtual table retrieves the paragraph numbers from the 'paragraphs' table where the main content matches a specific text. The placeholder in the WHERE clause represents the content of the paragraph being searched for.",
        "gold_complexity": 6,
        "gold_sql": "SELECT ParagraphNum FROM paragraphs WHERE PlainText = 'This is Illyria, lady.'"
    },
    {
        "sample_id": 3060,
        "vt": "SELECT DISTINCT works.title FROM works INNER JOIN chapters AS T2 ON T1.id = T2.work_id INNER JOIN paragraphs AS T3 ON T2.id = T3.chapter_id INNER JOIN characters AS T4 ON T3.character_id = T4.id WHERE works.date < [placeholder-type:numeric] AND works.genretype = '[placeholder-type:string]' AND characters.charname = '[placeholder-type:string]'",
        "ba": "The virtual table retrieves distinct titles of works from the 'works' table that are associated with specific chapters, paragraphs, and characters. It filters the results based on the date of the work being less than a specified numeric value, the genre type being equal to a specified string, and the character name matching a specified string.",
        "gold_complexity": 13,
        "gold_sql": "SELECT DISTINCT T1.title FROM works AS T1 INNER JOIN chapters AS T2 ON T1.id = T2.work_id INNER JOIN paragraphs AS T3 ON T2.id = T3.chapter_id INNER JOIN characters AS T4 ON T3.character_id = T4.id WHERE T1.DATE < 1600 AND T1.GenreType = 'Tragedy' AND T4.CharName = 'Tybalt'"
    },
    {
        "sample_id": 2989,
        "vt": "SELECT COUNT(works.id) FROM works WHERE works.genretype = '[placeholder-type:string]' AND works.date BETWEEN [placeholder-type:numeric] AND [placeholder-type:numeric]",
        "ba": "The virtual table counts the number of works from the 'works' table that belong to a specific genre and were created within a specified date range. The placeholders represent the genre type and the start and end dates for filtering the results.",
        "gold_complexity": 8,
        "gold_sql": "SELECT COUNT(id) FROM works WHERE GenreType = 'Tragedy' AND Date BETWEEN 1500 AND 1599"
    },
    {
        "sample_id": 3050,
        "vt": "SELECT works.title, characters.charname FROM works INNER JOIN chapters AS T2 ON T1.id = T2.work_id INNER JOIN paragraphs AS T3 ON T2.id = T3.chapter_id INNER JOIN characters AS T4 ON T3.character_id = T4.id ORDER BY works.date LIMIT [placeholder-type:numeric]",
        "ba": "The virtual table describes the titles of works along with the names of characters associated with those works. It combines data from the 'works', 'chapters', 'paragraphs', and 'characters' tables, linking them through their respective IDs. The results are ordered by the date of the works and limited to a specified number of entries.",
        "gold_complexity": 12,
        "gold_sql": "SELECT T1.Title, T4.CharName FROM works AS T1 INNER JOIN chapters AS T2 ON T1.id = T2.work_id INNER JOIN paragraphs AS T3 ON T2.id = T3.chapter_id INNER JOIN characters AS T4 ON T3.character_id = T4.id ORDER BY T1.Date DESC LIMIT 1"
    },
    {
        "sample_id": 2953,
        "vt": "SELECT COUNT(works.id) FROM works WHERE works.date < [placeholder-type:numeric]",
        "ba": "The virtual table counts the number of works from the 'works' table that were created before a specific date. The placeholder in the WHERE clause represents the cutoff date for filtering the works.",
        "gold_complexity": 6,
        "gold_sql": "SELECT COUNT(id) FROM works WHERE Date < 1602"
    },
    {
        "sample_id": 3049,
        "vt": "SELECT paragraphs.paragraphnum, paragraphs.id FROM characters INNER JOIN paragraphs AS T2 ON T1.id = T2.character_id WHERE characters.charname = '[placeholder-type:string]'",
        "ba": "The virtual table describes the paragraph numbers and IDs from the 'paragraphs' table that are associated with a specific character from the 'characters' table. The placeholder in the WHERE clause represents the character's name.",
        "gold_complexity": 9,
        "gold_sql": "SELECT T2.ParagraphNum, T2.id FROM characters AS T1 INNER JOIN paragraphs AS T2 ON T1.id = T2.character_id WHERE T1.CharName = 'Sir Andrew Aguecheek'"
    },
    {
        "sample_id": 2985,
        "vt": "SELECT COUNT(characters.id) FROM characters WHERE characters.description = '[placeholder-type:string]'",
        "ba": "The virtual table counts the number of characters from the 'characters' table that match a specific description. The placeholder in the WHERE clause represents the character's description being queried.",
        "gold_complexity": 6,
        "gold_sql": "SELECT COUNT(id) FROM characters WHERE Description = 'servant to Timon'"
    },
    {
        "sample_id": 2990,
        "vt": "SELECT characters.charname FROM characters WHERE characters.description = '[placeholder-type:string]'",
        "ba": "The virtual table lists the names of characters from the 'characters' table that match a specific description. The placeholder in the WHERE clause represents the character's description being queried.",
        "gold_complexity": 6,
        "gold_sql": "SELECT CharName FROM characters WHERE Description = 'Daughter to Capulet'"
    },
    {
        "sample_id": 3014,
        "vt": "SELECT works.title FROM works WHERE works.genretype = '[placeholder-type:string]' LIMIT [placeholder-type:numeric]",
        "ba": "The virtual table retrieves the titles of works from the 'works' table that belong to a specific genre type. The query includes a placeholder for the genre type and limits the number of results returned.",
        "gold_complexity": 7,
        "gold_sql": "SELECT Title FROM works WHERE GenreType = 'History' LIMIT 5"
    },
    {
        "sample_id": 3030,
        "vt": "SELECT SUM(CASE WHEN works.genretype = '[placeholder-type:string]' THEN [placeholder-type:numeric] ELSE [placeholder-type:numeric] END) - SUM(CASE WHEN works.genretype = '[placeholder-type:string]' THEN [placeholder-type:numeric] ELSE [placeholder-type:numeric] END) FROM works WHERE works.date > [placeholder-type:numeric]",
        "ba": "The virtual table calculates the difference between the sums of two conditions based on the genre type of works from the 'works' table. It filters the results to include only those works that were created after a specified date, using placeholders for both the genre type and the date.",
        "gold_complexity": 6,
        "gold_sql": "SELECT SUM(IIF(GenreType = 'Comedy', 1, 0)) - SUM(IIF(GenreType = 'History', 1, 0)) FROM works WHERE Date > 1593"
    },
    {
        "sample_id": 3047,
        "vt": "SELECT COUNT(works.id) FROM works WHERE works.title LIKE '[placeholder-type:string]'",
        "ba": "The virtual table counts the number of works in the 'works' table that match a specific title pattern. The placeholder in the WHERE clause allows for flexible title searching.",
        "gold_complexity": 6,
        "gold_sql": "SELECT COUNT(id) FROM works WHERE Title LIKE '%Henry%'"
    },
    {
        "sample_id": 3005,
        "vt": "SELECT chapters.description FROM paragraphs INNER JOIN chapters AS T2 ON T1.chapter_id = T2.id INNER JOIN characters AS T3 ON T1.character_id = T3.id WHERE characters.abbrev = '[placeholder-type:string]' ORDER BY paragraphs.chapter_id LIMIT [placeholder-type:numeric]",
        "ba": "The virtual table retrieves the descriptions of chapters from the 'chapters' table that are associated with specific characters mentioned in the 'paragraphs' table. The query uses inner joins to connect the 'paragraphs', 'chapters', and 'characters' tables based on their respective IDs. It filters the results based on the abbreviation of the character, which is provided as a placeholder, and limits the number of results returned based on a numeric placeholder.",
        "gold_complexity": 11,
        "gold_sql": "SELECT T2.Description FROM paragraphs AS T1 INNER JOIN chapters AS T2 ON T1.chapter_id = T2.id INNER JOIN characters AS T3 ON T1.character_id = T3.id WHERE T3.Abbrev = '1Play' ORDER BY T1.chapter_id LIMIT 1"
    },
    {
        "sample_id": 2997,
        "vt": "SELECT paragraphs.paragraphnum FROM paragraphs INNER JOIN chapters AS T2 ON T1.chapter_id = T2.id WHERE chapters.act = [placeholder-type:numeric] ORDER BY chapters.scene LIMIT [placeholder-type:numeric]",
        "ba": "The virtual table retrieves the paragraph numbers from the 'paragraphs' table that are associated with chapters of a specific act. It joins the 'paragraphs' table with the 'chapters' table to filter the results based on the act number, and it orders the results by scene while limiting the number of returned paragraphs.",
        "gold_complexity": 10,
        "gold_sql": "SELECT T1.ParagraphNum FROM paragraphs AS T1 INNER JOIN chapters AS T2 ON T1.chapter_id = T2.id WHERE T2.Act = 1 ORDER BY T2.Scene DESC LIMIT 1"
    },
    {
        "sample_id": 3039,
        "vt": "SELECT chapters.description FROM works INNER JOIN chapters AS T2 ON T1.id = T2.work_id WHERE chapters.id = [placeholder-type:numeric] AND works.title = '[placeholder-type:string]'",
        "ba": "The virtual table retrieves the description of a specific chapter from the 'chapters' table, which is linked to the 'works' table. The query filters the results based on the chapter's unique identifier and the title of the work.",
        "gold_complexity": 8,
        "gold_sql": "SELECT T2.Description FROM works AS T1 INNER JOIN chapters AS T2 ON T1.id = T2.work_id WHERE T2.id = 18706 AND T1.Title = 'All''s Well That Ends Well'"
    },
    {
        "sample_id": 2968,
        "vt": "SELECT COUNT(works.id) FROM works WHERE works.genretype = '[placeholder-type:string]'",
        "ba": "The virtual table counts the number of works from the 'works' table that belong to a specific genre type. The placeholder in the WHERE clause represents the genre type being queried.",
        "gold_complexity": 6,
        "gold_sql": "SELECT COUNT(id) FROM works WHERE GenreType = 'Comedy'"
    },
    {
        "sample_id": 3059,
        "vt": "SELECT DISTINCT chapters.scene FROM works INNER JOIN chapters AS T2 ON T1.id = T2.work_id INNER JOIN paragraphs AS T3 ON T2.id = T3.chapter_id INNER JOIN characters AS T4 ON T3.character_id = T4.id WHERE works.title = '[placeholder-type:string]' AND characters.charname = '[placeholder-type:string]'",
        "ba": "The virtual table retrieves distinct scenes from the 'chapters' table that are associated with a specific work and character. It joins the 'works', 'chapters', 'paragraphs', and 'characters' tables to filter the results based on the title of the work and the name of the character.",
        "gold_complexity": 11,
        "gold_sql": "SELECT DISTINCT T2.Scene FROM works AS T1 INNER JOIN chapters AS T2 ON T1.id = T2.work_id INNER JOIN paragraphs AS T3 ON T2.id = T3.chapter_id INNER JOIN characters AS T4 ON T3.character_id = T4.id WHERE T1.Title = 'Twelfth Night' AND T4.CharName = 'Sir Toby Belch'"
    },
    {
        "sample_id": 2954,
        "vt": "SELECT COUNT(works.id) FROM works INNER JOIN chapters AS T2 ON T1.id = T2.work_id WHERE chapters.act = [placeholder-type:numeric] AND works.title = '[placeholder-type:string]'",
        "ba": "The virtual table counts the number of works from the 'works' table that have chapters corresponding to a specific act and title. The placeholders represent the act number and the title of the work.",
        "gold_complexity": 8,
        "gold_sql": "SELECT COUNT(T1.id) FROM works AS T1 INNER JOIN chapters AS T2 ON T1.id = T2.work_id WHERE T2.Act = 1 AND T1.Title = 'Twelfth Night'"
    },
    {
        "sample_id": 3025,
        "vt": "SELECT characters.charname, paragraphs.paragraphnum, paragraphs.plaintext FROM characters INNER JOIN paragraphs AS T2 ON T1.id = T2.character_id WHERE characters.description = '[placeholder-type:string]'",
        "ba": "The virtual table describes the character names, paragraph numbers, and main content of paragraphs from the 'characters' and 'paragraphs' tables. It filters the results based on a specific character description provided by the user.",
        "gold_complexity": 11,
        "gold_sql": "SELECT T1.CharName, T2.ParagraphNum, T2.PlainText FROM characters AS T1 INNER JOIN paragraphs AS T2 ON T1.id = T2.character_id WHERE T1.Description = 'cousin to the king'"
    },
    {
        "sample_id": 3035,
        "vt": "SELECT DISTINCT chapters.description FROM characters INNER JOIN paragraphs AS T2 ON T1.id = T2.character_id INNER JOIN chapters AS T3 ON T2.chapter_id = T3.id WHERE characters.charname = '[placeholder-type:string]' AND chapters.id = [placeholder-type:numeric]",
        "ba": "The virtual table retrieves distinct descriptions of chapters from the 'chapters' table based on specific character names and chapter IDs. The query joins the 'characters' table with the 'paragraphs' table to link characters to their respective paragraphs, and then further joins with the 'chapters' table to access chapter descriptions. The placeholders represent the character's name and the chapter's unique identifier.",
        "gold_complexity": 10,
        "gold_sql": "SELECT DISTINCT T3.Description FROM characters AS T1 INNER JOIN paragraphs AS T2 ON T1.id = T2.character_id INNER JOIN chapters AS T3 ON T2.chapter_id = T3.id WHERE T1.CharName = 'Orsino' AND T3.ID = 18704"
    },
    {
        "sample_id": 3057,
        "vt": "SELECT paragraphs.character_id, chapters.work_id FROM chapters INNER JOIN paragraphs AS T2 ON T1.id = T2.chapter_id WHERE paragraphs.plaintext = '[placeholder-type:string]'",
        "ba": "The virtual table retrieves the character IDs and work IDs from the 'chapters' and 'paragraphs' tables. It uses an inner join to connect the two tables based on the chapter ID, ensuring that only paragraphs related to specific chapters are included. The query filters the results based on the plaintext content of the paragraphs, represented by a placeholder for string values.",
        "gold_complexity": 9,
        "gold_sql": "SELECT T2.character_id, T1.work_id FROM chapters AS T1 INNER JOIN paragraphs AS T2 ON T1.id = T2.chapter_id WHERE T2.PlainText = 'Fear not thou, man, thou shalt lose nothing here.'"
    },
    {
        "sample_id": 3036,
        "vt": "SELECT COUNT(chapters.scene) FROM works INNER JOIN chapters AS T2 ON T1.id = T2.work_id WHERE works.longtitle = '[placeholder-type:string]'",
        "ba": "The virtual table counts the number of scenes in chapters associated with a specific work. It joins the 'works' table with the 'chapters' table using the work's ID, filtering by the long title of the work provided as a placeholder.",
        "gold_complexity": 7,
        "gold_sql": "SELECT COUNT(T2.Scene) AS cnt FROM works AS T1 INNER JOIN chapters AS T2 ON T1.id = T2.work_id WHERE T1.LongTitle = 'Cymbeline, King of Britain'"
    },
    {
        "sample_id": 2970,
        "vt": "SELECT DISTINCT characters.abbrev FROM characters WHERE characters.charname = '[placeholder-type:string]'",
        "ba": "The virtual table retrieves distinct abbreviations of characters from the 'characters' table based on a specified character name. The placeholder in the WHERE clause represents the character's name.",
        "gold_complexity": 7,
        "gold_sql": "SELECT DISTINCT Abbrev FROM characters WHERE CharName = 'Earl of Westmoreland'"
    },
    {
        "sample_id": 3046,
        "vt": "SELECT COUNT(works.id) FROM works WHERE works.genretype = '[placeholder-type:string]'",
        "ba": "The virtual table counts the number of works from the 'works' table that belong to a specific genre type. The placeholder in the WHERE clause represents the genre type being queried.",
        "gold_complexity": 6,
        "gold_sql": "SELECT COUNT(id) FROM works WHERE GenreType = 'Tragedy'"
    },
    {
        "sample_id": 2998,
        "vt": "SELECT (SELECT T3.CharName, COUNT(T3.id) AS num FROM paragraphs AS T1 INNER JOIN chapters AS T2 ON T1.chapter_id = T2.id INNER JOIN characters AS T3 ON T1.character_id = T3.id WHERE T2.Description = 'The sea-coast.' AND T3.CharName <> '(stage directions)' AND T1.chapter_id = 18709 GROUP BY T3.id, T3.CharName).charname FROM (SELECT characters.charname, COUNT(characters.id) FROM paragraphs AS T1 INNER JOIN chapters AS T2 ON T1.chapter_id = T2.id INNER JOIN characters AS T3 ON T1.character_id = T3.id WHERE T2.Description = 'The sea-coast.' AND T3.CharName <> '(stage directions)' AND T1.chapter_id = 18709 GROUP BY T3.id, T3.CharName) AS t WHERE (SELECT T3.CharName, COUNT(T3.id) AS num FROM paragraphs AS T1 INNER JOIN chapters AS T2 ON T1.chapter_id = T2.id INNER JOIN characters AS T3 ON T1.character_id = T3.id WHERE T2.Description = 'The sea-coast.' AND T3.CharName <> '(stage directions)' AND T1.chapter_id = 18709 GROUP BY T3.id, T3.CharName).num = [placeholder-type:numeric]",
        "ba": "The virtual table provides a list of character names from the 'characters' table who are mentioned in paragraphs of a specific chapter, identified by its ID. It filters out stage directions and counts the occurrences of each character's mentions in the chapter with a specific description. The placeholder in the query allows for specifying the number of times a character is mentioned, enabling users to find characters based on their frequency of appearance in that chapter.",
        "gold_complexity": 25,
        "gold_sql": "SELECT T.CharName FROM ( SELECT T3.CharName, COUNT(T3.id) AS num FROM paragraphs AS T1 INNER JOIN chapters AS T2 ON T1.chapter_id = T2.id INNER JOIN characters AS T3 ON T1.character_id = T3.id WHERE T2.Description = 'The sea-coast.' AND T3.CharName != '(stage directions)' AND T1.chapter_id = 18709 GROUP BY T3.id, T3.CharName ) AS T WHERE T.num = 5"
    },
    {
        "sample_id": 3000,
        "vt": "SELECT paragraphs.character_id FROM paragraphs INNER JOIN chapters AS T2 ON T1.chapter_id = T2.id WHERE paragraphs.plaintext = '[placeholder-type:string]' AND chapters.description = '[placeholder-type:string]'",
        "ba": "The virtual table retrieves the character IDs from the 'paragraphs' table that are associated with specific chapters based on the content of the paragraphs and the description of the chapters. The placeholders in the WHERE clause represent the specific paragraph content and chapter description that the user wants to filter by.",
        "gold_complexity": 8,
        "gold_sql": "SELECT T1.character_id FROM paragraphs AS T1 INNER JOIN chapters AS T2 ON T1.chapter_id = T2.id WHERE T1.PlainText = 'His name, I pray you.' AND T2.Description = 'Florence. Without the walls. A tucket afar off.'"
    },
    {
        "sample_id": 3053,
        "vt": "SELECT characters.charname FROM characters INNER JOIN paragraphs AS T2 ON T1.id = T2.character_id WHERE paragraphs.plaintext = '[placeholder-type:string]'",
        "ba": "The virtual table retrieves the names of characters from the 'characters' table that are mentioned in paragraphs containing specific text. It uses an inner join to connect the 'characters' table with the 'paragraphs' table based on the character's ID, ensuring that only those characters associated with the specified paragraph content are selected.",
        "gold_complexity": 7,
        "gold_sql": "SELECT T1.CharName FROM characters AS T1 INNER JOIN paragraphs AS T2 ON T1.id = T2.character_id WHERE T2.PlainText = 'This is Illyria, lady.'"
    },
    {
        "sample_id": 2999,
        "vt": "SELECT COUNT(paragraphs.chapter_id) FROM works INNER JOIN chapters AS T2 ON T1.id = T2.work_id INNER JOIN paragraphs AS T3 ON T2.id = T3.chapter_id WHERE works.title = '[placeholder-type:string]' AND paragraphs.paragraphnum < [placeholder-type:numeric]",
        "ba": "The virtual table counts the number of paragraphs associated with chapters from a specific work, filtering by the title of the work and the paragraph number.",
        "gold_complexity": 10,
        "gold_sql": "SELECT COUNT(T3.chapter_id) FROM works AS T1 INNER JOIN chapters AS T2 ON T1.id = T2.work_id INNER JOIN paragraphs AS T3 ON T2.id = T3.chapter_id WHERE T1.Title = 'As You Like It' AND T3.ParagraphNum < 50"
    }
]