[
    {
        "sample_id": 9454,
        "vt": "SELECT CAST(frpm.\"frpm count (k-12)\" AS FLOAT) / frpm.\"enrollment (k-12)\" FROM frpm INNER JOIN schools AS T2 ON T1.CDSCode = T2.CDSCode WHERE schools.soc = [placeholder-type:numeric] ORDER BY frpm.\"frpm count (k-12)\" LIMIT [placeholder-type:numeric]",
        "ba": "The virtual table calculates the ratio of Free or Reduced Price Meal Count (K-12) to Enrollment (K-12) from the 'frpm' table, joining it with the 'schools' table to filter based on the School Ownership Code (SOC). The result is ordered by the Free or Reduced Price Meal Count and limited to a specified number of results.",
        "gold_complexity": 11,
        "gold_sql": "SELECT CAST(T1.\"FRPM Count (K-12)\" AS REAL) / T1.\"Enrollment (K-12)\" FROM frpm AS T1 INNER JOIN schools AS T2 ON T1.CDSCode = T2.CDSCode WHERE T2.SOC = 66 ORDER BY T1.\"FRPM Count (K-12)\" DESC LIMIT 5"
    },
    {
        "sample_id": 9436,
        "vt": "SELECT schools.ncesschool FROM schools INNER JOIN frpm AS T2 ON T1.CDSCode = T2.CDSCode ORDER BY frpm.\"enrollment (ages 5-17)\" LIMIT [placeholder-type:numeric]",
        "ba": "The virtual table retrieves the NCES school identification numbers from the 'schools' table, joining it with the 'frpm' table based on the CDSCode. The results are ordered by the enrollment of ages 5-17 in the 'frpm' table, and the number of records returned is limited by a numeric placeholder.",
        "gold_complexity": 8,
        "gold_sql": "SELECT T1.NCESSchool FROM schools AS T1 INNER JOIN frpm AS T2 ON T1.CDSCode = T2.CDSCode ORDER BY T2.\"Enrollment (Ages 5-17)\" DESC LIMIT 5"
    },
    {
        "sample_id": 9441,
        "vt": "SELECT schools.phone FROM schools INNER JOIN satscores AS T2 ON T1.CDSCode = T2.cds ORDER BY satscores.avgscrmath LIMIT [placeholder-type:numeric]",
        "ba": "The virtual table retrieves the phone numbers of schools from the 'schools' table, joining it with the 'satscores' table based on the common 'cdscode'. The results are ordered by the average math scores from the 'satscores' table, and a limit is applied to restrict the number of results returned.",
        "gold_complexity": 8,
        "gold_sql": "SELECT T1.Phone FROM schools AS T1 INNER JOIN satscores AS T2 ON T1.CDSCode = T2.cds ORDER BY T2.AvgScrMath DESC LIMIT 1"
    },
    {
        "sample_id": 9469,
        "vt": "SELECT CAST(COUNT(schools.school) AS FLOAT) / [placeholder-type:numeric] FROM schools WHERE schools.doc = [placeholder-type:numeric] AND schools.county = '[placeholder-type:string]' AND STRFTIME('%Y', schools.opendate) = '[placeholder-type:string]'",
        "ba": "The virtual table calculates the ratio of the number of schools in a specific county that are operated by a certain district ownership code and opened in a specified academic year. The placeholders represent the district ownership code, county name, and academic year respectively.",
        "gold_complexity": 8,
        "gold_sql": "SELECT CAST(COUNT(School) AS REAL) / 12 FROM schools WHERE DOC = 52 AND County = 'Alameda' AND strftime('%Y', OpenDate) = '1980'"
    },
    {
        "sample_id": 9496,
        "vt": "SELECT MIN(frpm.\"low grade\") FROM frpm INNER JOIN schools AS T2 ON T1.CDSCode = T2.CDSCode WHERE schools.ncesdist = '[placeholder-type:string]' AND schools.edopscode = '[placeholder-type:string]'",
        "ba": "The virtual table calculates the minimum low grade offered by schools from the 'frpm' table, joining it with the 'schools' table based on the CDSCode. It filters the results based on a specific NCES district code and educational option code, both represented by placeholders for string values.",
        "gold_complexity": 8,
        "gold_sql": "SELECT MIN(T1.\"Low Grade\") FROM frpm AS T1 INNER JOIN schools AS T2 ON T1.CDSCode = T2.CDSCode WHERE T2.NCESDist = '0613360' AND T2.EdOpsCode = 'SPECON'"
    },
    {
        "sample_id": 9443,
        "vt": "SELECT COUNT(frpm.cdscode) FROM frpm WHERE frpm.\"county name\" = '[placeholder-type:string]' AND frpm.\"free meal count (k-12)\" > [placeholder-type:numeric] AND frpm.\"frpm count (k-12)\" < [placeholder-type:numeric]",
        "ba": "The virtual table counts the number of records in the 'frpm' table where the county name matches a specified value, the free meal count for K-12 exceeds a certain numeric threshold, and the free or reduced price meal count for K-12 is below another numeric threshold.",
        "gold_complexity": 10,
        "gold_sql": "SELECT COUNT(CDSCode) FROM frpm WHERE \"County Name\" = 'Los Angeles' AND \"Free Meal Count (K-12)\" > 500 AND \"FRPM Count (K-12)\"< 700"
    },
    {
        "sample_id": 9435,
        "vt": "SELECT schools.phone FROM schools INNER JOIN satscores AS T2 ON T1.CDSCode = T2.cds ORDER BY CAST(satscores.numge1500 AS FLOAT) / satscores.numtsttakr LIMIT [placeholder-type:numeric]",
        "ba": "The virtual table retrieves the phone numbers of schools from the 'schools' table, joining it with the 'satscores' table to filter based on the number of test takers who scored 1500 or more on the SAT. The results are ordered by the ratio of students scoring 1500 or above to the total number of test takers, and a limit is applied to the number of results returned.",
        "gold_complexity": 9,
        "gold_sql": "SELECT T1.Phone FROM schools AS T1 INNER JOIN satscores AS T2 ON T1.CDSCode = T2.cds ORDER BY CAST(T2.NumGE1500 AS REAL) / T2.NumTstTakr DESC LIMIT 3"
    },
    {
        "sample_id": 9448,
        "vt": "SELECT frpm.\"school name\", schools.street, schools.city, schools.state, schools.zip FROM frpm INNER JOIN schools AS T2 ON T1.CDSCode = T2.CDSCode WHERE schools.county = '[placeholder-type:string]' AND frpm.\"free meal count (ages 5-17)\" > [placeholder-type:numeric] AND frpm.\"school type\" = '[placeholder-type:string]'",
        "ba": "The virtual table provides a list of school names along with their street addresses, cities, states, and zip codes from the 'frpm' and 'schools' tables. It filters the results based on the specified county, a minimum count of free meals for ages 5-17, and a specific school type.",
        "gold_complexity": 18,
        "gold_sql": "SELECT T1.\"School Name\", T2.Street, T2.City, T2.State, T2.Zip FROM frpm AS T1 INNER JOIN schools AS T2 ON T1.CDSCode = T2.CDSCode WHERE T2.County = 'Monterey' AND T1.\"Free Meal Count (Ages 5-17)\" > 800 AND T1.\"School Type\" = 'High Schools (Public)'"
    },
    {
        "sample_id": 9456,
        "vt": "SELECT CAST(frpm.\"free meal count (ages 5-17)\" AS FLOAT) / frpm.\"enrollment (ages 5-17)\" FROM schools INNER JOIN frpm AS T2 ON T1.CDSCode = T2.CDSCode WHERE schools.admfname1 = '[placeholder-type:string]' AND schools.admlname1 = '[placeholder-type:string]'",
        "ba": "The virtual table calculates the ratio of free meal count to enrollment for students aged 5-17 from the 'frpm' table, joined with the 'schools' table. It filters the results based on the first and last names of the school administrator.",
        "gold_complexity": 9,
        "gold_sql": "SELECT CAST(T2.\"Free Meal Count (Ages 5-17)\" AS REAL) / T2.\"Enrollment (Ages 5-17)\" FROM schools AS T1 INNER JOIN frpm AS T2 ON T1.CDSCode = T2.CDSCode WHERE T1.AdmFName1 = 'Kacey' AND T1.AdmLName1 = 'Gibson'"
    },
    {
        "sample_id": 9471,
        "vt": "SELECT DISTINCT schools.county, schools.school, schools.closeddate FROM schools WHERE schools.county = (SELECT schools.county FROM schools WHERE StatusType = 'Closed' GROUP BY County ORDER BY COUNT(School) DESC LIMIT 1) AND schools.statustype = '[placeholder-type:string]' AND NOT schools.school IS NULL",
        "ba": "The virtual table provides a list of distinct counties, school names, and their closure dates from the 'schools' table. It filters the results to include only those schools located in the county with the highest number of closed schools, while also ensuring that the status type of the schools matches a specified value and that the school name is not null.",
        "gold_complexity": 20,
        "gold_sql": "SELECT DISTINCT County, School, ClosedDate FROM schools WHERE County = ( SELECT County FROM schools WHERE StatusType = 'Closed' GROUP BY County ORDER BY COUNT(School) DESC LIMIT 1 ) AND StatusType = 'Closed' AND school IS NOT NULL"
    },
    {
        "sample_id": 9492,
        "vt": "SELECT COUNT(schools.school) FROM schools WHERE (schools.statustype = '[placeholder-type:string]' OR schools.statustype = '[placeholder-type:string]') AND schools.soc = [placeholder-type:numeric] AND schools.county = '[placeholder-type:string]'",
        "ba": "The virtual table counts the number of schools from the 'schools' table that meet specific criteria. It filters schools based on their status type, which can be either active or closed, and also checks for a specific school ownership code. Additionally, it restricts the results to a particular county.",
        "gold_complexity": 8,
        "gold_sql": "SELECT COUNT(School) FROM schools WHERE (StatusType = 'Closed' OR StatusType = 'Active') AND SOC = 69 AND County = 'Alpine'"
    },
    {
        "sample_id": 9423,
        "vt": "SELECT frpm.\"free meal count (ages 5-17)\" / frpm.\"enrollment (ages 5-17)\" FROM frpm WHERE frpm.\"educational option type\" = '[placeholder-type:string]' AND NOT frpm.\"free meal count (ages 5-17)\" / frpm.\"enrollment (ages 5-17)\" IS NULL ORDER BY frpm.\"free meal count (ages 5-17)\" / frpm.\"enrollment (ages 5-17)\" LIMIT [placeholder-type:numeric]",
        "ba": "The virtual table calculates the ratio of free meal counts to enrollment for students aged 5-17 from the 'frpm' table, filtered by a specific educational option type. The result is ordered by the calculated ratio and limited to a specified number of results.",
        "gold_complexity": 13,
        "gold_sql": "SELECT \"Free Meal Count (Ages 5-17)\" / \"Enrollment (Ages 5-17)\" FROM frpm WHERE \"Educational Option Type\" = 'Continuation School' AND \"Free Meal Count (Ages 5-17)\" / \"Enrollment (Ages 5-17)\" IS NOT NULL ORDER BY \"Free Meal Count (Ages 5-17)\" / \"Enrollment (Ages 5-17)\" ASC LIMIT 3"
    },
    {
        "sample_id": 9510,
        "vt": "SELECT schools.admemail1, schools.school FROM satscores INNER JOIN schools AS T2 ON T1.cds = T2.CDSCode ORDER BY satscores.numge1500 LIMIT [placeholder-type:numeric]",
        "ba": "The virtual table provides a list of administrator email addresses and school names from the 'schools' table, specifically for schools that have SAT scores data. The query joins the 'satscores' table with the 'schools' table based on the common 'cdscode' (CDSCode) to ensure that only relevant schools with SAT scores are included. The results are ordered by the number of test takers whose total SAT scores are greater than or equal to 1500, and the output is limited to a specified number of records.",
        "gold_complexity": 10,
        "gold_sql": "SELECT T2.AdmEmail1, T2.School FROM satscores AS T1 INNER JOIN schools AS T2 ON T1.cds = T2.CDSCode ORDER BY T1.NumGE1500 DESC LIMIT 1"
    },
    {
        "sample_id": 9490,
        "vt": "SELECT schools.county FROM schools WHERE STRFTIME('%Y', schools.closeddate) BETWEEN '[placeholder-type:string]' AND '[placeholder-type:string]' AND schools.statustype = '[placeholder-type:string]' AND schools.soc = [placeholder-type:numeric] GROUP BY schools.county ORDER BY COUNT(schools.school) LIMIT [placeholder-type:numeric]",
        "ba": "The virtual table retrieves the counties of schools that have been closed within a specified range of years, filtered by their status type and school ownership code. The results are grouped by county and ordered by the number of schools in each county, with a limit on the number of counties returned.",
        "gold_complexity": 14,
        "gold_sql": "SELECT County FROM schools WHERE strftime('%Y', ClosedDate) BETWEEN '1980' AND '1989' AND StatusType = 'Closed' AND SOC = 11 GROUP BY County ORDER BY COUNT(School) DESC LIMIT 1"
    },
    {
        "sample_id": 9509,
        "vt": "SELECT schools.admemail1, schools.admemail2 FROM frpm INNER JOIN schools AS T2 ON T1.CDSCode = T2.CDSCode WHERE schools.county = '[placeholder-type:string]' AND schools.city = '[placeholder-type:string]' AND schools.doc = [placeholder-type:numeric] AND STRFTIME('%Y', schools.opendate) BETWEEN '[placeholder-type:string]' AND '[placeholder-type:string]' AND schools.soc = [placeholder-type:numeric]",
        "ba": "The virtual table retrieves the email addresses of school administrators from the 'schools' table, specifically for schools located in a specified county and city, with a certain district ownership code. It also filters the results based on the school's opening date and school ownership code.",
        "gold_complexity": 14,
        "gold_sql": "SELECT T2.AdmEmail1, T2.AdmEmail2 FROM frpm AS T1 INNER JOIN schools AS T2 ON T1.CDSCode = T2.CDSCode WHERE T2.County = 'San Bernardino' AND T2.City = 'San Bernardino' AND T2.DOC = 54 AND strftime('%Y', T2.OpenDate) BETWEEN '2009' AND '2010' AND T2.SOC = 62"
    },
    {
        "sample_id": 9449,
        "vt": "SELECT schools.school, satscores.avgscrwrite, schools.phone FROM schools LEFT JOIN satscores AS T1 ON T2.CDSCode = T1.cds WHERE STRFTIME('%Y', schools.opendate) > '[placeholder-type:string]' OR STRFTIME('%Y', schools.closeddate) < '[placeholder-type:string]'",
        "ba": "The virtual table provides information about schools, including their names, average writing scores from SAT scores, and contact phone numbers. It retrieves data from the 'schools' table and joins it with the 'satscores' table based on the common 'cdscode'. The query filters schools that have opened after a certain year or closed before a certain year, using placeholders for these year values.",
        "gold_complexity": 13,
        "gold_sql": "SELECT T2.School, T1.AvgScrWrite, T2.Phone FROM schools AS T2 LEFT JOIN satscores AS T1 ON T2.CDSCode = T1.cds WHERE strftime('%Y', T2.OpenDate) > '1991' OR strftime('%Y', T2.ClosedDate) < '2000'"
    },
    {
        "sample_id": 9426,
        "vt": "SELECT schools.phone FROM frpm INNER JOIN schools AS T2 ON T1.CDSCode = T2.CDSCode WHERE frpm.\"charter funding type\" = '[placeholder-type:string]' AND frpm.\"charter school (y/n)\" = [placeholder-type:numeric] AND schools.opendate > '[placeholder-type:string]'",
        "ba": "The virtual table retrieves the phone numbers of schools from the 'schools' table that are associated with specific charter funding types and statuses. It filters the results based on whether the school is a charter school and the date the school opened.",
        "gold_complexity": 10,
        "gold_sql": "SELECT T2.Phone FROM frpm AS T1 INNER JOIN schools AS T2 ON T1.CDSCode = T2.CDSCode WHERE T1.\"Charter Funding Type\" = 'Directly funded' AND T1.\"Charter School (Y/N)\" = 1 AND T2.OpenDate > '2000-01-01'"
    },
    {
        "sample_id": 9462,
        "vt": "SELECT schools.phone FROM satscores INNER JOIN schools AS T2 ON T1.cds = T2.CDSCode WHERE schools.district = '[placeholder-type:string]' AND NOT satscores.avgscrread IS NULL ORDER BY satscores.avgscrread LIMIT [placeholder-type:numeric]",
        "ba": "The virtual table retrieves the phone numbers of schools from the 'schools' table that are associated with SAT scores from the 'satscores' table. It filters the results based on a specific district and ensures that only schools with available average reading scores are included. The results are ordered by the average reading scores in ascending order, and a limit is applied to the number of records returned.",
        "gold_complexity": 12,
        "gold_sql": "SELECT T2.Phone FROM satscores AS T1 INNER JOIN schools AS T2 ON T1.cds = T2.CDSCode WHERE T2.District = 'Fresno Unified' AND T1.AvgScrRead IS NOT NULL ORDER BY T1.AvgScrRead ASC LIMIT 1"
    },
    {
        "sample_id": 9434,
        "vt": "SELECT MAX(CAST(frpm.\"free meal count (ages 5-17)\" AS FLOAT) / frpm.\"enrollment (ages 5-17)\") FROM frpm INNER JOIN satscores AS T2 ON T1.CDSCode = T2.cds WHERE CAST(satscores.numge1500 AS FLOAT) / satscores.numtsttakr > [placeholder-type:numeric]",
        "ba": "The virtual table calculates the maximum percentage of eligible free meal counts for students aged 5-17 from the 'frpm' table, based on the enrollment figures for the same age group. It joins the 'frpm' table with the 'satscores' table using the CDSCode to filter schools where the excellence rate, defined as the number of test takers with scores greater than or equal to 1500 divided by the total number of test takers, exceeds a specified numeric threshold.",
        "gold_complexity": 8,
        "gold_sql": "SELECT MAX(CAST(T1.\"Free Meal Count (Ages 5-17)\" AS REAL) / T1.\"Enrollment (Ages 5-17)\") FROM frpm AS T1 INNER JOIN satscores AS T2 ON T1.CDSCode = T2.cds WHERE CAST(T2.NumGE1500 AS REAL) / T2.NumTstTakr > 0.3"
    },
    {
        "sample_id": 9487,
        "vt": "SELECT CAST(SUM(CASE WHEN schools.fundingtype = '[placeholder-type:string]' THEN [placeholder-type:numeric] ELSE [placeholder-type:numeric] END) AS FLOAT) * [placeholder-type:numeric] / SUM(CASE WHEN schools.fundingtype <> '[placeholder-type:string]' THEN [placeholder-type:numeric] ELSE [placeholder-type:numeric] END) FROM schools WHERE schools.county = '[placeholder-type:string]' AND schools.charter = [placeholder-type:numeric]",
        "ba": "The virtual table calculates a weighted average based on the funding type of schools within a specific county. It sums up values conditionally based on whether the funding type matches a specified placeholder, and divides this by the sum of values for schools with a different funding type. The result is then multiplied by another placeholder value, allowing for dynamic adjustments based on user input.",
        "gold_complexity": 7,
        "gold_sql": "SELECT CAST(SUM(CASE WHEN FundingType = 'Locally funded' THEN 1 ELSE 0 END) AS REAL) * 100 / SUM(CASE WHEN FundingType != 'Locally funded' THEN 1 ELSE 0 END) FROM schools WHERE County = 'Santa Clara' AND Charter = 1"
    },
    {
        "sample_id": 9425,
        "vt": "SELECT schools.mailstreet FROM frpm INNER JOIN schools AS T2 ON T1.CDSCode = T2.CDSCode ORDER BY frpm.\"frpm count (k-12)\" LIMIT [placeholder-type:numeric]",
        "ba": "The virtual table retrieves the mailing addresses of schools from the 'schools' table that are associated with the 'frpm' table, which contains data on free or reduced-price meal counts. The results are ordered by the count of free or reduced-price meals for K-12 students, and the number of results returned is limited by a numeric placeholder.",
        "gold_complexity": 8,
        "gold_sql": "SELECT T2.MailStreet FROM frpm AS T1 INNER JOIN schools AS T2 ON T1.CDSCode = T2.CDSCode ORDER BY T1.\"FRPM Count (K-12)\" DESC LIMIT 1"
    },
    {
        "sample_id": 9474,
        "vt": "SELECT COUNT(satscores.cds) FROM satscores INNER JOIN schools AS T2 ON T1.cds = T2.CDSCode WHERE schools.mailcity = '[placeholder-type:string]' AND (satscores.avgscrread + satscores.avgscrmath + satscores.avgscrwrite) >= [placeholder-type:numeric]",
        "ba": "The virtual table counts the number of SAT scores from the 'satscores' table for schools located in a specific city, where the average scores in Reading, Math, and Writing meet or exceed a specified threshold. It joins the 'satscores' table with the 'schools' table based on the CDSCode to filter the results by the city name and the combined average scores.",
        "gold_complexity": 9,
        "gold_sql": "SELECT COUNT(T1.cds) FROM satscores AS T1 INNER JOIN schools AS T2 ON T1.cds = T2.CDSCode WHERE T2.MailCity = 'Lakeport' AND (T1.AvgScrRead + T1.AvgScrMath + T1.AvgScrWrite) >= 1500"
    },
    {
        "sample_id": 9463,
        "vt": "SELECT schools.school FROM (SELECT schools.school, satscores.avgscrread, RANK() OVER (PARTITION BY schools.county ORDER BY satscores.avgscrread) FROM satscores AS T1 INNER JOIN schools AS T2 ON T1.cds = T2.CDSCode WHERE T2.Virtual = 'F') AS ranked_schools WHERE subquery_ranked_schools.rnk <= [placeholder-type:numeric]",
        "ba": "The virtual table lists the names of schools that offer exclusively virtual instruction, ranked by their average reading scores within each county. The ranking is determined by the average reading scores from the 'satscores' table, and only schools with a rank less than or equal to a specified number will be included in the results.",
        "gold_complexity": 15,
        "gold_sql": "SELECT School FROM (SELECT T2.School,T1.AvgScrRead, RANK() OVER (PARTITION BY T2.County ORDER BY T1.AvgScrRead DESC) AS rnk FROM satscores AS T1 INNER JOIN schools AS T2 ON T1.cds = T2.CDSCode WHERE T2.Virtual = 'F' ) ranked_schools WHERE rnk <= 5"
    },
    {
        "sample_id": 9430,
        "vt": "SELECT satscores.numtsttakr FROM satscores WHERE satscores.cds = (SELECT frpm.cdscode FROM frpm ORDER BY \"FRPM Count (K-12)\" DESC LIMIT 1)",
        "ba": "The virtual table retrieves the number of test takers from the 'satscores' table for the school with the highest Free or Reduced Price Meal Count (K-12) from the 'frpm' table. The inner query selects the CDSCode of the school with the maximum FRPM count, which is then used to filter the outer query.",
        "gold_complexity": 13,
        "gold_sql": "SELECT NumTstTakr FROM satscores WHERE cds = ( SELECT CDSCode FROM frpm ORDER BY \"FRPM Count (K-12)\" DESC LIMIT 1 )"
    },
    {
        "sample_id": 9488,
        "vt": "SELECT COUNT(schools.school) FROM schools WHERE STRFTIME('%Y', schools.opendate) BETWEEN '[placeholder-type:string]' AND '[placeholder-type:string]' AND schools.county = '[placeholder-type:string]' AND schools.fundingtype = '[placeholder-type:string]'",
        "ba": "The virtual table counts the number of schools from the 'schools' table that opened within a specific range of years, located in a specified county, and have a particular funding type. The placeholders represent the start year, end year, county name, and funding type respectively.",
        "gold_complexity": 9,
        "gold_sql": "SELECT COUNT(School) FROM schools WHERE strftime('%Y', OpenDate) BETWEEN '2000' AND '2005' AND County = 'Stanislaus' AND FundingType = 'Directly funded'"
    },
    {
        "sample_id": 9504,
        "vt": "SELECT schools.gsoffered FROM schools ORDER BY ABS(schools.longitude) LIMIT [placeholder-type:numeric]",
        "ba": "The virtual table provides a list of grade spans offered by schools from the 'schools' table, sorted by the absolute value of their longitude. The placeholder in the LIMIT clause allows users to specify the maximum number of records to return.",
        "gold_complexity": 7,
        "gold_sql": "SELECT GSoffered FROM schools ORDER BY ABS(longitude) DESC LIMIT 1"
    },
    {
        "sample_id": 9447,
        "vt": "SELECT satscores.sname, frpm.\"charter funding type\" FROM satscores INNER JOIN frpm AS T2 ON T1.cds = T2.CDSCode WHERE frpm.\"district name\" LIKE '[placeholder-type:string]' GROUP BY satscores.sname, frpm.\"charter funding type\" HAVING CAST(SUM(satscores.avgscrmath) AS FLOAT) / COUNT(satscores.cds) > [placeholder-type:numeric]",
        "ba": "The virtual table provides a summary of school names and their corresponding charter funding types from the 'satscores' and 'frpm' tables. It filters the results based on a specific district name and calculates the average math scores for schools in that district, only including those with an average score above a specified numeric threshold.",
        "gold_complexity": 15,
        "gold_sql": "SELECT T1.sname, T2.\"Charter Funding Type\" FROM satscores AS T1 INNER JOIN frpm AS T2 ON T1.cds = T2.CDSCode WHERE T2.\"District Name\" LIKE 'Riverside%' GROUP BY T1.sname, T2.\"Charter Funding Type\" HAVING CAST(SUM(T1.AvgScrMath) AS REAL) / COUNT(T1.cds) > 400"
    },
    {
        "sample_id": 9452,
        "vt": "SELECT schools.city FROM frpm INNER JOIN schools AS T2 ON T1.CDSCode = T2.CDSCode GROUP BY schools.city ORDER BY SUM(frpm.\"enrollment (k-12)\") LIMIT [placeholder-type:numeric]",
        "ba": "The virtual table provides a list of cities where schools are located, based on the enrollment data from the 'frpm' table. It joins the 'frpm' table with the 'schools' table using the CDSCode to ensure that only relevant records are considered. The results are grouped by city, and the total enrollment for each city is summed to determine the order of the cities. The output is limited to a specified number of cities.",
        "gold_complexity": 10,
        "gold_sql": "SELECT T2.City FROM frpm AS T1 INNER JOIN schools AS T2 ON T1.CDSCode = T2.CDSCode GROUP BY T2.City ORDER BY SUM(T1.\"Enrollment (K-12)\") ASC LIMIT 5"
    },
    {
        "sample_id": 9502,
        "vt": "SELECT frpm.\"school type\", frpm.\"school name\", schools.latitude FROM frpm INNER JOIN schools AS T2 ON T1.CDSCode = T2.CDSCode ORDER BY schools.latitude LIMIT [placeholder-type:numeric]",
        "ba": "The virtual table describes the school type, school name, and latitude of schools from the 'frpm' and 'schools' tables. It retrieves this information by joining the two tables on the CDSCode, which is a common identifier. The results are ordered by the latitude of the schools, and a limit is applied to control the number of records returned.",
        "gold_complexity": 12,
        "gold_sql": "SELECT T1.\"School Type\", T1.\"School Name\", T2.Latitude FROM frpm AS T1 INNER JOIN schools AS T2 ON T1.CDSCode = T2.CDSCode ORDER BY T2.Latitude DESC LIMIT 1"
    },
    {
        "sample_id": 9485,
        "vt": "SELECT schools.admfname1, schools.admlname1, schools.school, schools.city FROM schools WHERE schools.charter = [placeholder-type:numeric] AND schools.charternum = '[placeholder-type:string]'",
        "ba": "The virtual table describes the first and last names of administrators, along with the school name and city, from the 'schools' table. It filters the results based on whether the school is a charter school and its corresponding charter number, using placeholders for numeric and string values.",
        "gold_complexity": 13,
        "gold_sql": "SELECT AdmFName1, AdmLName1, School, City FROM schools WHERE Charter = 1 AND CharterNum = '00D2'"
    },
    {
        "sample_id": 9501,
        "vt": "SELECT schools.county, COUNT(schools.virtual) FROM schools WHERE (schools.county = '[placeholder-type:string]' OR schools.county = '[placeholder-type:string]') AND schools.virtual = '[placeholder-type:string]' GROUP BY schools.county ORDER BY COUNT(schools.virtual) LIMIT [placeholder-type:numeric]",
        "ba": "The virtual table summarizes the count of schools based on their virtual instruction type within specified counties. It filters the results to include only those schools located in the given counties and that match a specific virtual instruction type. The results are grouped by county and ordered by the count of virtual schools, with a limit on the number of results returned.",
        "gold_complexity": 14,
        "gold_sql": "SELECT County, COUNT(Virtual) FROM schools WHERE (County = 'San Diego' OR County = 'Santa Barbara') AND Virtual = 'F' GROUP BY County ORDER BY COUNT(Virtual) DESC LIMIT 1"
    },
    {
        "sample_id": 9450,
        "vt": "SELECT schools.school, schools.doc FROM frpm INNER JOIN schools AS T2 ON T1.CDSCode = T2.CDSCode WHERE schools.fundingtype = '[placeholder-type:string]' AND (frpm.\"enrollment (k-12)\" - frpm.\"enrollment (ages 5-17)\") > (SELECT AVG(frpm.\"enrollment (k-12)\" - frpm.\"enrollment (ages 5-17)\") FROM frpm AS T3 INNER JOIN schools AS T4 ON T3.CDSCode = T4.CDSCode WHERE T4.FundingType = 'Locally funded')",
        "ba": "The virtual table retrieves the names of schools and their district ownership codes from the 'schools' table, filtering for schools with a specific funding type. It also includes a condition that compares the difference between total K-12 enrollment and enrollment for ages 5-17 against the average difference for locally funded schools.",
        "gold_complexity": 15,
        "gold_sql": "SELECT T2.School, T2.DOC FROM frpm AS T1 INNER JOIN schools AS T2 ON T1.CDSCode = T2.CDSCode WHERE T2.FundingType = 'Locally funded' AND (T1.\"Enrollment (K-12)\" - T1.\"Enrollment (Ages 5-17)\") > (SELECT AVG(T3.\"Enrollment (K-12)\" - T3.\"Enrollment (Ages 5-17)\") FROM frpm AS T3 INNER JOIN schools AS T4 ON T3.CDSCode = T4.CDSCode WHERE T4.FundingType = 'Locally funded')"
    },
    {
        "sample_id": 9506,
        "vt": "SELECT DISTINCT schools.admfname1, schools.district FROM schools INNER JOIN (SELECT admfname1 FROM schools GROUP BY admfname1 ORDER BY COUNT(admfname1) DESC LIMIT 2) AS T2 ON T1.AdmFName1 = T2.admfname1",
        "ba": "The virtual table provides a list of distinct first names of administrators along with their corresponding school districts from the 'schools' table. It filters the results to include only the top two most common first names of administrators, ensuring that the output is concise and focused on the most frequently occurring names.",
        "gold_complexity": 14,
        "gold_sql": "SELECT DISTINCT T1.AdmFName1, T1.District FROM schools AS T1 INNER JOIN ( SELECT admfname1 FROM schools GROUP BY admfname1 ORDER BY COUNT(admfname1) DESC LIMIT 2 ) AS T2 ON T1.AdmFName1 = T2.admfname1"
    },
    {
        "sample_id": 9476,
        "vt": "SELECT schools.school, schools.mailzip FROM schools WHERE schools.admfname1 = '[placeholder-type:string]' AND schools.admlname1 = '[placeholder-type:string]'",
        "ba": "The virtual table describes the names and mailing zip codes of schools from the 'schools' table where the first and last names of the administrators match specified values. The placeholders in the WHERE clause represent the first and last names of the administrators.",
        "gold_complexity": 9,
        "gold_sql": "SELECT School, MailZip FROM schools WHERE AdmFName1 = 'Avetik' AND AdmLName1 = 'Atoian'"
    },
    {
        "sample_id": 9446,
        "vt": "SELECT frpm.\"school name\" FROM satscores INNER JOIN frpm AS T2 ON T1.cds = T2.CDSCode WHERE CAST(frpm.\"free meal count (k-12)\" AS FLOAT) / frpm.\"enrollment (k-12)\" > [placeholder-type:numeric] AND satscores.numge1500 > [placeholder-type:numeric]",
        "ba": "The virtual table lists the names of schools from the 'frpm' table that meet specific criteria regarding free meal counts and SAT scores. It joins the 'satscores' table with the 'frpm' table based on the CDSCode, filtering for schools where the ratio of free meal count to enrollment exceeds a certain numeric threshold and where the number of test takers with scores greater than or equal to 1500 also exceeds another numeric threshold.",
        "gold_complexity": 8,
        "gold_sql": "SELECT T2.\"School Name\" FROM satscores AS T1 INNER JOIN frpm AS T2 ON T1.cds = T2.CDSCode WHERE CAST(T2.\"Free Meal Count (K-12)\" AS REAL) / T2.\"Enrollment (K-12)\" > 0.1 AND T1.NumGE1500 > 0"
    },
    {
        "sample_id": 9445,
        "vt": "SELECT schools.school, schools.street FROM schools INNER JOIN frpm AS T2 ON T1.CDSCode = T2.CDSCode WHERE frpm.\"enrollment (k-12)\" - frpm.\"enrollment (ages 5-17)\" > [placeholder-type:numeric]",
        "ba": "The virtual table describes the names and street addresses of schools from the 'schools' table that have a difference in enrollment between K-12 and ages 5-17 greater than a specified numeric value. The query joins the 'schools' table with the 'frpm' table using the CDSCode to filter the results based on the enrollment criteria.",
        "gold_complexity": 9,
        "gold_sql": "SELECT T1.School, T1.Street FROM schools AS T1 INNER JOIN frpm AS T2 ON T1.CDSCode = T2.CDSCode WHERE T2.\"Enrollment (K-12)\" - T2.\"Enrollment (Ages 5-17)\" > 30"
    },
    {
        "sample_id": 9508,
        "vt": "SELECT schools.admlname1, schools.district, schools.county, schools.school FROM schools WHERE schools.charternum = '[placeholder-type:string]'",
        "ba": "The virtual table describes the administrator's last name, district, county, and school name from the 'schools' table for a specific charter school identified by its charter number. The placeholder in the WHERE clause represents the charter school number.",
        "gold_complexity": 12,
        "gold_sql": "SELECT AdmLName1, District, County, School FROM schools WHERE CharterNum = '0040'"
    },
    {
        "sample_id": 9491,
        "vt": "SELECT schools.ncesdist FROM schools WHERE schools.soc = [placeholder-type:numeric]",
        "ba": "The virtual table retrieves the National Center for Educational Statistics (NCES) district identification number from the 'schools' table for schools that match a specific School Ownership Code (SOC). The placeholder in the WHERE clause represents the SOC value to filter the results accordingly.",
        "gold_complexity": 6,
        "gold_sql": "SELECT NCESDist FROM schools WHERE SOC = 31"
    },
    {
        "sample_id": 9422,
        "vt": "SELECT frpm.\"free meal count (k-12)\" / frpm.\"enrollment (k-12)\" FROM frpm WHERE frpm.\"county name\" = '[placeholder-type:string]' ORDER BY (CAST(frpm.\"free meal count (k-12)\" AS FLOAT) / frpm.\"enrollment (k-12)\") LIMIT [placeholder-type:numeric]",
        "ba": "The virtual table calculates the ratio of free meal counts to total enrollment for K-12 students in a specific county from the 'frpm' table. The result is ordered by the calculated ratio and limited to a specified number of results.",
        "gold_complexity": 11,
        "gold_sql": "SELECT \"Free Meal Count (K-12)\" / \"Enrollment (K-12)\" FROM frpm WHERE \"County Name\" = 'Alameda' ORDER BY (CAST(\"Free Meal Count (K-12)\" AS REAL) / \"Enrollment (K-12)\") DESC LIMIT 1"
    },
    {
        "sample_id": 9507,
        "vt": "SELECT frpm.\"free meal count (k-12)\" * [placeholder-type:numeric] / frpm.\"enrollment (k-12)\", frpm.\"district code\" FROM frpm INNER JOIN schools AS T2 ON T1.CDSCode = T2.CDSCode WHERE schools.admfname1 = '[placeholder-type:string]'",
        "ba": "The virtual table calculates the ratio of free meal count to enrollment for K-12 students from the 'frpm' table, filtered by the first name of the administrator from the 'schools' table. The result includes the calculated ratio and the district code.",
        "gold_complexity": 10,
        "gold_sql": "SELECT T1.\"Free Meal Count (K-12)\" * 100 / T1.\"Enrollment (K-12)\", T1.\"District Code\" FROM frpm AS T1 INNER JOIN schools AS T2 ON T1.CDSCode = T2.CDSCode WHERE T2.AdmFName1 = 'Alusine'"
    },
    {
        "sample_id": 9489,
        "vt": "SELECT COUNT(schools.school) FROM schools WHERE STRFTIME('%Y', schools.closeddate) = '[placeholder-type:string]' AND schools.city = '[placeholder-type:string]' AND schools.doctype = '[placeholder-type:string]'",
        "ba": "The virtual table counts the number of schools from the 'schools' table that were closed in a specific year, located in a specific city, and have a specific type of district ownership.",
        "gold_complexity": 8,
        "gold_sql": "SELECT COUNT(School) FROM schools WHERE strftime('%Y', ClosedDate) = '1989' AND City = 'San Francisco' AND DOCType = 'Community College District'"
    },
    {
        "sample_id": 9478,
        "vt": "SELECT COUNT(schools.cdscode) FROM schools WHERE schools.city = '[placeholder-type:string]' AND schools.mailstate = '[placeholder-type:string]' AND schools.statustype = '[placeholder-type:string]'",
        "ba": "The virtual table counts the number of schools from the 'schools' table that are located in a specific city and state, and have a particular status type. The placeholders in the WHERE clause represent the city name, state name, and status type of the schools.",
        "gold_complexity": 8,
        "gold_sql": "SELECT COUNT(CDSCode) FROM schools WHERE City = 'San Joaquin' AND MailState = 'CA' AND StatusType = 'Active'"
    },
    {
        "sample_id": 9460,
        "vt": "SELECT schools.website FROM satscores INNER JOIN schools AS T2 ON T1.cds = T2.CDSCode WHERE satscores.numtsttakr BETWEEN [placeholder-type:numeric] AND [placeholder-type:numeric] AND schools.county = '[placeholder-type:string]'",
        "ba": "The virtual table retrieves the website addresses of schools from the 'schools' table that are associated with SAT scores from the 'satscores' table. It filters the results based on the number of test takers falling within a specified range and the county name.",
        "gold_complexity": 9,
        "gold_sql": "SELECT T2.Website FROM satscores AS T1 INNER JOIN schools AS T2 ON T1.cds = T2.CDSCode WHERE T1.NumTstTakr BETWEEN 2000 AND 3000 AND T2.County = 'Los Angeles'"
    },
    {
        "sample_id": 9464,
        "vt": "SELECT schools.edopsname FROM satscores INNER JOIN schools AS T2 ON T1.cds = T2.CDSCode ORDER BY satscores.avgscrmath LIMIT [placeholder-type:numeric]",
        "ba": "The virtual table retrieves the educational option names from the 'schools' table, specifically for schools that have corresponding SAT scores in the 'satscores' table. The results are ordered by the average math scores from the SATs, and the number of results returned is limited by a numeric placeholder.",
        "gold_complexity": 8,
        "gold_sql": "SELECT T2.EdOpsName FROM satscores AS T1 INNER JOIN schools AS T2 ON T1.cds = T2.CDSCode ORDER BY T1.AvgScrMath DESC LIMIT 1"
    },
    {
        "sample_id": 9473,
        "vt": "SELECT schools.mailstreet, schools.school FROM satscores INNER JOIN schools AS T2 ON T1.cds = T2.CDSCode WHERE NOT satscores.avgscrread IS NULL ORDER BY satscores.avgscrread LIMIT [placeholder-type:numeric]",
        "ba": "The virtual table provides the mailing address and name of schools that have recorded average reading scores. It combines data from the 'satscores' and 'schools' tables, ensuring that only schools with non-null average reading scores are included. The results are ordered by average reading scores, and a limit is applied to the number of records returned.",
        "gold_complexity": 12,
        "gold_sql": "SELECT T2.MailStreet, T2.School FROM satscores AS T1 INNER JOIN schools AS T2 ON T1.cds = T2.CDSCode WHERE T1.AvgScrRead IS NOT NULL ORDER BY T1.AvgScrRead ASC LIMIT 1"
    },
    {
        "sample_id": 9429,
        "vt": "SELECT schools.phone FROM satscores INNER JOIN schools AS T2 ON T1.cds = T2.CDSCode ORDER BY satscores.numge1500 LIMIT [placeholder-type:numeric]",
        "ba": "The virtual table provides the phone numbers of schools from the 'schools' table that are associated with SAT scores from the 'satscores' table. The results are ordered by the number of test takers whose total SAT scores are greater than or equal to a specified threshold, and the output is limited to a certain number of records as indicated by a placeholder.",
        "gold_complexity": 8,
        "gold_sql": "SELECT T2.Phone FROM satscores AS T1 INNER JOIN schools AS T2 ON T1.cds = T2.CDSCode ORDER BY T1.NumGE1500 DESC LIMIT 1"
    },
    {
        "sample_id": 9437,
        "vt": "SELECT schools.district FROM schools INNER JOIN satscores AS T2 ON T1.CDSCode = T2.cds WHERE schools.statustype = '[placeholder-type:string]' ORDER BY satscores.avgscrread LIMIT [placeholder-type:numeric]",
        "ba": "The virtual table retrieves the district names from the 'schools' table for schools that have a specific status type. It joins the 'schools' table with the 'satscores' table based on the CDSCode to ensure that only schools with corresponding SAT scores are included. The results are ordered by the average reading scores from the 'satscores' table, and a limit is applied to control the number of results returned.",
        "gold_complexity": 10,
        "gold_sql": "SELECT T1.District FROM schools AS T1 INNER JOIN satscores AS T2 ON T1.CDSCode = T2.cds WHERE T1.StatusType = 'Active' ORDER BY T2.AvgScrRead DESC LIMIT 1"
    },
    {
        "sample_id": 9427,
        "vt": "SELECT COUNT(DISTINCT T2.School) FROM satscores INNER JOIN schools AS T2 ON T1.cds = T2.CDSCode WHERE schools.virtual = '[placeholder-type:string]' AND satscores.avgscrmath > [placeholder-type:numeric]",
        "ba": "The virtual table counts the number of distinct schools from the 'satscores' table that have a specific type of virtual instruction and have an average math score above a certain threshold. It joins the 'satscores' table with the 'schools' table based on the CDSCode to filter the results accordingly.",
        "gold_complexity": 10,
        "gold_sql": "SELECT COUNT(DISTINCT T2.School) FROM satscores AS T1 INNER JOIN schools AS T2 ON T1.cds = T2.CDSCode WHERE T2.Virtual = 'F' AND T1.AvgScrMath > 400"
    },
    {
        "sample_id": 9486,
        "vt": "SELECT COUNT(*) FROM schools WHERE schools.charternum = '[placeholder-type:string]' AND schools.mailcity = '[placeholder-type:string]'",
        "ba": "The virtual table counts the number of schools from the 'schools' table that are identified as charter schools based on a specific charter school number and located in a specified city. The placeholders represent the charter school number and the city name.",
        "gold_complexity": 7,
        "gold_sql": "SELECT COUNT(*) FROM schools WHERE CharterNum = '00D4' AND MailCity = 'Hickman'"
    },
    {
        "sample_id": 9479,
        "vt": "SELECT schools.phone, schools.ext FROM satscores INNER JOIN schools AS T2 ON T1.cds = T2.CDSCode ORDER BY satscores.avgscrwrite LIMIT [placeholder-type:numeric] OFFSET [placeholder-type:numeric]",
        "ba": "The virtual table retrieves the phone number and extension of schools from the 'schools' table, based on their association with SAT scores from the 'satscores' table. The results are ordered by the average writing scores of the schools, with pagination controlled by placeholders for limiting the number of results and specifying an offset.",
        "gold_complexity": 10,
        "gold_sql": "SELECT T2.Phone, T2.Ext FROM satscores AS T1 INNER JOIN schools AS T2 ON T1.cds = T2.CDSCode ORDER BY T1.AvgScrWrite DESC LIMIT 332, 1"
    },
    {
        "sample_id": 9472,
        "vt": "SELECT schools.mailstreet, schools.school FROM satscores INNER JOIN schools AS T2 ON T1.cds = T2.CDSCode ORDER BY satscores.avgscrmath LIMIT [placeholder-type:numeric] OFFSET [placeholder-type:numeric]",
        "ba": "The virtual table provides a list of school mailing addresses and their names from the 'schools' table, ordered by the average math scores from the 'satscores' table. The query uses an inner join to connect the two tables based on the CDSCode, ensuring that only schools with corresponding SAT scores are included. The results can be limited and offset using numeric placeholders for pagination.",
        "gold_complexity": 10,
        "gold_sql": "SELECT T2.MailStreet, T2.School FROM satscores AS T1 INNER JOIN schools AS T2 ON T1.cds = T2.CDSCode ORDER BY T1.AvgScrMath DESC LIMIT 6, 1"
    },
    {
        "sample_id": 9497,
        "vt": "SELECT schools.eilname, schools.school FROM frpm INNER JOIN schools AS T2 ON T1.CDSCode = T2.CDSCode WHERE frpm.\"nslp provision status\" = '[placeholder-type:string]' AND frpm.\"county code\" = [placeholder-type:numeric]",
        "ba": "The virtual table describes the educational institutions' names and their corresponding educational instruction level names from the 'frpm' and 'schools' tables. It filters the results based on the NSLP provision status and county code, allowing users to specify these criteria.",
        "gold_complexity": 10,
        "gold_sql": "SELECT T2.EILName, T2.School FROM frpm AS T1 INNER JOIN schools AS T2 ON T1.CDSCode = T2.CDSCode WHERE T1.\"NSLP Provision Status\" = 'Breakfast Provision 2' AND T1.\"County Code\" = 37"
    },
    {
        "sample_id": 9505,
        "vt": "SELECT schools.city, COUNT(schools.cdscode) FROM frpm INNER JOIN schools AS T2 ON T1.CDSCode = T2.CDSCode WHERE schools.magnet = [placeholder-type:numeric] AND schools.gsoffered = '[placeholder-type:string]' AND frpm.\"nslp provision status\" = '[placeholder-type:string]' GROUP BY schools.city",
        "ba": "The virtual table summarizes the number of schools located in each city that meet specific criteria, including whether they are magnet schools, the grade span they offer, and their NSLP provision status. The placeholders allow users to specify the magnet status, grade span, and NSLP provision status they are interested in.",
        "gold_complexity": 13,
        "gold_sql": "SELECT T2.City, COUNT(T2.CDSCode) FROM frpm AS T1 INNER JOIN schools AS T2 ON T1.CDSCode = T2.CDSCode WHERE T2.Magnet = 1 AND T2.GSoffered = 'K-8' AND T1.\"NSLP Provision Status\" = 'Multiple Provision Types' GROUP BY T2.City"
    }
]