[
    {
        "sample_id": 1247,
        "vt": "SELECT episode.title FROM episode INNER JOIN Keyword AS T2 ON T1.episode_id = T2.episode_id WHERE keyword.keyword = '[placeholder-type:string]'",
        "ba": "The virtual table describes the titles of episodes from the 'episode' table that are associated with a specific keyword. The query uses an inner join with the 'keyword' table to filter episodes based on the provided keyword, represented by a placeholder.",
        "gold_complexity": 7,
        "gold_sql": "SELECT T1.title FROM Episode AS T1 INNER JOIN Keyword AS T2 ON T1.episode_id = T2.episode_id WHERE T2.keyword = 'laundering money'"
    },
    {
        "sample_id": 1325,
        "vt": "SELECT episode.title, episode.air_date FROM episode INNER JOIN Credit AS T2 ON T1.episode_id = T2.episode_id INNER JOIN Person AS T3 ON T3.person_id = T2.person_id WHERE credit.category = '[placeholder-type:string]' AND credit.role = '[placeholder-type:string]' AND person.name = '[placeholder-type:string]'",
        "ba": "The virtual table describes the titles and air dates of episodes from the 'episode' table that are associated with specific credits. It filters the results based on the credit category, the role of the person in the episode, and the name of the person involved. The placeholders represent the specific values for credit category, role, and person's name.",
        "gold_complexity": 12,
        "gold_sql": "SELECT T1.title, T1.air_date FROM Episode AS T1 INNER JOIN Credit AS T2 ON T1.episode_id = T2.episode_id INNER JOIN Person AS T3 ON T3.person_id = T2.person_id WHERE T2.category = 'Produced by' AND T2.role = 'producer' AND T3.name = 'Billy Fox'"
    },
    {
        "sample_id": 1320,
        "vt": "SELECT award.organization, award.year, award.award, award.award_category FROM person INNER JOIN Award AS T2 ON T1.person_id = T2.person_id WHERE person.name = '[placeholder-type:string]' AND award.result = '[placeholder-type:string]'",
        "ba": "The virtual table describes the organizations, years, specific awards, and award categories associated with a person based on their name and the result of their award nomination. The placeholders in the WHERE clause represent the person's name and the result of the award nomination (either 'Nominee' or 'Winner').",
        "gold_complexity": 14,
        "gold_sql": "SELECT T2.organization, T2.year, T2.award, T2.award_category FROM Person AS T1 INNER JOIN Award AS T2 ON T1.person_id = T2.person_id WHERE T1.name = 'Rene Balcer' AND T2.result = 'Winner'"
    },
    {
        "sample_id": 1294,
        "vt": "SELECT COUNT(episode.episode_id) FROM episode INNER JOIN Vote AS T2 ON T1.episode_id = T2.episode_id WHERE episode.episode = [placeholder-type:numeric] AND vote.stars = [placeholder-type:numeric]",
        "ba": "The virtual table counts the number of episodes from the 'episode' table that have received a specific rating from viewers. It joins the 'episode' table with the 'vote' table to filter episodes based on their sequential number within a season and the number of stars given by viewers. The placeholders represent the specific episode number and the star rating.",
        "gold_complexity": 8,
        "gold_sql": "SELECT COUNT(T1.episode_id) FROM Episode AS T1 INNER JOIN Vote AS T2 ON T1.episode_id = T2.episode_id WHERE T1.episode = 24 AND T2.stars = 1"
    },
    {
        "sample_id": 1351,
        "vt": "SELECT episode.title FROM episode INNER JOIN Vote AS T2 ON T1.episode_id = T2.episode_id GROUP BY episode.title ORDER BY SUM(episode.votes) LIMIT [placeholder-type:numeric]",
        "ba": "The virtual table presents the titles of episodes from the 'episode' table, which are aggregated based on the total number of votes received. The query joins the 'episode' table with the 'vote' table to access the voting data, groups the results by episode title, and orders them by the sum of votes in descending order. A placeholder is included to limit the number of results returned, allowing users to specify how many episode titles they wish to retrieve.",
        "gold_complexity": 10,
        "gold_sql": "SELECT T1.title FROM Episode AS T1 INNER JOIN Vote AS T2 ON T1.episode_id = T2.episode_id GROUP BY T1.title ORDER BY SUM(T1.votes) DESC LIMIT 1"
    },
    {
        "sample_id": 1287,
        "vt": "SELECT award.organization FROM person INNER JOIN Award AS T2 ON T1.person_id = T2.person_id WHERE person.name = '[placeholder-type:string]' AND award.result = '[placeholder-type:string]' GROUP BY award.organization ORDER BY COUNT(award.award_id) LIMIT [placeholder-type:numeric]",
        "ba": "The virtual table describes the organizations that have nominated a person for awards, filtered by the person's name and the result of the nomination. The results are grouped by organization and ordered by the count of awards, with a limit on the number of organizations returned.",
        "gold_complexity": 13,
        "gold_sql": "SELECT T2.organization FROM Person AS T1 INNER JOIN Award AS T2 ON T1.person_id = T2.person_id WHERE T1.name = 'Constantine Makris' AND T2.result = 'Winner' GROUP BY T2.organization ORDER BY COUNT(T2.award_id) DESC LIMIT 1"
    },
    {
        "sample_id": 1333,
        "vt": "SELECT person.name FROM episode INNER JOIN Credit AS T2 ON T1.episode_id = T2.episode_id INNER JOIN Person AS T3 ON T3.person_id = T2.person_id WHERE episode.episode = [placeholder-type:numeric]",
        "ba": "The virtual table describes the names of persons who have credits in a specific episode of a series. It retrieves data from the 'episode' table and joins it with the 'credit' table to find the relevant credits associated with that episode. The placeholder in the WHERE clause represents the specific episode number within a season.",
        "gold_complexity": 8,
        "gold_sql": "SELECT T3.name FROM Episode AS T1 INNER JOIN Credit AS T2 ON T1.episode_id = T2.episode_id INNER JOIN Person AS T3 ON T3.person_id = T2.person_id WHERE T1.episode = 9"
    },
    {
        "sample_id": 1315,
        "vt": "SELECT CAST(SUM(vote.stars) AS FLOAT) / COUNT(credit.episode_id) FROM person INNER JOIN Credit AS T2 ON T1.person_id = T2.person_id INNER JOIN Vote AS T3 ON T2.episode_id = T3.episode_id WHERE vote.stars = [placeholder-type:numeric] AND person.name = '[placeholder-type:string]'",
        "ba": "The virtual table calculates the average rating of episodes based on viewer votes for a specific person. It joins the 'person' table with the 'credit' table to find the episodes in which the person has credits, and then it joins with the 'vote' table to get the stars given by viewers for those episodes. The result is filtered by a specific number of stars and the person's name.",
        "gold_complexity": 10,
        "gold_sql": "SELECT CAST(SUM(T3.stars) AS REAL) / COUNT(T2.episode_id) FROM Person AS T1 INNER JOIN Credit AS T2 ON T1.person_id = T2.person_id INNER JOIN Vote AS T3 ON T2.episode_id = T3.episode_id WHERE T3.stars = 1 AND T1.name = 'Jim Bracchitta'"
    },
    {
        "sample_id": 1259,
        "vt": "SELECT episode.title FROM vote INNER JOIN Episode AS T2 ON T2.episode_id = T1.episode_id WHERE vote.stars = [placeholder-type:numeric] ORDER BY vote.votes LIMIT [placeholder-type:numeric]",
        "ba": "The virtual table presents the titles of episodes from the 'episode' table that have received a specific number of stars from viewers. The query joins the 'vote' table to filter episodes based on viewer ratings, using placeholders for the number of stars and the limit on the number of results returned.",
        "gold_complexity": 10,
        "gold_sql": "SELECT T2.title FROM Vote AS T1 INNER JOIN Episode AS T2 ON T2.episode_id = T1.episode_id WHERE T1.stars = 1 ORDER BY T1.votes DESC LIMIT 1"
    },
    {
        "sample_id": 1321,
        "vt": "SELECT t3.years, t3.episode_id FROM (SELECT DISTINCT award.year, award.episode_id, ROW_NUMBER() OVER (PARTITION BY award.episode_id ORDER BY award.year) FROM Person AS T1 INNER JOIN Award AS T2 ON T1.person_id = T2.person_id WHERE T2.award = 'Television' AND T2.award_category = 'Silver Gavel Award' AND T1.name = 'Constantine Makris' AND T2.result = 'Winner' AND T2.organization = 'American Bar Association Silver Gavel Awards for Media and the Arts') AS t3 GROUP BY t3.episode_id HAVING COUNT(t3.years - t3.rm) >= [placeholder-type:numeric]",
        "ba": "The virtual table retrieves the years and episode IDs of episodes that have won the 'Silver Gavel Award' for 'Television' by the person named 'Constantine Makris'. It filters the awards based on the specified criteria and groups the results by episode ID, ensuring that only episodes with a certain number of awards are included.",
        "gold_complexity": 25,
        "gold_sql": "SELECT t3.years, t3.episode_id FROM ( SELECT DISTINCT T2.year AS years, T2.episode_id, row_number() OVER (PARTITION BY T2.episode_id ORDER BY T2.year) AS rm FROM Person AS T1 INNER JOIN Award AS T2 ON T1.person_id = T2.person_id WHERE T2.award = 'Television' AND T2.award_category = 'Silver Gavel Award' AND T1.name = 'Constantine Makris' AND T2.result = 'Winner' AND T2.organization = 'American Bar Association Silver Gavel Awards for Media and the Arts' ) AS T3 GROUP BY t3.episode_id HAVING COUNT(t3.years - t3.rm) >= 2"
    },
    {
        "sample_id": 1319,
        "vt": "SELECT person.name, award.role FROM person INNER JOIN Award AS T2 ON T1.person_id = T2.person_id WHERE award.year = [placeholder-type:numeric] AND award.award_category = '[placeholder-type:string]' AND award.award = '[placeholder-type:string]'",
        "ba": "The virtual table describes the names of persons and their roles from the 'person' table who have received nominations for a specific award in a given year and category. The placeholders in the WHERE clause represent the year, award category, and specific award name.",
        "gold_complexity": 11,
        "gold_sql": "SELECT T1.name, T2.role FROM Person AS T1 INNER JOIN Award AS T2 ON T1.person_id = T2.person_id WHERE T2.year = 2000 AND T2.award_category = 'Edgar' AND T2.award = 'Best Television Episode'"
    },
    {
        "sample_id": 1330,
        "vt": "SELECT CAST(SUM(CASE WHEN credit.category = '[placeholder-type:string]' THEN [placeholder-type:numeric] ELSE [placeholder-type:numeric] END) AS FLOAT) * [placeholder-type:numeric] / COUNT(credit.category), award.role FROM award INNER JOIN Credit AS T2 ON T1.episode_id = T2.episode_id INNER JOIN Episode AS T3 ON T2.episode_id = T3.episode_id INNER JOIN Person AS T4 ON T2.person_id = T4.person_id WHERE episode.episode = [placeholder-type:numeric] AND person.birth_country = '[placeholder-type:string]'",
        "ba": "The virtual table calculates the weighted average of credits for a specific category of roles in episodes of a series, filtered by the episode number and the birth country of the person associated with the credits. The placeholders represent the category of credit, the episode number, and the birth country of the person.",
        "gold_complexity": 12,
        "gold_sql": "SELECT CAST(SUM(CASE WHEN T2.category = 'Cast' THEN 1 ELSE 0 END) AS REAL) * 100 / COUNT(T2.category), T1.role FROM Award AS T1 INNER JOIN Credit AS T2 ON T1.episode_id = T2.episode_id INNER JOIN Episode AS T3 ON T2.episode_id = T3.episode_id INNER JOIN Person AS T4 ON T2.person_id = T4.person_id WHERE T3.episode = 2 AND T4.birth_country = 'USA'"
    },
    {
        "sample_id": 1300,
        "vt": "SELECT episode.title FROM episode ORDER BY episode.rating LIMIT [placeholder-type:numeric]",
        "ba": "The virtual table lists the titles of episodes from the 'episode' table, ordered by their ratings in descending order. The placeholder in the LIMIT clause indicates the maximum number of episode titles to return.",
        "gold_complexity": 7,
        "gold_sql": "SELECT title FROM Episode ORDER BY rating LIMIT 3"
    },
    {
        "sample_id": 1272,
        "vt": "SELECT COUNT(person.person_id) FROM person INNER JOIN Award AS T2 ON T1.person_id = T2.person_id WHERE award.result = '[placeholder-type:string]' GROUP BY person.person_id HAVING COUNT(award.award_id) >= [placeholder-type:numeric]",
        "ba": "The virtual table counts the number of unique persons who have received a specific award result from the 'award' table. It joins the 'person' table with the 'award' table based on the person ID, filters the results based on the award result using a placeholder for string values, and groups the results by person ID. Additionally, it only includes persons who have received a certain number of awards, specified by a numeric placeholder.",
        "gold_complexity": 11,
        "gold_sql": "SELECT COUNT(T1.person_id) FROM Person AS T1 INNER JOIN Award AS T2 ON T1.person_id = T2.person_id WHERE T2.result = 'Winner' GROUP BY T1.person_id HAVING COUNT(T2.award_id) >= 3"
    },
    {
        "sample_id": 1257,
        "vt": "SELECT credit.credited FROM credit INNER JOIN Person AS T2 ON T2.person_id = T1.person_id WHERE person.name = '[placeholder-type:string]' AND credit.episode_id = '[placeholder-type:string]'",
        "ba": "The virtual table displays whether a specific person's credit was shown in the episode credits for a given episode. It retrieves this information by joining the 'credit' table with the 'person' table based on the person's ID, filtering by the person's name and the episode ID.",
        "gold_complexity": 8,
        "gold_sql": "SELECT T1.credited FROM Credit AS T1 INNER JOIN Person AS T2 ON T2.person_id = T1.person_id WHERE T2.name = 'Anthony Azzara' AND T1.episode_id = 'tt0629204'"
    },
    {
        "sample_id": 1289,
        "vt": "SELECT COUNT(credit.person_id) FROM episode INNER JOIN Credit AS T2 ON T1.episode_id = T2.episode_id WHERE episode.title = '[placeholder-type:string]' AND credit.credited = '[placeholder-type:string]'",
        "ba": "The virtual table counts the number of credited individuals for a specific episode title from the 'episode' table. It filters the results based on whether the credit was displayed in the episode's credits, using placeholders for both the episode title and the credited status.",
        "gold_complexity": 8,
        "gold_sql": "SELECT COUNT(T2.person_id) FROM Episode AS T1 INNER JOIN Credit AS T2 ON T1.episode_id = T2.episode_id WHERE T1.title = 'Admissions' AND T2.credited = 'false'"
    },
    {
        "sample_id": 1310,
        "vt": "SELECT award.role FROM person INNER JOIN Award AS T2 ON T1.person_id = T2.person_id WHERE award.result = '[placeholder-type:string]' AND person.name = '[placeholder-type:string]'",
        "ba": "The virtual table describes the roles of individuals who have been nominated for awards in relation to their participation in episodes. It filters the results based on the nomination result (e.g., whether they were a nominee or winner) and the name of the person.",
        "gold_complexity": 8,
        "gold_sql": "SELECT T2.role FROM Person AS T1 INNER JOIN Award AS T2 ON T1.person_id = T2.person_id WHERE T2.Result = 'Nominee' AND T1.name = 'Julia Roberts'"
    },
    {
        "sample_id": 1349,
        "vt": "SELECT person.birthdate FROM award INNER JOIN Person AS T2 ON T1.person_id = T2.person_id WHERE award.role = '[placeholder-type:string]'",
        "ba": "The virtual table retrieves the birthdates of individuals who have been nominated for an award in a specific role. It joins the 'award' table with the 'person' table to link the award nominations to the corresponding individuals, filtering the results based on the specified role.",
        "gold_complexity": 7,
        "gold_sql": "SELECT T2.birthdate FROM Award AS T1 INNER JOIN Person AS T2 ON T1.person_id = T2.person_id WHERE T1.role = 'writer'"
    },
    {
        "sample_id": 1305,
        "vt": "SELECT SUM(vote.votes) FROM episode INNER JOIN Vote AS T2 ON T1.episode_id = T2.episode_id WHERE episode.title = '[placeholder-type:string]'",
        "ba": "The virtual table summarizes the total number of votes received for a specific episode from the 'episode' table. It joins the 'episode' table with the 'vote' table to aggregate the votes based on the episode's title, which is specified by a placeholder.",
        "gold_complexity": 7,
        "gold_sql": "SELECT SUM(T2.votes) FROM Episode AS T1 INNER JOIN Vote AS T2 ON T1.episode_id = T2.episode_id WHERE T1.title = 'Juvenile'"
    },
    {
        "sample_id": 1307,
        "vt": "SELECT DISTINCT award.year FROM award INNER JOIN Episode AS T2 ON T1.episode_id = T2.episode_id WHERE episode.title = '[placeholder-type:string]' AND award.result = '[placeholder-type:string]'",
        "ba": "The virtual table retrieves distinct years of award nominations for episodes of a series based on the episode title and the result of the award nomination. The placeholders represent the specific title of the episode and the result status (Nominee or Winner).",
        "gold_complexity": 9,
        "gold_sql": "SELECT DISTINCT T1.year FROM Award AS T1 INNER JOIN Episode AS T2 ON T1.episode_id = T2.episode_id WHERE T2.title = 'DWB' AND T1.result = 'Winner'"
    },
    {
        "sample_id": 1275,
        "vt": "SELECT person.name FROM credit INNER JOIN Person AS T2 ON T2.person_id = T1.person_id WHERE credit.role = '[placeholder-type:string]' ORDER BY person.height_meters LIMIT [placeholder-type:numeric]",
        "ba": "The virtual table describes the names of persons who have been credited for a specific role in episodes from the 'credit' table. The query joins the 'credit' table with the 'person' table to retrieve the names of individuals based on their role, which is specified by a placeholder. Additionally, the results are ordered by the height of the persons, and a limit is applied to control the number of results returned.",
        "gold_complexity": 10,
        "gold_sql": "SELECT T2.name FROM Credit AS T1 INNER JOIN Person AS T2 ON T2.person_id = T1.person_id WHERE T1.role = 'camera operator' ORDER BY T2.height_meters DESC LIMIT 1"
    },
    {
        "sample_id": 1314,
        "vt": "SELECT person.name FROM episode INNER JOIN Credit AS T2 ON T1.episode_id = T2.episode_id INNER JOIN Person AS T3 ON T3.person_id = T2.person_id WHERE episode.episode = [placeholder-type:numeric] AND episode.season = [placeholder-type:numeric]",
        "ba": "The virtual table describes the names of persons who have credits in specific episodes of a series. It retrieves data from the 'episode' table and joins it with the 'credit' table to find the relevant persons based on the episode's sequential number and season. The placeholders in the WHERE clause represent the specific episode number and season number.",
        "gold_complexity": 9,
        "gold_sql": "SELECT T3.name FROM Episode AS T1 INNER JOIN Credit AS T2 ON T1.episode_id = T2.episode_id INNER JOIN Person AS T3 ON T3.person_id = T2.person_id WHERE T1.episode = 19 AND T1.season = 9"
    },
    {
        "sample_id": 1271,
        "vt": "SELECT person.name FROM credit INNER JOIN Person AS T2 ON T2.person_id = T1.person_id WHERE credit.credited = '[placeholder-type:string]' AND credit.episode_id = '[placeholder-type:string]'",
        "ba": "The virtual table describes the names of persons who have received credit for their roles in a specific episode of a series. The query filters the results based on whether the credit was displayed and the specific episode's ID.",
        "gold_complexity": 8,
        "gold_sql": "SELECT T2.name FROM Credit AS T1 INNER JOIN Person AS T2 ON T2.person_id = T1.person_id WHERE T1.credited = 'false' AND T1.episode_id = 'tt0629391'"
    },
    {
        "sample_id": 1346,
        "vt": "SELECT person.birth_country FROM person WHERE person.name = '[placeholder-type:string]'",
        "ba": "The virtual table retrieves the birth country of a person from the 'person' table based on their name. The placeholder in the WHERE clause represents the specific name of the person being queried.",
        "gold_complexity": 6,
        "gold_sql": "SELECT birth_country FROM Person WHERE name = 'Michael Preston'"
    },
    {
        "sample_id": 1334,
        "vt": "SELECT award.award FROM episode INNER JOIN Award AS T2 ON T1.episode_id = T2.episode_id WHERE episode.episode = [placeholder-type:numeric] AND award.result IN ('[placeholder-type:string]', '[placeholder-type:string]')",
        "ba": "The virtual table retrieves the specific awards associated with episodes from the 'episode' table, filtered by the episode number and the result of the award nomination. The placeholders represent the episode number and the possible results of the award (e.g., Nominee or Winner).",
        "gold_complexity": 9,
        "gold_sql": "SELECT T2.award FROM Episode AS T1 INNER JOIN Award AS T2 ON T1.episode_id = T2.episode_id WHERE T1.episode = 20 AND T2.result IN ('Winner', 'Nominee')"
    },
    {
        "sample_id": 1301,
        "vt": "SELECT person.birth_place, person.birth_region FROM person WHERE person.birth_name = '[placeholder-type:string]'",
        "ba": "The virtual table describes the birth place and birth region of individuals from the 'person' table who have a specific birth name. The placeholder in the WHERE clause represents the birth name of the person.",
        "gold_complexity": 8,
        "gold_sql": "SELECT birth_place, birth_region FROM Person WHERE birth_name = 'Rene Chenevert Balcer'"
    },
    {
        "sample_id": 1337,
        "vt": "SELECT episode.episode FROM episode INNER JOIN Award AS T2 ON T1.episode_id = T2.episode_id WHERE award.result = '[placeholder-type:string]'",
        "ba": "The virtual table describes the sequential number of episodes from the 'episode' table that have received a specific award result. The query joins the 'episode' table with the 'award' table to filter episodes based on their award results, using a placeholder for the result type.",
        "gold_complexity": 7,
        "gold_sql": "SELECT T1.episode FROM Episode AS T1 INNER JOIN Award AS T2 ON T1.episode_id = T2.episode_id WHERE T2.result = 'Nominee'"
    },
    {
        "sample_id": 1285,
        "vt": "SELECT COUNT(award.award) FROM episode INNER JOIN Award AS T2 ON T1.episode_id = T2.episode_id WHERE episode.title = '[placeholder-type:string]' AND award.result = '[placeholder-type:string]'",
        "ba": "The virtual table counts the number of awards associated with a specific episode title from the 'episode' table, filtering by the award result (either 'Nominee' or 'Winner'). The placeholders represent the episode title and the result status.",
        "gold_complexity": 8,
        "gold_sql": "SELECT COUNT(T2.award) FROM Episode AS T1 INNER JOIN Award AS T2 ON T1.episode_id = T2.episode_id WHERE T1.title = 'Agony' AND T2.result = 'Winner'"
    },
    {
        "sample_id": 1286,
        "vt": "SELECT person.name FROM episode INNER JOIN Credit AS T2 ON T1.episode_id = T2.episode_id INNER JOIN Person AS T3 ON T3.person_id = T2.person_id WHERE episode.title = '[placeholder-type:string]' AND credit.role = '[placeholder-type:string]'",
        "ba": "The virtual table describes the names of persons who have a specific role in a particular episode of a series. It retrieves data from the 'episode' table and joins it with the 'credit' and 'person' tables to filter based on the episode title and the role of the person.",
        "gold_complexity": 9,
        "gold_sql": "SELECT T3.name FROM Episode AS T1 INNER JOIN Credit AS T2 ON T1.episode_id = T2.episode_id INNER JOIN Person AS T3 ON T3.person_id = T2.person_id WHERE T1.title = 'Flight' AND T2.role = 'Narrator'"
    },
    {
        "sample_id": 1338,
        "vt": "SELECT SUM(episode.rating) / COUNT(episode.episode_id) FROM episode WHERE episode.season = [placeholder-type:numeric]",
        "ba": "The virtual table calculates the average rating of episodes from a specific season of a series. It sums up the ratings of all episodes in that season and divides by the total number of episodes to find the average rating.",
        "gold_complexity": 7,
        "gold_sql": "SELECT SUM(rating) / COUNT(episode_id) FROM Episode WHERE season = 9"
    },
    {
        "sample_id": 1265,
        "vt": "SELECT episode.air_date FROM vote INNER JOIN Episode AS T2 ON T2.episode_id = T1.episode_id GROUP BY episode.episode_id ORDER BY SUM(vote.votes) LIMIT [placeholder-type:numeric]",
        "ba": "The virtual table provides the air dates of episodes from the 'episode' table, filtered by the total number of votes received for each episode. It uses an inner join with the 'vote' table to aggregate the votes for each episode, grouping the results by episode ID and ordering them by the sum of votes in descending order. The placeholder in the LIMIT clause allows users to specify how many episodes they want to retrieve based on their popularity as indicated by the total votes.",
        "gold_complexity": 10,
        "gold_sql": "SELECT T2.air_date FROM Vote AS T1 INNER JOIN Episode AS T2 ON T2.episode_id = T1.episode_id GROUP BY T2.episode_id ORDER BY SUM(T1.votes) DESC LIMIT 1"
    },
    {
        "sample_id": 1262,
        "vt": "SELECT episode.summary FROM episode INNER JOIN Award AS T2 ON T1.episode_id = T2.episode_id WHERE award.award_id = [placeholder-type:numeric]",
        "ba": "The virtual table provides a summary of an episode from the 'episode' table that has been nominated for a specific award. It retrieves the summary by joining the 'episode' table with the 'award' table based on the episode ID, filtering for a specific award using a placeholder for numeric values.",
        "gold_complexity": 7,
        "gold_sql": "SELECT T1.summary FROM Episode AS T1 INNER JOIN Award AS T2 ON T1.episode_id = T2.episode_id WHERE T2.award_id = 296"
    },
    {
        "sample_id": 1250,
        "vt": "SELECT SUM(vote.votes) FROM episode INNER JOIN Vote AS T2 ON T1.episode_id = T2.episode_id WHERE episode.title = '[placeholder-type:string]'",
        "ba": "The virtual table calculates the total number of votes received for a specific episode from the 'episode' table. It joins the 'episode' table with the 'vote' table based on the episode ID, and filters the results to include only the episode with a specified title.",
        "gold_complexity": 7,
        "gold_sql": "SELECT SUM(T2.votes) FROM Episode AS T1 INNER JOIN Vote AS T2 ON T1.episode_id = T2.episode_id WHERE T1.title = 'Cherished'"
    },
    {
        "sample_id": 1317,
        "vt": "SELECT episode.title, episode.summary, episode.air_date FROM vote INNER JOIN Episode AS T2 ON T2.episode_id = T1.episode_id WHERE vote.stars = [placeholder-type:numeric] AND vote.votes = [placeholder-type:numeric]",
        "ba": "The virtual table describes the titles, summaries, and air dates of episodes from the 'episode' table that have received a specific number of stars and votes. The placeholders in the WHERE clause represent the number of stars and the total votes for the episodes.",
        "gold_complexity": 12,
        "gold_sql": "SELECT T2.title, T2.summary, T2.air_date FROM Vote AS T1 INNER JOIN Episode AS T2 ON T2.episode_id = T1.episode_id WHERE T1.stars = 10 AND T1.votes = 72"
    },
    {
        "sample_id": 1352,
        "vt": "SELECT person.name FROM person INNER JOIN Credit AS T2 ON T1.person_id = T2.person_id WHERE credit.role = '[placeholder-type:string]' AND credit.credited = '[placeholder-type:string]'",
        "ba": "The virtual table describes the names of persons from the 'person' table who have a specific role in the credits of an episode, filtered by whether they were credited or not. The placeholders in the WHERE clause represent the role and credited status.",
        "gold_complexity": 8,
        "gold_sql": "SELECT T1.name FROM Person AS T1 INNER JOIN Credit AS T2 ON T1.person_id = T2.person_id WHERE T2.role = 'Alex Brown' AND T2.credited = 'true'"
    },
    {
        "sample_id": 1308,
        "vt": "SELECT person.birth_region FROM credit INNER JOIN Person AS T2 ON T2.person_id = T1.person_id WHERE credit.role = '[placeholder-type:string]'",
        "ba": "The virtual table describes the birth region of persons who have been credited for a specific role in episodes. It retrieves data from the 'credit' table and joins it with the 'person' table to access the birth region information. The placeholder in the WHERE clause represents the specific role for which the credit is being recognized.",
        "gold_complexity": 7,
        "gold_sql": "SELECT T2.birth_region FROM Credit AS T1 INNER JOIN Person AS T2 ON T2.person_id = T1.person_id WHERE T1.role = 'president of NBC West Coast'"
    },
    {
        "sample_id": 1324,
        "vt": "SELECT episode.episode_id, award.role FROM person INNER JOIN Award AS T2 ON T1.person_id = T2.person_id INNER JOIN Episode AS T3 ON T2.episode_id = T3.episode_id WHERE award.year = [placeholder-type:numeric] AND award.award = '[placeholder-type:string]' AND award.organization = '[placeholder-type:string]' AND person.name = '[placeholder-type:string]' AND award.result = '[placeholder-type:string]'",
        "ba": "The virtual table displays the unique identifiers of episodes along with the roles for which individuals have been nominated for awards. It combines data from the 'person', 'award', and 'episode' tables to filter results based on specific criteria such as the year of the award, the name of the award, the organization granting the award, the name of the person, and the result of the nomination.",
        "gold_complexity": 14,
        "gold_sql": "SELECT T3.episode_id, T2.role FROM Person AS T1 INNER JOIN Award AS T2 ON T1.person_id = T2.person_id INNER JOIN Episode AS T3 ON T2.episode_id = T3.episode_id WHERE T2.year = 1999 AND T2.award = 'Outstanding Guest Actress in a Drama Series' AND T2.organization = 'Primetime Emmy Awards' AND T1.name = 'Julia Roberts' AND T2.result = 'Nominee'"
    },
    {
        "sample_id": 1270,
        "vt": "SELECT CAST(COUNT(credit.episode_id) AS FLOAT) / ([placeholder-type:numeric] - [placeholder-type:numeric] + [placeholder-type:numeric]) FROM credit INNER JOIN Episode AS T2 ON T1.episode_id = T2.episode_id WHERE credit.category = '[placeholder-type:string]' AND credit.credited = '[placeholder-type:string]' AND episode.number_in_series BETWEEN [placeholder-type:numeric] AND [placeholder-type:numeric]",
        "ba": "The virtual table calculates the average number of credits for episodes in a specific range of the series. It counts the number of credits from the 'credit' table, filtering by the credit category and whether the credit was displayed. The result is divided by a formula involving three numeric placeholders, which likely represent different counts or limits relevant to the calculation. The episodes considered are those whose overall sequence number falls within a specified range.",
        "gold_complexity": 10,
        "gold_sql": "SELECT CAST(COUNT(T1.episode_id) AS REAL) / (193 - 185 + 1) FROM Credit AS T1 INNER JOIN Episode AS T2 ON T1.episode_id = T2.episode_id WHERE T1.category = 'Cast' AND T1.credited = 'true' AND T2.number_in_series BETWEEN 185 AND 193"
    },
    {
        "sample_id": 1248,
        "vt": "SELECT keyword.keyword FROM episode INNER JOIN Keyword AS T2 ON T1.episode_id = T2.episode_id WHERE episode.rating > [placeholder-type:numeric]",
        "ba": "The virtual table retrieves keywords associated with episodes from the 'episode' table that have a rating higher than a specified value. The query uses an inner join to connect the 'episode' table with the 'keyword' table based on the episode ID, ensuring that only keywords for episodes meeting the rating condition are selected.",
        "gold_complexity": 7,
        "gold_sql": "SELECT T2.keyword FROM Episode AS T1 INNER JOIN Keyword AS T2 ON T1.episode_id = T2.episode_id WHERE T1.rating > 8"
    },
    {
        "sample_id": 1357,
        "vt": "SELECT episode.episode_id FROM award INNER JOIN Episode AS T2 ON T1.episode_id = T2.episode_id WHERE award.award = '[placeholder-type:string]' AND award.result = '[placeholder-type:string]' ORDER BY episode.rating LIMIT [placeholder-type:numeric]",
        "ba": "The virtual table retrieves the unique identifiers of episodes from the 'episode' table that have received a specific award and have a particular nomination result. The query joins the 'award' table with the 'episode' table to filter episodes based on the award type and result, while also ordering the results by the episode's rating and limiting the number of results returned.",
        "gold_complexity": 11,
        "gold_sql": "SELECT T2.episode_id FROM Award AS T1 INNER JOIN Episode AS T2 ON T1.episode_id = T2.episode_id WHERE T1.award = 'Best Television Episode' AND T1.result = 'Winner' ORDER BY T2.rating DESC LIMIT 2"
    },
    {
        "sample_id": 1323,
        "vt": "SELECT COUNT(award.award_id) FROM episode INNER JOIN Award AS T2 ON T1.episode_id = T2.episode_id WHERE award.year = [placeholder-type:numeric] AND award.result = '[placeholder-type:string]' AND episode.episode = [placeholder-type:numeric] AND award.organization = '[placeholder-type:string]' AND episode.series = '[placeholder-type:string]'",
        "ba": "The virtual table counts the number of awards associated with specific episodes of a series based on various criteria such as the year of the award, the result of the nomination, the episode number, and the organization granting the award.",
        "gold_complexity": 11,
        "gold_sql": "SELECT COUNT(T2.award_id) FROM Episode AS T1 INNER JOIN Award AS T2 ON T1.episode_id = T2.episode_id WHERE T2.year = 1999 AND T2.result = 'Nominee' AND T1.episode = 20 AND T2.organization = 'Primetime Emmy Awards' AND T1.series = 'Law and Order'"
    },
    {
        "sample_id": 1283,
        "vt": "SELECT SUM(CASE WHEN episode.season = [placeholder-type:numeric] THEN [placeholder-type:numeric] ELSE [placeholder-type:numeric] END), CAST(SUM(CASE WHEN episode.season = [placeholder-type:numeric] THEN [placeholder-type:numeric] ELSE [placeholder-type:numeric] END) AS FLOAT) / COUNT(credit.episode_id) FROM credit INNER JOIN Episode AS T2 ON T1.episode_id = T2.episode_id WHERE credit.category = '[placeholder-type:string]' AND episode.series = '[placeholder-type:string]'",
        "ba": "The virtual table summarizes the total credits and average credits for episodes in a specific season of a series, based on the credit category. It calculates the sum of credits for episodes in the specified season and divides it by the count of episodes to get the average, using placeholders for season number, credit category, and series name.",
        "gold_complexity": 10,
        "gold_sql": "SELECT SUM(CASE WHEN T2.season = 9 THEN 1 ELSE 0 END) AS num , CAST(SUM(CASE WHEN T2.season = 9 THEN 1 ELSE 0 END) AS REAL) / COUNT(T1.episode_id) FROM Credit AS T1 INNER JOIN Episode AS T2 ON T1.episode_id = T2.episode_id WHERE T1.category = 'Cast' AND T2.series = 'Law and Order'"
    },
    {
        "sample_id": 1269,
        "vt": "SELECT CAST(SUM(CASE WHEN episode.title = '[placeholder-type:string]' THEN [placeholder-type:numeric] ELSE [placeholder-type:numeric] END) AS FLOAT) / SUM(CASE WHEN episode.title = '[placeholder-type:string]' THEN [placeholder-type:numeric] ELSE [placeholder-type:numeric] END) FROM episode INNER JOIN Keyword AS T2 ON T1.episode_id = T2.episode_id",
        "ba": "The virtual table calculates the average rating of a specific episode based on its title. It sums the total votes and ratings for the episode with the specified title and divides it by the total number of votes for that episode. The placeholders represent the episode title and numeric values for ratings and votes.",
        "gold_complexity": 5,
        "gold_sql": "SELECT CAST(SUM(CASE WHEN T1.title = 'Refuge: Part 1' THEN 1 ELSE 0 END) AS REAL) / SUM(CASE WHEN T1.title = 'Shield' THEN 1 ELSE 0 END) FROM Episode AS T1 INNER JOIN Keyword AS T2 ON T1.episode_id = T2.episode_id"
    },
    {
        "sample_id": 1356,
        "vt": "SELECT episode.title FROM episode INNER JOIN Keyword AS T2 ON T1.episode_id = T2.episode_id WHERE keyword.keyword IN ('[placeholder-type:string]', '[placeholder-type:string]')",
        "ba": "The virtual table lists the titles of episodes from the 'episode' table that are associated with specific keywords. The query uses an INNER JOIN to connect the 'episode' table with the 'keyword' table based on the episode ID, and filters the results to include only those episodes that match the specified keywords.",
        "gold_complexity": 7,
        "gold_sql": "SELECT T1.title FROM Episode AS T1 INNER JOIN Keyword AS T2 ON T1.episode_id = T2.episode_id WHERE T2.keyword IN ('nun', 'priest')"
    },
    {
        "sample_id": 1284,
        "vt": "SELECT keyword.keyword FROM episode INNER JOIN Keyword AS T2 ON T1.episode_id = T2.episode_id WHERE NOT episode.votes IN (SELECT MAX(episode.votes) FROM Episode AS T1 INNER JOIN Keyword AS T2 ON T1.episode_id = T2.episode_id) ORDER BY episode.votes LIMIT [placeholder-type:numeric]",
        "ba": "The virtual table retrieves keywords associated with episodes that do not have the maximum number of votes. It joins the 'episode' table with the 'keyword' table to filter out episodes with the highest votes, ensuring that only those with fewer votes are selected. The results are ordered by the number of votes in ascending order, and a limit is applied to control the number of returned keywords.",
        "gold_complexity": 13,
        "gold_sql": "SELECT T2.keyword FROM Episode AS T1 INNER JOIN Keyword AS T2 ON T1.episode_id = T2.episode_id WHERE T1.votes NOT IN ( SELECT MAX(T1.votes) FROM Episode AS T1 INNER JOIN Keyword AS T2 ON T1.episode_id = T2.episode_id ) ORDER BY T1.votes DESC LIMIT 1"
    },
    {
        "sample_id": 1309,
        "vt": "SELECT COUNT(person.person_id) FROM episode INNER JOIN Credit AS T2 ON T1.episode_id = T2.episode_id INNER JOIN Person AS T3 ON T3.person_id = T2.person_id WHERE person.name = '[placeholder-type:string]'",
        "ba": "The virtual table counts the number of unique persons associated with episodes in the 'episode' table, where the person's name matches a specified value. It joins the 'episode' table with the 'credit' table to link episodes to the individuals credited for their work, and then further joins with the 'person' table to filter based on the person's name.",
        "gold_complexity": 8,
        "gold_sql": "SELECT COUNT(T3.person_id) FROM Episode AS T1 INNER JOIN Credit AS T2 ON T1.episode_id = T2.episode_id INNER JOIN Person AS T3 ON T3.person_id = T2.person_id WHERE T3.name = 'Donna Villella'"
    },
    {
        "sample_id": 1350,
        "vt": "SELECT episode.title FROM award INNER JOIN Episode AS T2 ON T1.episode_id = T2.episode_id WHERE award.award = '[placeholder-type:string]'",
        "ba": "The virtual table describes the titles of episodes from the 'episode' table that have received a specific award. The query uses an inner join between the 'award' and 'episode' tables to link episodes with their corresponding awards, filtering by the specific award type using a placeholder.",
        "gold_complexity": 7,
        "gold_sql": "SELECT T2.title FROM Award AS T1 INNER JOIN Episode AS T2 ON T1.episode_id = T2.episode_id WHERE T1.award = 'Outstanding Costume Design for a Series'"
    },
    {
        "sample_id": 1293,
        "vt": "SELECT person.name FROM credit INNER JOIN Person AS T2 ON T2.person_id = T1.person_id WHERE credit.role = '[placeholder-type:string]' AND NOT person.birthdate IS NULL ORDER BY person.birthdate LIMIT [placeholder-type:numeric]",
        "ba": "The virtual table lists the names of individuals who have a specific role in an episode, ensuring that only those with a known birthdate are included. The results are ordered by birthdate and limited to a specified number of entries.",
        "gold_complexity": 12,
        "gold_sql": "SELECT T2.name FROM Credit AS T1 INNER JOIN Person AS T2 ON T2.person_id = T1.person_id WHERE T1.role = 'Clerk' AND T2.birthdate IS NOT NULL ORDER BY T2.birthdate LIMIT 1"
    },
    {
        "sample_id": 1335,
        "vt": "SELECT person.name FROM person INNER JOIN Award AS T2 ON T1.person_id = T2.person_id GROUP BY award.role HAVING COUNT(award.award_id) > [placeholder-type:numeric]",
        "ba": "The virtual table lists the names of persons who have received more than a specified number of awards for their roles. It retrieves data from the 'person' table and joins it with the 'award' table to filter and group the results based on the role associated with the awards.",
        "gold_complexity": 9,
        "gold_sql": "SELECT T1.name FROM Person AS T1 INNER JOIN Award AS T2 ON T1.person_id = T2.person_id GROUP BY T2.role HAVING COUNT(T2.award_id) > 1"
    },
    {
        "sample_id": 1343,
        "vt": "SELECT award.person_id FROM vote INNER JOIN Award AS T2 ON T1.episode_id = T2.episode_id ORDER BY vote.percent LIMIT [placeholder-type:numeric]",
        "ba": "The virtual table retrieves the unique identifiers of persons who have been nominated for awards related to episodes, based on viewer ratings. It joins the 'vote' table, which contains viewer ratings for episodes, with the 'award' table to filter the results. The results are ordered by the percentage of viewers who rated the episode, and a limit is applied to control the number of results returned.",
        "gold_complexity": 8,
        "gold_sql": "SELECT T2.person_id FROM Vote AS T1 INNER JOIN Award AS T2 ON T1.episode_id = T2.episode_id ORDER BY T1.percent DESC LIMIT 1"
    },
    {
        "sample_id": 1328,
        "vt": "SELECT person.name FROM credit INNER JOIN Person AS T2 ON T2.person_id = T1.person_id INNER JOIN Episode AS T3 ON T1.episode_id = T3.episode_id WHERE episode.episode = [placeholder-type:numeric] AND credit.role = '[placeholder-type:string]'",
        "ba": "The virtual table describes the names of persons who have been credited for a specific role in a particular episode of a series. The placeholders in the WHERE clause represent the episode number and the role title.",
        "gold_complexity": 9,
        "gold_sql": "SELECT T2.name FROM Credit AS T1 INNER JOIN Person AS T2 ON T2.person_id = T1.person_id INNER JOIN Episode AS T3 ON T1.episode_id = T3.episode_id WHERE T3.episode = 1 AND T1.role = 'president of NBC West Coast'"
    },
    {
        "sample_id": 1342,
        "vt": "SELECT episode.episode FROM episode INNER JOIN Keyword AS T2 ON T1.episode_id = T2.episode_id WHERE keyword.keyword = '[placeholder-type:string]'",
        "ba": "The virtual table describes the sequential number of episodes from the 'episode' table that are associated with a specific keyword. The query joins the 'episode' table with the 'keyword' table to filter episodes based on the provided keyword, allowing users to find episodes that match their interests.",
        "gold_complexity": 7,
        "gold_sql": "SELECT T1.episode FROM Episode AS T1 INNER JOIN Keyword AS T2 ON T1.episode_id = T2.episode_id WHERE T2.Keyword = 'mafia'"
    },
    {
        "sample_id": 1274,
        "vt": "SELECT COUNT(award.award_id) FROM person INNER JOIN Award AS T2 ON T1.person_id = T2.person_id WHERE person.name = '[placeholder-type:string]' AND award.result = '[placeholder-type:string]'",
        "ba": "The virtual table counts the number of awards received by a specific person based on their name and the result of the award nomination. It joins the 'person' table with the 'award' table to filter the results accordingly.",
        "gold_complexity": 8,
        "gold_sql": "SELECT COUNT(T2.award_id) FROM Person AS T1 INNER JOIN Award AS T2 ON T1.person_id = T2.person_id WHERE T1.name = 'Julia Roberts' AND T2.result = 'Nominee'"
    },
    {
        "sample_id": 1254,
        "vt": "SELECT person.name FROM episode INNER JOIN Credit AS T2 ON T1.episode_id = T2.episode_id INNER JOIN Person AS T3 ON T3.person_id = T2.person_id WHERE episode.title = '[placeholder-type:string]' AND credit.credited = '[placeholder-type:string]' AND credit.role = '[placeholder-type:string]'",
        "ba": "The virtual table describes the names of persons associated with a specific episode from the 'episode' table. It filters the results based on the episode's title, whether the credit was displayed, and the specific role of the person in that episode. The placeholders represent the title of the episode, the credited status, and the role of the person.",
        "gold_complexity": 10,
        "gold_sql": "SELECT T3.name FROM Episode AS T1 INNER JOIN Credit AS T2 ON T1.episode_id = T2.episode_id INNER JOIN Person AS T3 ON T3.person_id = T2.person_id WHERE T1.title = 'Cherished' AND T2.credited = 'true' AND T2.role = 'technical advisor'"
    },
    {
        "sample_id": 1261,
        "vt": "SELECT COUNT(credit.role) FROM episode INNER JOIN Credit AS T2 ON T1.episode_id = T2.episode_id WHERE episode.series = '[placeholder-type:string]' AND episode.season = [placeholder-type:numeric] AND episode.episode = [placeholder-type:numeric] AND credit.credited = '[placeholder-type:string]'",
        "ba": "The virtual table counts the number of credits for a specific episode in a series, season, and episode number, filtering by whether the credit was displayed in the episode's credits.",
        "gold_complexity": 10,
        "gold_sql": "SELECT COUNT(T2.role) FROM Episode AS T1 INNER JOIN Credit AS T2 ON T1.episode_id = T2.episode_id WHERE T1.series = 'Law and Order' AND T1.season = 9 AND T1.episode = 17 AND T2.credited = 'true'"
    },
    {
        "sample_id": 1268,
        "vt": "SELECT vote.votes FROM episode INNER JOIN Vote AS T2 ON T1.episode_id = T2.episode_id WHERE vote.stars = [placeholder-type:numeric] AND episode.title = '[placeholder-type:string]'",
        "ba": "The virtual table retrieves the total number of votes for a specific episode from the 'episode' table, filtered by the number of stars given by viewers and the title of the episode. The placeholders represent the star rating and the episode title.",
        "gold_complexity": 8,
        "gold_sql": "SELECT T2.votes FROM Episode AS T1 INNER JOIN Vote AS T2 ON T1.episode_id = T2.episode_id WHERE T2.stars = 9 AND T1.title = 'Sideshow'"
    },
    {
        "sample_id": 1306,
        "vt": "SELECT episode.title FROM episode INNER JOIN Credit AS T2 ON T1.episode_id = T2.episode_id INNER JOIN Person AS T3 ON T3.person_id = T2.person_id WHERE credit.credited = '[placeholder-type:string]' AND person.name = '[placeholder-type:string]'",
        "ba": "The virtual table describes the titles of episodes from the 'episode' table that are associated with specific credits and persons. It filters the results based on whether the credit was displayed and the name of the person involved.",
        "gold_complexity": 9,
        "gold_sql": "SELECT T1.title FROM Episode AS T1 INNER JOIN Credit AS T2 ON T1.episode_id = T2.episode_id INNER JOIN Person AS T3 ON T3.person_id = T2.person_id WHERE T2.credited = 'false' AND T3.name = 'Anthony Azzara'"
    },
    {
        "sample_id": 1266,
        "vt": "SELECT person.name FROM person INNER JOIN Award AS T2 ON T1.person_id = T2.person_id WHERE award.award_id = [placeholder-type:numeric]",
        "ba": "The virtual table describes the names of persons who have been nominated for a specific award from the 'Award' table. The placeholder in the WHERE clause represents the unique identifier of the award.",
        "gold_complexity": 7,
        "gold_sql": "SELECT T1.name FROM Person AS T1 INNER JOIN Award AS T2 ON T1.person_id = T2.person_id WHERE T2.award_id = 313"
    },
    {
        "sample_id": 1302,
        "vt": "SELECT person.name FROM person WHERE person.birth_country = '[placeholder-type:string]'",
        "ba": "The virtual table describes the names of individuals from the 'person' table who were born in a specific country. The placeholder in the WHERE clause represents the name of the country.",
        "gold_complexity": 6,
        "gold_sql": "SELECT name FROM Person WHERE birth_country = 'USA'"
    },
    {
        "sample_id": 1296,
        "vt": "SELECT person.person_id, CAST(COUNT(person.person_id) AS FLOAT) * [placeholder-type:numeric] / (SELECT COUNT(person.person_id) FROM Credit AS T1 INNER JOIN Person AS T2 ON T2.person_id = T1.person_id) FROM credit INNER JOIN Person AS T2 ON T2.person_id = T1.person_id GROUP BY person.person_id ORDER BY COUNT(person.person_id) LIMIT [placeholder-type:numeric]",
        "ba": "The virtual table calculates the contribution of each person in terms of credits they have received, expressed as a percentage of the total credits across all persons. It selects the unique identifier of each person and computes the count of their credits, scaling it by a specified factor. The results are grouped by person and ordered by the count of credits, with a limit on the number of results returned.",
        "gold_complexity": 14,
        "gold_sql": "SELECT T2.person_id, CAST(COUNT(T2.person_id) AS REAL) * 100 / ( SELECT COUNT(T2.person_id) AS num FROM Credit AS T1 INNER JOIN Person AS T2 ON T2.person_id = T1.person_id ) AS per FROM Credit AS T1 INNER JOIN Person AS T2 ON T2.person_id = T1.person_id GROUP BY T2.person_id ORDER BY COUNT(T2.person_id) DESC LIMIT 1"
    },
    {
        "sample_id": 1347,
        "vt": "SELECT person.name FROM award INNER JOIN Person AS T2 ON T1.person_id = T2.person_id WHERE award.result = '[placeholder-type:string]' AND award.role = '[placeholder-type:string]' AND award.series = '[placeholder-type:string]'",
        "ba": "The virtual table lists the names of individuals who have received nominations for awards in a specific series, filtered by the result of the nomination and the role they were nominated for. The placeholders represent the nomination result, the role, and the series name.",
        "gold_complexity": 9,
        "gold_sql": "SELECT T2.name FROM Award AS T1 INNER JOIN Person AS T2 ON T1.person_id = T2.person_id WHERE T1.result = 'Nominee' AND T1.role = 'Katrina Ludlow' AND T1.series = 'Law and Order'"
    },
    {
        "sample_id": 1288,
        "vt": "SELECT person.name FROM episode INNER JOIN Credit AS T2 ON T1.episode_id = T2.episode_id INNER JOIN Person AS T3 ON T3.person_id = T2.person_id WHERE episode.episode = [placeholder-type:numeric] AND credit.role = '[placeholder-type:string]'",
        "ba": "The virtual table describes the names of persons associated with a specific episode and role from the 'episode' and 'credit' tables. The placeholders represent the episode number and the role of the person.",
        "gold_complexity": 9,
        "gold_sql": "SELECT T3.name FROM Episode AS T1 INNER JOIN Credit AS T2 ON T1.episode_id = T2.episode_id INNER JOIN Person AS T3 ON T3.person_id = T2.person_id WHERE T1.episode = 3 AND T2.role = 'stunt coordinator'"
    },
    {
        "sample_id": 1297,
        "vt": "SELECT DISTINCT award.episode_id FROM award WHERE award.award_category = '[placeholder-type:string]'",
        "ba": "The virtual table retrieves unique episode identifiers from the 'award' table for episodes that have been nominated in a specific award category. The placeholder in the WHERE clause represents the award category being queried.",
        "gold_complexity": 7,
        "gold_sql": "SELECT DISTINCT episode_id FROM Award WHERE award_category = 'Primetime Emmy'"
    },
    {
        "sample_id": 1348,
        "vt": "SELECT person.name FROM award INNER JOIN Person AS T2 ON T1.person_id = T2.person_id WHERE award.result = '[placeholder-type:string]' AND award.award = '[placeholder-type:string]'",
        "ba": "The virtual table describes the names of persons who have received or been nominated for a specific award in a particular result category from the 'award' table. The placeholders in the WHERE clause represent the award result status and the specific award identifier.",
        "gold_complexity": 8,
        "gold_sql": "SELECT T2.name FROM Award AS T1 INNER JOIN Person AS T2 ON T1.person_id = T2.person_id WHERE T1.result = 'Winner' AND T1.award = 'Best Television Episode'"
    },
    {
        "sample_id": 1253,
        "vt": "SELECT COUNT(episode.episode_id) FROM episode INNER JOIN Credit AS T2 ON T1.episode_id = T2.episode_id WHERE episode.title = '[placeholder-type:string]' AND credit.credited = '[placeholder-type:string]'",
        "ba": "The virtual table counts the number of episodes from the 'episode' table that have a specific title and checks if the credit for those episodes was displayed in the credits. The placeholders represent the episode title and whether the credit was displayed or not.",
        "gold_complexity": 8,
        "gold_sql": "SELECT COUNT(T1.episode_id) FROM Episode AS T1 INNER JOIN Credit AS T2 ON T1.episode_id = T2.episode_id WHERE T1.title = 'Cherished' AND T2.credited = 'false'"
    },
    {
        "sample_id": 1282,
        "vt": "SELECT COUNT(award.award_id) FROM episode INNER JOIN Award AS T2 ON T1.episode_id = T2.episode_id WHERE episode.title = '[placeholder-type:string]' AND award.result = '[placeholder-type:string]'",
        "ba": "The virtual table counts the number of awards associated with a specific episode title and its nomination result from the 'episode' and 'award' tables. The placeholders represent the episode title and the result of the award nomination (either 'Nominee' or 'Winner').",
        "gold_complexity": 8,
        "gold_sql": "SELECT COUNT(T2.award_id) FROM Episode AS T1 INNER JOIN Award AS T2 ON T1.episode_id = T2.episode_id WHERE T1.title = 'Agony' AND T2.result = 'Winner'"
    },
    {
        "sample_id": 1339,
        "vt": "SELECT SUM(CASE WHEN episode.episode = [placeholder-type:numeric] THEN vote.votes ELSE [placeholder-type:numeric] END) - SUM(CASE WHEN episode.episode = [placeholder-type:numeric] THEN vote.votes ELSE [placeholder-type:numeric] END) FROM vote INNER JOIN Episode AS T2 ON T2.episode_id = T1.episode_id WHERE vote.stars = [placeholder-type:numeric]",
        "ba": "The virtual table calculates the difference between the total votes for episodes with a specific sequential number and the total votes for episodes with another specific sequential number, filtered by the star rating given by viewers. It uses a conditional sum to achieve this, joining the 'vote' table with the 'episode' table to access the necessary episode details.",
        "gold_complexity": 8,
        "gold_sql": "SELECT SUM(CASE WHEN T2.episode = 24 THEN T1.votes ELSE 0 END) - SUM(CASE WHEN T2.episode = 1 THEN T1.votes ELSE 0 END) FROM Vote AS T1 INNER JOIN Episode AS T2 ON T2.episode_id = T1.episode_id WHERE T1.stars = 10"
    },
    {
        "sample_id": 1249,
        "vt": "SELECT vote.votes FROM episode INNER JOIN Vote AS T2 ON T1.episode_id = T2.episode_id WHERE episode.title = '[placeholder-type:string]' AND vote.stars = [placeholder-type:numeric]",
        "ba": "The virtual table retrieves the total number of votes for a specific episode based on its title and the star rating given by viewers. It combines data from the 'episode' table and the 'vote' table using an inner join on the episode ID, ensuring that only votes corresponding to the specified episode title and star rating are included.",
        "gold_complexity": 8,
        "gold_sql": "SELECT T2.votes FROM Episode AS T1 INNER JOIN Vote AS T2 ON T1.episode_id = T2.episode_id WHERE T1.title = 'Cherished' AND T2.stars = 10"
    }
]