[
    {
        "sample_id": 2479,
        "vt": "SELECT COUNT(officers.case_number) FROM officers INNER JOIN incidents AS T2 ON T2.case_number = T1.case_number WHERE officers.race = '[placeholder-type:string]' AND incidents.date BETWEEN '[placeholder-type:string]' AND '[placeholder-type:string]'",
        "ba": "The virtual table counts the number of officers involved in incidents based on their race and the date range of those incidents. It joins the 'officers' table with the 'incidents' table using the case number to ensure that only relevant records are considered. The placeholders represent the race of the officers and the start and end dates for filtering the incidents.",
        "gold_complexity": 9,
        "gold_sql": "SELECT COUNT(T1.case_number) FROM officers AS T1 INNER JOIN incidents AS T2 ON T2.case_number = T1.case_number WHERE T1.race = 'B' AND T2.date BETWEEN '2010-01-01' AND '2015-12-31'"
    },
    {
        "sample_id": 2477,
        "vt": "SELECT COUNT(incidents.case_number) FROM incidents INNER JOIN officers AS T2 ON T1.case_number = T2.case_number WHERE incidents.subject_weapon = '[placeholder-type:string]' AND officers.gender = '[placeholder-type:string]'",
        "ba": "The virtual table counts the number of incidents from the 'incidents' table that match specific criteria related to the weapon used and the gender of the officers involved. It joins the 'incidents' table with the 'officers' table based on the case number, allowing for filtering based on the subject weapon and officer gender.",
        "gold_complexity": 8,
        "gold_sql": "SELECT COUNT(T1.case_number) FROM incidents AS T1 INNER JOIN officers AS T2 ON T1.case_number = T2.case_number WHERE T1.subject_weapon = 'Vehicle' AND T2.gender = 'F'"
    },
    {
        "sample_id": 2465,
        "vt": "SELECT SUM(CASE WHEN STRFTIME('%Y', incidents.date) = '[placeholder-type:string]' THEN [placeholder-type:numeric] ELSE [placeholder-type:numeric] END) - SUM(CASE WHEN STRFTIME('%Y', incidents.date) = '[placeholder-type:string]' THEN [placeholder-type:numeric] ELSE [placeholder-type:numeric] END) FROM incidents WHERE incidents.subject_weapon = '[placeholder-type:string]'",
        "ba": "The virtual table calculates the difference in the sum of a numeric value based on the year extracted from the 'date' column in the 'incidents' table, filtered by a specific 'subject_weapon'. The placeholders represent the year and the numeric values to be summed.",
        "gold_complexity": 6,
        "gold_sql": "SELECT SUM(IIF(STRFTIME('%Y', date) = '2007', 1, 0)) - SUM(IIF(STRFTIME('%Y', date) = '2008', 1, 0)) FROM incidents WHERE subject_weapon = 'Vehicle'"
    },
    {
        "sample_id": 2485,
        "vt": "SELECT CAST(SUM(incidents.subject_statuses = '[placeholder-type:string]') AS FLOAT) * [placeholder-type:numeric] / COUNT(incidents.case_number) FROM incidents WHERE incidents.subject_weapon = '[placeholder-type:string]'",
        "ba": "The virtual table calculates the proportion of incidents with a specific subject status and weapon type from the 'incidents' table. It sums the occurrences of a specified subject status, multiplies it by a numeric placeholder, and divides by the total count of case numbers to derive a ratio.",
        "gold_complexity": 7,
        "gold_sql": "SELECT CAST(SUM(subject_statuses = 'Deceased') AS REAL) * 100 / COUNT(case_number) FROM incidents WHERE subject_weapon = 'Rifle'"
    },
    {
        "sample_id": 2478,
        "vt": "SELECT COUNT(incidents.case_number) FROM incidents INNER JOIN subjects AS T2 ON T1.case_number = T2.case_number WHERE subjects.gender = '[placeholder-type:string]' AND incidents.subject_statuses = '[placeholder-type:string]'",
        "ba": "The virtual table counts the number of incidents from the 'incidents' table that are associated with subjects of a specific gender and have a particular status. It uses an inner join to connect the 'incidents' table with the 'subjects' table based on the case number, ensuring that only relevant records are considered. The placeholders in the WHERE clause represent the gender of the subjects and the status of the incidents.",
        "gold_complexity": 8,
        "gold_sql": "SELECT COUNT(T1.case_number) FROM incidents AS T1 INNER JOIN subjects AS T2 ON T1.case_number = T2.case_number WHERE T2.gender = 'F' AND T1.subject_statuses = 'Deceased'"
    },
    {
        "sample_id": 2463,
        "vt": "SELECT STRFTIME('%Y', incidents.date) FROM incidents WHERE incidents.subject_weapon = '[placeholder-type:string]' GROUP BY STRFTIME('%Y', incidents.date) ORDER BY COUNT(incidents.case_number) LIMIT [placeholder-type:numeric]",
        "ba": "The virtual table retrieves the years from the 'incidents' table based on the date of incidents where a specific subject weapon was used. It groups the results by year and orders them by the count of case numbers, limiting the output to a specified number of results.",
        "gold_complexity": 11,
        "gold_sql": "SELECT STRFTIME('%Y', date) FROM incidents WHERE subject_weapon = 'Handgun' GROUP BY STRFTIME('%Y', date) ORDER BY COUNT(case_number) DESC LIMIT 1"
    },
    {
        "sample_id": 2469,
        "vt": "SELECT incidents.case_number, incidents.location, incidents.subject_statuses FROM incidents INNER JOIN subjects AS T2 ON T1.case_number = T2.case_number WHERE subjects.gender = '[placeholder-type:string]'",
        "ba": "The virtual table describes incidents along with their locations and the statuses of the victims from the 'incidents' table, filtered by the gender of the subjects involved in those incidents. The placeholder in the WHERE clause represents the gender of the subjects.",
        "gold_complexity": 11,
        "gold_sql": "SELECT T1.case_number, T1.location, T1.subject_statuses FROM incidents AS T1 INNER JOIN subjects AS T2 ON T1.case_number = T2.case_number WHERE T2.gender = 'M'"
    },
    {
        "sample_id": 2473,
        "vt": "SELECT CAST(SUM(incidents.subject_weapon = '[placeholder-type:string]') AS FLOAT) * [placeholder-type:numeric] / COUNT(incidents.case_number) FROM incidents INNER JOIN subjects AS T2 ON T1.case_number = T2.case_number WHERE subjects.gender = '[placeholder-type:string]'",
        "ba": "The virtual table calculates the proportion of incidents involving a specific weapon type, adjusted by a numeric factor, for a specified gender of subjects. It aggregates data from the 'incidents' table and joins it with the 'subjects' table based on the case number, applying filters for weapon type and subject gender.",
        "gold_complexity": 8,
        "gold_sql": "SELECT CAST(SUM(T1.subject_weapon = 'Vehicle') AS REAL) * 100 / COUNT(T1.case_number) FROM incidents T1 INNER JOIN subjects T2 ON T1.case_number = T2.case_number WHERE T2.gender = 'F'"
    },
    {
        "sample_id": 2474,
        "vt": "SELECT CAST(SUM(incidents.subject_weapon = '[placeholder-type:string]') AS FLOAT) * [placeholder-type:numeric] / SUM(incidents.subject_weapon = '[placeholder-type:string]') FROM incidents INNER JOIN subjects AS T2 ON T1.case_number = T2.case_number WHERE incidents.subject_statuses = '[placeholder-type:string]'",
        "ba": "The virtual table calculates a weighted average of a specific subject weapon used in incidents, based on the statuses of the victims. It sums the occurrences of the specified weapon and divides it by the total occurrences of that weapon, then multiplies by a numeric placeholder to adjust the result. The query joins the 'incidents' table with the 'subjects' table on the case number to filter results based on the victim's statuses.",
        "gold_complexity": 7,
        "gold_sql": "SELECT CAST(SUM(T1.subject_weapon = 'Knife') AS REAL) * 100 / SUM(T1.subject_weapon = 'Handgun') FROM incidents AS T1 INNER JOIN subjects AS T2 ON T1.case_number = T2.case_number WHERE T1.subject_statuses = 'Injured'"
    },
    {
        "sample_id": 2475,
        "vt": "SELECT incidents.case_number FROM incidents WHERE STRFTIME('%Y', incidents.date) > '[placeholder-type:string]' AND incidents.subject_statuses = '[placeholder-type:string]'",
        "ba": "The virtual table retrieves case numbers from the 'incidents' table based on specific criteria. It filters the results to include only those incidents that occurred after a certain year and have a specific status for the victims.",
        "gold_complexity": 8,
        "gold_sql": "SELECT case_number FROM incidents WHERE STRFTIME('%Y', date) > '2011' AND subject_statuses = 'Deceased'"
    },
    {
        "sample_id": 2482,
        "vt": "SELECT incidents.subject_weapon FROM incidents WHERE incidents.subject_statuses = '[placeholder-type:string]' GROUP BY incidents.subject_weapon ORDER BY COUNT(incidents.case_number) LIMIT [placeholder-type:numeric]",
        "ba": "The virtual table retrieves the subject weapons used in incidents where the statuses of the victims match a specified condition. The results are grouped by the type of weapon and ordered by the count of case numbers, allowing for a limit on the number of results returned.",
        "gold_complexity": 11,
        "gold_sql": "SELECT subject_weapon FROM incidents WHERE subject_statuses = 'Deceased' GROUP BY subject_weapon ORDER BY COUNT(case_number) DESC LIMIT 1"
    },
    {
        "sample_id": 2476,
        "vt": "SELECT CAST(SUM(officers.race = '[placeholder-type:string]') AS FLOAT) * [placeholder-type:numeric] / COUNT(officers.case_number) FROM officers WHERE officers.gender = '[placeholder-type:string]'",
        "ba": "The virtual table calculates the proportion of officers of a specific race among all officers of a specified gender from the 'officers' table. It sums the occurrences of officers matching the specified race, multiplies this sum by a numeric placeholder, and divides it by the total count of officers for the specified gender.",
        "gold_complexity": 7,
        "gold_sql": "SELECT CAST(SUM(race = 'B') AS REAL) * 100 / COUNT(case_number) FROM officers WHERE gender = 'M'"
    },
    {
        "sample_id": 2481,
        "vt": "SELECT COUNT(incidents.location) FROM incidents WHERE incidents.subject_weapon = '[placeholder-type:string]' AND incidents.subject_statuses = '[placeholder-type:string]' AND incidents.date BETWEEN '[placeholder-type:string]' AND '[placeholder-type:string]'",
        "ba": "The virtual table counts the number of incidents from the 'incidents' table based on specific criteria. It filters incidents by the weapon used and the status of the subjects involved, as well as a date range for when the incidents occurred. The placeholders represent the weapon type, subject statuses, and the start and end dates for the query.",
        "gold_complexity": 9,
        "gold_sql": "SELECT COUNT(location) FROM incidents WHERE subject_weapon = 'Handgun' AND subject_statuses = 'Injured' AND date BETWEEN '2006-01-01' AND '2013-12-31'"
    },
    {
        "sample_id": 2468,
        "vt": "SELECT incidents.case_number, incidents.subject_statuses, incidents.subject_weapon FROM incidents INNER JOIN subjects AS T2 ON T1.case_number = T2.case_number WHERE subjects.gender = '[placeholder-type:string]'",
        "ba": "The virtual table describes the case numbers, statuses of the victims, and the weapons involved in incidents from the 'incidents' table. It joins with the 'subjects' table to filter the results based on the gender of the subjects involved in those incidents. The placeholder in the WHERE clause represents the gender of the subjects.",
        "gold_complexity": 11,
        "gold_sql": "SELECT T1.case_number, T1.subject_statuses, T1.subject_weapon FROM incidents AS T1 INNER JOIN subjects AS T2 ON T1.case_number = T2.case_number WHERE T2.gender = 'F'"
    }
]