[
    {
        "sample_id": 2523,
        "gold_sql": "SELECT T2.title FROM Rating AS T1 JOIN Movie AS T2 ON T1.mID  =  T2.mID WHERE T1.stars  =  3 INTERSECT SELECT T2.title FROM Rating AS T1 JOIN Movie AS T2 ON T1.mID  =  T2.mID WHERE T1.stars  =  4",
        "gold_complexity": 8,
        "vt": "SELECT T2.title FROM Rating AS T1 JOIN Movie AS T2 ON T1.mID = T2.mID WHERE T1.stars = 3 INTERSECT SELECT T2.title FROM Rating AS T1 JOIN Movie AS T2 ON T1.mID = T2.mID WHERE T1.stars = 4",
        "ba": "The virtual table identifies the titles of movies that have received both a 3-star and a 4-star rating from reviewers. It does this by performing an intersection of two queries: the first query selects movie titles rated with 3 stars, and the second query selects movie titles rated with 4 stars. The intersection ensures that only those titles that meet both criteria are returned."
    },
    {
        "sample_id": 2463,
        "gold_sql": "SELECT T2.title ,  T2.director FROM Rating AS T1 JOIN Movie AS T2 ON T1.mID  =  T2.mID WHERE T1.stars  >  (SELECT avg(T1.stars) FROM Rating AS T1 JOIN Movie AS T2 ON T1.mID  =  T2.mID WHERE T2.director  =  \"James Cameron\")",
        "gold_complexity": 14,
        "vt": "SELECT movie.title, movie.director FROM rating JOIN Movie AS T2 ON T1.mID = T2.mID WHERE rating.stars > (SELECT AVG(rating.stars) FROM Rating AS T1 JOIN Movie AS T2 ON T1.mID = T2.mID WHERE T2.director = \"James Cameron\")",
        "ba": "The virtual table describes the titles and directors of movies that have received a rating higher than the average rating of movies directed by a specific director. The query joins the 'rating' table with the 'movie' table to filter and display relevant information based on the average rating condition."
    },
    {
        "sample_id": 2476,
        "gold_sql": "SELECT name FROM Reviewer UNION SELECT title FROM Movie",
        "gold_complexity": 8,
        "vt": "SELECT name FROM Reviewer UNION SELECT title FROM Movie",
        "ba": "The virtual table combines the names of reviewers and the titles of movies into a single list. The placeholder indicates that the output will include names from the 'Reviewer' table and titles from the 'Movie' table, without any specific filtering conditions."
    },
    {
        "sample_id": 2453,
        "gold_sql": "SELECT DISTINCT name FROM Reviewer AS T1 JOIN Rating AS T2 ON T1.rID  =  T2.rID WHERE ratingDate  =  \"null\"",
        "gold_complexity": 8,
        "vt": "SELECT DISTINCT reviewer.name FROM reviewer JOIN Rating AS T2 ON T1.rID = T2.rID WHERE rating.ratingdate = None.\"null\"",
        "ba": "The virtual table lists the distinct names of reviewers from the 'reviewer' table who have submitted ratings without a specified date. The query joins the 'reviewer' table with the 'rating' table based on the reviewer's ID, filtering for ratings that have a null date."
    },
    {
        "sample_id": 2477,
        "gold_sql": "SELECT DISTINCT title FROM Movie EXCEPT SELECT T2.title FROM Rating AS T1 JOIN Movie AS T2 ON T1.mID  =  T2.mID JOIN Reviewer AS T3 ON T1.rID  =  T3.rID WHERE T3.name  =  'Chris Jackson'",
        "gold_complexity": 11,
        "vt": "SELECT DISTINCT title FROM Movie EXCEPT SELECT T2.title FROM Rating AS T1 JOIN Movie AS T2 ON T1.mID = T2.mID JOIN Reviewer AS T3 ON T1.rID = T3.rID WHERE T3.name = 'Chris Jackson'",
        "ba": "The virtual table lists the titles of movies that have not been rated by a specific reviewer. It does this by selecting all distinct movie titles from the 'movie' table and excluding those titles that have ratings submitted by the reviewer named 'Chris Jackson'."
    },
    {
        "sample_id": 2427,
        "gold_sql": "SELECT title FROM Movie WHERE director = 'Steven Spielberg'",
        "gold_complexity": 6,
        "vt": "SELECT movie.title FROM movie WHERE movie.director = '[placeholder-type:string]'",
        "ba": "The virtual table describes the titles of movies from the 'movie' table that were directed by a specific director. The placeholder in the WHERE clause represents the director's name."
    },
    {
        "sample_id": 2519,
        "gold_sql": "SELECT title FROM Movie WHERE director  =  \"James Cameron\" OR YEAR   <  1980",
        "gold_complexity": 8,
        "vt": "SELECT movie.title FROM movie WHERE movie.director = None.\"james cameron\" OR movie.year < [placeholder-type:numeric]",
        "ba": "The virtual table lists the titles of movies from the 'movie' table that are either directed by a specific director or released before a certain year. The placeholders represent the director's name and the year for filtering the results."
    },
    {
        "sample_id": 2443,
        "gold_sql": "SELECT max(stars) ,  min(stars) FROM Rating",
        "gold_complexity": 5,
        "vt": "SELECT MAX(rating.stars), MIN(rating.stars) FROM rating",
        "ba": "The virtual table provides the maximum and minimum star ratings from the 'rating' table, which contains ratings given by reviewers to movies."
    },
    {
        "sample_id": 2470,
        "gold_sql": "SELECT DISTINCT T3.name FROM Rating AS T1 JOIN Movie AS T2 ON T1.mID  =  T2.mID JOIN Reviewer AS T3 ON T1.rID  =  T3.rID WHERE T2.title  =  'Gone with the Wind'",
        "gold_complexity": 9,
        "vt": "SELECT DISTINCT reviewer.name FROM rating JOIN Movie AS T2 ON T1.mID = T2.mID JOIN Reviewer AS T3 ON T1.rID = T3.rID WHERE movie.title = '[placeholder-type:string]'",
        "ba": "The virtual table lists the distinct names of reviewers who have rated a specific movie from the 'movie' table. The query joins the 'rating' table with the 'movie' and 'reviewer' tables to filter the results based on the movie's title."
    },
    {
        "sample_id": 2466,
        "gold_sql": "SELECT T3.name ,  T2.title ,  T1.stars ,  T1.ratingDate FROM Rating AS T1 JOIN Movie AS T2 ON T1.mID  =  T2.mID JOIN Reviewer AS T3 ON T1.rID  =  T3.rID ORDER BY T3.name ,  T2.title ,  T1.stars",
        "gold_complexity": 18,
        "vt": "SELECT reviewer.name, movie.title, rating.stars, rating.ratingdate FROM rating JOIN Movie AS T2 ON T1.mID = T2.mID JOIN Reviewer AS T3 ON T1.rID = T3.rID ORDER BY reviewer.name, movie.title, rating.stars",
        "ba": "The virtual table presents a list of reviewers along with the titles of the movies they rated, the number of stars they awarded, and the date of the rating submission. It combines data from the 'rating', 'movie', and 'reviewer' tables, ensuring that each review is associated with the correct movie and reviewer. The results are ordered by the reviewer's name, movie title, and the star rating given."
    },
    {
        "sample_id": 2450,
        "gold_sql": "SELECT T2.name ,  avg(T1.stars) FROM Rating AS T1 JOIN Reviewer AS T2 ON T1.rID  =  T2.rID GROUP BY T2.name",
        "gold_complexity": 9,
        "vt": "SELECT reviewer.name, AVG(rating.stars) FROM rating JOIN Reviewer AS T2 ON T1.rID = T2.rID GROUP BY reviewer.name",
        "ba": "The virtual table provides the average star ratings given by each reviewer for the movies they have rated. It combines data from the 'rating' and 'reviewer' tables, linking them through the reviewer's unique identifier. The result will show each reviewer's name alongside their average rating score."
    },
    {
        "sample_id": 2521,
        "gold_sql": "SELECT T2.name FROM Rating AS T1 JOIN Reviewer AS T2 ON T1.rID  =  T2.rID WHERE T1.stars  =  3 INTERSECT SELECT T2.name FROM Rating AS T1 JOIN Reviewer AS T2 ON T1.rID  =  T2.rID WHERE T1.stars  =  4",
        "gold_complexity": 8,
        "vt": "SELECT T2.name FROM Rating AS T1 JOIN Reviewer AS T2 ON T1.rID = T2.rID WHERE T1.stars = 3 INTERSECT SELECT T2.name FROM Rating AS T1 JOIN Reviewer AS T2 ON T1.rID = T2.rID WHERE T1.stars = 4",
        "ba": "The virtual table identifies reviewers who have given ratings of both 3 and 4 stars to movies. It does this by joining the 'Rating' table with the 'Reviewer' table based on the reviewer ID, and then filtering the results to include only those reviewers who meet both rating criteria."
    },
    {
        "sample_id": 2489,
        "gold_sql": "SELECT T2.title ,  avg(T1.stars) FROM Rating AS T1 JOIN Movie AS T2 ON T1.mID  =  T2.mID GROUP BY T1.mID ORDER BY avg(T1.stars) DESC LIMIT 1",
        "gold_complexity": 12,
        "vt": "SELECT movie.title, AVG(rating.stars) FROM rating JOIN Movie AS T2 ON T1.mID = T2.mID GROUP BY rating.mid ORDER BY AVG(rating.stars) LIMIT [placeholder-type:numeric]",
        "ba": "The virtual table provides a list of movie titles along with their average ratings from the 'rating' table. It joins the 'rating' table with the 'movie' table to associate each rating with its corresponding movie. The results are grouped by movie identifier to calculate the average stars given for each movie, and the output is ordered by the average rating in ascending order. A placeholder is included to limit the number of results returned."
    },
    {
        "sample_id": 2485,
        "gold_sql": "SELECT director FROM Movie WHERE director != \"null\" GROUP BY director HAVING count(*)  =  1",
        "gold_complexity": 10,
        "vt": "SELECT movie.director FROM movie WHERE movie.director <> None.\"null\" GROUP BY movie.director HAVING COUNT(*) = [placeholder-type:numeric]",
        "ba": "The virtual table lists the directors of movies from the 'movie' table who have directed a specific number of films. The placeholder in the HAVING clause represents the minimum count of movies directed by each director."
    },
    {
        "sample_id": 2510,
        "gold_sql": "SELECT mID FROM Rating EXCEPT SELECT T1.mID FROM Rating AS T1 JOIN Reviewer AS T2 ON T1.rID  =  T2.rID WHERE T2.name  =  \"Brittany Harris\"",
        "gold_complexity": 8,
        "vt": "SELECT mID FROM Rating EXCEPT SELECT T1.mID FROM Rating AS T1 JOIN Reviewer AS T2 ON T1.rID = T2.rID WHERE T2.name = \"Brittany Harris\"",
        "ba": "The virtual table identifies movies that have received ratings but were not rated by a specific reviewer. It does this by selecting all movie IDs from the 'Rating' table and excluding those that have been rated by the reviewer named 'Brittany Harris'."
    },
    {
        "sample_id": 2435,
        "gold_sql": "SELECT count(*) FROM Reviewer",
        "gold_complexity": 4,
        "vt": "SELECT COUNT(*) FROM reviewer",
        "ba": "The virtual table counts the total number of reviewers from the 'reviewer' table."
    },
    {
        "sample_id": 2487,
        "gold_sql": "SELECT count(*) ,  T1.director FROM Movie AS T1 JOIN Rating AS T2 ON T1.mID  =  T2.mID GROUP BY T1.director",
        "gold_complexity": 9,
        "vt": "SELECT COUNT(*), movie.director FROM movie JOIN Rating AS T2 ON T1.mID = T2.mID GROUP BY movie.director",
        "ba": "The virtual table summarizes the number of movies directed by each director from the 'movie' table. It counts the total number of movies associated with each director by joining the 'movie' table with the 'rating' table based on the movie identifier. The results are grouped by the director's name, allowing us to see how many movies each director has in the database."
    },
    {
        "sample_id": 2512,
        "gold_sql": "SELECT mID ,  avg(stars) FROM Rating GROUP BY mID HAVING count(*)  >=  2",
        "gold_complexity": 10,
        "vt": "SELECT rating.mid, AVG(rating.stars) FROM rating GROUP BY rating.mid HAVING COUNT(*) >= [placeholder-type:numeric]",
        "ba": "The virtual table provides the average star rating for each movie from the 'rating' table, but only includes movies that have received a minimum number of ratings. The placeholder in the HAVING clause represents the minimum count of ratings required for a movie to be included in the results."
    },
    {
        "sample_id": 2465,
        "gold_sql": "SELECT T3.name ,  T2.title ,  T1.stars ,  T1.ratingDate FROM Rating AS T1 JOIN Movie AS T2 ON T1.mID  =  T2.mID JOIN Reviewer AS T3 ON T1.rID  =  T3.rID ORDER BY T3.name ,  T2.title ,  T1.stars",
        "gold_complexity": 18,
        "vt": "SELECT reviewer.name, movie.title, rating.stars, rating.ratingdate FROM rating JOIN Movie AS T2 ON T1.mID = T2.mID JOIN Reviewer AS T3 ON T1.rID = T3.rID ORDER BY reviewer.name, movie.title, rating.stars",
        "ba": "The virtual table presents a list of reviewers along with the titles of the movies they rated, the number of stars they awarded, and the date of the rating. It combines data from the 'rating', 'movie', and 'reviewer' tables, ensuring that each reviewer's name is associated with the corresponding movie title and rating details. The results are ordered by the reviewer's name, movie title, and the star rating given."
    },
    {
        "sample_id": 2448,
        "gold_sql": "SELECT T1.director ,  T1.title FROM Movie AS T1 JOIN Rating AS T2 ON T1.mID  =  T2.mID WHERE T2.stars  =  5",
        "gold_complexity": 9,
        "vt": "SELECT movie.director, movie.title FROM movie JOIN Rating AS T2 ON T1.mID = T2.mID WHERE rating.stars = [placeholder-type:numeric]",
        "ba": "The virtual table describes the directors and titles of movies from the 'movie' table that have received a specific star rating. The placeholder in the WHERE clause represents the number of stars given in the rating."
    },
    {
        "sample_id": 2507,
        "gold_sql": "SELECT mID ,  avg(stars) FROM Rating WHERE mID NOT IN (SELECT T1.mID FROM Rating AS T1 JOIN Reviewer AS T2 ON T1.rID  =  T2.rID WHERE T2.name  =  \"Brittany Harris\") GROUP BY mID",
        "gold_complexity": 14,
        "vt": "SELECT rating.mid, AVG(rating.stars) FROM rating WHERE NOT rating.mid IN (SELECT rating.mid FROM Rating AS T1 JOIN Reviewer AS T2 ON T1.rID = T2.rID WHERE T2.name = \"Brittany Harris\") GROUP BY rating.mid",
        "ba": "The virtual table calculates the average star rating for movies that have not been rated by a specific reviewer. It selects the movie identifier and the average of the stars from the 'rating' table, excluding any movies rated by the reviewer named 'Brittany Harris'. The results are grouped by the movie identifier to provide a summary of ratings for each movie."
    },
    {
        "sample_id": 2494,
        "gold_sql": "SELECT T2.title ,  T2.year FROM Rating AS T1 JOIN Movie AS T2 ON T1.mID  =  T2.mID ORDER BY T1.stars DESC LIMIT 3",
        "gold_complexity": 10,
        "vt": "SELECT movie.title, movie.year FROM rating JOIN Movie AS T2 ON T1.mID = T2.mID ORDER BY rating.stars LIMIT [placeholder-type:numeric]",
        "ba": "The virtual table describes the titles and release years of movies from the 'movie' table that have been rated, ordered by the number of stars given in the ratings. The placeholder in the LIMIT clause represents the maximum number of results to return."
    },
    {
        "sample_id": 2473,
        "gold_sql": "SELECT DISTINCT T3.name ,  T2.title ,  T1.stars FROM Rating AS T1 JOIN Movie AS T2 ON T1.mID  =  T2.mID JOIN Reviewer AS T3 ON T1.rID  =  T3.rID WHERE T2.director  =  T3.name",
        "gold_complexity": 13,
        "vt": "SELECT DISTINCT reviewer.name, movie.title, rating.stars FROM rating JOIN Movie AS T2 ON T1.mID = T2.mID JOIN Reviewer AS T3 ON T1.rID = T3.rID WHERE movie.director = reviewer.name",
        "ba": "The virtual table describes the distinct names of reviewers along with the titles of movies and the corresponding star ratings given by those reviewers. It combines data from the 'rating', 'movie', and 'reviewer' tables, filtering the results based on a condition that matches the director's name with the reviewer's name."
    },
    {
        "sample_id": 2431,
        "gold_sql": "SELECT count(*) FROM Movie WHERE YEAR  <  2000",
        "gold_complexity": 6,
        "vt": "SELECT COUNT(*) FROM movie WHERE movie.year < [placeholder-type:numeric]",
        "ba": "The virtual table counts the number of movies from the 'movie' table that were released before a specific year. The placeholder in the WHERE clause represents the year of interest."
    },
    {
        "sample_id": 2452,
        "gold_sql": "SELECT title FROM Movie WHERE mID NOT IN (SELECT mID FROM Rating)",
        "gold_complexity": 10,
        "vt": "SELECT movie.title FROM movie WHERE NOT movie.mid IN (SELECT movie.mid FROM Rating)",
        "ba": "The virtual table lists the titles of movies from the 'movie' table that have not received any ratings. The subquery identifies all movie identifiers that have been rated, and the main query filters out these movies from the selection."
    },
    {
        "sample_id": 2445,
        "gold_sql": "SELECT DISTINCT YEAR FROM Movie AS T1 JOIN Rating AS T2 ON T1.mID  =  T2.mID WHERE T2.stars  >=  4 ORDER BY T1.year",
        "gold_complexity": 10,
        "vt": "SELECT DISTINCT movie.year FROM movie JOIN Rating AS T2 ON T1.mID = T2.mID WHERE rating.stars >= [placeholder-type:numeric] ORDER BY movie.year",
        "ba": "The virtual table lists distinct years of movie releases from the 'movie' table, filtered by ratings that are equal to or greater than a specified number of stars. The query joins the 'movie' table with the 'rating' table to access the ratings associated with each movie."
    },
    {
        "sample_id": 2449,
        "gold_sql": "SELECT T2.name ,  avg(T1.stars) FROM Rating AS T1 JOIN Reviewer AS T2 ON T1.rID  =  T2.rID GROUP BY T2.name",
        "gold_complexity": 9,
        "vt": "SELECT reviewer.name, AVG(rating.stars) FROM rating JOIN Reviewer AS T2 ON T1.rID = T2.rID GROUP BY reviewer.name",
        "ba": "The virtual table presents the names of reviewers along with the average star ratings they have given to movies. It combines data from the 'rating' and 'reviewer' tables, linking them through the reviewer's unique identifier. The average rating is calculated for each reviewer, providing insights into their overall rating tendencies."
    },
    {
        "sample_id": 2483,
        "gold_sql": "SELECT director FROM Movie GROUP BY director HAVING count(*)  =  1",
        "gold_complexity": 8,
        "vt": "SELECT movie.director FROM movie GROUP BY movie.director HAVING COUNT(*) = [placeholder-type:numeric]",
        "ba": "The virtual table lists the directors of movies from the 'movie' table who have directed a specific number of films. The placeholder in the HAVING clause represents the count of movies directed by each director."
    },
    {
        "sample_id": 2502,
        "gold_sql": "SELECT T2.title ,  T1.mID FROM Rating AS T1 JOIN Movie AS T2 ON T1.mID  =  T2.mID GROUP BY T1.mID ORDER BY count(*) DESC LIMIT 1",
        "gold_complexity": 12,
        "vt": "SELECT movie.title, rating.mid FROM rating JOIN Movie AS T2 ON T1.mID = T2.mID GROUP BY rating.mid ORDER BY COUNT(*) LIMIT [placeholder-type:numeric]",
        "ba": "The virtual table provides a list of movie titles along with their identifiers from the 'movie' table, based on the ratings given by reviewers. It aggregates the ratings for each movie and orders them by the number of ratings received, limiting the results to a specified number of entries."
    },
    {
        "sample_id": 2515,
        "gold_sql": "SELECT rID FROM Rating WHERE stars != 4",
        "gold_complexity": 6,
        "vt": "SELECT rating.rid FROM rating WHERE rating.stars <> [placeholder-type:numeric]",
        "ba": "The virtual table retrieves the unique identifiers of reviewers from the 'rating' table who have given a rating that is not equal to a specified number of stars. The placeholder in the WHERE clause represents the number of stars to filter out."
    },
    {
        "sample_id": 2437,
        "gold_sql": "SELECT rID FROM Reviewer WHERE name LIKE \"%Mike%\"",
        "gold_complexity": 6,
        "vt": "SELECT reviewer.rid FROM reviewer WHERE reviewer.name LIKE None.\"%mike%\"",
        "ba": "The virtual table retrieves the unique identifiers of reviewers from the 'reviewer' table whose names contain the substring 'mike'. The placeholder in the LIKE clause allows for flexible searching of reviewer names."
    },
    {
        "sample_id": 2484,
        "gold_sql": "SELECT director FROM Movie GROUP BY director HAVING count(*)  =  1",
        "gold_complexity": 8,
        "vt": "SELECT movie.director FROM movie GROUP BY movie.director HAVING COUNT(*) = [placeholder-type:numeric]",
        "ba": "The virtual table lists the directors of movies from the 'movie' table who have directed a specific number of films. The placeholder in the HAVING clause represents the count of movies directed by each director."
    },
    {
        "sample_id": 2522,
        "gold_sql": "SELECT T2.name FROM Rating AS T1 JOIN Reviewer AS T2 ON T1.rID  =  T2.rID WHERE T1.stars  =  3 INTERSECT SELECT T2.name FROM Rating AS T1 JOIN Reviewer AS T2 ON T1.rID  =  T2.rID WHERE T1.stars  =  4",
        "gold_complexity": 8,
        "vt": "SELECT T2.name FROM Rating AS T1 JOIN Reviewer AS T2 ON T1.rID = T2.rID WHERE T1.stars = 3 INTERSECT SELECT T2.name FROM Rating AS T1 JOIN Reviewer AS T2 ON T1.rID = T2.rID WHERE T1.stars = 4",
        "ba": "The virtual table identifies reviewers who have given ratings of both 3 and 4 stars to movies. It combines results from two queries using an INTERSECT operation to ensure that only reviewers who meet both criteria are included."
    },
    {
        "sample_id": 2482,
        "gold_sql": "SELECT T1.title ,  T1.year FROM Movie AS T1 JOIN Movie AS T2 ON T1.director  =  T2.director WHERE T1.title != T2.title",
        "gold_complexity": 9,
        "vt": "SELECT movie.title, movie.year FROM movie JOIN Movie AS T2 ON T1.director = T2.director WHERE movie.title <> movie.title",
        "ba": "The virtual table describes the titles and release years of movies from the 'movie' table that share the same director, excluding the movie itself."
    },
    {
        "sample_id": 2455,
        "gold_sql": "SELECT avg(T1.stars) ,  T2.title FROM Rating AS T1 JOIN Movie AS T2 ON T1.mID  =  T2.mID WHERE T2.year  =  (SELECT min(YEAR) FROM Movie)",
        "gold_complexity": 13,
        "vt": "SELECT AVG(rating.stars), movie.title FROM rating JOIN Movie AS T2 ON T1.mID = T2.mID WHERE movie.year = (SELECT MIN(movie.year) FROM Movie)",
        "ba": "The virtual table calculates the average rating of movies released in the earliest year from the 'movie' table. It joins the 'rating' table to get the ratings associated with each movie and filters the results to only include movies from the earliest release year. The placeholder in the SELECT clause represents the average stars given to those movies, and the title of the movie is also included in the output."
    },
    {
        "sample_id": 2444,
        "gold_sql": "SELECT max(stars) ,  min(stars) FROM Rating",
        "gold_complexity": 5,
        "vt": "SELECT MAX(rating.stars), MIN(rating.stars) FROM rating",
        "ba": "The virtual table provides the maximum and minimum star ratings from the 'rating' table, which contains ratings given by reviewers to movies."
    },
    {
        "sample_id": 2500,
        "gold_sql": "SELECT T2.title ,  T1.stars ,  T2.director ,  min(T1.stars) FROM Rating AS T1 JOIN Movie AS T2 ON T1.mID  =  T2.mID GROUP BY T2.director",
        "gold_complexity": 12,
        "vt": "SELECT movie.title, rating.stars, movie.director, MIN(rating.stars) FROM rating JOIN Movie AS T2 ON T1.mID = T2.mID GROUP BY movie.director",
        "ba": "The virtual table provides a summary of movie ratings by director, showing the title of the movie, the number of stars given in the rating, and the director's name. It also includes the minimum rating received by any movie directed by each director."
    },
    {
        "sample_id": 2497,
        "gold_sql": "SELECT T2.title ,  T1.rID ,  T1.stars ,  min(T1.stars) FROM Rating AS T1 JOIN Movie AS T2 ON T1.mID  =  T2.mID GROUP BY T1.rID",
        "gold_complexity": 12,
        "vt": "SELECT movie.title, rating.rid, rating.stars, MIN(rating.stars) FROM rating JOIN Movie AS T2 ON T1.mID = T2.mID GROUP BY rating.rid",
        "ba": "The virtual table provides a summary of movie ratings by reviewers, showing the title of the movie, the reviewer's identifier, the number of stars given, and the minimum star rating for each reviewer."
    },
    {
        "sample_id": 2457,
        "gold_sql": "SELECT title FROM Movie WHERE YEAR  =  (SELECT max(YEAR) FROM Movie)",
        "gold_complexity": 9,
        "vt": "SELECT movie.title FROM movie WHERE movie.year = (SELECT MAX(movie.year) FROM Movie)",
        "ba": "The virtual table retrieves the titles of movies from the 'movie' table that were released in the most recent year. The inner query identifies the maximum year from the 'movie' table, ensuring that only the latest movies are selected."
    },
    {
        "sample_id": 2488,
        "gold_sql": "SELECT count(*) ,  T1.director FROM Movie AS T1 JOIN Rating AS T2 ON T1.mID  =  T2.mID GROUP BY T1.director",
        "gold_complexity": 9,
        "vt": "SELECT COUNT(*), movie.director FROM movie JOIN Rating AS T2 ON T1.mID = T2.mID GROUP BY movie.director",
        "ba": "The virtual table summarizes the number of movies directed by each director from the 'movie' table. It joins the 'movie' table with the 'rating' table to ensure that only movies that have been rated are considered. The result is grouped by the director's name, allowing us to count how many movies each director has in the dataset."
    },
    {
        "sample_id": 2454,
        "gold_sql": "SELECT DISTINCT name FROM Reviewer AS T1 JOIN Rating AS T2 ON T1.rID  =  T2.rID WHERE ratingDate  =  \"null\"",
        "gold_complexity": 8,
        "vt": "SELECT DISTINCT reviewer.name FROM reviewer JOIN Rating AS T2 ON T1.rID = T2.rID WHERE rating.ratingdate = None.\"null\"",
        "ba": "The virtual table lists the distinct names of reviewers from the 'reviewer' table who have not submitted any ratings, as indicated by a null value in the 'ratingdate' column of the 'rating' table. The query uses a JOIN to connect the 'reviewer' and 'rating' tables based on the reviewer's unique identifier."
    },
    {
        "sample_id": 2469,
        "gold_sql": "SELECT DISTINCT T3.name FROM Rating AS T1 JOIN Movie AS T2 ON T1.mID  =  T2.mID JOIN Reviewer AS T3 ON T1.rID  =  T3.rID WHERE T2.title  =  'Gone with the Wind'",
        "gold_complexity": 9,
        "vt": "SELECT DISTINCT reviewer.name FROM rating JOIN Movie AS T2 ON T1.mID = T2.mID JOIN Reviewer AS T3 ON T1.rID = T3.rID WHERE movie.title = '[placeholder-type:string]'",
        "ba": "The virtual table lists the distinct names of reviewers who have rated a specific movie from the 'movie' table. It joins the 'rating' table with the 'movie' and 'reviewer' tables to filter the results based on the movie's title."
    },
    {
        "sample_id": 2458,
        "gold_sql": "SELECT title FROM Movie WHERE YEAR  =  (SELECT max(YEAR) FROM Movie)",
        "gold_complexity": 9,
        "vt": "SELECT movie.title FROM movie WHERE movie.year = (SELECT MAX(movie.year) FROM Movie)",
        "ba": "The virtual table describes the titles of movies from the 'movie' table that were released in the most recent year. The inner query retrieves the maximum year from the 'movie' table, and the outer query selects the titles of movies that match this year."
    },
    {
        "sample_id": 2524,
        "gold_sql": "SELECT T2.title FROM Rating AS T1 JOIN Movie AS T2 ON T1.mID  =  T2.mID WHERE T1.stars  =  3 INTERSECT SELECT T2.title FROM Rating AS T1 JOIN Movie AS T2 ON T1.mID  =  T2.mID WHERE T1.stars  =  4",
        "gold_complexity": 8,
        "vt": "SELECT T2.title FROM Rating AS T1 JOIN Movie AS T2 ON T1.mID = T2.mID WHERE T1.stars = 3 INTERSECT SELECT T2.title FROM Rating AS T1 JOIN Movie AS T2 ON T1.mID = T2.mID WHERE T1.stars = 4",
        "ba": "The virtual table identifies movies that have received both a 3-star and a 4-star rating from reviewers. It does this by performing an intersection of two queries: the first query selects movie titles rated with 3 stars, and the second query selects movie titles rated with 4 stars. The intersection ensures that only those movies that meet both rating criteria are included in the final result."
    },
    {
        "sample_id": 2474,
        "gold_sql": "SELECT DISTINCT T3.name ,  T2.title ,  T1.stars FROM Rating AS T1 JOIN Movie AS T2 ON T1.mID  =  T2.mID JOIN Reviewer AS T3 ON T1.rID  =  T3.rID WHERE T2.director  =  T3.name",
        "gold_complexity": 13,
        "vt": "SELECT DISTINCT reviewer.name, movie.title, rating.stars FROM rating JOIN Movie AS T2 ON T1.mID = T2.mID JOIN Reviewer AS T3 ON T1.rID = T3.rID WHERE movie.director = reviewer.name",
        "ba": "The virtual table presents a list of distinct reviewers along with the titles of movies they rated and the corresponding star ratings. It combines data from the 'rating', 'movie', and 'reviewer' tables, filtering the results to show only those movies directed by the reviewers themselves."
    },
    {
        "sample_id": 2511,
        "gold_sql": "SELECT mID ,  avg(stars) FROM Rating GROUP BY mID HAVING count(*)  >=  2",
        "gold_complexity": 10,
        "vt": "SELECT rating.mid, AVG(rating.stars) FROM rating GROUP BY rating.mid HAVING COUNT(*) >= [placeholder-type:numeric]",
        "ba": "The virtual table provides the average star rating for each movie from the 'rating' table, but only includes movies that have received a minimum number of ratings. The placeholder in the HAVING clause represents the minimum count of ratings required for a movie to be included in the results."
    },
    {
        "sample_id": 2481,
        "gold_sql": "SELECT T1.title ,  T1.year FROM Movie AS T1 JOIN Movie AS T2 ON T1.director  =  T2.director WHERE T1.title != T2.title",
        "gold_complexity": 9,
        "vt": "SELECT movie.title, movie.year FROM movie JOIN Movie AS T2 ON T1.director = T2.director WHERE movie.title <> movie.title",
        "ba": "The virtual table describes the titles and release years of movies from the 'movie' table that share the same director, excluding the movie itself."
    },
    {
        "sample_id": 2430,
        "gold_sql": "SELECT title FROM Movie WHERE director = 'James Cameron' AND YEAR  >  2000",
        "gold_complexity": 8,
        "vt": "SELECT movie.title FROM movie WHERE movie.director = '[placeholder-type:string]' AND movie.year > [placeholder-type:numeric]",
        "ba": "The virtual table describes the titles of movies from the 'movie' table that were directed by a specific director and released after a certain year. The placeholders in the WHERE clause represent the director's name and the year of release."
    },
    {
        "sample_id": 2486,
        "gold_sql": "SELECT director FROM Movie WHERE director != \"null\" GROUP BY director HAVING count(*)  =  1",
        "gold_complexity": 10,
        "vt": "SELECT movie.director FROM movie WHERE movie.director <> None.\"null\" GROUP BY movie.director HAVING COUNT(*) = [placeholder-type:numeric]",
        "ba": "The virtual table lists the directors of movies from the 'movie' table who have directed a specific number of films. The placeholder in the HAVING clause represents the minimum count of movies directed by each director."
    },
    {
        "sample_id": 2505,
        "gold_sql": "SELECT T2.name FROM Rating AS T1 JOIN Reviewer AS T2 ON T1.rID  =  T2.rID WHERE T1.stars  >  3",
        "gold_complexity": 7,
        "vt": "SELECT reviewer.name FROM rating JOIN Reviewer AS T2 ON T1.rID = T2.rID WHERE rating.stars > [placeholder-type:numeric]",
        "ba": "The virtual table describes the names of reviewers who have given a rating of more than a specified number of stars. It retrieves data from the 'reviewer' table and joins it with the 'rating' table based on the reviewer's unique identifier."
    },
    {
        "sample_id": 2434,
        "gold_sql": "SELECT director FROM Movie WHERE title  = 'Avatar'",
        "gold_complexity": 6,
        "vt": "SELECT movie.director FROM movie WHERE movie.title = '[placeholder-type:string]'",
        "ba": "The virtual table retrieves the director of a specific movie from the 'movie' table based on the movie's title. The placeholder in the WHERE clause represents the title of the movie."
    },
    {
        "sample_id": 2460,
        "gold_sql": "SELECT max(T1.stars) ,  T2.year FROM Rating AS T1 JOIN Movie AS T2 ON T1.mID  =  T2.mID WHERE T2.year  =  (SELECT max(YEAR) FROM Movie)",
        "gold_complexity": 12,
        "vt": "SELECT MAX(rating.stars), movie.year FROM rating JOIN Movie AS T2 ON T1.mID = T2.mID WHERE movie.year = (SELECT MAX(movie.year) FROM Movie)",
        "ba": "The virtual table retrieves the maximum star rating given to movies released in the most recent year. It joins the 'rating' table with the 'movie' table to access the movie's release year and filters the results to only include movies from that year."
    },
    {
        "sample_id": 2479,
        "gold_sql": "SELECT T1.title ,  T1.director FROM Movie AS T1 JOIN Movie AS T2 ON T1.director  =  T2.director WHERE T1.title != T2.title ORDER BY T1.director ,  T1.title",
        "gold_complexity": 13,
        "vt": "SELECT movie.title, movie.director FROM movie JOIN Movie AS T2 ON T1.director = T2.director WHERE movie.title <> movie.title ORDER BY movie.director, movie.title",
        "ba": "The virtual table describes the titles and directors of movies from the 'movie' table that share the same director but are not the same movie. The query joins the 'movie' table with itself to find other movies directed by the same person, excluding the current movie being considered."
    },
    {
        "sample_id": 2439,
        "gold_sql": "SELECT rID FROM Reviewer WHERE name  =  \"Daniel Lewis\"",
        "gold_complexity": 6,
        "vt": "SELECT reviewer.rid FROM reviewer WHERE reviewer.name = None.\"daniel lewis\"",
        "ba": "The virtual table retrieves the unique identifier of a reviewer from the 'reviewer' table based on the reviewer's name."
    },
    {
        "sample_id": 2496,
        "gold_sql": "SELECT T2.title ,  T1.stars ,  T2.director ,  max(T1.stars) FROM Rating AS T1 JOIN Movie AS T2 ON T1.mID  =  T2.mID WHERE director != \"null\" GROUP BY director",
        "gold_complexity": 14,
        "vt": "SELECT movie.title, rating.stars, movie.director, MAX(rating.stars) FROM rating JOIN Movie AS T2 ON T1.mID = T2.mID WHERE movie.director <> None.\"null\" GROUP BY movie.director",
        "ba": "The virtual table provides a summary of movie ratings by different directors. It selects the movie title, the number of stars given in the rating, and the director's name, while also calculating the maximum stars given for each director. The query filters out any movies that do not have a valid director name and groups the results by the director's name to aggregate the ratings."
    },
    {
        "sample_id": 2513,
        "gold_sql": "SELECT rID FROM Rating EXCEPT SELECT rID FROM Rating WHERE stars  =  4",
        "gold_complexity": 7,
        "vt": "SELECT rID FROM Rating EXCEPT SELECT rID FROM Rating WHERE stars = 4",
        "ba": "The virtual table identifies reviewers who have given ratings to movies, excluding those who rated any movie with 4 stars. The query uses the EXCEPT clause to filter out reviewers who have given a 4-star rating from the overall list of reviewers in the Rating table."
    },
    {
        "sample_id": 2467,
        "gold_sql": "SELECT T2.name FROM Rating AS T1 JOIN Reviewer AS T2 ON T1.rID  =  T2.rID GROUP BY T1.rID HAVING COUNT(*)  >=  3",
        "gold_complexity": 9,
        "vt": "SELECT reviewer.name FROM rating JOIN Reviewer AS T2 ON T1.rID = T2.rID GROUP BY rating.rid HAVING COUNT(*) >= [placeholder-type:numeric]",
        "ba": "The virtual table describes the names of reviewers from the 'reviewer' table who have submitted a certain number of ratings. The query joins the 'rating' table with the 'reviewer' table based on the reviewer ID, groups the results by reviewer ID, and filters the groups to include only those reviewers who have submitted a specified minimum number of ratings."
    },
    {
        "sample_id": 2501,
        "gold_sql": "SELECT T2.title ,  T1.mID FROM Rating AS T1 JOIN Movie AS T2 ON T1.mID  =  T2.mID GROUP BY T1.mID ORDER BY count(*) DESC LIMIT 1",
        "gold_complexity": 12,
        "vt": "SELECT movie.title, rating.mid FROM rating JOIN Movie AS T2 ON T1.mID = T2.mID GROUP BY rating.mid ORDER BY COUNT(*) LIMIT [placeholder-type:numeric]",
        "ba": "The virtual table retrieves the titles of movies along with their unique identifiers from the 'rating' table, joining it with the 'movie' table. It groups the results by movie identifier and orders them based on the count of ratings received, limiting the output to a specified number of entries."
    }
]