[
    {
        "sample_id": 4846,
        "gold_sql": "SELECT count(DISTINCT Status_of_Thing_Code) FROM Timed_Status_of_Things",
        "gold_complexity": 5,
        "vt": "SELECT COUNT(DISTINCT Status_of_Thing_Code) FROM timed_status_of_things",
        "ba": "The virtual table provides a count of distinct status codes for things tracked in the 'timed_status_of_things' table. This allows users to understand how many unique statuses are recorded for various items over time."
    },
    {
        "sample_id": 4839,
        "gold_sql": "SELECT T1.service_id ,  T1.service_details ,  count(*) FROM Services AS T1 JOIN Residents_Services AS T2 ON T1.service_id  =  T2.service_id GROUP BY T1.service_id ORDER BY count(*) DESC LIMIT 1",
        "gold_complexity": 14,
        "vt": "SELECT services.service_id, services.service_details, COUNT(*) FROM services JOIN Residents_Services AS T2 ON T1.service_id = T2.service_id GROUP BY services.service_id ORDER BY COUNT(*) LIMIT [placeholder-type:numeric]",
        "ba": "The virtual table summarizes the services provided to residents, displaying the service ID and details along with the count of residents receiving each service. The results are grouped by service ID and ordered by the count of residents, with a limit on the number of results returned."
    },
    {
        "sample_id": 4837,
        "gold_sql": "SELECT DISTINCT T1.service_type_code FROM services AS T1 JOIN organizations AS T2 ON T1.organization_id  =  T2.organization_id WHERE T2.organization_details  =  'Denesik and Sons Party'",
        "gold_complexity": 8,
        "vt": "SELECT DISTINCT services.service_type_code FROM services JOIN organizations AS T2 ON T1.organization_id = T2.organization_id WHERE organizations.organization_details = '[placeholder-type:string]'",
        "ba": "The virtual table lists distinct service type codes from the 'services' table that are provided by organizations with specific details. The placeholder in the WHERE clause represents the organization's details."
    },
    {
        "sample_id": 4842,
        "gold_sql": "SELECT T2.date_moved_in ,  T1.customer_id ,  T1.customer_details FROM Customers AS T1 JOIN Customer_Events AS T2 ON T1.customer_id  =  T2.customer_id",
        "gold_complexity": 9,
        "vt": "SELECT customer_events.date_moved_in, customers.customer_id, customers.customer_details FROM customers JOIN Customer_Events AS T2 ON T1.customer_id = T2.customer_id",
        "ba": "The virtual table describes the date when a customer moved into a property, along with the unique identifier and detailed information about the customer. It combines data from the 'customers' table and the 'customer_events' table based on the customer ID."
    },
    {
        "sample_id": 4850,
        "gold_sql": "SELECT customer_event_id ,  date_moved_in ,  property_id FROM customer_events",
        "gold_complexity": 8,
        "vt": "SELECT customer_events.customer_event_id, customer_events.date_moved_in, customer_events.property_id FROM customer_events",
        "ba": "The virtual table describes the unique identifiers and relevant dates for customer events from the 'customer_events' table. The placeholders represent specific customer event details that can be filtered or modified as needed."
    },
    {
        "sample_id": 4836,
        "gold_sql": "SELECT T1.property_id ,  count(*) FROM properties AS T1 JOIN residents AS T2 ON T1.property_id  =  T2.property_id GROUP BY T1.property_id",
        "gold_complexity": 9,
        "vt": "SELECT properties.property_id, COUNT(*) FROM properties JOIN residents AS T2 ON T1.property_id = T2.property_id GROUP BY properties.property_id",
        "ba": "The virtual table summarizes the number of residents associated with each property from the 'properties' table. It retrieves the unique property identifiers and counts how many residents live in each property, grouping the results by property ID."
    },
    {
        "sample_id": 4838,
        "gold_sql": "SELECT T1.resident_id ,  T1.other_details ,  count(*) FROM Residents AS T1 JOIN Residents_Services AS T2 ON T1.resident_id  =  T2.resident_id GROUP BY T1.resident_id ORDER BY count(*) DESC",
        "gold_complexity": 13,
        "vt": "SELECT residents.resident_id, residents.other_details, COUNT(*) FROM residents JOIN Residents_Services AS T2 ON T1.resident_id = T2.resident_id GROUP BY residents.resident_id ORDER BY COUNT(*)",
        "ba": "The virtual table provides a summary of residents along with their details and the count of services they are receiving. It aggregates the data by resident ID, allowing users to see how many services each resident is associated with, sorted in ascending order of the service count."
    },
    {
        "sample_id": 4844,
        "gold_sql": "SELECT DISTINCT T2.thing_id ,  T2.Type_of_Thing_Code FROM Timed_Status_of_Things AS T1 JOIN Things AS T2 ON T1.thing_id  =  T2.thing_id WHERE T1.Status_of_Thing_Code  =  'Close' OR T1.Date_and_Date  <  '2017-06-19 02:59:21'",
        "gold_complexity": 12,
        "vt": "SELECT DISTINCT things.thing_id, things.type_of_thing_code FROM timed_status_of_things JOIN Things AS T2 ON T1.thing_id = T2.thing_id WHERE timed_status_of_things.status_of_thing_code = '[placeholder-type:string]' OR timed_status_of_things.date_and_date < '[placeholder-type:string]'",
        "ba": "The virtual table provides a distinct list of items (things) along with their type codes from the 'things' table, filtered based on the status of the items or the date when their status was recorded. The placeholders represent the specific status code and date criteria for filtering the results."
    },
    {
        "sample_id": 4843,
        "gold_sql": "SELECT T1.Customer_Event_ID  ,  T1.property_id FROM Customer_Events AS T1 JOIN Customer_Event_Notes AS T2 ON T1.Customer_Event_ID  =  T2.Customer_Event_ID GROUP BY T1.customer_event_id HAVING count(*) BETWEEN 1 AND 3",
        "gold_complexity": 11,
        "vt": "SELECT customer_events.customer_event_id, customer_events.property_id FROM customer_events JOIN Customer_Event_Notes AS T2 ON T1.Customer_Event_ID = T2.Customer_Event_ID GROUP BY customer_events.customer_event_id HAVING COUNT(*) BETWEEN [placeholder-type:numeric] AND [placeholder-type:numeric]",
        "ba": "The virtual table provides a summary of customer events and their associated properties from the 'customer_events' table. It joins with the 'customer_event_notes' table to aggregate notes related to each customer event. The results are grouped by the unique identifier of the customer event, and a filter is applied to include only those events that have a count of associated notes within a specified numeric range."
    },
    {
        "sample_id": 4849,
        "gold_sql": "SELECT other_details FROM Residents WHERE other_details LIKE '%Miss%'",
        "gold_complexity": 6,
        "vt": "SELECT residents.other_details FROM residents WHERE residents.other_details LIKE '[placeholder-type:string]'",
        "ba": "The virtual table describes the additional information about residents from the 'residents' table that matches a specific pattern. The placeholder in the WHERE clause represents the criteria for filtering the resident details based on a string pattern."
    }
]