[
    {
        "sample_id": 4395,
        "gold_sql": "SELECT avg(age) FROM Person",
        "gold_complexity": 4,
        "vt": "SELECT AVG(person.age) FROM person",
        "ba": "The virtual table calculates the average age of individuals from the 'person' table."
    },
    {
        "sample_id": 4408,
        "gold_sql": "SELECT age FROM Person WHERE job  =  'doctor' AND name  =  'Zach'",
        "gold_complexity": 7,
        "vt": "SELECT person.age FROM person WHERE person.job = '[placeholder-type:string]' AND person.name = '[placeholder-type:string]'",
        "ba": "The virtual table retrieves the age of a person from the 'person' table based on their job title and name. The placeholders in the WHERE clause represent the specific job title and the person's name."
    },
    {
        "sample_id": 4463,
        "gold_sql": "SELECT T1.age FROM Person AS T1 JOIN PersonFriend AS T2 ON T1.name  =  T2.friend WHERE T2.name =  'Zach' AND T2.year  =  (SELECT max(YEAR) FROM PersonFriend WHERE name =  'Zach')",
        "gold_complexity": 13,
        "vt": "SELECT person.age FROM person JOIN PersonFriend AS T2 ON T1.name = T2.friend WHERE personfriend.name = '[placeholder-type:string]' AND personfriend.year = (SELECT MAX(personfriend.year) FROM PersonFriend WHERE name = 'Zach')",
        "ba": "The virtual table retrieves the age of a person from the 'person' table who is a friend of another specified person, filtering by the year when the friendship was established. The query also ensures that it only considers the most recent year of friendship for a specific individual."
    },
    {
        "sample_id": 4426,
        "gold_sql": "SELECT count(*) FROM Person WHERE age  >  (SELECT max(age) FROM person WHERE job  =  'engineer')",
        "gold_complexity": 11,
        "vt": "SELECT COUNT(*) FROM person WHERE person.age > (SELECT MAX(person.age) FROM person WHERE job = 'engineer')",
        "ba": "The virtual table counts the number of persons from the 'person' table whose age is greater than the maximum age of persons with the job title 'engineer'."
    },
    {
        "sample_id": 4432,
        "gold_sql": "SELECT name FROM Person WHERE gender  =  'male' ORDER BY age",
        "gold_complexity": 8,
        "vt": "SELECT person.name FROM person WHERE person.gender = '[placeholder-type:string]' ORDER BY person.age",
        "ba": "The virtual table describes the names of individuals from the 'person' table filtered by a specific gender. The results are ordered by the age of the individuals."
    },
    {
        "sample_id": 4476,
        "gold_sql": "SELECT DISTINCT T4.name FROM PersonFriend AS T1 JOIN Person AS T2 ON T1.name  =  T2.name JOIN PersonFriend AS T3 ON T1.friend  =  T3.name JOIN PersonFriend AS T4 ON T3.friend  =  T4.name WHERE T2.name  =  'Alice' AND T4.name != 'Alice'",
        "gold_complexity": 11,
        "vt": "SELECT DISTINCT personfriend.name FROM personfriend JOIN Person AS T2 ON T1.name = T2.name JOIN PersonFriend AS T3 ON T1.friend = T3.name JOIN PersonFriend AS T4 ON T3.friend = T4.name WHERE person.name = '[placeholder-type:string]' AND personfriend.name <> '[placeholder-type:string]'",
        "ba": "The virtual table identifies distinct names of friends of a specific person from the 'personfriend' table, while ensuring that the person's own name is excluded from the results. It involves joining the 'personfriend' table with the 'person' table to access additional details about the person and their friends."
    },
    {
        "sample_id": 4411,
        "gold_sql": "SELECT count(*) FROM Person WHERE age  >  30 AND job  =  'engineer'",
        "gold_complexity": 8,
        "vt": "SELECT COUNT(*) FROM person WHERE person.age > [placeholder-type:numeric] AND person.job = '[placeholder-type:string]'",
        "ba": "The virtual table counts the number of persons from the 'person' table who are older than a specified age and have a specific job title. The placeholders represent the age threshold and the job title."
    },
    {
        "sample_id": 4397,
        "gold_sql": "SELECT count(DISTINCT city) FROM Person",
        "gold_complexity": 5,
        "vt": "SELECT COUNT(DISTINCT city) FROM person",
        "ba": "The virtual table counts the distinct cities from the 'person' table, providing insight into the number of unique locations where individuals reside."
    },
    {
        "sample_id": 4468,
        "gold_sql": "SELECT T1.name ,  T1.age ,  T1.job FROM Person AS T1 JOIN PersonFriend AS T2 ON T1.name  =  T2.name WHERE T2.friend =  'Alice' AND T2.year  =  (SELECT max(YEAR) FROM PersonFriend WHERE friend =  'Alice')",
        "gold_complexity": 16,
        "vt": "SELECT person.name, person.age, person.job FROM person JOIN PersonFriend AS T2 ON T1.name = T2.name WHERE personfriend.friend = '[placeholder-type:string]' AND personfriend.year = (SELECT MAX(personfriend.year) FROM PersonFriend WHERE friend = 'Alice')",
        "ba": "The virtual table describes the names, ages, and job titles of persons from the 'person' table who have a specific friend and whose friendship was established in the most recent year with that friend. The placeholders in the WHERE clause represent the friend's name and the year of friendship."
    },
    {
        "sample_id": 4401,
        "gold_sql": "SELECT name FROM Person WHERE age  =  (SELECT max(age) FROM person)",
        "gold_complexity": 9,
        "vt": "SELECT person.name FROM person WHERE person.age = (SELECT MAX(person.age) FROM person)",
        "ba": "The virtual table identifies the name of the oldest person from the 'person' table. It uses a subquery to find the maximum age from the same table, ensuring that only the name of the person with that age is selected."
    },
    {
        "sample_id": 4413,
        "gold_sql": "SELECT avg(age) ,  gender FROM Person GROUP BY gender",
        "gold_complexity": 8,
        "vt": "SELECT AVG(person.age), person.gender FROM person GROUP BY person.gender",
        "ba": "The virtual table calculates the average age of individuals grouped by their gender from the 'person' table."
    },
    {
        "sample_id": 4402,
        "gold_sql": "SELECT name FROM Person WHERE age  =  (SELECT max(age) FROM person)",
        "gold_complexity": 9,
        "vt": "SELECT person.name FROM person WHERE person.age = (SELECT MAX(person.age) FROM person)",
        "ba": "The virtual table identifies the name of the oldest person from the 'person' table. It uses a subquery to find the maximum age from the same table, ensuring that only the name of the person with that age is selected."
    },
    {
        "sample_id": 4403,
        "gold_sql": "SELECT name FROM Person WHERE job  =  'student' AND age  =  (SELECT max(age) FROM person WHERE job  =  'student' )",
        "gold_complexity": 10,
        "vt": "SELECT person.name FROM person WHERE person.job = '[placeholder-type:string]' AND person.age = (SELECT MAX(person.age) FROM person WHERE job = 'student')",
        "ba": "The virtual table retrieves the names of individuals from the 'person' table who have a specific job title and are of the same age as the oldest student. The query uses a subquery to find the maximum age of individuals with the job title 'student'."
    },
    {
        "sample_id": 4423,
        "gold_sql": "SELECT name FROM Person WHERE age  >  (SELECT min(age) FROM person WHERE job  =  'engineer') ORDER BY age",
        "gold_complexity": 13,
        "vt": "SELECT person.name FROM person WHERE person.age > (SELECT MIN(person.age) FROM person WHERE job = 'engineer') ORDER BY person.age",
        "ba": "The virtual table retrieves the names of individuals from the 'person' table who are older than the youngest engineer, sorted by their age."
    },
    {
        "sample_id": 4404,
        "gold_sql": "SELECT name FROM Person WHERE job  =  'student' AND age  =  (SELECT max(age) FROM person WHERE job  =  'student' )",
        "gold_complexity": 10,
        "vt": "SELECT person.name FROM person WHERE person.job = '[placeholder-type:string]' AND person.age = (SELECT MAX(person.age) FROM person WHERE job = 'student')",
        "ba": "The virtual table retrieves the names of individuals from the 'person' table who have a specific job title and are of a certain age. Additionally, it includes a subquery that finds the maximum age of individuals whose job is 'student'."
    },
    {
        "sample_id": 4475,
        "gold_sql": "SELECT DISTINCT T4.name FROM PersonFriend AS T1 JOIN Person AS T2 ON T1.name  =  T2.name JOIN PersonFriend AS T3 ON T1.friend  =  T3.name JOIN PersonFriend AS T4 ON T3.friend  =  T4.name WHERE T2.name  =  'Alice' AND T4.name != 'Alice'",
        "gold_complexity": 11,
        "vt": "SELECT DISTINCT personfriend.name FROM personfriend JOIN Person AS T2 ON T1.name = T2.name JOIN PersonFriend AS T3 ON T1.friend = T3.name JOIN PersonFriend AS T4 ON T3.friend = T4.name WHERE person.name = '[placeholder-type:string]' AND personfriend.name <> '[placeholder-type:string]'",
        "ba": "The virtual table identifies distinct names of friends of a specific person from the 'personfriend' table, while ensuring that the person's own name is excluded from the results. It involves joining the 'personfriend' table with the 'person' table to access additional details about the person and their friends."
    },
    {
        "sample_id": 4449,
        "gold_sql": "SELECT T1.name FROM Person AS T1 JOIN PersonFriend AS T2 ON T1.name  =  T2.name WHERE T2.friend  =  'Zach' AND T1.gender  =  'female'",
        "gold_complexity": 8,
        "vt": "SELECT person.name FROM person JOIN PersonFriend AS T2 ON T1.name = T2.name WHERE personfriend.friend = '[placeholder-type:string]' AND person.gender = '[placeholder-type:string]'",
        "ba": "The virtual table describes the names of persons from the 'person' table who have a specific friend and belong to a specific gender. The placeholders in the WHERE clause represent the friend's name and the gender of the person."
    },
    {
        "sample_id": 4441,
        "gold_sql": "SELECT name FROM person EXCEPT SELECT T2.name FROM Person AS T1 JOIN PersonFriend AS T2 ON T1.name  =  T2.friend WHERE T1.job  =  'student'",
        "gold_complexity": 10,
        "vt": "SELECT name FROM person EXCEPT SELECT T2.name FROM Person AS T1 JOIN PersonFriend AS T2 ON T1.name = T2.friend WHERE T1.job = 'student'",
        "ba": "The virtual table lists the names of individuals from the 'person' table who are not friends with any students. It does this by selecting all names from the 'person' table and excluding those who are friends with individuals whose job is 'student'."
    },
    {
        "sample_id": 4427,
        "gold_sql": "SELECT name ,  job FROM Person ORDER BY name",
        "gold_complexity": 8,
        "vt": "SELECT person.name, person.job FROM person ORDER BY person.name",
        "ba": "The virtual table describes the names and job titles of individuals from the 'person' table, sorted alphabetically by their names."
    },
    {
        "sample_id": 4457,
        "gold_sql": "SELECT DISTINCT T2.name FROM Person AS T1 JOIN PersonFriend AS T2 ON T1.name  =  T2.friend WHERE T1.age  <  (SELECT avg(age) FROM person)",
        "gold_complexity": 11,
        "vt": "SELECT DISTINCT personfriend.name FROM person JOIN PersonFriend AS T2 ON T1.name = T2.friend WHERE person.age < (SELECT AVG(person.age) FROM person)",
        "ba": "The virtual table identifies distinct names of friends from the 'personfriend' table who are younger than the average age of all persons in the 'person' table. It uses a JOIN operation to connect the two tables based on the friendship relationship, filtering for those whose age is below the calculated average."
    },
    {
        "sample_id": 4422,
        "gold_sql": "SELECT count(*) ,  gender FROM Person WHERE age  <  40 GROUP BY gender",
        "gold_complexity": 10,
        "vt": "SELECT COUNT(*), person.gender FROM person WHERE person.age < [placeholder-type:numeric] GROUP BY person.gender",
        "ba": "The virtual table provides a count of individuals grouped by gender from the 'person' table, specifically for those whose age is below a certain threshold. The placeholder in the WHERE clause represents the age limit."
    },
    {
        "sample_id": 4444,
        "gold_sql": "SELECT name FROM PersonFriend GROUP BY name HAVING count(*)  =  1",
        "gold_complexity": 8,
        "vt": "SELECT personfriend.name FROM personfriend GROUP BY personfriend.name HAVING COUNT(*) = [placeholder-type:numeric]",
        "ba": "The virtual table lists the names of individuals from the 'personfriend' table who have a specific number of friends. The placeholder in the HAVING clause represents the count of friends that is being queried."
    },
    {
        "sample_id": 4443,
        "gold_sql": "SELECT name FROM PersonFriend GROUP BY name HAVING count(*)  =  1",
        "gold_complexity": 8,
        "vt": "SELECT personfriend.name FROM personfriend GROUP BY personfriend.name HAVING COUNT(*) = [placeholder-type:numeric]",
        "ba": "The virtual table lists the names of individuals from the 'personfriend' table who have a specific number of friends. The placeholder in the HAVING clause represents the count of friends that is being queried."
    },
    {
        "sample_id": 4445,
        "gold_sql": "SELECT T2.friend FROM Person AS T1 JOIN PersonFriend AS T2 ON T1.name  =  T2.name WHERE T1.name  =  'Bob'",
        "gold_complexity": 7,
        "vt": "SELECT personfriend.friend FROM person JOIN PersonFriend AS T2 ON T1.name = T2.name WHERE person.name = '[placeholder-type:string]'",
        "ba": "The virtual table describes the friends of a specific person from the 'personfriend' table. It retrieves the names of friends associated with the specified person's name. The placeholder in the WHERE clause represents the name of the person whose friends are being queried."
    },
    {
        "sample_id": 4430,
        "gold_sql": "SELECT name FROM Person ORDER BY age DESC",
        "gold_complexity": 6,
        "vt": "SELECT person.name FROM person ORDER BY person.age",
        "ba": "The virtual table lists the names of individuals from the 'person' table, sorted by their age in ascending order."
    },
    {
        "sample_id": 4394,
        "gold_sql": "SELECT count(*) FROM Person WHERE gender  =  'female'",
        "gold_complexity": 6,
        "vt": "SELECT COUNT(*) FROM person WHERE person.gender = '[placeholder-type:string]'",
        "ba": "The virtual table counts the number of individuals from the 'person' table who belong to a specific gender. The placeholder in the WHERE clause represents the gender being queried."
    },
    {
        "sample_id": 4421,
        "gold_sql": "SELECT count(*) ,  gender FROM Person WHERE age  <  40 GROUP BY gender",
        "gold_complexity": 10,
        "vt": "SELECT COUNT(*), person.gender FROM person WHERE person.age < [placeholder-type:numeric] GROUP BY person.gender",
        "ba": "The virtual table provides a count of individuals grouped by gender from the 'person' table, specifically for those whose age is below a certain threshold. The placeholder in the WHERE clause represents the age limit."
    },
    {
        "sample_id": 4436,
        "gold_sql": "SELECT DISTINCT T1.name ,  T1.age FROM Person AS T1 JOIN PersonFriend AS T2 ON T1.name  =  T2.name WHERE T2.friend  =  'Dan' OR T2.friend  =  'Alice'",
        "gold_complexity": 10,
        "vt": "SELECT DISTINCT person.name, person.age FROM person JOIN PersonFriend AS T2 ON T1.name = T2.name WHERE personfriend.friend = '[placeholder-type:string]' OR personfriend.friend = '[placeholder-type:string]'",
        "ba": "The virtual table describes the distinct names and ages of persons from the 'person' table who have specific friends listed in the 'personfriend' table. The placeholders in the WHERE clause represent the names of the friends being queried."
    },
    {
        "sample_id": 4451,
        "gold_sql": "SELECT T2.friend FROM Person AS T1 JOIN PersonFriend AS T2 ON T1.name  =  T2.friend WHERE T2.name  =  'Alice' AND T1.gender  =  'female'",
        "gold_complexity": 8,
        "vt": "SELECT personfriend.friend FROM person JOIN PersonFriend AS T2 ON T1.name = T2.friend WHERE personfriend.name = '[placeholder-type:string]' AND person.gender = '[placeholder-type:string]'",
        "ba": "The virtual table retrieves the names of friends from the 'personfriend' table for a specific person, while also filtering based on the person's gender from the 'person' table. The placeholders represent the person's name and gender."
    },
    {
        "sample_id": 4391,
        "gold_sql": "SELECT count(T2.friend) FROM Person AS T1 JOIN PersonFriend AS T2 ON T1.name  =  T2.name WHERE T1.name  =  'Dan'",
        "gold_complexity": 7,
        "vt": "SELECT COUNT(personfriend.friend) FROM person JOIN PersonFriend AS T2 ON T1.name = T2.name WHERE person.name = '[placeholder-type:string]'",
        "ba": "The virtual table counts the number of friends for a specific person from the 'person' and 'personfriend' tables. The placeholder in the WHERE clause represents the name of the person whose friends are being counted."
    },
    {
        "sample_id": 4399,
        "gold_sql": "SELECT count(DISTINCT job) FROM Person",
        "gold_complexity": 5,
        "vt": "SELECT COUNT(DISTINCT job) FROM person",
        "ba": "The virtual table counts the distinct job titles from the 'person' table."
    },
    {
        "sample_id": 4465,
        "gold_sql": "SELECT name FROM PersonFriend WHERE friend =  'Alice' AND YEAR  =  (SELECT min(YEAR) FROM PersonFriend WHERE friend =  'Alice')",
        "gold_complexity": 10,
        "vt": "SELECT personfriend.name FROM personfriend WHERE personfriend.friend = '[placeholder-type:string]' AND personfriend.year = (SELECT MIN(personfriend.year) FROM PersonFriend WHERE friend = 'Alice')",
        "ba": "The virtual table retrieves the names of individuals from the 'personfriend' table who have a specific friend and whose friendship was established in the earliest year recorded for that friend."
    },
    {
        "sample_id": 4440,
        "gold_sql": "SELECT T1.name FROM Person AS T1 JOIN PersonFriend AS T2 ON T1.name  =  T2.name WHERE T2.friend IN (SELECT name FROM Person WHERE age  >  40) EXCEPT SELECT T1.name FROM Person AS T1 JOIN PersonFriend AS T2 ON T1.name  =  T2.name WHERE T2.friend IN (SELECT name FROM Person WHERE age  <  30)",
        "gold_complexity": 15,
        "vt": "SELECT T1.name FROM Person AS T1 JOIN PersonFriend AS T2 ON T1.name = T2.name WHERE T2.friend IN (SELECT name FROM Person WHERE age > 40) EXCEPT SELECT T1.name FROM Person AS T1 JOIN PersonFriend AS T2 ON T1.name = T2.name WHERE T2.friend IN (SELECT name FROM Person WHERE age < 30)",
        "ba": "The virtual table identifies the names of individuals from the 'person' table who have friends that are older than 40 years, excluding those who have friends younger than 30 years. It utilizes a join between the 'person' and 'personfriend' tables to establish the relationship between individuals and their friends, while applying conditions to filter based on age."
    },
    {
        "sample_id": 4405,
        "gold_sql": "SELECT name FROM Person WHERE gender  =  'male' AND age  =  (SELECT min(age) FROM person WHERE gender  =  'male' )",
        "gold_complexity": 10,
        "vt": "SELECT person.name FROM person WHERE person.gender = '[placeholder-type:string]' AND person.age = (SELECT MIN(person.age) FROM person WHERE gender = 'male')",
        "ba": "The virtual table retrieves the names of individuals from the 'person' table who are of a specific gender and are the youngest among males."
    },
    {
        "sample_id": 4466,
        "gold_sql": "SELECT name FROM PersonFriend WHERE friend =  'Alice' AND YEAR  =  (SELECT min(YEAR) FROM PersonFriend WHERE friend =  'Alice')",
        "gold_complexity": 10,
        "vt": "SELECT personfriend.name FROM personfriend WHERE personfriend.friend = '[placeholder-type:string]' AND personfriend.year = (SELECT MIN(personfriend.year) FROM PersonFriend WHERE friend = 'Alice')",
        "ba": "The virtual table retrieves the names of individuals from the 'personfriend' table who have a specific friend and whose friendship was established in the earliest year recorded for that friend."
    },
    {
        "sample_id": 4467,
        "gold_sql": "SELECT T1.name ,  T1.age ,  T1.job FROM Person AS T1 JOIN PersonFriend AS T2 ON T1.name  =  T2.name WHERE T2.friend =  'Alice' AND T2.year  =  (SELECT max(YEAR) FROM PersonFriend WHERE friend =  'Alice')",
        "gold_complexity": 16,
        "vt": "SELECT person.name, person.age, person.job FROM person JOIN PersonFriend AS T2 ON T1.name = T2.name WHERE personfriend.friend = '[placeholder-type:string]' AND personfriend.year = (SELECT MAX(personfriend.year) FROM PersonFriend WHERE friend = 'Alice')",
        "ba": "The virtual table describes the names, ages, and job titles of persons from the 'person' table who have a specific friend and whose friendship was established in the most recent year with that friend. The placeholders in the WHERE clause represent the friend's name and the year of friendship."
    },
    {
        "sample_id": 4446,
        "gold_sql": "SELECT T2.friend FROM Person AS T1 JOIN PersonFriend AS T2 ON T1.name  =  T2.name WHERE T1.name  =  'Bob'",
        "gold_complexity": 7,
        "vt": "SELECT personfriend.friend FROM person JOIN PersonFriend AS T2 ON T1.name = T2.name WHERE person.name = '[placeholder-type:string]'",
        "ba": "The virtual table describes the friends of a specific person from the 'personfriend' table. It retrieves the names of friends associated with the specified person's name, using a join to connect the 'person' and 'personfriend' tables."
    },
    {
        "sample_id": 4454,
        "gold_sql": "SELECT T2.friend FROM Person AS T1 JOIN PersonFriend AS T2 ON T1.name  =  T2.friend WHERE T2.name  =  'Alice' AND T1.gender  =  'male' AND T1.job  =  'doctor'",
        "gold_complexity": 9,
        "vt": "SELECT personfriend.friend FROM person JOIN PersonFriend AS T2 ON T1.name = T2.friend WHERE personfriend.name = '[placeholder-type:string]' AND person.gender = '[placeholder-type:string]' AND person.job = '[placeholder-type:string]'",
        "ba": "The virtual table retrieves the names of friends from the 'personfriend' table for a specific person, while also filtering based on the person's gender and job title from the 'person' table. The placeholders represent the person's name, gender, and job title."
    },
    {
        "sample_id": 4420,
        "gold_sql": "SELECT min(age) ,  job FROM Person GROUP BY job",
        "gold_complexity": 8,
        "vt": "SELECT MIN(person.age), person.job FROM person GROUP BY person.job",
        "ba": "The virtual table provides the minimum age of individuals grouped by their job titles from the 'person' table. This allows for an analysis of the youngest individuals in each occupation."
    },
    {
        "sample_id": 4450,
        "gold_sql": "SELECT T1.name FROM Person AS T1 JOIN PersonFriend AS T2 ON T1.name  =  T2.name WHERE T2.friend  =  'Zach' AND T1.gender  =  'female'",
        "gold_complexity": 8,
        "vt": "SELECT person.name FROM person JOIN PersonFriend AS T2 ON T1.name = T2.name WHERE personfriend.friend = '[placeholder-type:string]' AND person.gender = '[placeholder-type:string]'",
        "ba": "The virtual table describes the names of persons from the 'person' table who have a specific friend and belong to a certain gender. The placeholders in the WHERE clause represent the friend's name and the gender of the person."
    },
    {
        "sample_id": 4462,
        "gold_sql": "SELECT friend FROM PersonFriend WHERE name =  'Zach' AND YEAR  =  (SELECT max(YEAR) FROM PersonFriend WHERE name =  'Zach')",
        "gold_complexity": 10,
        "vt": "SELECT personfriend.friend FROM personfriend WHERE personfriend.name = '[placeholder-type:string]' AND personfriend.year = (SELECT MAX(personfriend.year) FROM PersonFriend WHERE name = 'Zach')",
        "ba": "The virtual table retrieves the names of friends from the 'personfriend' table for a specific person, filtered by the year when the friendship was established. The query also includes a subquery to find the most recent year of friendship for a person named 'Zach'."
    },
    {
        "sample_id": 4435,
        "gold_sql": "SELECT DISTINCT T1.name ,  T1.age FROM Person AS T1 JOIN PersonFriend AS T2 ON T1.name  =  T2.name WHERE T2.friend  =  'Dan' OR T2.friend  =  'Alice'",
        "gold_complexity": 10,
        "vt": "SELECT DISTINCT person.name, person.age FROM person JOIN PersonFriend AS T2 ON T1.name = T2.name WHERE personfriend.friend = '[placeholder-type:string]' OR personfriend.friend = '[placeholder-type:string]'",
        "ba": "The virtual table describes the distinct names and ages of persons from the 'person' table who have specific friends listed in the 'personfriend' table. The placeholders in the WHERE clause represent the names of the friends being queried."
    },
    {
        "sample_id": 4409,
        "gold_sql": "SELECT name FROM Person WHERE age  <  30",
        "gold_complexity": 6,
        "vt": "SELECT person.name FROM person WHERE person.age < [placeholder-type:numeric]",
        "ba": "The virtual table describes the names of persons from the 'person' table who are younger than a specified age. The placeholder in the WHERE clause represents the age limit."
    },
    {
        "sample_id": 4434,
        "gold_sql": "SELECT T1.name ,  T1.age FROM Person AS T1 JOIN PersonFriend AS T2 ON T1.name  =  T2.name WHERE T2.friend  =  'Dan' INTERSECT SELECT T1.name ,   T1.age FROM Person AS T1 JOIN PersonFriend AS T2 ON T1.name  =  T2.name WHERE T2.friend  =  'Alice'",
        "gold_complexity": 10,
        "vt": "SELECT T1.name, T1.age FROM Person AS T1 JOIN PersonFriend AS T2 ON T1.name = T2.name WHERE T2.friend = 'Dan' INTERSECT SELECT T1.name, T1.age FROM Person AS T1 JOIN PersonFriend AS T2 ON T1.name = T2.name WHERE T2.friend = 'Alice'",
        "ba": "The virtual table identifies individuals who are friends with both 'Dan' and 'Alice' by intersecting the results of two queries. Each query selects the name and age of persons who have a friendship with either 'Dan' or 'Alice'. The join operation connects the 'person' table with the 'personfriend' table based on the person's name, ensuring that only those who have established friendships with both specified friends are included in the final result."
    },
    {
        "sample_id": 4438,
        "gold_sql": "SELECT T1.name FROM Person AS T1 JOIN PersonFriend AS T2 ON T1.name  =  T2.name WHERE T2.friend IN (SELECT name FROM Person WHERE age  >  40) INTERSECT SELECT T1.name FROM Person AS T1 JOIN PersonFriend AS T2 ON T1.name  =  T2.name WHERE T2.friend IN (SELECT name FROM Person WHERE age  <  30)",
        "gold_complexity": 15,
        "vt": "SELECT T1.name FROM Person AS T1 JOIN PersonFriend AS T2 ON T1.name = T2.name WHERE T2.friend IN (SELECT name FROM Person WHERE age > 40) INTERSECT SELECT T1.name FROM Person AS T1 JOIN PersonFriend AS T2 ON T1.name = T2.name WHERE T2.friend IN (SELECT name FROM Person WHERE age < 30)",
        "ba": "The virtual table identifies individuals from the 'Person' table who have friends that fall into two distinct age categories: those older than 40 and those younger than 30. It uses an intersection to find names that appear in both groups, indicating that these individuals have friends across both age ranges."
    },
    {
        "sample_id": 4460,
        "gold_sql": "SELECT DISTINCT T2.name ,  T2.friend ,  T1.age FROM Person AS T1 JOIN PersonFriend AS T2 ON T1.name  =  T2.friend WHERE T1.age  >  (SELECT avg(age) FROM person)",
        "gold_complexity": 14,
        "vt": "SELECT DISTINCT personfriend.name, personfriend.friend, person.age FROM person JOIN PersonFriend AS T2 ON T1.name = T2.friend WHERE person.age > (SELECT AVG(person.age) FROM person)",
        "ba": "The virtual table provides a list of distinct names of persons along with their friends and ages from the 'person' and 'personfriend' tables. It filters the results to include only those persons whose age is greater than the average age of all persons in the 'person' table."
    },
    {
        "sample_id": 4442,
        "gold_sql": "SELECT name FROM person EXCEPT SELECT T2.name FROM Person AS T1 JOIN PersonFriend AS T2 ON T1.name  =  T2.friend WHERE T1.job  =  'student'",
        "gold_complexity": 10,
        "vt": "SELECT name FROM person EXCEPT SELECT T2.name FROM Person AS T1 JOIN PersonFriend AS T2 ON T1.name = T2.friend WHERE T1.job = 'student'",
        "ba": "The virtual table lists the names of individuals from the 'person' table who are not friends with any students. It does this by selecting all names from the 'person' table and excluding those who are friends with individuals whose job title is 'student'."
    },
    {
        "sample_id": 4410,
        "gold_sql": "SELECT name FROM Person WHERE age  <  30",
        "gold_complexity": 6,
        "vt": "SELECT person.name FROM person WHERE person.age < [placeholder-type:numeric]",
        "ba": "The virtual table describes the names of individuals from the 'person' table who are younger than a specified age. The placeholder in the WHERE clause represents the age limit."
    },
    {
        "sample_id": 4473,
        "gold_sql": "SELECT count(DISTINCT name) FROM PersonFriend WHERE friend NOT IN (SELECT name FROM person WHERE city  =  'Austin')",
        "gold_complexity": 12,
        "vt": "SELECT COUNT(DISTINCT name) FROM personfriend WHERE NOT personfriend.friend IN (SELECT person.name FROM person WHERE city = 'Austin')",
        "ba": "The virtual table counts the number of distinct individuals from the 'personfriend' table who have friends that do not reside in Austin. It uses a subquery to filter out friends based on their city of residence."
    },
    {
        "sample_id": 4437,
        "gold_sql": "SELECT T1.name FROM Person AS T1 JOIN PersonFriend AS T2 ON T1.name  =  T2.name WHERE T2.friend IN (SELECT name FROM Person WHERE age  >  40) INTERSECT SELECT T1.name FROM Person AS T1 JOIN PersonFriend AS T2 ON T1.name  =  T2.name WHERE T2.friend IN (SELECT name FROM Person WHERE age  <  30)",
        "gold_complexity": 15,
        "vt": "SELECT T1.name FROM Person AS T1 JOIN PersonFriend AS T2 ON T1.name = T2.name WHERE T2.friend IN (SELECT name FROM Person WHERE age > 40) INTERSECT SELECT T1.name FROM Person AS T1 JOIN PersonFriend AS T2 ON T1.name = T2.name WHERE T2.friend IN (SELECT name FROM Person WHERE age < 30)",
        "ba": "The virtual table identifies individuals from the 'Person' table who have friends that fall into two distinct age categories: those older than 40 and those younger than 30. It uses an intersection to find names that appear in both groups, indicating that these individuals have friends across these age ranges."
    },
    {
        "sample_id": 4470,
        "gold_sql": "SELECT name FROM person EXCEPT SELECT name FROM PersonFriend",
        "gold_complexity": 6,
        "vt": "SELECT name FROM person EXCEPT SELECT name FROM PersonFriend",
        "ba": "The virtual table lists the names of individuals from the 'person' table who do not have any recorded friendships in the 'personfriend' table. This is achieved by selecting all names from the 'person' table and excluding those names that appear in the 'personfriend' table as friends."
    }
]