[
    {
        "sample_id": 1987,
        "gold_sql": "SELECT T3.Name ,  T2.District FROM phone_market AS T1 JOIN market AS T2 ON T1.Market_ID  =  T2.Market_ID JOIN phone AS T3 ON T1.Phone_ID  =  T3.Phone_ID",
        "gold_complexity": 8,
        "vt": "SELECT phone.name, market.district FROM phone_market JOIN market AS T2 ON T1.Market_ID = T2.Market_ID JOIN phone AS T3 ON T1.Phone_ID = T3.Phone_ID",
        "ba": "The virtual table describes the names of phone models along with the districts where they are sold. It combines data from the 'phone', 'market', and 'phone_market' tables to provide a comprehensive view of phone availability in different market districts."
    },
    {
        "sample_id": 1988,
        "gold_sql": "SELECT T3.Name ,  T2.District FROM phone_market AS T1 JOIN market AS T2 ON T1.Market_ID  =  T2.Market_ID JOIN phone AS T3 ON T1.Phone_ID  =  T3.Phone_ID ORDER BY T2.Ranking",
        "gold_complexity": 10,
        "vt": "SELECT phone.name, market.district FROM phone_market JOIN market AS T2 ON T1.Market_ID = T2.Market_ID JOIN phone AS T3 ON T1.Phone_ID = T3.Phone_ID ORDER BY market.ranking",
        "ba": "The virtual table provides a list of phone models along with their associated market districts, ordered by the market's performance ranking. It combines data from the 'phone', 'market', and 'phone_market' tables to achieve this."
    },
    {
        "sample_id": 1982,
        "gold_sql": "SELECT Name FROM phone WHERE Carrier  =  \"Sprint\" OR Carrier  =  \"TMobile\"",
        "gold_complexity": 7,
        "vt": "SELECT phone.name FROM phone WHERE phone.carrier = None.\"sprint\" OR phone.carrier = None.\"tmobile\"",
        "ba": "The virtual table lists the names of phone models from the 'phone' table that are associated with specific mobile carriers. The query filters the results to include only those phones that are either from 'sprint' or 'tmobile'."
    },
    {
        "sample_id": 1980,
        "gold_sql": "SELECT Memory_in_G ,  Carrier FROM phone",
        "gold_complexity": 6,
        "vt": "SELECT phone.memory_in_g, phone.carrier FROM phone",
        "ba": "The virtual table describes the memory and carrier information of phones from the 'phone' table."
    },
    {
        "sample_id": 1978,
        "gold_sql": "SELECT count(*) FROM phone",
        "gold_complexity": 4,
        "vt": "SELECT COUNT(*) FROM phone",
        "ba": "The virtual table provides a count of all phone models available in the 'phone' table."
    },
    {
        "sample_id": 1989,
        "gold_sql": "SELECT T3.Name FROM phone_market AS T1 JOIN market AS T2 ON T1.Market_ID  =  T2.Market_ID JOIN phone AS T3 ON T1.Phone_ID  =  T3.Phone_ID WHERE T2.Num_of_shops  >  50",
        "gold_complexity": 8,
        "vt": "SELECT phone.name FROM phone_market JOIN market AS T2 ON T1.Market_ID = T2.Market_ID JOIN phone AS T3 ON T1.Phone_ID = T3.Phone_ID WHERE market.num_of_shops > [placeholder-type:numeric]",
        "ba": "The virtual table lists the names of phone models available in markets that have a specified number of shops. It combines data from the 'phone', 'market', and 'phone_market' tables to filter the results based on the number of shops in each market."
    },
    {
        "sample_id": 1979,
        "gold_sql": "SELECT Name FROM phone ORDER BY Price ASC",
        "gold_complexity": 6,
        "vt": "SELECT phone.name FROM phone ORDER BY phone.price",
        "ba": "The virtual table lists the names of phone models from the 'phone' table, ordered by their retail price. This allows users to see the available phone models sorted from the least expensive to the most expensive."
    },
    {
        "sample_id": 1981,
        "gold_sql": "SELECT DISTINCT Carrier FROM phone WHERE Memory_in_G  >  32",
        "gold_complexity": 7,
        "vt": "SELECT DISTINCT phone.carrier FROM phone WHERE phone.memory_in_g > [placeholder-type:numeric]",
        "ba": "The virtual table lists the distinct mobile carriers from the 'phone' table for phone models that have more memory than a specified amount in gigabytes. The placeholder in the WHERE clause represents the minimum memory requirement."
    },
    {
        "sample_id": 1991,
        "gold_sql": "SELECT T2.Name FROM phone_market AS T1 JOIN phone AS T2 ON T1.Phone_ID  =  T2.Phone_ID GROUP BY T2.Name HAVING sum(T1.Num_of_stock)  >=  2000 ORDER BY sum(T1.Num_of_stock) DESC",
        "gold_complexity": 11,
        "vt": "SELECT phone.name FROM phone_market JOIN phone AS T2 ON T1.Phone_ID = T2.Phone_ID GROUP BY phone.name HAVING SUM(phone_market.num_of_stock) >= [placeholder-type:numeric] ORDER BY SUM(phone_market.num_of_stock)",
        "ba": "The virtual table describes the names of phone models that are available in markets where the total stock of each phone model meets or exceeds a specified quantity. The query aggregates the stock numbers from the 'phone_market' table, joining it with the 'phone' table to retrieve the corresponding phone names. The results are grouped by phone name and ordered by the total stock available."
    }
]