[
    {
        "sample_id": 3707,
        "gold_sql": "SELECT max(height) ,  avg(height) FROM mountain",
        "gold_complexity": 5,
        "vt": "SELECT MAX(mountain.height), AVG(mountain.height) FROM mountain",
        "ba": "The virtual table provides the maximum and average heights of mountains from the 'mountain' table. The query aggregates the height data to give insights into the tallest mountain and the average height of all mountains recorded."
    },
    {
        "sample_id": 3706,
        "gold_sql": "SELECT id ,  color ,  name FROM photos",
        "gold_complexity": 8,
        "vt": "SELECT photos.id, photos.color, photos.name FROM photos",
        "ba": "The virtual table displays the identifiers, color profiles, and names of photos from the 'photos' table."
    },
    {
        "sample_id": 3712,
        "gold_sql": "SELECT T2.name FROM photos AS T1 JOIN camera_lens AS T2 ON T1.camera_lens_id  =  T2.id GROUP BY T2.id ORDER BY count(*) DESC LIMIT 1",
        "gold_complexity": 10,
        "vt": "SELECT camera_lens.name FROM photos JOIN camera_lens AS T2 ON T1.camera_lens_id = T2.id GROUP BY camera_lens.id ORDER BY COUNT(*) LIMIT [placeholder-type:numeric]",
        "ba": "The virtual table lists the names of camera lenses used in photos, grouped by the lens identifier. It orders the results based on the count of photos taken with each lens and limits the output to a specified number of entries."
    },
    {
        "sample_id": 3705,
        "gold_sql": "SELECT brand ,  name FROM camera_lens ORDER BY max_aperture DESC",
        "gold_complexity": 8,
        "vt": "SELECT camera_lens.brand, camera_lens.name FROM camera_lens ORDER BY camera_lens.max_aperture",
        "ba": "The virtual table lists the brand and model name of camera lenses from the 'camera_lens' table, sorted by their maximum aperture. This allows users to see which lenses have the widest apertures available."
    },
    {
        "sample_id": 3715,
        "gold_sql": "SELECT count(*) FROM camera_lens WHERE id NOT IN ( SELECT camera_lens_id FROM photos )",
        "gold_complexity": 10,
        "vt": "SELECT COUNT(*) FROM camera_lens WHERE NOT camera_lens.id IN (SELECT photos.camera_lens_id FROM photos)",
        "ba": "The virtual table counts the number of camera lenses from the 'camera_lens' table that have not been used to take any photos. The subquery identifies the camera lens IDs that are present in the 'photos' table, and the main query filters out these IDs to find those that are unused."
    },
    {
        "sample_id": 3718,
        "gold_sql": "SELECT name ,  prominence FROM mountain EXCEPT SELECT T1.name ,  T1.prominence FROM mountain AS T1 JOIN photos AS T2 ON T1.id  =  T2.mountain_id JOIN camera_lens AS T3 ON T2.camera_lens_id  =  T3.id WHERE T3.brand  =  'Sigma'",
        "gold_complexity": 11,
        "vt": "SELECT name, prominence FROM mountain EXCEPT SELECT T1.name, T1.prominence FROM mountain AS T1 JOIN photos AS T2 ON T1.id = T2.mountain_id JOIN camera_lens AS T3 ON T2.camera_lens_id = T3.id WHERE T3.brand = 'Sigma'",
        "ba": "The virtual table lists the names and prominence of mountains that are not featured in any photos taken with camera lenses from the brand 'Sigma'."
    },
    {
        "sample_id": 3704,
        "gold_sql": "SELECT count(*) FROM camera_lens WHERE focal_length_mm  >  15",
        "gold_complexity": 6,
        "vt": "SELECT COUNT(*) FROM camera_lens WHERE camera_lens.focal_length_mm > [placeholder-type:numeric]",
        "ba": "The virtual table counts the number of camera lenses from the 'camera_lens' table that have a focal length greater than a specified value. The placeholder in the WHERE clause represents the minimum focal length in millimeters."
    },
    {
        "sample_id": 3713,
        "gold_sql": "SELECT T1.name FROM camera_lens AS T1 JOIN photos AS T2 ON T2.camera_lens_id  =  T1.id WHERE T1.brand  =  'Sigma' OR T1.brand  =  'Olympus'",
        "gold_complexity": 7,
        "vt": "SELECT camera_lens.name FROM camera_lens JOIN photos AS T2 ON T2.camera_lens_id = T1.id WHERE camera_lens.brand = '[placeholder-type:string]' OR camera_lens.brand = '[placeholder-type:string]'",
        "ba": "The virtual table lists the names of camera lenses from the 'camera_lens' table that have been used in photos, filtered by specific brand names. The placeholders in the WHERE clause represent the brand names of the camera lenses."
    },
    {
        "sample_id": 3708,
        "gold_sql": "SELECT avg(prominence) FROM mountain WHERE country  =  'Morocco'",
        "gold_complexity": 6,
        "vt": "SELECT AVG(mountain.prominence) FROM mountain WHERE mountain.country = '[placeholder-type:string]'",
        "ba": "The virtual table calculates the average prominence of mountains from the 'mountain' table that are located in a specific country. The placeholder in the WHERE clause represents the name of the country."
    },
    {
        "sample_id": 3716,
        "gold_sql": "SELECT count(DISTINCT T2.camera_lens_id) FROM mountain AS T1 JOIN photos AS T2 ON T1.id  =  T2.mountain_id WHERE T1.country  =  'Ethiopia'",
        "gold_complexity": 8,
        "vt": "SELECT COUNT(DISTINCT T2.camera_lens_id) FROM mountain JOIN photos AS T2 ON T1.id = T2.mountain_id WHERE mountain.country = '[placeholder-type:string]'",
        "ba": "The virtual table counts the distinct camera lenses used to take photos of mountains located in a specific country. It joins the 'mountain' table with the 'photos' table based on the mountain's identifier, filtering the results by the country of the mountain."
    }
]