[
    {
        "sample_id": 4909,
        "gold_sql": "SELECT t1.store_name FROM store AS t1 JOIN store_district AS t2 ON t1.store_id  =  t2.store_id JOIN district AS t3 ON t2.district_id  =  t3.district_id WHERE t3.district_name  =  \"Khanewal District\"",
        "gold_complexity": 8,
        "vt": "SELECT store.store_name FROM store JOIN store_district AS t2 ON t1.store_id = t2.store_id JOIN district AS t3 ON t2.district_id = t3.district_id WHERE district.district_name = None.\"khanewal district\"",
        "ba": "The virtual table lists the names of stores located in a specific district. It retrieves data from the 'store' table and joins it with the 'store_district' table to associate stores with their respective districts. Additionally, it joins with the 'district' table to filter the results based on the district's name."
    },
    {
        "sample_id": 4936,
        "gold_sql": "SELECT t3.District_name FROM store AS t1 JOIN store_district AS t2 ON t1.store_id  =  t2.store_id JOIN district AS t3 ON t2.district_id  =  t3.district_id WHERE t1.Type  =  \"City Mall\" INTERSECT SELECT t3.District_name FROM store AS t1 JOIN store_district AS t2 ON t1.store_id  =  t2.store_id JOIN district AS t3 ON t2.district_id  =  t3.district_id WHERE t1.Type  =  \"Village Store\"",
        "gold_complexity": 10,
        "vt": "SELECT t3.District_name FROM store AS t1 JOIN store_district AS t2 ON t1.store_id = t2.store_id JOIN district AS t3 ON t2.district_id = t3.district_id WHERE t1.Type = \"City Mall\" INTERSECT SELECT t3.District_name FROM store AS t1 JOIN store_district AS t2 ON t1.store_id = t2.store_id JOIN district AS t3 ON t2.district_id = t3.district_id WHERE t1.Type = \"Village Store\"",
        "ba": "The virtual table identifies the names of districts that have both 'City Mall' and 'Village Store' types of stores. It does this by joining the 'store', 'store_district', and 'district' tables to filter the districts based on the store types. The use of INTERSECT ensures that only districts with both types of stores are returned."
    },
    {
        "sample_id": 4902,
        "gold_sql": "SELECT district_name FROM district ORDER BY city_population DESC LIMIT 1",
        "gold_complexity": 7,
        "vt": "SELECT district.district_name FROM district ORDER BY district.city_population LIMIT [placeholder-type:numeric]",
        "ba": "The virtual table lists the names of districts from the 'district' table, ordered by the population of the cities within those districts. The placeholder in the LIMIT clause allows for specifying the maximum number of district names to return."
    },
    {
        "sample_id": 4918,
        "gold_sql": "SELECT t3.headquartered_city FROM store AS t1 JOIN store_district AS t2 ON t1.store_id  =  t2.store_id JOIN district AS t3 ON t2.district_id  =  t3.district_id GROUP BY t3.headquartered_city ORDER BY count(*) DESC LIMIT 1",
        "gold_complexity": 11,
        "vt": "SELECT district.headquartered_city FROM store JOIN store_district AS t2 ON t1.store_id = t2.store_id JOIN district AS t3 ON t2.district_id = t3.district_id GROUP BY district.headquartered_city ORDER BY COUNT(*) LIMIT [placeholder-type:numeric]",
        "ba": "The virtual table retrieves the names of cities where the headquarters of districts are located, based on the stores associated with those districts. It groups the results by the city names and orders them by the count of stores in each city, limiting the output to a specified number of results."
    },
    {
        "sample_id": 4927,
        "gold_sql": "SELECT product FROM product WHERE product LIKE \"%Scanner%\"",
        "gold_complexity": 6,
        "vt": "SELECT product.product FROM product WHERE product.product LIKE None.\"%scanner%\"",
        "ba": "The virtual table lists the names or descriptions of products from the 'product' table that match a specific search term related to scanners. The placeholder in the LIKE clause allows for flexible input to find products containing the term 'scanner'."
    },
    {
        "sample_id": 4930,
        "gold_sql": "SELECT max_page_size FROM product GROUP BY max_page_size ORDER BY count(*) DESC LIMIT 1",
        "gold_complexity": 9,
        "vt": "SELECT product.max_page_size FROM product GROUP BY product.max_page_size ORDER BY COUNT(*) LIMIT [placeholder-type:numeric]",
        "ba": "The virtual table retrieves the maximum page sizes of products from the 'product' table, grouping the results by the maximum page size and ordering them based on the count of occurrences. The placeholder in the LIMIT clause allows for specifying the number of results to return."
    },
    {
        "sample_id": 4901,
        "gold_sql": "SELECT district_name FROM district ORDER BY city_population DESC LIMIT 1",
        "gold_complexity": 7,
        "vt": "SELECT district.district_name FROM district ORDER BY district.city_population LIMIT [placeholder-type:numeric]",
        "ba": "The virtual table lists the names of districts from the 'district' table, ordered by the population of the cities within those districts. The placeholder in the LIMIT clause allows for specifying the maximum number of district names to retrieve."
    },
    {
        "sample_id": 4935,
        "gold_sql": "SELECT t3.District_name FROM store AS t1 JOIN store_district AS t2 ON t1.store_id  =  t2.store_id JOIN district AS t3 ON t2.district_id  =  t3.district_id WHERE t1.Type  =  \"City Mall\" INTERSECT SELECT t3.District_name FROM store AS t1 JOIN store_district AS t2 ON t1.store_id  =  t2.store_id JOIN district AS t3 ON t2.district_id  =  t3.district_id WHERE t1.Type  =  \"Village Store\"",
        "gold_complexity": 10,
        "vt": "SELECT t3.District_name FROM store AS t1 JOIN store_district AS t2 ON t1.store_id = t2.store_id JOIN district AS t3 ON t2.district_id = t3.district_id WHERE t1.Type = \"City Mall\" INTERSECT SELECT t3.District_name FROM store AS t1 JOIN store_district AS t2 ON t1.store_id = t2.store_id JOIN district AS t3 ON t2.district_id = t3.district_id WHERE t1.Type = \"Village Store\"",
        "ba": "The virtual table identifies the district names where stores of both types, 'City Mall' and 'Village Store', are located. It uses joins to connect the 'store', 'store_district', and 'district' tables, filtering for the specific store types and finding common districts between them."
    },
    {
        "sample_id": 4895,
        "gold_sql": "SELECT max_page_size FROM product GROUP BY max_page_size HAVING count(*)  >  3",
        "gold_complexity": 8,
        "vt": "SELECT product.max_page_size FROM product GROUP BY product.max_page_size HAVING COUNT(*) > [placeholder-type:numeric]",
        "ba": "The virtual table retrieves the maximum page sizes of products from the 'product' table, grouping the results by the maximum page size. It filters the results to only include those maximum page sizes that are associated with more than a specified number of products."
    },
    {
        "sample_id": 4896,
        "gold_sql": "SELECT max_page_size FROM product GROUP BY max_page_size HAVING count(*)  >  3",
        "gold_complexity": 8,
        "vt": "SELECT product.max_page_size FROM product GROUP BY product.max_page_size HAVING COUNT(*) > [placeholder-type:numeric]",
        "ba": "The virtual table retrieves the maximum page sizes of products from the 'product' table, grouping the results by the maximum page size. It filters the results to only include those maximum page sizes that are associated with more than a specified number of products, indicated by a placeholder for numeric values."
    },
    {
        "sample_id": 4926,
        "gold_sql": "SELECT product FROM product WHERE max_page_size  =  \"A4\" OR pages_per_minute_color  <  5",
        "gold_complexity": 8,
        "vt": "SELECT product.product FROM product WHERE product.max_page_size = None.\"a4\" OR product.pages_per_minute_color < [placeholder-type:numeric]",
        "ba": "The virtual table lists the names or descriptions of products from the 'product' table that either have a maximum page size of 'a4' or have a print speed in pages per minute for color output that is less than a specified numeric value. The placeholder in the WHERE clause represents the numeric threshold for print speed."
    },
    {
        "sample_id": 4912,
        "gold_sql": "SELECT t1.store_name FROM store AS t1 JOIN store_district AS t2 ON t1.store_id  =  t2.store_id WHERE district_id  =  (SELECT district_id FROM district ORDER BY city_population DESC LIMIT 1)",
        "gold_complexity": 14,
        "vt": "SELECT store.store_name FROM store JOIN store_district AS t2 ON t1.store_id = t2.store_id WHERE district.district_id = (SELECT district.district_id FROM district ORDER BY city_population DESC LIMIT 1)",
        "ba": "The virtual table lists the names of stores located in the district with the highest city population. It retrieves store names from the 'store' table and joins it with the 'store_district' table to filter stores based on their associated district. The district is determined by a subquery that selects the district with the maximum city population."
    },
    {
        "sample_id": 4911,
        "gold_sql": "SELECT t1.store_name FROM store AS t1 JOIN store_district AS t2 ON t1.store_id  =  t2.store_id WHERE district_id  =  (SELECT district_id FROM district ORDER BY city_population DESC LIMIT 1)",
        "gold_complexity": 14,
        "vt": "SELECT store.store_name FROM store JOIN store_district AS t2 ON t1.store_id = t2.store_id WHERE district.district_id = (SELECT district.district_id FROM district ORDER BY city_population DESC LIMIT 1)",
        "ba": "The virtual table lists the names of stores located in the district with the highest city population. It retrieves store names from the 'store' table and joins it with the 'store_district' table to filter stores based on their associated district. The district is determined by a subquery that selects the district with the largest city population."
    },
    {
        "sample_id": 4932,
        "gold_sql": "SELECT product FROM product WHERE product != (SELECT max_page_size FROM product GROUP BY max_page_size ORDER BY count(*) DESC LIMIT 1)",
        "gold_complexity": 14,
        "vt": "SELECT product.product FROM product WHERE product.product <> (SELECT product.max_page_size FROM product GROUP BY max_page_size ORDER BY COUNT(*) DESC LIMIT 1)",
        "ba": "The virtual table lists the names or descriptions of products from the 'product' table that do not match the most common maximum page size among all products. The subquery identifies the maximum page size that appears most frequently, and the main query filters out products with that specific maximum page size."
    },
    {
        "sample_id": 4903,
        "gold_sql": "SELECT district_name FROM district ORDER BY city_area ASC LIMIT 1",
        "gold_complexity": 7,
        "vt": "SELECT district.district_name FROM district ORDER BY district.city_area LIMIT [placeholder-type:numeric]",
        "ba": "The virtual table lists the names of districts from the 'district' table, ordered by the total area of the cities within those districts. The query limits the results to a specified number of districts."
    },
    {
        "sample_id": 4928,
        "gold_sql": "SELECT product FROM product WHERE product LIKE \"%Scanner%\"",
        "gold_complexity": 6,
        "vt": "SELECT product.product FROM product WHERE product.product LIKE None.\"%scanner%\"",
        "ba": "The virtual table lists the names or descriptions of products from the 'product' table that contain the term 'scanner'. The placeholder in the LIKE clause allows for flexible searching of product names or descriptions that match a specific pattern."
    },
    {
        "sample_id": 4894,
        "gold_sql": "SELECT DISTINCT District_name FROM district ORDER BY city_area DESC",
        "gold_complexity": 7,
        "vt": "SELECT DISTINCT district.district_name FROM district ORDER BY district.city_area",
        "ba": "The virtual table lists the unique names of districts from the 'district' table, ordered by the total area of the city within each district."
    },
    {
        "sample_id": 4921,
        "gold_sql": "SELECT t1.product FROM product AS t1 JOIN store_product AS t2 ON t1.product_id  =  t2.product_id JOIN store AS t3 ON t2.store_id  =  t3.store_id WHERE t3.store_name  =  \"Miramichi\"",
        "gold_complexity": 8,
        "vt": "SELECT product.product FROM product JOIN store_product AS t2 ON t1.product_id = t2.product_id JOIN store AS t3 ON t2.store_id = t3.store_id WHERE store.store_name = None.\"miramichi\"",
        "ba": "The virtual table describes the names of products available in a specific store. It retrieves product names from the 'product' table by joining it with the 'store_product' table to link products to stores, and then further joins with the 'store' table to filter by the store's name. The placeholder in the WHERE clause represents the name of the store."
    },
    {
        "sample_id": 4919,
        "gold_sql": "SELECT avg(pages_per_minute_color) FROM product",
        "gold_complexity": 4,
        "vt": "SELECT AVG(product.pages_per_minute_color) FROM product",
        "ba": "The virtual table calculates the average print speed in pages per minute for color output from the 'product' table. This provides insight into the performance of products based on their printing capabilities."
    },
    {
        "sample_id": 4905,
        "gold_sql": "SELECT sum(city_population) FROM district ORDER BY city_area DESC LIMIT 3",
        "gold_complexity": 7,
        "vt": "SELECT SUM(district.city_population) FROM district ORDER BY district.city_area LIMIT [placeholder-type:numeric]",
        "ba": "The virtual table calculates the total population of all cities within the districts from the 'district' table. The result is ordered by the area of the cities, and a limit is applied to restrict the number of results returned based on a specified numeric value."
    },
    {
        "sample_id": 4915,
        "gold_sql": "SELECT t3.headquartered_city ,  count(*) FROM store AS t1 JOIN store_district AS t2 ON t1.store_id  =  t2.store_id JOIN district AS t3 ON t2.district_id  =  t3.district_id GROUP BY t3.headquartered_city",
        "gold_complexity": 10,
        "vt": "SELECT district.headquartered_city, COUNT(*) FROM store JOIN store_district AS t2 ON t1.store_id = t2.store_id JOIN district AS t3 ON t2.district_id = t3.district_id GROUP BY district.headquartered_city",
        "ba": "The virtual table summarizes the number of stores located in each city where the district's headquarters is situated. It retrieves the city names from the 'district' table and counts the total number of stores associated with each city. The query joins the 'store' table with the 'store_district' table to link stores to their respective districts, and then it groups the results by the city names to provide a count for each city."
    },
    {
        "sample_id": 4899,
        "gold_sql": "SELECT district_name FROM district WHERE city_area  >  10 OR City_Population  >  100000",
        "gold_complexity": 7,
        "vt": "SELECT district.district_name FROM district WHERE district.city_area > [placeholder-type:numeric] OR district.city_population > [placeholder-type:numeric]",
        "ba": "The virtual table lists the names of districts from the 'district' table where the area of the city exceeds a specified size or the population of the city surpasses a certain number. The placeholders in the WHERE clause represent the criteria for city area and population."
    },
    {
        "sample_id": 4933,
        "gold_sql": "SELECT sum(city_population) FROM district WHERE city_area  >  (SELECT avg(city_area) FROM district)",
        "gold_complexity": 9,
        "vt": "SELECT SUM(district.city_population) FROM district WHERE district.city_area > (SELECT AVG(district.city_area) FROM district)",
        "ba": "The virtual table calculates the total population of cities in districts where the area of the city exceeds the average area of all districts. The query uses a subquery to find the average city area and filters the districts accordingly."
    },
    {
        "sample_id": 4922,
        "gold_sql": "SELECT t1.product FROM product AS t1 JOIN store_product AS t2 ON t1.product_id  =  t2.product_id JOIN store AS t3 ON t2.store_id  =  t3.store_id WHERE t3.store_name  =  \"Miramichi\"",
        "gold_complexity": 8,
        "vt": "SELECT product.product FROM product JOIN store_product AS t2 ON t1.product_id = t2.product_id JOIN store AS t3 ON t2.store_id = t3.store_id WHERE store.store_name = None.\"miramichi\"",
        "ba": "The virtual table describes the names of products available in a specific store. It retrieves product names from the 'product' table by joining it with the 'store_product' table to link products to stores, and then further joins with the 'store' table to filter by the store's name. The placeholder in the WHERE clause represents the name of the store."
    },
    {
        "sample_id": 4923,
        "gold_sql": "SELECT product FROM product WHERE max_page_size  =  \"A4\" AND pages_per_minute_color  <  5",
        "gold_complexity": 8,
        "vt": "SELECT product.product FROM product WHERE product.max_page_size = None.\"a4\" AND product.pages_per_minute_color < [placeholder-type:numeric]",
        "ba": "The virtual table lists the names or descriptions of products from the 'product' table that have a maximum page size of 'a4' and a print speed in pages per minute for color output that is less than a specified numeric value. The placeholder in the WHERE clause represents the numeric threshold for print speed."
    },
    {
        "sample_id": 4917,
        "gold_sql": "SELECT t3.headquartered_city FROM store AS t1 JOIN store_district AS t2 ON t1.store_id  =  t2.store_id JOIN district AS t3 ON t2.district_id  =  t3.district_id GROUP BY t3.headquartered_city ORDER BY count(*) DESC LIMIT 1",
        "gold_complexity": 11,
        "vt": "SELECT district.headquartered_city FROM store JOIN store_district AS t2 ON t1.store_id = t2.store_id JOIN district AS t3 ON t2.district_id = t3.district_id GROUP BY district.headquartered_city ORDER BY COUNT(*) LIMIT [placeholder-type:numeric]",
        "ba": "The virtual table retrieves the names of cities where the headquarters of districts are located, based on the stores associated with those districts. It groups the results by the city names and orders them by the count of stores in each city, limiting the output to a specified number of results."
    }
]