[
    {
        "sample_id": 7588,
        "gold_sql": "SELECT Country ,  count(*) FROM TV_Channel GROUP BY Country ORDER BY count(*) DESC LIMIT 1;",
        "gold_complexity": 11,
        "vt": "SELECT tv_channel.country, COUNT(*) FROM tv_channel GROUP BY tv_channel.country ORDER BY COUNT(*) LIMIT [placeholder-type:numeric]",
        "ba": "The virtual table summarizes the number of TV channels available in each country. It groups the channels by their country and counts the total number of channels per country, ordering the results by the count in ascending order and limiting the output to a specified number of countries."
    },
    {
        "sample_id": 7612,
        "gold_sql": "SELECT Air_Date FROM TV_series WHERE Episode = \"A Love of a Lifetime\";",
        "gold_complexity": 6,
        "vt": "SELECT tv_series.air_date FROM tv_series WHERE tv_series.episode = None.\"a love of a lifetime\"",
        "ba": "The virtual table retrieves the air date of a specific episode from the 'tv_series' table. The placeholder in the WHERE clause represents the episode title that the user wants to query."
    },
    {
        "sample_id": 7639,
        "gold_sql": "SELECT package_option FROM TV_Channel WHERE id NOT IN (SELECT channel FROM cartoon WHERE directed_by  =  'Ben Jones')",
        "gold_complexity": 12,
        "vt": "SELECT tv_channel.package_option FROM tv_channel WHERE NOT tv_channel.id IN (SELECT cartoon.channel FROM cartoon WHERE directed_by = 'Ben Jones')",
        "ba": "The virtual table lists the available subscription packages for TV channels that do not broadcast any cartoons directed by a specific director. The query filters out channels based on the director's name, ensuring that only channels without such cartoons are included."
    },
    {
        "sample_id": 7603,
        "gold_sql": "SELECT T1.series_name FROM TV_Channel AS T1 JOIN Cartoon AS T2 ON T1.id = T2.Channel WHERE T2.Title = \"The Rise of the Blue Beetle!\";",
        "gold_complexity": 7,
        "vt": "SELECT tv_channel.series_name FROM tv_channel JOIN Cartoon AS T2 ON T1.id = T2.Channel WHERE cartoon.title = None.\"the rise of the blue beetle!\"",
        "ba": "The virtual table retrieves the names of TV series from the 'tv_channel' table that are associated with a specific cartoon title. The query joins the 'tv_channel' and 'cartoon' tables based on the channel identifier, allowing for the selection of series names that correspond to the given cartoon title."
    },
    {
        "sample_id": 7628,
        "gold_sql": "SELECT country FROM TV_Channel EXCEPT SELECT T1.country FROM TV_Channel AS T1 JOIN cartoon AS T2 ON T1.id = T2.Channel WHERE T2.written_by  =  'Todd Casey'",
        "gold_complexity": 8,
        "vt": "SELECT country FROM TV_Channel EXCEPT SELECT T1.country FROM TV_Channel AS T1 JOIN cartoon AS T2 ON T1.id = T2.Channel WHERE T2.written_by = 'Todd Casey'",
        "ba": "The virtual table lists the countries where TV channels are based, excluding those countries that have cartoons written by a specific writer. The query uses an EXCEPT clause to filter out the countries associated with the channels that broadcast cartoons written by 'Todd Casey'."
    },
    {
        "sample_id": 7601,
        "gold_sql": "SELECT LANGUAGE ,  count(*) FROM TV_Channel GROUP BY LANGUAGE",
        "gold_complexity": 8,
        "vt": "SELECT tv_channel.language, COUNT(*) FROM tv_channel GROUP BY tv_channel.language",
        "ba": "The virtual table summarizes the number of TV channels grouped by their broadcasting language. It provides insights into the distribution of channels across different languages."
    },
    {
        "sample_id": 7578,
        "gold_sql": "SELECT Title FROM Cartoon ORDER BY title",
        "gold_complexity": 6,
        "vt": "SELECT cartoon.title FROM cartoon ORDER BY cartoon.title",
        "ba": "The virtual table lists the titles of cartoons from the 'cartoon' table, sorted in alphabetical order."
    },
    {
        "sample_id": 7585,
        "gold_sql": "SELECT title ,  Directed_by FROM Cartoon ORDER BY Original_air_date",
        "gold_complexity": 8,
        "vt": "SELECT cartoon.title, cartoon.directed_by FROM cartoon ORDER BY cartoon.original_air_date",
        "ba": "The virtual table lists the titles and directors of cartoons from the 'cartoon' table, ordered by their original air date. This allows users to see the progression of cartoons over time based on when they first aired."
    },
    {
        "sample_id": 7618,
        "gold_sql": "SELECT T2.Episode FROM TV_Channel AS T1 JOIN TV_series AS T2 ON T1.id = T2.Channel WHERE T1.series_name = \"Sky Radio\";",
        "gold_complexity": 7,
        "vt": "SELECT tv_series.episode FROM tv_channel JOIN TV_series AS T2 ON T1.id = T2.Channel WHERE tv_channel.series_name = None.\"sky radio\"",
        "ba": "The virtual table retrieves the episode numbers of TV series that are broadcasted on a specific TV channel named 'sky radio'. It joins the 'tv_channel' table with the 'tv_series' table based on the channel ID to filter the results accordingly."
    },
    {
        "sample_id": 7580,
        "gold_sql": "SELECT Title FROM Cartoon WHERE Directed_by = \"Ben Jones\";",
        "gold_complexity": 6,
        "vt": "SELECT cartoon.title FROM cartoon WHERE cartoon.directed_by = None.\"ben jones\"",
        "ba": "The virtual table lists the titles of cartoons from the 'cartoon' table that are directed by a specific individual. The placeholder in the WHERE clause represents the name of the director."
    },
    {
        "sample_id": 7583,
        "gold_sql": "SELECT count(*) FROM Cartoon WHERE Written_by = \"Joseph Kuhr\";",
        "gold_complexity": 6,
        "vt": "SELECT COUNT(*) FROM cartoon WHERE cartoon.written_by = None.\"joseph kuhr\"",
        "ba": "The virtual table counts the number of cartoons from the 'cartoon' table that were written by a specific writer. The placeholder in the WHERE clause represents the name of the writer."
    },
    {
        "sample_id": 7617,
        "gold_sql": "SELECT T1.series_name FROM TV_Channel AS T1 JOIN TV_series AS T2 ON T1.id = T2.Channel WHERE T2.Episode = \"A Love of a Lifetime\";",
        "gold_complexity": 7,
        "vt": "SELECT tv_channel.series_name FROM tv_channel JOIN TV_series AS T2 ON T1.id = T2.Channel WHERE tv_series.episode = None.\"a love of a lifetime\"",
        "ba": "The virtual table retrieves the series name from the 'tv_channel' table by joining it with the 'tv_series' table based on the channel ID. It filters the results to find a specific episode titled 'a love of a lifetime'."
    },
    {
        "sample_id": 7611,
        "gold_sql": "SELECT max(SHARE) , min(SHARE) FROM TV_series;",
        "gold_complexity": 5,
        "vt": "SELECT MAX(tv_series.share), MIN(tv_series.share) FROM tv_series",
        "ba": "The virtual table provides the maximum and minimum share percentages of viewers watching episodes from the 'tv_series' table. The share percentage indicates the proportion of viewers watching a specific episode compared to the total TV viewers."
    },
    {
        "sample_id": 7636,
        "gold_sql": "SELECT id FROM TV_Channel EXCEPT SELECT channel FROM cartoon WHERE directed_by  =  'Ben Jones'",
        "gold_complexity": 10,
        "vt": "SELECT id FROM TV_Channel EXCEPT SELECT channel FROM cartoon WHERE directed_by = 'Ben Jones'",
        "ba": "The virtual table identifies the unique identifiers of TV channels that do not broadcast any cartoons directed by a specific individual. It compares the list of all TV channels with those that have cartoons directed by 'Ben Jones', effectively filtering out channels associated with his work."
    },
    {
        "sample_id": 7604,
        "gold_sql": "SELECT T2.Title FROM TV_Channel AS T1 JOIN Cartoon AS T2 ON T1.id = T2.Channel WHERE T1.series_name = \"Sky Radio\";",
        "gold_complexity": 7,
        "vt": "SELECT cartoon.title FROM tv_channel JOIN Cartoon AS T2 ON T1.id = T2.Channel WHERE tv_channel.series_name = None.\"sky radio\"",
        "ba": "The virtual table lists the titles of cartoons that are broadcasted on TV channels which have a specific series name. The query joins the 'tv_channel' and 'cartoon' tables based on the channel identifier, filtering for channels that broadcast a series named 'sky radio'."
    },
    {
        "sample_id": 7622,
        "gold_sql": "select production_code ,  channel from cartoon order by original_air_date desc limit 1",
        "gold_complexity": 9,
        "vt": "SELECT cartoon.production_code, cartoon.channel FROM cartoon ORDER BY cartoon.original_air_date LIMIT [placeholder-type:numeric]",
        "ba": "The virtual table provides the production codes and channels of cartoons from the 'cartoon' table, ordered by their original air date. The placeholder in the LIMIT clause allows for specifying the maximum number of records to return."
    },
    {
        "sample_id": 7613,
        "gold_sql": "SELECT Air_Date FROM TV_series WHERE Episode = \"A Love of a Lifetime\";",
        "gold_complexity": 6,
        "vt": "SELECT tv_series.air_date FROM tv_series WHERE tv_series.episode = None.\"a love of a lifetime\"",
        "ba": "The virtual table retrieves the air date of a specific episode from the 'tv_series' table. The placeholder in the WHERE clause represents the episode title that the user wants to query."
    },
    {
        "sample_id": 7586,
        "gold_sql": "SELECT Title FROM Cartoon WHERE Directed_by = \"Ben Jones\" OR Directed_by = \"Brandon Vietti\";",
        "gold_complexity": 7,
        "vt": "SELECT cartoon.title FROM cartoon WHERE cartoon.directed_by = None.\"ben jones\" OR cartoon.directed_by = None.\"brandon vietti\"",
        "ba": "The virtual table lists the titles of cartoons from the 'cartoon' table that are directed by either 'ben jones' or 'brandon vietti'. The placeholders in the WHERE clause represent the names of the directors."
    },
    {
        "sample_id": 7609,
        "gold_sql": "SELECT Episode ,  Rating FROM TV_series ORDER BY Rating DESC LIMIT 3;",
        "gold_complexity": 9,
        "vt": "SELECT tv_series.episode, tv_series.rating FROM tv_series ORDER BY tv_series.rating LIMIT [placeholder-type:numeric]",
        "ba": "The virtual table provides a list of episodes from the 'tv_series' table along with their viewer ratings. The results are ordered by the rating in descending order, and the number of episodes returned is limited by a placeholder for numeric values."
    },
    {
        "sample_id": 7587,
        "gold_sql": "SELECT Title FROM Cartoon WHERE Directed_by = \"Ben Jones\" OR Directed_by = \"Brandon Vietti\";",
        "gold_complexity": 7,
        "vt": "SELECT cartoon.title FROM cartoon WHERE cartoon.directed_by = None.\"ben jones\" OR cartoon.directed_by = None.\"brandon vietti\"",
        "ba": "The virtual table lists the titles of cartoons from the 'cartoon' table that are directed by either 'ben jones' or 'brandon vietti'. The placeholders in the WHERE clause represent the names of the directors."
    },
    {
        "sample_id": 7582,
        "gold_sql": "SELECT count(*) FROM Cartoon WHERE Written_by = \"Joseph Kuhr\";",
        "gold_complexity": 6,
        "vt": "SELECT COUNT(*) FROM cartoon WHERE cartoon.written_by = None.\"joseph kuhr\"",
        "ba": "The virtual table counts the number of cartoons from the 'cartoon' table that were written by a specific writer. The placeholder in the WHERE clause represents the name of the writer."
    },
    {
        "sample_id": 7623,
        "gold_sql": "select production_code ,  channel from cartoon order by original_air_date desc limit 1",
        "gold_complexity": 9,
        "vt": "SELECT cartoon.production_code, cartoon.channel FROM cartoon ORDER BY cartoon.original_air_date LIMIT [placeholder-type:numeric]",
        "ba": "The virtual table provides the production code and channel information for cartoons from the 'cartoon' table, ordered by their original air date. The placeholder in the LIMIT clause allows the user to specify the maximum number of records to retrieve."
    },
    {
        "sample_id": 7579,
        "gold_sql": "SELECT Title FROM Cartoon ORDER BY title",
        "gold_complexity": 6,
        "vt": "SELECT cartoon.title FROM cartoon ORDER BY cartoon.title",
        "ba": "The virtual table lists the titles of cartoons from the 'cartoon' table, sorted in alphabetical order."
    },
    {
        "sample_id": 7630,
        "gold_sql": "SELECT T1.series_name ,  T1.country FROM TV_Channel AS T1 JOIN cartoon AS T2 ON T1.id = T2.Channel WHERE T2.directed_by  =  'Michael Chang' INTERSECT SELECT T1.series_name ,  T1.country FROM TV_Channel AS T1 JOIN cartoon AS T2 ON T1.id = T2.Channel WHERE T2.directed_by  =  'Ben Jones'",
        "gold_complexity": 10,
        "vt": "SELECT T1.series_name, T1.country FROM TV_Channel AS T1 JOIN cartoon AS T2 ON T1.id = T2.Channel WHERE T2.directed_by = 'Michael Chang' INTERSECT SELECT T1.series_name, T1.country FROM TV_Channel AS T1 JOIN cartoon AS T2 ON T1.id = T2.Channel WHERE T2.directed_by = 'Ben Jones'",
        "ba": "The virtual table identifies TV series names and their corresponding countries from the 'tv_channel' table, filtering for channels that broadcast cartoons directed by both 'Michael Chang' and 'Ben Jones'."
    },
    {
        "sample_id": 7619,
        "gold_sql": "SELECT T2.Episode FROM TV_Channel AS T1 JOIN TV_series AS T2 ON T1.id = T2.Channel WHERE T1.series_name = \"Sky Radio\";",
        "gold_complexity": 7,
        "vt": "SELECT tv_series.episode FROM tv_channel JOIN TV_series AS T2 ON T1.id = T2.Channel WHERE tv_channel.series_name = None.\"sky radio\"",
        "ba": "The virtual table retrieves the episode numbers of TV series that are broadcasted on a specific TV channel named 'sky radio'. It joins the 'tv_channel' and 'tv_series' tables based on the channel identifier, filtering for the channel with the specified series name."
    },
    {
        "sample_id": 7606,
        "gold_sql": "SELECT Episode FROM TV_series ORDER BY rating",
        "gold_complexity": 6,
        "vt": "SELECT tv_series.episode FROM tv_series ORDER BY tv_series.rating",
        "ba": "The virtual table lists the episodes of TV series from the 'tv_series' table, ordered by their viewer ratings. This allows users to see which episodes are rated the highest."
    },
    {
        "sample_id": 7602,
        "gold_sql": "SELECT T1.series_name FROM TV_Channel AS T1 JOIN Cartoon AS T2 ON T1.id = T2.Channel WHERE T2.Title = \"The Rise of the Blue Beetle!\";",
        "gold_complexity": 7,
        "vt": "SELECT tv_channel.series_name FROM tv_channel JOIN Cartoon AS T2 ON T1.id = T2.Channel WHERE cartoon.title = None.\"the rise of the blue beetle!\"",
        "ba": "The virtual table describes the series names of TV channels that broadcast a specific cartoon. It joins the 'tv_channel' table with the 'cartoon' table based on the channel identifier, filtering for a specific cartoon title."
    },
    {
        "sample_id": 7584,
        "gold_sql": "SELECT title ,  Directed_by FROM Cartoon ORDER BY Original_air_date",
        "gold_complexity": 8,
        "vt": "SELECT cartoon.title, cartoon.directed_by FROM cartoon ORDER BY cartoon.original_air_date",
        "ba": "The virtual table lists the titles and directors of cartoons from the 'cartoon' table, ordered by their original air date. This allows users to see the progression of cartoon releases over time."
    },
    {
        "sample_id": 7633,
        "gold_sql": "SELECT Pixel_aspect_ratio_PAR ,  country FROM tv_channel WHERE LANGUAGE != 'English'",
        "gold_complexity": 8,
        "vt": "SELECT tv_channel.pixel_aspect_ratio_par, tv_channel.country FROM tv_channel WHERE tv_channel.language <> '[placeholder-type:string]'",
        "ba": "The virtual table provides information about TV channels, specifically their pixel aspect ratio and the country they are based in, while filtering out channels that broadcast in a specific language. The placeholder in the WHERE clause represents the language to be excluded."
    },
    {
        "sample_id": 7615,
        "gold_sql": "SELECT Weekly_Rank FROM TV_series WHERE Episode = \"A Love of a Lifetime\";",
        "gold_complexity": 6,
        "vt": "SELECT tv_series.weekly_rank FROM tv_series WHERE tv_series.episode = None.\"a love of a lifetime\"",
        "ba": "The virtual table provides the weekly rank of a specific episode from the 'tv_series' table. The placeholder in the WHERE clause represents the episode title being queried."
    },
    {
        "sample_id": 7616,
        "gold_sql": "SELECT T1.series_name FROM TV_Channel AS T1 JOIN TV_series AS T2 ON T1.id = T2.Channel WHERE T2.Episode = \"A Love of a Lifetime\";",
        "gold_complexity": 7,
        "vt": "SELECT tv_channel.series_name FROM tv_channel JOIN TV_series AS T2 ON T1.id = T2.Channel WHERE tv_series.episode = None.\"a love of a lifetime\"",
        "ba": "The virtual table describes the series name of TV channels that broadcast a specific episode of a TV series. The query joins the 'tv_channel' and 'tv_series' tables based on the channel ID, filtering for a particular episode title."
    },
    {
        "sample_id": 7610,
        "gold_sql": "SELECT max(SHARE) , min(SHARE) FROM TV_series;",
        "gold_complexity": 5,
        "vt": "SELECT MAX(tv_series.share), MIN(tv_series.share) FROM tv_series",
        "ba": "The virtual table provides the maximum and minimum share percentages of viewers watching episodes from the 'tv_series' table. This data helps in understanding the range of audience engagement for the series."
    },
    {
        "sample_id": 7625,
        "gold_sql": "SELECT package_option ,  series_name FROM TV_Channel WHERE hight_definition_TV  =  \"yes\"",
        "gold_complexity": 8,
        "vt": "SELECT tv_channel.package_option, tv_channel.series_name FROM tv_channel WHERE tv_channel.hight_definition_tv = None.\"yes\"",
        "ba": "The virtual table describes the available subscription packages and the names of TV series from the 'tv_channel' table that broadcast in high definition. The placeholder in the WHERE clause indicates that only channels with high definition broadcasting are selected."
    },
    {
        "sample_id": 7591,
        "gold_sql": "SELECT count(DISTINCT series_name) ,  count(DISTINCT content) FROM TV_Channel;",
        "gold_complexity": 7,
        "vt": "SELECT COUNT(DISTINCT series_name), COUNT(DISTINCT content) FROM tv_channel",
        "ba": "The virtual table provides a count of unique TV series names and unique content types available across all TV channels in the 'tv_channel' table. The placeholders represent the aggregated counts of distinct series and content types."
    },
    {
        "sample_id": 7595,
        "gold_sql": "SELECT Package_Option FROM TV_Channel WHERE series_name = \"Sky Radio\";",
        "gold_complexity": 6,
        "vt": "SELECT tv_channel.package_option FROM tv_channel WHERE tv_channel.series_name = None.\"sky radio\"",
        "ba": "The virtual table retrieves the available subscription packages for a specific TV channel that broadcasts the series named 'sky radio'. The placeholder in the WHERE clause represents the series name."
    },
    {
        "sample_id": 7607,
        "gold_sql": "SELECT Episode FROM TV_series ORDER BY rating",
        "gold_complexity": 6,
        "vt": "SELECT tv_series.episode FROM tv_series ORDER BY tv_series.rating",
        "ba": "The virtual table lists the episodes of TV series from the 'tv_series' table, ordered by their viewer ratings. This allows users to see which episodes are rated the highest."
    },
    {
        "sample_id": 7596,
        "gold_sql": "SELECT count(*) FROM TV_Channel WHERE LANGUAGE = \"English\";",
        "gold_complexity": 6,
        "vt": "SELECT COUNT(*) FROM tv_channel WHERE tv_channel.language = None.\"english\"",
        "ba": "The virtual table counts the number of TV channels from the 'tv_channel' table that broadcast in a specific language. The placeholder in the WHERE clause represents the language of the channels being queried."
    }
]