[
    {
        "sample_id": 1875,
        "gold_sql": "SELECT LOCATION FROM wrestler GROUP BY LOCATION HAVING COUNT(*)  >  2",
        "gold_complexity": 8,
        "vt": "SELECT wrestler.location FROM wrestler GROUP BY wrestler.location HAVING COUNT(*) > [placeholder-type:numeric]",
        "ba": "The virtual table describes the locations where wrestlers have defended their titles, specifically focusing on those locations that have hosted more than a specified number of wrestlers. The placeholder in the HAVING clause represents the minimum count of wrestlers that must be present in those locations."
    },
    {
        "sample_id": 1844,
        "gold_sql": "SELECT count(*) FROM wrestler",
        "gold_complexity": 4,
        "vt": "SELECT COUNT(*) FROM wrestler",
        "ba": "The virtual table counts the total number of wrestlers in the 'wrestler' table."
    },
    {
        "sample_id": 1859,
        "gold_sql": "SELECT T2.Name ,  T1.Team FROM elimination AS T1 JOIN wrestler AS T2 ON T1.Wrestler_ID  =  T2.Wrestler_ID ORDER BY T2.Days_held DESC",
        "gold_complexity": 9,
        "vt": "SELECT wrestler.name, elimination.team FROM elimination JOIN wrestler AS T2 ON T1.Wrestler_ID = T2.Wrestler_ID ORDER BY wrestler.days_held",
        "ba": "The virtual table describes the names of wrestlers along with the teams they were part of during elimination events. It combines data from the 'elimination' table and the 'wrestler' table, linking them through the wrestler's unique identifier. The results are ordered by the total number of days each wrestler held their title, providing insight into their performance and tenure."
    },
    {
        "sample_id": 1848,
        "gold_sql": "SELECT Name FROM wrestler ORDER BY Days_held ASC LIMIT 1",
        "gold_complexity": 7,
        "vt": "SELECT wrestler.name FROM wrestler ORDER BY wrestler.days_held LIMIT [placeholder-type:numeric]",
        "ba": "The virtual table lists the names of wrestlers from the 'wrestler' table, ordered by the total number of days they held their title. The query limits the results to a specified number of wrestlers."
    },
    {
        "sample_id": 1864,
        "gold_sql": "SELECT Team ,  COUNT(*) FROM elimination GROUP BY Team",
        "gold_complexity": 8,
        "vt": "SELECT elimination.team, COUNT(*) FROM elimination GROUP BY elimination.team",
        "ba": "The virtual table summarizes the number of eliminations that occurred for each team during wrestling events. It retrieves the team identifier from the 'elimination' table and counts the total eliminations associated with each team, grouping the results by team."
    },
    {
        "sample_id": 1870,
        "gold_sql": "SELECT Name FROM wrestler WHERE Days_held  <  100",
        "gold_complexity": 6,
        "vt": "SELECT wrestler.name FROM wrestler WHERE wrestler.days_held < [placeholder-type:numeric]",
        "ba": "The virtual table describes the names of wrestlers from the 'wrestler' table who have held their title for fewer days than a specified number. The placeholder in the WHERE clause represents the maximum number of days a title can be held."
    },
    {
        "sample_id": 1882,
        "gold_sql": "SELECT TIME FROM elimination WHERE Eliminated_By  =  \"Punk\" OR Eliminated_By  =  \"Orton\"",
        "gold_complexity": 7,
        "vt": "SELECT elimination.time FROM elimination WHERE elimination.eliminated_by = None.\"punk\" OR elimination.eliminated_by = None.\"orton\"",
        "ba": "The virtual table retrieves the time of eliminations from the 'elimination' table where the wrestler who performed the elimination is either 'punk' or 'orton'."
    },
    {
        "sample_id": 1847,
        "gold_sql": "SELECT Name FROM wrestler ORDER BY Days_held DESC",
        "gold_complexity": 6,
        "vt": "SELECT wrestler.name FROM wrestler ORDER BY wrestler.days_held",
        "ba": "The virtual table lists the names of wrestlers from the 'wrestler' table, ordered by the total number of days they held their title. This allows users to see which wrestlers have the longest title reigns at a glance."
    },
    {
        "sample_id": 1880,
        "gold_sql": "SELECT COUNT (DISTINCT team) FROM elimination",
        "gold_complexity": 5,
        "vt": "SELECT COUNT(DISTINCT team) FROM elimination",
        "ba": "The virtual table counts the distinct teams involved in elimination events from the 'elimination' table."
    },
    {
        "sample_id": 1878,
        "gold_sql": "SELECT Team FROM Elimination WHERE Eliminated_By  =  \"Orton\" INTERSECT SELECT Team FROM Elimination WHERE Eliminated_By  =  \"Benjamin\"",
        "gold_complexity": 8,
        "vt": "SELECT Team FROM Elimination WHERE Eliminated_By = \"Orton\" INTERSECT SELECT Team FROM Elimination WHERE Eliminated_By = \"Benjamin\"",
        "ba": "The virtual table identifies teams involved in elimination events where two specific wrestlers, 'Orton' and 'Benjamin', performed the eliminations. It uses an INTERSECT operation to find common teams eliminated by both wrestlers."
    },
    {
        "sample_id": 1874,
        "gold_sql": "SELECT LOCATION FROM wrestler GROUP BY LOCATION HAVING COUNT(*)  >  2",
        "gold_complexity": 8,
        "vt": "SELECT wrestler.location FROM wrestler GROUP BY wrestler.location HAVING COUNT(*) > [placeholder-type:numeric]",
        "ba": "The virtual table provides a list of locations where wrestlers have defended their titles, specifically filtering for locations that have hosted more than a specified number of title defenses. The placeholder in the HAVING clause represents the minimum count of title defenses required for a location to be included in the results."
    },
    {
        "sample_id": 1868,
        "gold_sql": "SELECT Reign ,  Days_held FROM wrestler",
        "gold_complexity": 6,
        "vt": "SELECT wrestler.reign, wrestler.days_held FROM wrestler",
        "ba": "The virtual table describes the title reign and the total number of days held by wrestlers from the 'wrestler' table."
    },
    {
        "sample_id": 1871,
        "gold_sql": "SELECT Name FROM wrestler WHERE Days_held  <  100",
        "gold_complexity": 6,
        "vt": "SELECT wrestler.name FROM wrestler WHERE wrestler.days_held < [placeholder-type:numeric]",
        "ba": "The virtual table describes the names of wrestlers from the 'wrestler' table who have held their title for fewer days than a specified number. The placeholder in the WHERE clause represents the maximum number of days a title can be held."
    },
    {
        "sample_id": 1867,
        "gold_sql": "SELECT Team FROM elimination GROUP BY Team HAVING COUNT(*)  >  3",
        "gold_complexity": 8,
        "vt": "SELECT elimination.team FROM elimination GROUP BY elimination.team HAVING COUNT(*) > [placeholder-type:numeric]",
        "ba": "The virtual table provides a list of teams from the 'elimination' table that have eliminated more than a specified number of wrestlers. The placeholder in the HAVING clause represents the minimum count of eliminations required for a team to be included in the results."
    },
    {
        "sample_id": 1872,
        "gold_sql": "SELECT Reign FROM wrestler GROUP BY Reign ORDER BY COUNT(*) DESC LIMIT 1",
        "gold_complexity": 9,
        "vt": "SELECT wrestler.reign FROM wrestler GROUP BY wrestler.reign ORDER BY COUNT(*) LIMIT [placeholder-type:numeric]",
        "ba": "The virtual table retrieves the title reigns of wrestlers from the 'wrestler' table, grouping them to count how many wrestlers held each reign. The results are ordered by the count of wrestlers in each reign, and a limit is applied to restrict the number of results returned based on a specified numeric value."
    },
    {
        "sample_id": 1850,
        "gold_sql": "SELECT DISTINCT Reign FROM wrestler WHERE LOCATION != \"Tokyo , Japan\"",
        "gold_complexity": 7,
        "vt": "SELECT DISTINCT wrestler.reign FROM wrestler WHERE wrestler.location <> None.\"tokyo , japan\"",
        "ba": "The virtual table retrieves distinct title reigns of wrestlers from the 'wrestler' table, specifically excluding those who defended their titles in Tokyo, Japan. The placeholder in the WHERE clause indicates that the location should not be Tokyo, Japan."
    },
    {
        "sample_id": 1862,
        "gold_sql": "SELECT T1.Time FROM elimination AS T1 JOIN wrestler AS T2 ON T1.Wrestler_ID  =  T2.Wrestler_ID WHERE T2.Days_held  >  50",
        "gold_complexity": 7,
        "vt": "SELECT elimination.time FROM elimination JOIN wrestler AS T2 ON T1.Wrestler_ID = T2.Wrestler_ID WHERE wrestler.days_held > [placeholder-type:numeric]",
        "ba": "The virtual table describes the times of eliminations from the 'elimination' table for wrestlers who have held their title for more than a specified number of days. The placeholder in the WHERE clause represents the minimum number of days a wrestler must have held their title to be included in the results."
    },
    {
        "sample_id": 1863,
        "gold_sql": "SELECT T1.Time FROM elimination AS T1 JOIN wrestler AS T2 ON T1.Wrestler_ID  =  T2.Wrestler_ID WHERE T2.Days_held  >  50",
        "gold_complexity": 7,
        "vt": "SELECT elimination.time FROM elimination JOIN wrestler AS T2 ON T1.Wrestler_ID = T2.Wrestler_ID WHERE wrestler.days_held > [placeholder-type:numeric]",
        "ba": "The virtual table describes the times of eliminations from the 'elimination' table for wrestlers who have held their title for more than a specified number of days. The placeholder in the WHERE clause represents the minimum number of days a wrestler must have held their title to be included in the results."
    },
    {
        "sample_id": 1852,
        "gold_sql": "SELECT Name ,  LOCATION FROM wrestler",
        "gold_complexity": 6,
        "vt": "SELECT wrestler.name, wrestler.location FROM wrestler",
        "ba": "The virtual table describes the names and locations of wrestlers from the 'wrestler' table."
    },
    {
        "sample_id": 1849,
        "gold_sql": "SELECT Name FROM wrestler ORDER BY Days_held ASC LIMIT 1",
        "gold_complexity": 7,
        "vt": "SELECT wrestler.name FROM wrestler ORDER BY wrestler.days_held LIMIT [placeholder-type:numeric]",
        "ba": "The virtual table lists the names of wrestlers from the 'wrestler' table, ordered by the total number of days they held their title. The query limits the results to a specified number of wrestlers."
    },
    {
        "sample_id": 1846,
        "gold_sql": "SELECT Name FROM wrestler ORDER BY Days_held DESC",
        "gold_complexity": 6,
        "vt": "SELECT wrestler.name FROM wrestler ORDER BY wrestler.days_held",
        "ba": "The virtual table lists the names of wrestlers from the 'wrestler' table, ordered by the total number of days they held their title. This allows users to see which wrestlers have the longest title reigns at a glance."
    },
    {
        "sample_id": 1854,
        "gold_sql": "SELECT Elimination_Move FROM Elimination WHERE Team  =  \"Team Orton\"",
        "gold_complexity": 6,
        "vt": "SELECT elimination.elimination_move FROM elimination WHERE elimination.team = None.\"team orton\"",
        "ba": "The virtual table retrieves the elimination moves from the 'elimination' table for a specific team identified by a placeholder. The query focuses on the elimination moves used during matches involving that team."
    },
    {
        "sample_id": 1851,
        "gold_sql": "SELECT DISTINCT Reign FROM wrestler WHERE LOCATION != \"Tokyo , Japan\"",
        "gold_complexity": 7,
        "vt": "SELECT DISTINCT wrestler.reign FROM wrestler WHERE wrestler.location <> None.\"tokyo , japan\"",
        "ba": "The virtual table retrieves distinct title reigns of wrestlers from the 'wrestler' table, specifically filtering out those who defended their titles in Tokyo, Japan. The placeholder in the WHERE clause indicates that the location should not be Tokyo, Japan."
    },
    {
        "sample_id": 1860,
        "gold_sql": "SELECT T1.Time FROM elimination AS T1 JOIN wrestler AS T2 ON T1.Wrestler_ID  =  T2.Wrestler_ID ORDER BY T2.Days_held DESC LIMIT 1",
        "gold_complexity": 8,
        "vt": "SELECT elimination.time FROM elimination JOIN wrestler AS T2 ON T1.Wrestler_ID = T2.Wrestler_ID ORDER BY wrestler.days_held LIMIT [placeholder-type:numeric]",
        "ba": "The virtual table retrieves the times of eliminations from the 'elimination' table, joining it with the 'wrestler' table to access wrestler details. The results are ordered by the number of days each wrestler held their title, and a limit is applied to restrict the number of records returned based on a specified numeric value."
    }
]