[
    {
        "sample_id": 6220,
        "gold_sql": "SELECT name FROM captain ORDER BY age DESC",
        "gold_complexity": 6,
        "vt": "SELECT captain.name FROM captain ORDER BY captain.age",
        "ba": "The virtual table lists the names of captains from the 'captain' table, ordered by their age. This allows users to see the captains' names in a sequence from the youngest to the oldest."
    },
    {
        "sample_id": 6243,
        "gold_sql": "SELECT flag FROM ship GROUP BY flag ORDER BY count(*) DESC LIMIT 1",
        "gold_complexity": 9,
        "vt": "SELECT ship.flag FROM ship GROUP BY ship.flag ORDER BY COUNT(*) LIMIT [placeholder-type:numeric]",
        "ba": "The virtual table retrieves the flags of ships from the 'ship' table, grouping the results by the flag and ordering them by the count of ships associated with each flag. The placeholder in the LIMIT clause allows for specifying the maximum number of unique flags to return."
    },
    {
        "sample_id": 6237,
        "gold_sql": "SELECT count(*) FROM ship",
        "gold_complexity": 4,
        "vt": "SELECT COUNT(*) FROM ship",
        "ba": "The virtual table provides a count of all ships from the 'ship' table."
    },
    {
        "sample_id": 6250,
        "gold_sql": "SELECT built_year FROM ship GROUP BY built_year ORDER BY count(*) DESC LIMIT 1",
        "gold_complexity": 9,
        "vt": "SELECT ship.built_year FROM ship GROUP BY ship.built_year ORDER BY COUNT(*) LIMIT [placeholder-type:numeric]",
        "ba": "The virtual table provides a list of unique ship construction years from the 'ship' table, grouped by the year and ordered by the count of ships built in each year. The placeholder allows the user to specify a limit on the number of years returned."
    },
    {
        "sample_id": 6236,
        "gold_sql": "SELECT name FROM captain ORDER BY age LIMIT 1",
        "gold_complexity": 7,
        "vt": "SELECT captain.name FROM captain ORDER BY captain.age LIMIT [placeholder-type:numeric]",
        "ba": "The virtual table lists the names of captains from the 'captain' table, ordered by their age. The query limits the number of results returned based on a specified numeric value."
    },
    {
        "sample_id": 6231,
        "gold_sql": "SELECT rank FROM captain WHERE CLASS  =  'Cutter' INTERSECT SELECT rank FROM captain WHERE CLASS  =  'Armed schooner'",
        "gold_complexity": 7,
        "vt": "SELECT rank FROM captain WHERE CLASS = 'Cutter' INTERSECT SELECT rank FROM captain WHERE CLASS = 'Armed schooner'",
        "ba": "The virtual table identifies the ranks of captains who command ships of two specific classes: 'Cutter' and 'Armed schooner'. It uses an INTERSECT operation to find common ranks among captains of these two classes."
    },
    {
        "sample_id": 6226,
        "gold_sql": "SELECT CLASS FROM captain GROUP BY CLASS HAVING count(*)  >  2",
        "gold_complexity": 8,
        "vt": "SELECT captain.class FROM captain GROUP BY captain.class HAVING COUNT(*) > [placeholder-type:numeric]",
        "ba": "The virtual table summarizes the classes of captains from the 'captain' table, grouping them by their class designation and filtering to show only those classes that have more than a specified number of captains."
    },
    {
        "sample_id": 6252,
        "gold_sql": "SELECT t1.name FROM ship AS t1 JOIN captain AS t2 ON t1.ship_id  =  t2.ship_id GROUP BY t2.ship_id HAVING count(*)  >  1",
        "gold_complexity": 9,
        "vt": "SELECT ship.name FROM ship JOIN captain AS t2 ON t1.ship_id = t2.ship_id GROUP BY captain.ship_id HAVING COUNT(*) > [placeholder-type:numeric]",
        "ba": "The virtual table lists the names of ships from the 'ship' table that have more than a specified number of captains associated with them. The query joins the 'ship' and 'captain' tables on the ship_id, grouping the results by ship_id and filtering those groups based on the count of captains."
    },
    {
        "sample_id": 6229,
        "gold_sql": "SELECT avg(age) ,  min(age) ,  CLASS FROM captain GROUP BY CLASS",
        "gold_complexity": 9,
        "vt": "SELECT AVG(captain.age), MIN(captain.age), captain.class FROM captain GROUP BY captain.class",
        "ba": "The virtual table provides the average and minimum age of captains grouped by their class designation. It aggregates data from the 'captain' table, allowing for insights into the age distribution of captains across different classes."
    },
    {
        "sample_id": 6244,
        "gold_sql": "SELECT flag FROM ship GROUP BY flag ORDER BY count(*) DESC LIMIT 1",
        "gold_complexity": 9,
        "vt": "SELECT ship.flag FROM ship GROUP BY ship.flag ORDER BY COUNT(*) LIMIT [placeholder-type:numeric]",
        "ba": "The virtual table retrieves the flags of ships from the 'ship' table, grouping the results by the flag and ordering them by the count of ships associated with each flag. The placeholder allows for limiting the number of results returned based on a specified numeric value."
    },
    {
        "sample_id": 6225,
        "gold_sql": "SELECT CLASS FROM captain GROUP BY CLASS HAVING count(*)  >  2",
        "gold_complexity": 8,
        "vt": "SELECT captain.class FROM captain GROUP BY captain.class HAVING COUNT(*) > [placeholder-type:numeric]",
        "ba": "The virtual table summarizes the classes of captains from the 'captain' table, grouping them by their class designation. It filters the results to only include those classes that have more than a specified number of captains associated with them, represented by a numeric placeholder."
    },
    {
        "sample_id": 6216,
        "gold_sql": "SELECT count(*) ,  rank FROM captain GROUP BY rank",
        "gold_complexity": 8,
        "vt": "SELECT COUNT(*), captain.rank FROM captain GROUP BY captain.rank",
        "ba": "The virtual table provides a count of captains grouped by their rank from the 'captain' table. The placeholder in the SELECT clause indicates that the total number of captains for each rank will be displayed."
    },
    {
        "sample_id": 6228,
        "gold_sql": "SELECT name FROM captain WHERE rank  =  'Midshipman' OR rank  =  'Lieutenant'",
        "gold_complexity": 6,
        "vt": "SELECT captain.name FROM captain WHERE captain.rank = '[placeholder-type:string]' OR captain.rank = '[placeholder-type:string]'",
        "ba": "The virtual table describes the names of captains from the 'captain' table who hold a specific rank or another specified rank. The placeholders in the WHERE clause represent the ranks of the captains being queried."
    },
    {
        "sample_id": 6256,
        "gold_sql": "SELECT t1.name FROM ship AS t1 JOIN captain AS t2 ON t1.ship_id  =  t2.ship_id ORDER BY t2.age LIMIT 1",
        "gold_complexity": 8,
        "vt": "SELECT ship.name FROM ship JOIN captain AS t2 ON t1.ship_id = t2.ship_id ORDER BY captain.age LIMIT [placeholder-type:numeric]",
        "ba": "The virtual table retrieves the names of ships from the 'ship' table, joining it with the 'captain' table to associate each ship with its captain. The results are ordered by the age of the captains, and a limit is applied to restrict the number of returned records based on a specified numeric value."
    },
    {
        "sample_id": 6246,
        "gold_sql": "SELECT name FROM ship ORDER BY built_year ,  CLASS",
        "gold_complexity": 8,
        "vt": "SELECT ship.name FROM ship ORDER BY ship.built_year, ship.class",
        "ba": "The virtual table lists the names of ships from the 'ship' table, ordered by the year they were built and their class designation. This allows users to see the ships in chronological order of their construction and grouped by their class."
    },
    {
        "sample_id": 6235,
        "gold_sql": "SELECT name FROM captain ORDER BY age LIMIT 1",
        "gold_complexity": 7,
        "vt": "SELECT captain.name FROM captain ORDER BY captain.age LIMIT [placeholder-type:numeric]",
        "ba": "The virtual table lists the names of captains from the 'captain' table, ordered by their age. The placeholder in the LIMIT clause allows for specifying the maximum number of captain names to retrieve."
    },
    {
        "sample_id": 6247,
        "gold_sql": "SELECT TYPE FROM ship WHERE flag  =  'Panama' INTERSECT SELECT TYPE FROM ship WHERE flag  =  'Malta'",
        "gold_complexity": 7,
        "vt": "SELECT TYPE FROM ship WHERE flag = 'Panama' INTERSECT SELECT TYPE FROM ship WHERE flag = 'Malta'",
        "ba": "The virtual table identifies the types of ships that are registered under both the Panama and Malta flags. It uses an INTERSECT operation to find common ship types between the two specified flags."
    },
    {
        "sample_id": 6213,
        "gold_sql": "SELECT count(DISTINCT rank) FROM captain",
        "gold_complexity": 5,
        "vt": "SELECT COUNT(DISTINCT rank) FROM captain",
        "ba": "The virtual table counts the distinct ranks of captains from the 'captain' table."
    },
    {
        "sample_id": 6217,
        "gold_sql": "SELECT count(*) ,  rank FROM captain WHERE age  <  50 GROUP BY rank",
        "gold_complexity": 10,
        "vt": "SELECT COUNT(*), captain.rank FROM captain WHERE captain.age < [placeholder-type:numeric] GROUP BY captain.rank",
        "ba": "The virtual table provides a count of captains grouped by their rank, specifically for those captains who are younger than a specified age. The placeholder in the WHERE clause represents the age limit for filtering the captains."
    },
    {
        "sample_id": 6218,
        "gold_sql": "SELECT count(*) ,  rank FROM captain WHERE age  <  50 GROUP BY rank",
        "gold_complexity": 10,
        "vt": "SELECT COUNT(*), captain.rank FROM captain WHERE captain.age < [placeholder-type:numeric] GROUP BY captain.rank",
        "ba": "The virtual table provides a count of captains grouped by their rank, specifically for those captains who are younger than a specified age. The placeholder in the WHERE clause represents the age limit for filtering the captains."
    },
    {
        "sample_id": 6240,
        "gold_sql": "SELECT name ,  TYPE ,  flag FROM ship ORDER BY built_year DESC LIMIT 1",
        "gold_complexity": 11,
        "vt": "SELECT ship.name, ship.type, ship.flag FROM ship ORDER BY ship.built_year LIMIT [placeholder-type:numeric]",
        "ba": "The virtual table provides a list of ship names, their types, and the flags they are registered under from the 'ship' table. The results are ordered by the year the ships were built, and the number of results is limited by a placeholder for numeric values."
    },
    {
        "sample_id": 6238,
        "gold_sql": "SELECT count(*) FROM ship",
        "gold_complexity": 4,
        "vt": "SELECT COUNT(*) FROM ship",
        "ba": "The virtual table provides a count of all ships from the 'ship' table."
    },
    {
        "sample_id": 6223,
        "gold_sql": "SELECT rank FROM captain GROUP BY rank ORDER BY count(*) DESC LIMIT 1",
        "gold_complexity": 9,
        "vt": "SELECT captain.rank FROM captain GROUP BY captain.rank ORDER BY COUNT(*) LIMIT [placeholder-type:numeric]",
        "ba": "The virtual table provides a list of unique ranks of captains from the 'captain' table, grouped by rank and ordered by the count of captains in each rank. The placeholder in the LIMIT clause allows for specifying the maximum number of ranks to return."
    },
    {
        "sample_id": 6253,
        "gold_sql": "SELECT name ,  CLASS FROM ship WHERE ship_id NOT IN (SELECT ship_id FROM captain)",
        "gold_complexity": 12,
        "vt": "SELECT captain.name, captain.class FROM ship WHERE NOT captain.ship_id IN (SELECT captain.ship_id FROM captain)",
        "ba": "The virtual table describes the names and class designations of captains from the 'captain' table who do not command any ships listed in the 'ship' table. The placeholder in the WHERE clause represents the condition to filter out captains based on their ship IDs."
    },
    {
        "sample_id": 6215,
        "gold_sql": "SELECT count(*) ,  rank FROM captain GROUP BY rank",
        "gold_complexity": 8,
        "vt": "SELECT COUNT(*), captain.rank FROM captain GROUP BY captain.rank",
        "ba": "The virtual table provides a count of captains grouped by their rank from the 'captain' table. The placeholder in the SELECT clause indicates that the query will return the number of captains for each rank."
    },
    {
        "sample_id": 6230,
        "gold_sql": "SELECT avg(age) ,  min(age) ,  CLASS FROM captain GROUP BY CLASS",
        "gold_complexity": 9,
        "vt": "SELECT AVG(captain.age), MIN(captain.age), captain.class FROM captain GROUP BY captain.class",
        "ba": "The virtual table provides the average and minimum age of captains grouped by their class designation. It aggregates data from the 'captain' table, allowing for insights into the age distribution of captains within different classes."
    },
    {
        "sample_id": 6234,
        "gold_sql": "SELECT rank FROM captain EXCEPT SELECT rank FROM captain WHERE CLASS  =  'Third-rate ship of the line'",
        "gold_complexity": 7,
        "vt": "SELECT rank FROM captain EXCEPT SELECT rank FROM captain WHERE CLASS = 'Third-rate ship of the line'",
        "ba": "The virtual table provides a list of ranks from the 'captain' table, excluding those ranks associated with captains who command a 'Third-rate ship of the line'. This is achieved by using the EXCEPT clause to filter out the specified class of ships."
    },
    {
        "sample_id": 6248,
        "gold_sql": "SELECT TYPE FROM ship WHERE flag  =  'Panama' INTERSECT SELECT TYPE FROM ship WHERE flag  =  'Malta'",
        "gold_complexity": 7,
        "vt": "SELECT TYPE FROM ship WHERE flag = 'Panama' INTERSECT SELECT TYPE FROM ship WHERE flag = 'Malta'",
        "ba": "The virtual table identifies the types of ships that are registered under both the Panama and Malta flags. It uses an INTERSECT operation to find common ship types between the two specified flags."
    }
]