[
    {
        "sample_id": 584,
        "gold_sql": "SELECT T2.title FROM artists AS T1 JOIN albums AS T2 ON T1.id  =  T2.artist_id WHERE T1.name LIKE '%Led%'",
        "gold_complexity": 7,
        "vt": "SELECT albums.title FROM artists JOIN albums AS T2 ON T1.id = T2.artist_id WHERE artists.name LIKE '[placeholder-type:string]'",
        "ba": "The virtual table lists the titles of albums from the 'albums' table that are associated with a specific artist. The query joins the 'artists' table to filter albums based on the artist's name, which is represented by a placeholder for string values."
    },
    {
        "sample_id": 551,
        "gold_sql": "SELECT title FROM albums;",
        "gold_complexity": 4,
        "vt": "SELECT albums.title FROM albums",
        "ba": "The virtual table lists the titles of albums from the 'albums' table."
    },
    {
        "sample_id": 600,
        "gold_sql": "SELECT first_name , last_name FROM employees ORDER BY birth_date DESC LIMIT 1;",
        "gold_complexity": 9,
        "vt": "SELECT employees.first_name, employees.last_name FROM employees ORDER BY employees.birth_date LIMIT [placeholder-type:numeric]",
        "ba": "The virtual table describes the first and last names of employees from the 'employees' table, ordered by their birth date. The placeholder in the LIMIT clause represents the maximum number of employee records to return."
    },
    {
        "sample_id": 592,
        "gold_sql": "SELECT address FROM employees WHERE first_name = \"Nancy\" AND last_name = \"Edwards\";",
        "gold_complexity": 7,
        "vt": "SELECT employees.address FROM employees WHERE employees.first_name = None.\"nancy\" AND employees.last_name = None.\"edwards\"",
        "ba": "The virtual table describes the address of an employee from the 'employees' table based on their first and last name. The placeholders in the WHERE clause represent the specific first and last names of the employee being queried."
    },
    {
        "sample_id": 601,
        "gold_sql": "SELECT first_name , last_name FROM employees ORDER BY hire_date ASC LIMIT 10;",
        "gold_complexity": 9,
        "vt": "SELECT employees.first_name, employees.last_name FROM employees ORDER BY employees.hire_date LIMIT [placeholder-type:numeric]",
        "ba": "The virtual table describes the first and last names of employees from the 'employees' table, ordered by their hire date. The placeholder in the LIMIT clause represents the maximum number of employee records to return."
    },
    {
        "sample_id": 599,
        "gold_sql": "SELECT first_name , last_name FROM employees ORDER BY birth_date DESC LIMIT 1;",
        "gold_complexity": 9,
        "vt": "SELECT employees.first_name, employees.last_name FROM employees ORDER BY employees.birth_date LIMIT [placeholder-type:numeric]",
        "ba": "The virtual table describes the first and last names of employees from the 'employees' table, ordered by their birth date. The placeholder in the LIMIT clause represents the maximum number of employee records to return."
    },
    {
        "sample_id": 570,
        "gold_sql": "SELECT T1.title FROM albums AS T1 JOIN artists AS T2 ON  T1.artist_id = T2.id WHERE T2.name = \"Aerosmith\";",
        "gold_complexity": 7,
        "vt": "SELECT albums.title FROM albums JOIN artists AS T2 ON T1.artist_id = T2.id WHERE artists.name = None.\"aerosmith\"",
        "ba": "The virtual table lists the titles of albums from the 'albums' table that are associated with a specific artist. The query joins the 'albums' table with the 'artists' table to filter the results based on the artist's name."
    },
    {
        "sample_id": 638,
        "gold_sql": "SELECT T2.name FROM playlist_tracks AS T1 JOIN playlists AS T2 ON T2.id = T1.playlist_id GROUP BY T1.playlist_id HAVING count(T1.track_id)  >  100;",
        "gold_complexity": 9,
        "vt": "SELECT playlists.name FROM playlist_tracks JOIN playlists AS T2 ON T2.id = T1.playlist_id GROUP BY playlist_tracks.playlist_id HAVING COUNT(playlist_tracks.track_id) > [placeholder-type:numeric]",
        "ba": "The virtual table lists the names of playlists that contain more than a specified number of tracks. It retrieves data from the 'playlists' table and joins it with the 'playlist_tracks' table to count the number of tracks associated with each playlist. The result is filtered to include only those playlists that have a track count exceeding a given threshold."
    },
    {
        "sample_id": 606,
        "gold_sql": "SELECT T2.first_name , T2.last_name ,  count(T1.reports_to) FROM employees AS T1 JOIN employees AS T2 ON T1.reports_to = T2.id GROUP BY T1.reports_to ORDER BY count(T1.reports_to) DESC LIMIT 1;",
        "gold_complexity": 14,
        "vt": "SELECT employees.first_name, employees.last_name, COUNT(employees.reports_to) FROM employees JOIN employees AS T2 ON T1.reports_to = T2.id GROUP BY employees.reports_to ORDER BY COUNT(employees.reports_to) LIMIT [placeholder-type:numeric]",
        "ba": "The virtual table summarizes the first and last names of employees along with the count of their direct reports. It joins the 'employees' table with itself to relate each employee to their manager, grouping the results by the manager's identifier. The results are ordered by the number of reports, allowing for a limit on the number of records returned."
    },
    {
        "sample_id": 596,
        "gold_sql": "SELECT count(*) FROM employees WHERE country = \"Canada\";",
        "gold_complexity": 6,
        "vt": "SELECT COUNT(*) FROM employees WHERE employees.country = None.\"canada\"",
        "ba": "The virtual table counts the number of employees from the 'employees' table who reside in a specific country. The placeholder in the WHERE clause represents the country name."
    },
    {
        "sample_id": 562,
        "gold_sql": "SELECT COUNT(*) FROM invoices WHERE billing_city  =  \"Chicago\" AND billing_state  =  \"IL\";",
        "gold_complexity": 7,
        "vt": "SELECT COUNT(*) FROM invoices WHERE invoices.billing_city = None.\"chicago\" AND invoices.billing_state = None.\"il\"",
        "ba": "The virtual table counts the total number of invoices issued to customers with a billing address located in a specific city and state. The placeholders in the WHERE clause represent the billing city and state values that can be modified by the user."
    },
    {
        "sample_id": 568,
        "gold_sql": "SELECT billing_state ,  COUNT(*) ,  SUM(total) FROM invoices WHERE billing_state  =  \"CA\";",
        "gold_complexity": 10,
        "vt": "SELECT invoices.billing_state, COUNT(*), SUM(invoices.total) FROM invoices WHERE invoices.billing_state = None.\"ca\"",
        "ba": "The virtual table summarizes the total number of invoices and the total amount billed for invoices issued in a specific billing state. The placeholder in the WHERE clause represents the billing state being queried."
    },
    {
        "sample_id": 627,
        "gold_sql": "SELECT T1.title FROM albums AS T1 JOIN tracks AS T2 ON T1.id = T2.album_id GROUP BY T1.id HAVING count(T1.id)  >  10;",
        "gold_complexity": 9,
        "vt": "SELECT albums.title FROM albums JOIN tracks AS T2 ON T1.id = T2.album_id GROUP BY albums.id HAVING COUNT(albums.id) > [placeholder-type:numeric]",
        "ba": "The virtual table lists the titles of albums from the 'albums' table that have more than a specified number of tracks associated with them. The query joins the 'albums' table with the 'tracks' table to count the number of tracks for each album, and only includes those albums that exceed the given track count."
    },
    {
        "sample_id": 586,
        "gold_sql": "SELECT count(*) FROM employees AS T1 JOIN customers AS T2 ON T2.support_rep_id = T1.id WHERE T1.first_name = \"Steve\" AND T1.last_name = \"Johnson\";",
        "gold_complexity": 8,
        "vt": "SELECT COUNT(*) FROM employees JOIN customers AS T2 ON T2.support_rep_id = T1.id WHERE employees.first_name = None.\"steve\" AND employees.last_name = None.\"johnson\"",
        "ba": "The virtual table counts the number of employees who are support representatives for customers, specifically filtering for an employee with the first name 'steve' and last name 'johnson'."
    },
    {
        "sample_id": 647,
        "gold_sql": "SELECT count(*) ,  T1.name FROM genres AS T1 JOIN tracks AS T2 ON T1.id = T2.genre_id GROUP BY T1.name;",
        "gold_complexity": 9,
        "vt": "SELECT COUNT(*), genres.name FROM genres JOIN tracks AS T2 ON T1.id = T2.genre_id GROUP BY genres.name",
        "ba": "The virtual table provides a count of tracks grouped by their respective genres from the 'genres' table. It joins the 'genres' table with the 'tracks' table to associate each track with its genre, allowing for the aggregation of track counts per genre."
    },
    {
        "sample_id": 617,
        "gold_sql": "SELECT composer FROM tracks WHERE name = \"Fast As a Shark\";",
        "gold_complexity": 6,
        "vt": "SELECT tracks.composer FROM tracks WHERE tracks.name = None.\"fast as a shark\"",
        "ba": "The virtual table describes the composer of a specific track from the 'tracks' table. The placeholder in the WHERE clause represents the name of the track being queried."
    },
    {
        "sample_id": 539,
        "gold_sql": "SELECT billing_country ,  SUM(total) FROM invoices GROUP BY billing_country ORDER BY SUM(total) DESC LIMIT 8;",
        "gold_complexity": 11,
        "vt": "SELECT invoices.billing_country, SUM(invoices.total) FROM invoices GROUP BY invoices.billing_country ORDER BY SUM(invoices.total) LIMIT [placeholder-type:numeric]",
        "ba": "The virtual table summarizes the total invoice amounts grouped by billing country from the 'invoices' table. The placeholder in the LIMIT clause allows the user to specify the maximum number of countries to display based on their total invoice amounts."
    },
    {
        "sample_id": 557,
        "gold_sql": "SELECT T1.first_name ,  T1.last_name FROM customers AS T1 JOIN invoices AS T2 ON T2.customer_id  =  T1.id ORDER BY total LIMIT 10;",
        "gold_complexity": 10,
        "vt": "SELECT customers.first_name, customers.last_name FROM customers JOIN invoices AS T2 ON T2.customer_id = T1.id ORDER BY invoices.total LIMIT [placeholder-type:numeric]",
        "ba": "The virtual table describes the first and last names of customers from the 'customers' table who have associated invoices. The query joins the 'customers' table with the 'invoices' table to filter customers based on their invoices, and it orders the results by the total amount of the invoices. The placeholder in the LIMIT clause represents the maximum number of records to return."
    },
    {
        "sample_id": 644,
        "gold_sql": "SELECT T1.name FROM tracks AS T1 JOIN playlist_tracks AS T2 ON T1.id  =  T2.track_id JOIN playlists AS T3 ON T2.playlist_id  =  T3.id WHERE T3.name  =  'Movies' EXCEPT SELECT T1.name FROM tracks AS T1 JOIN playlist_tracks AS T2 ON T1.id  =  T2.track_id JOIN playlists AS T3 ON T2.playlist_id  =  T3.id WHERE T3.name  =  'Music'",
        "gold_complexity": 9,
        "vt": "SELECT T1.name FROM tracks AS T1 JOIN playlist_tracks AS T2 ON T1.id = T2.track_id JOIN playlists AS T3 ON T2.playlist_id = T3.id WHERE T3.name = 'Movies' EXCEPT SELECT T1.name FROM tracks AS T1 JOIN playlist_tracks AS T2 ON T1.id = T2.track_id JOIN playlists AS T3 ON T2.playlist_id = T3.id WHERE T3.name = 'Music'",
        "ba": "The virtual table lists the names of tracks that are included in the 'Movies' playlist but not in the 'Music' playlist. It utilizes joins between the 'tracks', 'playlist_tracks', and 'playlists' tables to filter the tracks based on their association with the specified playlists."
    },
    {
        "sample_id": 587,
        "gold_sql": "SELECT title ,  phone ,  hire_date FROM employees WHERE first_name = \"Nancy\" AND last_name = \"Edwards\";",
        "gold_complexity": 11,
        "vt": "SELECT employees.title, employees.phone, employees.hire_date FROM employees WHERE employees.first_name = None.\"nancy\" AND employees.last_name = None.\"edwards\"",
        "ba": "The virtual table describes the job title, phone number, and hire date of employees from the 'employees' table who have a specific first and last name. The placeholders in the WHERE clause represent the first and last names of the employee being queried."
    },
    {
        "sample_id": 634,
        "gold_sql": "SELECT T2.name FROM genres AS T1 JOIN tracks AS T2 ON T1.id = T2.genre_id WHERE T1.name = \"Rock\" OR T1.name = \"Jazz\"",
        "gold_complexity": 8,
        "vt": "SELECT tracks.name FROM genres JOIN tracks AS T2 ON T1.id = T2.genre_id WHERE genres.name = None.\"rock\" OR genres.name = None.\"jazz\"",
        "ba": "The virtual table describes the names of tracks from the 'tracks' table that belong to specific genres, namely 'rock' or 'jazz'. The query uses a JOIN operation to connect the 'genres' table with the 'tracks' table based on the genre identifier, filtering the results to include only those tracks that match the specified genre names."
    },
    {
        "sample_id": 569,
        "gold_sql": "SELECT T1.title FROM albums AS T1 JOIN artists AS T2 ON  T1.artist_id = T2.id WHERE T2.name = \"Aerosmith\";",
        "gold_complexity": 7,
        "vt": "SELECT albums.title FROM albums JOIN artists AS T2 ON T1.artist_id = T2.id WHERE artists.name = None.\"aerosmith\"",
        "ba": "The virtual table lists the titles of albums from the 'albums' table that are associated with a specific artist. The query joins the 'albums' table with the 'artists' table to filter the results based on the artist's name."
    },
    {
        "sample_id": 604,
        "gold_sql": "SELECT count(*) ,  city FROM employees WHERE title  =  'IT Staff' GROUP BY city",
        "gold_complexity": 10,
        "vt": "SELECT COUNT(*), employees.city FROM employees WHERE employees.title = '[placeholder-type:string]' GROUP BY employees.city",
        "ba": "The virtual table summarizes the number of employees grouped by their city from the 'employees' table, specifically filtering for those with a certain job title. The placeholder in the WHERE clause represents the job title of the employees."
    },
    {
        "sample_id": 648,
        "gold_sql": "SELECT count(*) ,  T1.name FROM genres AS T1 JOIN tracks AS T2 ON T1.id = T2.genre_id GROUP BY T1.name;",
        "gold_complexity": 9,
        "vt": "SELECT COUNT(*), genres.name FROM genres JOIN tracks AS T2 ON T1.id = T2.genre_id GROUP BY genres.name",
        "ba": "The virtual table provides a count of tracks grouped by their respective genres from the 'genres' and 'tracks' tables. It uses a JOIN operation to associate each track with its genre, allowing for the aggregation of track counts per genre."
    },
    {
        "sample_id": 542,
        "gold_sql": "SELECT billing_country ,  AVG(total) FROM invoices GROUP BY billing_country ORDER BY AVG(total) DESC LIMIT 10;",
        "gold_complexity": 11,
        "vt": "SELECT invoices.billing_country, AVG(invoices.total) FROM invoices GROUP BY invoices.billing_country ORDER BY AVG(invoices.total) LIMIT [placeholder-type:numeric]",
        "ba": "The virtual table summarizes the average total amount of invoices grouped by billing country. It provides insights into the average spending of customers in different countries based on their invoices."
    },
    {
        "sample_id": 577,
        "gold_sql": "SELECT count(*) FROM customers WHERE city = \"Prague\";",
        "gold_complexity": 6,
        "vt": "SELECT COUNT(*) FROM customers WHERE customers.city = None.\"prague\"",
        "ba": "The virtual table counts the number of customers from the 'customers' table who reside in a specific city. The placeholder in the WHERE clause represents the name of the city."
    },
    {
        "sample_id": 540,
        "gold_sql": "SELECT billing_country ,  SUM(total) FROM invoices GROUP BY billing_country ORDER BY SUM(total) DESC LIMIT 8;",
        "gold_complexity": 11,
        "vt": "SELECT invoices.billing_country, SUM(invoices.total) FROM invoices GROUP BY invoices.billing_country ORDER BY SUM(invoices.total) LIMIT [placeholder-type:numeric]",
        "ba": "The virtual table summarizes the total invoice amounts grouped by billing country from the 'invoices' table. The placeholder in the LIMIT clause represents the maximum number of countries to display based on their total invoice amounts."
    },
    {
        "sample_id": 581,
        "gold_sql": "SELECT country FROM customers WHERE first_name = \"Roberto\" AND last_name = \"Almeida\";",
        "gold_complexity": 7,
        "vt": "SELECT customers.country FROM customers WHERE customers.first_name = None.\"roberto\" AND customers.last_name = None.\"almeida\"",
        "ba": "The virtual table describes the countries of customers from the 'customers' table who have a specific first and last name. The placeholders in the WHERE clause represent the first and last names of the customer."
    },
    {
        "sample_id": 611,
        "gold_sql": "SELECT name FROM media_types;",
        "gold_complexity": 4,
        "vt": "SELECT media_types.name FROM media_types",
        "ba": "The virtual table lists the names of different media types from the 'media_types' table."
    },
    {
        "sample_id": 590,
        "gold_sql": "SELECT T2.first_name , T2.last_name FROM employees AS T1 JOIN employees AS T2 ON T1.id = T2.reports_to WHERE T1.first_name = \"Nancy\" AND T1.last_name = \"Edwards\";",
        "gold_complexity": 10,
        "vt": "SELECT employees.first_name, employees.last_name FROM employees JOIN employees AS T2 ON T1.id = T2.reports_to WHERE employees.first_name = None.\"nancy\" AND employees.last_name = None.\"edwards\"",
        "ba": "The virtual table describes the first and last names of employees from the 'employees' table who report to a specific manager. The query joins the 'employees' table with itself to establish a relationship between employees and their managers, using placeholders for the first and last names of the employee being queried."
    },
    {
        "sample_id": 625,
        "gold_sql": "SELECT T2.name FROM albums AS T1 JOIN tracks AS T2 ON T1.id = T2.genre_id WHERE T1.title = \"Balls to the Wall\";",
        "gold_complexity": 7,
        "vt": "SELECT tracks.name FROM albums JOIN tracks AS T2 ON T1.id = T2.genre_id WHERE albums.title = None.\"balls to the wall\"",
        "ba": "The virtual table retrieves the names of tracks from the 'tracks' table that belong to albums with a specific title. It uses a join between the 'albums' and 'tracks' tables based on the genre identifier, allowing for the selection of track names associated with a particular album title."
    },
    {
        "sample_id": 556,
        "gold_sql": "SELECT title FROM albums WHERE title LIKE 'A%' ORDER BY title;",
        "gold_complexity": 8,
        "vt": "SELECT albums.title FROM albums WHERE albums.title LIKE '[placeholder-type:string]' ORDER BY albums.title",
        "ba": "The virtual table lists the titles of albums from the 'albums' table that match a specific pattern. The placeholder in the LIKE clause allows for flexible searching of album titles based on user input."
    },
    {
        "sample_id": 558,
        "gold_sql": "SELECT T1.first_name ,  T1.last_name FROM customers AS T1 JOIN invoices AS T2 ON T2.customer_id  =  T1.id ORDER BY total LIMIT 10;",
        "gold_complexity": 10,
        "vt": "SELECT customers.first_name, customers.last_name FROM customers JOIN invoices AS T2 ON T2.customer_id = T1.id ORDER BY invoices.total LIMIT [placeholder-type:numeric]",
        "ba": "The virtual table describes the first and last names of customers from the 'customers' table who have associated invoices. The query joins the 'customers' table with the 'invoices' table based on the customer ID, allowing us to filter and order the results by the total amount of the invoices. The placeholder in the LIMIT clause represents the maximum number of records to return."
    },
    {
        "sample_id": 537,
        "gold_sql": "SELECT billing_country ,  COUNT(*) FROM invoices GROUP BY billing_country ORDER BY count(*) DESC LIMIT 5;",
        "gold_complexity": 11,
        "vt": "SELECT invoices.billing_country, COUNT(*) FROM invoices GROUP BY invoices.billing_country ORDER BY COUNT(*) LIMIT [placeholder-type:numeric]",
        "ba": "The virtual table summarizes the total number of invoices issued, grouped by the billing country. It provides a count of invoices for each country, allowing users to see how many invoices were issued in each location. The placeholder in the LIMIT clause allows users to specify the maximum number of countries to display in the results."
    },
    {
        "sample_id": 544,
        "gold_sql": "SELECT T1.first_name ,  T1.last_name FROM customers AS T1 JOIN invoices AS T2 ON T2.customer_id  =  T1.id ORDER BY T2.invoice_date DESC LIMIT 5;",
        "gold_complexity": 10,
        "vt": "SELECT customers.first_name, customers.last_name FROM customers JOIN invoices AS T2 ON T2.customer_id = T1.id ORDER BY invoices.invoice_date LIMIT [placeholder-type:numeric]",
        "ba": "The virtual table describes the first and last names of customers from the 'customers' table who have made purchases, along with the associated invoices. The query joins the 'customers' table with the 'invoices' table based on the customer ID, and it orders the results by the invoice date. The placeholder in the LIMIT clause represents the maximum number of records to return."
    },
    {
        "sample_id": 621,
        "gold_sql": "SELECT T2.name FROM genres AS T1 JOIN tracks AS T2 ON T1.id = T2.genre_id WHERE T1.name = \"Rock\";",
        "gold_complexity": 7,
        "vt": "SELECT tracks.name FROM genres JOIN tracks AS T2 ON T1.id = T2.genre_id WHERE genres.name = None.\"rock\"",
        "ba": "The virtual table describes the names of tracks from the 'tracks' table that belong to a specific genre, in this case, 'rock'. The query uses a JOIN operation to connect the 'genres' table with the 'tracks' table based on the genre identifier. The placeholder in the WHERE clause represents the genre's name."
    },
    {
        "sample_id": 646,
        "gold_sql": "SELECT T1.name FROM tracks AS T1 JOIN playlist_tracks AS T2 ON T1.id  =  T2.track_id JOIN playlists AS T3 ON T2.playlist_id  =  T3.id WHERE T3.name  =  'Movies' INTERSECT SELECT T1.name FROM tracks AS T1 JOIN playlist_tracks AS T2 ON T1.id  =  T2.track_id JOIN playlists AS T3 ON T2.playlist_id  =  T3.id WHERE T3.name  =  'Music'",
        "gold_complexity": 9,
        "vt": "SELECT T1.name FROM tracks AS T1 JOIN playlist_tracks AS T2 ON T1.id = T2.track_id JOIN playlists AS T3 ON T2.playlist_id = T3.id WHERE T3.name = 'Movies' INTERSECT SELECT T1.name FROM tracks AS T1 JOIN playlist_tracks AS T2 ON T1.id = T2.track_id JOIN playlists AS T3 ON T2.playlist_id = T3.id WHERE T3.name = 'Music'",
        "ba": "The virtual table lists the names of tracks that are present in both the 'Movies' and 'Music' playlists. It does this by performing an intersection of two queries that select track names from the 'tracks' table, joined with the 'playlist_tracks' and 'playlists' tables to filter by the respective playlist names."
    },
    {
        "sample_id": 632,
        "gold_sql": "SELECT T2.name FROM genres AS T1 JOIN tracks AS T2 ON T1.id = T2.genre_id JOIN media_types AS T3 ON T3.id = T2.media_type_id WHERE T1.name = \"Rock\" OR T3.name = \"MPEG audio file\";",
        "gold_complexity": 9,
        "vt": "SELECT tracks.name FROM genres JOIN tracks AS T2 ON T1.id = T2.genre_id JOIN media_types AS T3 ON T3.id = T2.media_type_id WHERE genres.name = None.\"rock\" OR media_types.name = None.\"mpeg audio file\"",
        "ba": "The virtual table lists the names of tracks from the 'tracks' table that belong to a specific genre or media type. It joins the 'genres' table to filter tracks by genre and the 'media_types' table to filter by media type. The placeholders in the WHERE clause represent the genre and media type names."
    },
    {
        "sample_id": 629,
        "gold_sql": "SELECT T2.name FROM genres AS T1 JOIN tracks AS T2 ON T1.id = T2.genre_id JOIN media_types AS T3 ON T3.id = T2.media_type_id WHERE T1.name = \"Rock\" AND T3.name = \"MPEG audio file\";",
        "gold_complexity": 9,
        "vt": "SELECT tracks.name FROM genres JOIN tracks AS T2 ON T1.id = T2.genre_id JOIN media_types AS T3 ON T3.id = T2.media_type_id WHERE genres.name = None.\"rock\" AND media_types.name = None.\"mpeg audio file\"",
        "ba": "The virtual table lists the names of tracks from the 'tracks' table that belong to a specific genre and media type. It joins the 'genres' table to filter tracks by genre and the 'media_types' table to filter by media type. The placeholders in the WHERE clause represent the genre and media type names."
    },
    {
        "sample_id": 538,
        "gold_sql": "SELECT billing_country ,  COUNT(*) FROM invoices GROUP BY billing_country ORDER BY count(*) DESC LIMIT 5;",
        "gold_complexity": 11,
        "vt": "SELECT invoices.billing_country, COUNT(*) FROM invoices GROUP BY invoices.billing_country ORDER BY COUNT(*) LIMIT [placeholder-type:numeric]",
        "ba": "The virtual table summarizes the total number of invoices issued, grouped by the billing country. It provides a count of invoices for each country, allowing users to see how many invoices were generated in each location. The placeholder in the LIMIT clause allows users to specify the maximum number of countries to display in the results."
    },
    {
        "sample_id": 563,
        "gold_sql": "SELECT billing_state ,  COUNT(*) FROM invoices WHERE billing_country  =  \"USA\" GROUP BY billing_state;",
        "gold_complexity": 10,
        "vt": "SELECT invoices.billing_state, COUNT(*) FROM invoices WHERE invoices.billing_country = None.\"usa\" GROUP BY invoices.billing_state",
        "ba": "The virtual table summarizes the number of invoices issued in each state within a specific country. It retrieves the billing state from the 'invoices' table and counts the total number of invoices for each state, filtering the results to include only those invoices that belong to a specified country."
    },
    {
        "sample_id": 610,
        "gold_sql": "SELECT sum(T2.total) FROM customers AS T1 JOIN invoices AS T2 ON T1.id = T2.customer_id WHERE T1.first_name = \"Lucas\" AND T1.last_name = \"Mancini\";",
        "gold_complexity": 8,
        "vt": "SELECT SUM(invoices.total) FROM customers JOIN invoices AS T2 ON T1.id = T2.customer_id WHERE customers.first_name = None.\"lucas\" AND customers.last_name = None.\"mancini\"",
        "ba": "The virtual table calculates the total amount of invoices for a specific customer identified by their first and last name. It joins the 'customers' table with the 'invoices' table to aggregate the total invoice amounts associated with that customer."
    },
    {
        "sample_id": 603,
        "gold_sql": "SELECT count(*) ,  city FROM employees WHERE title  =  'IT Staff' GROUP BY city",
        "gold_complexity": 10,
        "vt": "SELECT COUNT(*), employees.city FROM employees WHERE employees.title = '[placeholder-type:string]' GROUP BY employees.city",
        "ba": "The virtual table summarizes the number of employees grouped by their city from the 'employees' table, specifically filtering for those with a certain job title. The placeholder in the WHERE clause represents the job title of the employees."
    },
    {
        "sample_id": 576,
        "gold_sql": "SELECT email ,  phone FROM customers WHERE first_name = \"Astrid\" AND last_name = \"Gruber\";",
        "gold_complexity": 9,
        "vt": "SELECT customers.email, customers.phone FROM customers WHERE customers.first_name = None.\"astrid\" AND customers.last_name = None.\"gruber\"",
        "ba": "The virtual table provides the email addresses and phone numbers of customers from the 'customers' table who have a specific first and last name. The placeholders in the WHERE clause represent the first and last names of the customer being queried."
    },
    {
        "sample_id": 628,
        "gold_sql": "SELECT T1.title FROM albums AS T1 JOIN tracks AS T2 ON T1.id = T2.album_id GROUP BY T1.id HAVING count(T1.id)  >  10;",
        "gold_complexity": 9,
        "vt": "SELECT albums.title FROM albums JOIN tracks AS T2 ON T1.id = T2.album_id GROUP BY albums.id HAVING COUNT(albums.id) > [placeholder-type:numeric]",
        "ba": "The virtual table lists the titles of albums from the 'albums' table that have more than a specified number of tracks associated with them. The query joins the 'albums' table with the 'tracks' table to count the number of tracks for each album, and only includes those albums that exceed the given track count threshold."
    },
    {
        "sample_id": 582,
        "gold_sql": "SELECT country FROM customers WHERE first_name = \"Roberto\" AND last_name = \"Almeida\";",
        "gold_complexity": 7,
        "vt": "SELECT customers.country FROM customers WHERE customers.first_name = None.\"roberto\" AND customers.last_name = None.\"almeida\"",
        "ba": "The virtual table retrieves the country of customers from the 'customers' table based on their first and last names. The placeholders represent the specific first and last names of the customer being queried."
    },
    {
        "sample_id": 543,
        "gold_sql": "SELECT T1.first_name ,  T1.last_name FROM customers AS T1 JOIN invoices AS T2 ON T2.customer_id  =  T1.id ORDER BY T2.invoice_date DESC LIMIT 5;",
        "gold_complexity": 10,
        "vt": "SELECT customers.first_name, customers.last_name FROM customers JOIN invoices AS T2 ON T2.customer_id = T1.id ORDER BY invoices.invoice_date LIMIT [placeholder-type:numeric]",
        "ba": "The virtual table describes the first and last names of customers from the 'customers' table who have made purchases, as indicated by their associated invoices. The query joins the 'customers' table with the 'invoices' table to filter customers based on their invoice records. The results are ordered by the date of the invoices, and a limit is applied to restrict the number of returned records."
    },
    {
        "sample_id": 574,
        "gold_sql": "SELECT company FROM customers WHERE first_name = \"Eduardo\" AND last_name = \"Martins\";",
        "gold_complexity": 7,
        "vt": "SELECT customers.company FROM customers WHERE customers.first_name = None.\"eduardo\" AND customers.last_name = None.\"martins\"",
        "ba": "The virtual table describes the company name of customers from the 'customers' table who have a specific first and last name. The placeholders in the WHERE clause represent the first and last names of the customer."
    },
    {
        "sample_id": 641,
        "gold_sql": "SELECT unit_price FROM tracks WHERE name = \"Fast As a Shark\";",
        "gold_complexity": 6,
        "vt": "SELECT tracks.unit_price FROM tracks WHERE tracks.name = None.\"fast as a shark\"",
        "ba": "The virtual table displays the unit price of a specific track from the 'tracks' table. The placeholder in the WHERE clause represents the name of the track being queried."
    },
    {
        "sample_id": 580,
        "gold_sql": "SELECT count(*) FROM customers WHERE state = \"CA\";",
        "gold_complexity": 6,
        "vt": "SELECT COUNT(*) FROM customers WHERE customers.state = None.\"ca\"",
        "ba": "The virtual table counts the number of customers from the 'customers' table who reside in a specific state. The placeholder in the WHERE clause represents the state abbreviation."
    },
    {
        "sample_id": 546,
        "gold_sql": "SELECT T1.first_name ,  T1.last_name ,  COUNT(*) FROM customers AS T1 JOIN invoices AS T2 ON T2.customer_id  =  T1.id GROUP BY T1.id ORDER BY COUNT(*) DESC LIMIT 10;",
        "gold_complexity": 14,
        "vt": "SELECT customers.first_name, customers.last_name, COUNT(*) FROM customers JOIN invoices AS T2 ON T2.customer_id = T1.id GROUP BY customers.id ORDER BY COUNT(*) LIMIT [placeholder-type:numeric]",
        "ba": "The virtual table describes the first and last names of customers along with the count of their associated invoices. It retrieves data from the 'customers' table and joins it with the 'invoices' table to aggregate the number of invoices per customer. The results are grouped by customer ID and ordered by the count of invoices, with a limit on the number of results returned."
    },
    {
        "sample_id": 619,
        "gold_sql": "SELECT milliseconds FROM tracks WHERE name = \"Fast As a Shark\";",
        "gold_complexity": 6,
        "vt": "SELECT tracks.milliseconds FROM tracks WHERE tracks.name = None.\"fast as a shark\"",
        "ba": "The virtual table retrieves the duration in milliseconds of a specific track from the 'tracks' table. The placeholder in the WHERE clause represents the name of the track being queried."
    },
    {
        "sample_id": 631,
        "gold_sql": "SELECT T2.name FROM genres AS T1 JOIN tracks AS T2 ON T1.id = T2.genre_id JOIN media_types AS T3 ON T3.id = T2.media_type_id WHERE T1.name = \"Rock\" OR T3.name = \"MPEG audio file\";",
        "gold_complexity": 9,
        "vt": "SELECT tracks.name FROM genres JOIN tracks AS T2 ON T1.id = T2.genre_id JOIN media_types AS T3 ON T3.id = T2.media_type_id WHERE genres.name = None.\"rock\" OR media_types.name = None.\"mpeg audio file\"",
        "ba": "The virtual table lists the names of tracks from the 'tracks' table that belong to a specific genre and media type. It joins the 'genres' table to filter tracks by genre and the 'media_types' table to filter by media type. The placeholders in the WHERE clause represent the genre and media type names."
    },
    {
        "sample_id": 583,
        "gold_sql": "SELECT T2.title FROM artists AS T1 JOIN albums AS T2 ON T1.id  =  T2.artist_id WHERE T1.name LIKE '%Led%'",
        "gold_complexity": 7,
        "vt": "SELECT albums.title FROM artists JOIN albums AS T2 ON T1.id = T2.artist_id WHERE artists.name LIKE '[placeholder-type:string]'",
        "ba": "The virtual table lists the titles of albums from the 'albums' table that are associated with a specific artist. The query joins the 'artists' table with the 'albums' table using the artist's unique identifier to filter the results based on the artist's name, which is represented by a placeholder for string values."
    },
    {
        "sample_id": 554,
        "gold_sql": "SELECT title FROM albums ORDER BY title;",
        "gold_complexity": 6,
        "vt": "SELECT albums.title FROM albums ORDER BY albums.title",
        "ba": "The virtual table lists the titles of all albums from the 'albums' table, sorted in alphabetical order by album title."
    },
    {
        "sample_id": 547,
        "gold_sql": "SELECT T1.first_name ,  T1.last_name ,  SUM(T2.total) FROM customers AS T1 JOIN invoices AS T2 ON T2.customer_id  =  T1.id GROUP BY T1.id ORDER BY SUM(T2.total) DESC LIMIT 10;",
        "gold_complexity": 14,
        "vt": "SELECT customers.first_name, customers.last_name, SUM(invoices.total) FROM customers JOIN invoices AS T2 ON T2.customer_id = T1.id GROUP BY customers.id ORDER BY SUM(invoices.total) LIMIT [placeholder-type:numeric]",
        "ba": "The virtual table summarizes the total invoice amounts for each customer, displaying their first and last names along with the total amount spent. It aggregates the total from the invoices table by joining it with the customers table based on the customer ID, grouping the results by customer ID to ensure each customer's total is calculated correctly. The results are ordered by the total amount spent in descending order, and a limit is applied to restrict the number of results returned."
    },
    {
        "sample_id": 579,
        "gold_sql": "SELECT count(*) FROM customers WHERE state = \"CA\";",
        "gold_complexity": 6,
        "vt": "SELECT COUNT(*) FROM customers WHERE customers.state = None.\"ca\"",
        "ba": "The virtual table counts the number of customers from the 'customers' table who reside in a specific state. The placeholder in the WHERE clause represents the state abbreviation."
    },
    {
        "sample_id": 565,
        "gold_sql": "SELECT billing_state ,  COUNT(*) FROM invoices WHERE billing_country  =  \"USA\" GROUP BY billing_state ORDER BY COUNT(*) DESC LIMIT 1;",
        "gold_complexity": 13,
        "vt": "SELECT invoices.billing_state, COUNT(*) FROM invoices WHERE invoices.billing_country = None.\"usa\" GROUP BY invoices.billing_state ORDER BY COUNT(*) LIMIT [placeholder-type:numeric]",
        "ba": "The virtual table summarizes the number of invoices issued in each state within a specified country. It retrieves the billing state from the 'invoices' table, counts the total number of invoices for each state, and groups the results by state. The results are ordered by the count of invoices, and a limit is applied to restrict the number of returned states."
    },
    {
        "sample_id": 608,
        "gold_sql": "SELECT count(*) FROM customers AS T1 JOIN invoices AS T2 ON T1.id = T2.customer_id WHERE T1.first_name = \"Lucas\" AND T1.last_name = \"Mancini\";",
        "gold_complexity": 8,
        "vt": "SELECT COUNT(*) FROM customers JOIN invoices AS T2 ON T1.id = T2.customer_id WHERE customers.first_name = None.\"lucas\" AND customers.last_name = None.\"mancini\"",
        "ba": "The virtual table counts the number of invoices associated with a specific customer identified by their first and last name from the 'customers' table. It joins the 'customers' table with the 'invoices' table to find the relevant invoices for that customer."
    },
    {
        "sample_id": 571,
        "gold_sql": "SELECT count(*) FROM albums AS T1 JOIN artists AS T2 ON  T1.artist_id = T2.id WHERE T2.name = \"Billy Cobham\";",
        "gold_complexity": 7,
        "vt": "SELECT COUNT(*) FROM albums JOIN artists AS T2 ON T1.artist_id = T2.id WHERE artists.name = None.\"billy cobham\"",
        "ba": "The virtual table counts the number of albums associated with a specific artist from the 'albums' table. It joins the 'albums' table with the 'artists' table to filter the results based on the artist's name. The placeholder in the WHERE clause represents the name of the artist."
    },
    {
        "sample_id": 541,
        "gold_sql": "SELECT billing_country ,  AVG(total) FROM invoices GROUP BY billing_country ORDER BY AVG(total) DESC LIMIT 10;",
        "gold_complexity": 11,
        "vt": "SELECT invoices.billing_country, AVG(invoices.total) FROM invoices GROUP BY invoices.billing_country ORDER BY AVG(invoices.total) LIMIT [placeholder-type:numeric]",
        "ba": "The virtual table summarizes the average total amount of invoices grouped by billing country. It retrieves the billing country and calculates the average total for each country, ordering the results by the average total amount. The placeholder in the LIMIT clause allows for specifying the maximum number of results to return."
    },
    {
        "sample_id": 602,
        "gold_sql": "SELECT first_name , last_name FROM employees ORDER BY hire_date ASC LIMIT 10;",
        "gold_complexity": 9,
        "vt": "SELECT employees.first_name, employees.last_name FROM employees ORDER BY employees.hire_date LIMIT [placeholder-type:numeric]",
        "ba": "The virtual table describes the first and last names of employees from the 'employees' table, ordered by their hire date. The placeholder in the LIMIT clause represents the maximum number of employee records to return."
    },
    {
        "sample_id": 567,
        "gold_sql": "SELECT billing_state ,  COUNT(*) ,  SUM(total) FROM invoices WHERE billing_state  =  \"CA\";",
        "gold_complexity": 10,
        "vt": "SELECT invoices.billing_state, COUNT(*), SUM(invoices.total) FROM invoices WHERE invoices.billing_state = None.\"ca\"",
        "ba": "The virtual table summarizes the total number of invoices and the total amount billed for a specific billing state from the 'invoices' table. The placeholder in the WHERE clause represents the billing state being queried."
    },
    {
        "sample_id": 550,
        "gold_sql": "SELECT T1.name ,  COUNT(*) FROM genres AS T1 JOIN tracks AS T2 ON T2.genre_id  =  T1.id GROUP BY T1.id ORDER BY count(*) DESC LIMIT 5;",
        "gold_complexity": 12,
        "vt": "SELECT genres.name, COUNT(*) FROM genres JOIN tracks AS T2 ON T2.genre_id = T1.id GROUP BY genres.id ORDER BY COUNT(*) LIMIT [placeholder-type:numeric]",
        "ba": "The virtual table summarizes the number of tracks associated with each genre from the 'genres' table. It joins the 'tracks' table to count how many tracks belong to each genre, grouping the results by genre ID and ordering them by the count of tracks. The placeholder in the LIMIT clause allows for specifying the maximum number of genres to return."
    },
    {
        "sample_id": 613,
        "gold_sql": "SELECT DISTINCT name FROM genres;",
        "gold_complexity": 5,
        "vt": "SELECT DISTINCT genres.name FROM genres",
        "ba": "The virtual table lists all unique genre names from the 'genres' table."
    },
    {
        "sample_id": 594,
        "gold_sql": "SELECT T1.first_name , T1.last_name FROM employees AS T1 JOIN customers AS T2 ON T1.id  =  T2.support_rep_id GROUP BY T1.id ORDER BY count(*) DESC LIMIT 1",
        "gold_complexity": 12,
        "vt": "SELECT employees.first_name, employees.last_name FROM employees JOIN customers AS T2 ON T1.id = T2.support_rep_id GROUP BY employees.id ORDER BY COUNT(*) LIMIT [placeholder-type:numeric]",
        "ba": "The virtual table describes the first and last names of employees who serve as support representatives for customers. It retrieves this information by joining the 'employees' table with the 'customers' table based on the support representative's identifier. The results are grouped by employee ID and ordered by the count of customers they support, limiting the output to a specified number of employees."
    }
]