[
    {
        "sample_id": 7793,
        "gold_sql": "SELECT Name ,  SurfaceArea FROM country ORDER BY SurfaceArea DESC LIMIT 5",
        "gold_complexity": 9,
        "vt": "SELECT country.name, country.surfacearea FROM country ORDER BY country.surfacearea LIMIT [placeholder-type:numeric]",
        "ba": "The virtual table provides a list of countries along with their surface areas, sorted in ascending order of surface area. The placeholder in the LIMIT clause allows the user to specify the maximum number of countries to retrieve."
    },
    {
        "sample_id": 7758,
        "gold_sql": "SELECT avg(LifeExpectancy) FROM country WHERE Name NOT IN (SELECT T1.Name FROM country AS T1 JOIN countrylanguage AS T2 ON T1.Code  =  T2.CountryCode WHERE T2.Language  =  \"English\" AND T2.IsOfficial  =  \"T\")",
        "gold_complexity": 13,
        "vt": "SELECT AVG(country.lifeexpectancy) FROM country WHERE NOT country.name IN (SELECT country.name FROM country AS T1 JOIN countrylanguage AS T2 ON T1.Code = T2.CountryCode WHERE T2.Language = \"English\" AND T2.IsOfficial = \"T\")",
        "ba": "The virtual table calculates the average life expectancy of countries that do not have English as an official language. It does this by first identifying countries where English is not an official language through a subquery that joins the 'country' and 'countrylanguage' tables."
    },
    {
        "sample_id": 7738,
        "gold_sql": "SELECT COUNT(*) FROM (SELECT T1.Name FROM country AS T1 JOIN countrylanguage AS T2 ON T1.Code  =  T2.CountryCode WHERE T2.Language  =  \"English\" INTERSECT SELECT T1.Name FROM country AS T1 JOIN countrylanguage AS T2 ON T1.Code  =  T2.CountryCode WHERE T2.Language  =  \"Dutch\")",
        "gold_complexity": 13,
        "vt": "SELECT COUNT(*) FROM (SELECT country.name FROM country JOIN countrylanguage AS T2 ON T1.Code = T2.CountryCode WHERE countrylanguage.language = None.\"english\" INTERSECT SELECT country.name FROM country JOIN countrylanguage AS T2 ON T1.Code = T2.CountryCode WHERE countrylanguage.language = None.\"dutch\")",
        "ba": "The virtual table counts the number of countries that have both English and Dutch as spoken languages. It does this by performing an intersection of two subqueries: one that selects country names where English is spoken and another that selects country names where Dutch is spoken. The result is a count of countries that meet both criteria."
    },
    {
        "sample_id": 7740,
        "gold_sql": "SELECT T1.Name FROM country AS T1 JOIN countrylanguage AS T2 ON T1.Code  =  T2.CountryCode WHERE T2.Language  =  \"English\" INTERSECT SELECT T1.Name FROM country AS T1 JOIN countrylanguage AS T2 ON T1.Code  =  T2.CountryCode WHERE T2.Language  =  \"French\"",
        "gold_complexity": 9,
        "vt": "SELECT T1.Name FROM country AS T1 JOIN countrylanguage AS T2 ON T1.Code = T2.CountryCode WHERE T2.Language = \"English\" INTERSECT SELECT T1.Name FROM country AS T1 JOIN countrylanguage AS T2 ON T1.Code = T2.CountryCode WHERE T2.Language = \"French\"",
        "ba": "The virtual table identifies countries that have both English and French as spoken languages. It does this by performing an intersection of two queries: the first query selects country names where English is spoken, and the second query selects country names where French is spoken. The intersection ensures that only countries that meet both language criteria are included in the final result."
    },
    {
        "sample_id": 7705,
        "gold_sql": "SELECT T2.Language FROM country AS T1 JOIN countrylanguage AS T2 ON T1.Code  =  T2.CountryCode WHERE T1.Name  =  \"Aruba\" ORDER BY Percentage DESC LIMIT 1",
        "gold_complexity": 10,
        "vt": "SELECT countrylanguage.language FROM country JOIN countrylanguage AS T2 ON T1.Code = T2.CountryCode WHERE country.name = None.\"aruba\" ORDER BY countrylanguage.percentage LIMIT [placeholder-type:numeric]",
        "ba": "The virtual table describes the languages spoken in a specific country, along with their percentage of speakers. It retrieves the language names from the 'countrylanguage' table by joining it with the 'country' table based on the country code. The query filters results to include only the languages spoken in a specified country, and it orders the results by the percentage of speakers, limiting the output to a specified number of results."
    },
    {
        "sample_id": 7752,
        "gold_sql": "SELECT T2.Language FROM country AS T1 JOIN countrylanguage AS T2 ON T1.Code  =  T2.CountryCode WHERE T1.GovernmentForm  =  \"Republic\" GROUP BY T2.Language HAVING COUNT(*)  =  1",
        "gold_complexity": 10,
        "vt": "SELECT countrylanguage.language FROM country JOIN countrylanguage AS T2 ON T1.Code = T2.CountryCode WHERE country.governmentform = None.\"republic\" GROUP BY countrylanguage.language HAVING COUNT(*) = [placeholder-type:numeric]",
        "ba": "The virtual table lists the languages spoken in countries that have a republican form of government. It retrieves the language names from the 'countrylanguage' table, joining it with the 'country' table to filter based on the government form. The query groups the results by language and includes a condition to count the number of occurrences, using a placeholder for numeric values to specify the count."
    },
    {
        "sample_id": 7803,
        "gold_sql": "select sum(population) ,  avg(surfacearea) from country where continent  =  \"north america\" and surfacearea  >  3000",
        "gold_complexity": 10,
        "vt": "SELECT SUM(country.population), AVG(country.surfacearea) FROM country WHERE country.continent = None.\"north america\" AND country.surfacearea > [placeholder-type:numeric]",
        "ba": "The virtual table summarizes the total population and average surface area of countries located in North America that have a surface area greater than a specified value. The placeholders represent the numeric value for the surface area filter."
    },
    {
        "sample_id": 7743,
        "gold_sql": "SELECT COUNT( DISTINCT Continent) FROM country AS T1 JOIN countrylanguage AS T2 ON T1.Code  =  T2.CountryCode WHERE T2.Language  =  \"Chinese\"",
        "gold_complexity": 8,
        "vt": "SELECT COUNT(DISTINCT Continent) FROM country JOIN countrylanguage AS T2 ON T1.Code = T2.CountryCode WHERE countrylanguage.language = None.\"chinese\"",
        "ba": "The virtual table counts the distinct continents from the 'country' table where the language spoken is Chinese. It joins the 'country' table with the 'countrylanguage' table to filter the results based on the specified language."
    },
    {
        "sample_id": 7749,
        "gold_sql": "SELECT T2.Language FROM country AS T1 JOIN countrylanguage AS T2 ON T1.Code  =  T2.CountryCode WHERE T1.Continent  =  \"Asia\" GROUP BY T2.Language ORDER BY COUNT (*) DESC LIMIT 1",
        "gold_complexity": 12,
        "vt": "SELECT countrylanguage.language FROM country JOIN countrylanguage AS T2 ON T1.Code = T2.CountryCode WHERE country.continent = None.\"asia\" GROUP BY countrylanguage.language ORDER BY COUNT(*) LIMIT [placeholder-type:numeric]",
        "ba": "The virtual table lists the languages spoken in countries located in the continent of Asia. It retrieves the language names from the 'countrylanguage' table, joining it with the 'country' table to filter by the continent. The results are grouped by language and ordered by the count of occurrences, with a limit on the number of results returned."
    },
    {
        "sample_id": 7759,
        "gold_sql": "SELECT sum(Population) FROM country WHERE Name NOT IN (SELECT T1.Name FROM country AS T1 JOIN countrylanguage AS T2 ON T1.Code  =  T2.CountryCode WHERE T2.Language  =  \"English\")",
        "gold_complexity": 12,
        "vt": "SELECT SUM(country.population) FROM country WHERE NOT country.name IN (SELECT country.name FROM country AS T1 JOIN countrylanguage AS T2 ON T1.Code = T2.CountryCode WHERE T2.Language = \"English\")",
        "ba": "The virtual table calculates the total population of countries that do not have English as an official language. It does this by summing the population from the 'country' table, while excluding those countries that are identified in a subquery. The subquery joins the 'country' and 'countrylanguage' tables to find countries where English is listed as an official language."
    },
    {
        "sample_id": 7707,
        "gold_sql": "SELECT Population ,  LifeExpectancy FROM country WHERE Name  =  \"Brazil\"",
        "gold_complexity": 8,
        "vt": "SELECT country.population, country.lifeexpectancy FROM country WHERE country.name = None.\"brazil\"",
        "ba": "The virtual table describes the population and life expectancy of a specific country from the 'country' table. The placeholder in the WHERE clause represents the name of the country being queried."
    },
    {
        "sample_id": 7731,
        "gold_sql": "SELECT COUNT(*) FROM country AS T1 JOIN countrylanguage AS T2 ON T1.Code  =  T2.CountryCode WHERE T1.Name  =  \"Afghanistan\" AND IsOfficial  =  \"T\"",
        "gold_complexity": 8,
        "vt": "SELECT COUNT(*) FROM country JOIN countrylanguage AS T2 ON T1.Code = T2.CountryCode WHERE country.name = None.\"afghanistan\" AND countrylanguage.isofficial = None.\"t\"",
        "ba": "The virtual table counts the number of official languages spoken in Afghanistan by joining the 'country' and 'countrylanguage' tables. It filters the results to include only those languages that are marked as official."
    },
    {
        "sample_id": 7732,
        "gold_sql": "SELECT COUNT(*) FROM country AS T1 JOIN countrylanguage AS T2 ON T1.Code  =  T2.CountryCode WHERE T1.Name  =  \"Afghanistan\" AND IsOfficial  =  \"T\"",
        "gold_complexity": 8,
        "vt": "SELECT COUNT(*) FROM country JOIN countrylanguage AS T2 ON T1.Code = T2.CountryCode WHERE country.name = None.\"afghanistan\" AND countrylanguage.isofficial = None.\"t\"",
        "ba": "The virtual table counts the number of official languages spoken in Afghanistan by joining the 'country' and 'countrylanguage' tables. It filters the results to include only those languages that are marked as official."
    },
    {
        "sample_id": 7710,
        "gold_sql": "SELECT Population ,  Region FROM country WHERE Name  =  \"Angola\"",
        "gold_complexity": 8,
        "vt": "SELECT country.population, country.region FROM country WHERE country.name = None.\"angola\"",
        "ba": "The virtual table describes the population and region of a specific country from the 'country' table. The placeholder in the WHERE clause represents the name of the country being queried."
    },
    {
        "sample_id": 7744,
        "gold_sql": "SELECT COUNT( DISTINCT Continent) FROM country AS T1 JOIN countrylanguage AS T2 ON T1.Code  =  T2.CountryCode WHERE T2.Language  =  \"Chinese\"",
        "gold_complexity": 8,
        "vt": "SELECT COUNT(DISTINCT Continent) FROM country JOIN countrylanguage AS T2 ON T1.Code = T2.CountryCode WHERE countrylanguage.language = None.\"chinese\"",
        "ba": "The virtual table counts the distinct continents from the 'country' table where the language spoken is Chinese. It joins the 'country' table with the 'countrylanguage' table to filter the results based on the specified language."
    },
    {
        "sample_id": 7813,
        "gold_sql": "SELECT CountryCode ,  max(Percentage) FROM countrylanguage WHERE LANGUAGE  =  \"Spanish\" GROUP BY CountryCode",
        "gold_complexity": 10,
        "vt": "SELECT countrylanguage.countrycode, MAX(countrylanguage.percentage) FROM countrylanguage WHERE countrylanguage.language = None.\"spanish\" GROUP BY countrylanguage.countrycode",
        "ba": "The virtual table provides a summary of the country codes and the maximum percentage of the population that speaks Spanish in each country. It aggregates the data from the 'countrylanguage' table, filtering for the Spanish language and grouping the results by country code."
    },
    {
        "sample_id": 7699,
        "gold_sql": "SELECT sum(SurfaceArea) FROM country WHERE Region  =  \"Caribbean\"",
        "gold_complexity": 6,
        "vt": "SELECT SUM(country.surfacearea) FROM country WHERE country.region = None.\"caribbean\"",
        "ba": "The virtual table calculates the total surface area of countries located in the Caribbean region by summing the 'surfacearea' column from the 'country' table. The placeholder in the WHERE clause represents the specific region being queried."
    },
    {
        "sample_id": 7720,
        "gold_sql": "SELECT sum(SurfaceArea) FROM country WHERE Continent  =  \"Asia\" OR Continent  =  \"Europe\"",
        "gold_complexity": 7,
        "vt": "SELECT SUM(country.surfacearea) FROM country WHERE country.continent = None.\"asia\" OR country.continent = None.\"europe\"",
        "ba": "The virtual table calculates the total surface area of countries located in either Asia or Europe by summing the 'surfacearea' column from the 'country' table. The query uses placeholders to specify the continents of interest."
    },
    {
        "sample_id": 7697,
        "gold_sql": "SELECT count(*) FROM country WHERE GovernmentForm  =  \"Republic\"",
        "gold_complexity": 6,
        "vt": "SELECT COUNT(*) FROM country WHERE country.governmentform = None.\"republic\"",
        "ba": "The virtual table counts the number of countries from the 'country' table that have a specific type of government, which is a republic. The placeholder in the WHERE clause represents the government form being queried."
    },
    {
        "sample_id": 7746,
        "gold_sql": "SELECT DISTINCT T1.Region FROM country AS T1 JOIN countrylanguage AS T2 ON T1.Code  =  T2.CountryCode WHERE T2.Language  =  \"English\" OR T2.Language  =  \"Dutch\"",
        "gold_complexity": 9,
        "vt": "SELECT DISTINCT country.region FROM country JOIN countrylanguage AS T2 ON T1.Code = T2.CountryCode WHERE countrylanguage.language = None.\"english\" OR countrylanguage.language = None.\"dutch\"",
        "ba": "The virtual table retrieves distinct regions from the 'country' table where the countries have English or Dutch as one of their spoken languages. It uses a join with the 'countrylanguage' table to filter based on the specified languages."
    },
    {
        "sample_id": 7727,
        "gold_sql": "SELECT count(DISTINCT GovernmentForm) FROM country WHERE Continent  =  \"Africa\"",
        "gold_complexity": 7,
        "vt": "SELECT COUNT(DISTINCT GovernmentForm) FROM country WHERE country.continent = None.\"africa\"",
        "ba": "The virtual table counts the distinct types of government forms present in countries located in Africa. The placeholder in the WHERE clause represents the continent's name, which is set to 'Africa'."
    },
    {
        "sample_id": 7810,
        "gold_sql": "SELECT LANGUAGE ,  CountryCode ,  max(Percentage) FROM countrylanguage GROUP BY CountryCode",
        "gold_complexity": 10,
        "vt": "SELECT countrylanguage.language, countrylanguage.countrycode, MAX(countrylanguage.percentage) FROM countrylanguage GROUP BY countrylanguage.countrycode",
        "ba": "The virtual table provides a summary of the languages spoken in each country along with the country code and the highest percentage of speakers for those languages. It aggregates the data from the 'countrylanguage' table, grouping by the country code to find the maximum percentage of speakers for each language in that country."
    },
    {
        "sample_id": 7750,
        "gold_sql": "SELECT T2.Language FROM country AS T1 JOIN countrylanguage AS T2 ON T1.Code  =  T2.CountryCode WHERE T1.Continent  =  \"Asia\" GROUP BY T2.Language ORDER BY COUNT (*) DESC LIMIT 1",
        "gold_complexity": 12,
        "vt": "SELECT countrylanguage.language FROM country JOIN countrylanguage AS T2 ON T1.Code = T2.CountryCode WHERE country.continent = None.\"asia\" GROUP BY countrylanguage.language ORDER BY COUNT(*) LIMIT [placeholder-type:numeric]",
        "ba": "The virtual table lists the languages spoken in countries located in the continent of Asia. It retrieves the language names from the 'countrylanguage' table, joining it with the 'country' table to filter for countries in Asia. The results are grouped by language and ordered by the count of occurrences, with a limit on the number of results returned."
    },
    {
        "sample_id": 7798,
        "gold_sql": "SELECT Name FROM country ORDER BY Population ASC LIMIT 3",
        "gold_complexity": 7,
        "vt": "SELECT country.name FROM country ORDER BY country.population LIMIT [placeholder-type:numeric]",
        "ba": "The virtual table lists the names of countries from the 'country' table, ordered by their population in ascending order. The placeholder in the LIMIT clause allows the user to specify the maximum number of country names to retrieve."
    },
    {
        "sample_id": 7700,
        "gold_sql": "SELECT sum(SurfaceArea) FROM country WHERE Region  =  \"Caribbean\"",
        "gold_complexity": 6,
        "vt": "SELECT SUM(country.surfacearea) FROM country WHERE country.region = None.\"caribbean\"",
        "ba": "The virtual table calculates the total surface area of countries located in the Caribbean region by summing the 'surfacearea' column from the 'country' table. The placeholder in the WHERE clause represents the specific region being queried."
    },
    {
        "sample_id": 7728,
        "gold_sql": "SELECT count(DISTINCT GovernmentForm) FROM country WHERE Continent  =  \"Africa\"",
        "gold_complexity": 7,
        "vt": "SELECT COUNT(DISTINCT GovernmentForm) FROM country WHERE country.continent = None.\"africa\"",
        "ba": "The virtual table counts the distinct types of government forms present in countries located in Africa. The placeholder in the WHERE clause represents the continent's name."
    },
    {
        "sample_id": 7778,
        "gold_sql": "SELECT DISTINCT T2.Name FROM country AS T1 JOIN city AS T2 ON T2.CountryCode  =  T1.Code WHERE T1.Continent  =  'Europe' AND T1.Name NOT IN (SELECT T3.Name FROM country AS T3 JOIN countrylanguage AS T4 ON T3.Code  =  T4.CountryCode WHERE T4.IsOfficial  =  'T' AND T4.Language  =  'English')",
        "gold_complexity": 16,
        "vt": "SELECT DISTINCT city.name FROM country JOIN city AS T2 ON T2.CountryCode = T1.Code WHERE country.continent = '[placeholder-type:string]' AND NOT country.name IN (SELECT country.name FROM country AS T3 JOIN countrylanguage AS T4 ON T3.Code = T4.CountryCode WHERE T4.IsOfficial = 'T' AND T4.Language = 'English')",
        "ba": "The virtual table lists the distinct names of cities from the 'city' table that are located in countries on a specified continent. It filters out countries where English is an official language, ensuring that only cities from countries where English is not an official language are included."
    },
    {
        "sample_id": 7802,
        "gold_sql": "SELECT Name FROM country WHERE continent  =  \"Europe\" AND Population  =  \"80000\"",
        "gold_complexity": 7,
        "vt": "SELECT country.name FROM country WHERE country.continent = None.\"europe\" AND country.population = None.\"80000\"",
        "ba": "The virtual table describes the names of countries from the 'country' table that are located in a specific continent and have a certain population. The placeholders in the WHERE clause represent the continent and population values."
    },
    {
        "sample_id": 7792,
        "gold_sql": "SELECT sum(Population) ,  avg(LifeExpectancy) ,  Continent FROM country GROUP BY Continent HAVING avg(LifeExpectancy)  <  72",
        "gold_complexity": 12,
        "vt": "SELECT SUM(country.population), AVG(country.lifeexpectancy), country.continent FROM country GROUP BY country.continent HAVING AVG(country.lifeexpectancy) < [placeholder-type:numeric]",
        "ba": "The virtual table summarizes the total population and average life expectancy of countries grouped by continent. It filters the results to only include continents where the average life expectancy is below a specified numeric threshold."
    },
    {
        "sample_id": 7805,
        "gold_sql": "SELECT name FROM city WHERE Population BETWEEN 160000 AND 900000",
        "gold_complexity": 6,
        "vt": "SELECT city.name FROM city WHERE city.population BETWEEN [placeholder-type:numeric] AND [placeholder-type:numeric]",
        "ba": "The virtual table describes the names of cities from the 'city' table that have a population within a specified range. The placeholders in the BETWEEN clause represent the lower and upper limits of the population range."
    },
    {
        "sample_id": 7725,
        "gold_sql": "SELECT count(DISTINCT LANGUAGE) FROM countrylanguage",
        "gold_complexity": 5,
        "vt": "SELECT COUNT(DISTINCT LANGUAGE) FROM countrylanguage",
        "ba": "The virtual table provides the count of distinct languages spoken across different countries from the 'countrylanguage' table. The query uses the COUNT function to aggregate the unique languages, ensuring that each language is only counted once regardless of how many countries it is spoken in."
    },
    {
        "sample_id": 7735,
        "gold_sql": "SELECT T1.Continent FROM country AS T1 JOIN countrylanguage AS T2 ON T1.Code  =  T2.CountryCode GROUP BY T1.Continent ORDER BY COUNT(*) DESC LIMIT 1",
        "gold_complexity": 10,
        "vt": "SELECT country.continent FROM country JOIN countrylanguage AS T2 ON T1.Code = T2.CountryCode GROUP BY country.continent ORDER BY COUNT(*) LIMIT [placeholder-type:numeric]",
        "ba": "The virtual table retrieves the continents from the 'country' table, joining it with the 'countrylanguage' table to count the number of languages spoken in each continent. The results are grouped by continent and ordered by the count of languages, limiting the output to a specified number of continents."
    },
    {
        "sample_id": 7702,
        "gold_sql": "SELECT Continent FROM country WHERE Name  =  \"Anguilla\"",
        "gold_complexity": 6,
        "vt": "SELECT country.continent FROM country WHERE country.name = None.\"anguilla\"",
        "ba": "The virtual table describes the continent of a specific country from the 'country' table. The placeholder in the WHERE clause represents the name of the country for which we want to find the continent."
    },
    {
        "sample_id": 7808,
        "gold_sql": "SELECT LANGUAGE FROM countrylanguage GROUP BY LANGUAGE ORDER BY count(*) DESC LIMIT 1",
        "gold_complexity": 9,
        "vt": "SELECT countrylanguage.language FROM countrylanguage GROUP BY countrylanguage.language ORDER BY COUNT(*) LIMIT [placeholder-type:numeric]",
        "ba": "The virtual table lists distinct languages spoken in various countries, grouped by language and ordered by the number of countries that speak each language. The placeholder in the LIMIT clause allows the user to specify the maximum number of languages to retrieve."
    },
    {
        "sample_id": 7772,
        "gold_sql": "SELECT CountryCode FROM countrylanguage EXCEPT SELECT CountryCode FROM countrylanguage WHERE LANGUAGE  =  \"English\"",
        "gold_complexity": 7,
        "vt": "SELECT CountryCode FROM countrylanguage EXCEPT SELECT CountryCode FROM countrylanguage WHERE LANGUAGE = \"English\"",
        "ba": "The virtual table identifies the country codes of countries that have languages spoken other than English. It does this by selecting all country codes from the 'countrylanguage' table and excluding those that have English as a language."
    },
    {
        "sample_id": 7780,
        "gold_sql": "SELECT DISTINCT T3.Name FROM country AS T1 JOIN countrylanguage AS T2 ON T1.Code  =  T2.CountryCode JOIN city AS T3 ON T1.Code  =  T3.CountryCode WHERE T2.IsOfficial  =  'T' AND T2.Language  =  'Chinese' AND T1.Continent  =  \"Asia\"",
        "gold_complexity": 11,
        "vt": "SELECT DISTINCT city.name FROM country JOIN countrylanguage AS T2 ON T1.Code = T2.CountryCode JOIN city AS T3 ON T1.Code = T3.CountryCode WHERE countrylanguage.isofficial = '[placeholder-type:string]' AND countrylanguage.language = '[placeholder-type:string]' AND country.continent = None.\"asia\"",
        "ba": "The virtual table lists the distinct names of cities from the 'city' table that are located in countries where a specific language is spoken officially. The query joins the 'country' table to filter by continent and the 'countrylanguage' table to check for official languages, using placeholders for the official language status and the language name."
    },
    {
        "sample_id": 7766,
        "gold_sql": "SELECT Name FROM country WHERE SurfaceArea  >  (SELECT min(SurfaceArea) FROM country WHERE Continent  =  \"Europe\")",
        "gold_complexity": 11,
        "vt": "SELECT country.name FROM country WHERE country.surfacearea > (SELECT MIN(country.surfacearea) FROM country WHERE Continent = \"Europe\")",
        "ba": "The virtual table lists the names of countries from the 'country' table that have a surface area greater than the minimum surface area of countries located in Europe. The query uses a subquery to find the minimum surface area in Europe, and the placeholder represents this value."
    },
    {
        "sample_id": 7747,
        "gold_sql": "select t1.name from country as t1 join countrylanguage as t2 on t1.code  =  t2.countrycode where t2.language  =  \"english\" and isofficial  =  \"t\" union select t1.name from country as t1 join countrylanguage as t2 on t1.code  =  t2.countrycode where t2.language  =  \"dutch\" and isofficial  =  \"t\"",
        "gold_complexity": 10,
        "vt": "SELECT t1.name FROM country AS t1 JOIN countrylanguage AS t2 ON t1.code = t2.countrycode WHERE t2.language = \"english\" AND isofficial = \"t\" UNION SELECT t1.name FROM country AS t1 JOIN countrylanguage AS t2 ON t1.code = t2.countrycode WHERE t2.language = \"dutch\" AND isofficial = \"t\"",
        "ba": "The virtual table lists the names of countries where English or Dutch is an official language. It combines results from two queries using a UNION operation, ensuring that only countries with the specified languages marked as official are included."
    },
    {
        "sample_id": 7737,
        "gold_sql": "SELECT COUNT(*) FROM (SELECT T1.Name FROM country AS T1 JOIN countrylanguage AS T2 ON T1.Code  =  T2.CountryCode WHERE T2.Language  =  \"English\" INTERSECT SELECT T1.Name FROM country AS T1 JOIN countrylanguage AS T2 ON T1.Code  =  T2.CountryCode WHERE T2.Language  =  \"Dutch\")",
        "gold_complexity": 13,
        "vt": "SELECT COUNT(*) FROM (SELECT country.name FROM country JOIN countrylanguage AS T2 ON T1.Code = T2.CountryCode WHERE countrylanguage.language = None.\"english\" INTERSECT SELECT country.name FROM country JOIN countrylanguage AS T2 ON T1.Code = T2.CountryCode WHERE countrylanguage.language = None.\"dutch\")",
        "ba": "The virtual table counts the number of countries that have both English and Dutch as spoken languages. It does this by performing an intersection of two subqueries that select country names from the 'country' table joined with the 'countrylanguage' table, filtering for each language respectively."
    },
    {
        "sample_id": 7784,
        "gold_sql": "SELECT Name ,  population ,  HeadOfState FROM country ORDER BY SurfaceArea DESC LIMIT 1",
        "gold_complexity": 11,
        "vt": "SELECT country.name, country.population, country.headofstate FROM country ORDER BY country.surfacearea LIMIT [placeholder-type:numeric]",
        "ba": "The virtual table provides a list of countries along with their populations and heads of state, sorted by the surface area of each country. The placeholder in the LIMIT clause allows the user to specify the maximum number of countries to retrieve."
    },
    {
        "sample_id": 7748,
        "gold_sql": "SELECT * FROM country AS T1 JOIN countrylanguage AS T2 ON T1.Code  =  T2.CountryCode WHERE T2.Language  =  \"English\" AND IsOfficial  =  \"T\" UNION SELECT * FROM country AS T1 JOIN countrylanguage AS T2 ON T1.Code  =  T2.CountryCode WHERE T2.Language  =  \"Dutch\" AND IsOfficial  =  \"T\"",
        "gold_complexity": 10,
        "vt": "SELECT * FROM country AS T1 JOIN countrylanguage AS T2 ON T1.Code = T2.CountryCode WHERE T2.Language = \"English\" AND IsOfficial = \"T\" UNION SELECT * FROM country AS T1 JOIN countrylanguage AS T2 ON T1.Code = T2.CountryCode WHERE T2.Language = \"Dutch\" AND IsOfficial = \"T\"",
        "ba": "The virtual table provides a comprehensive view of countries that have English or Dutch as their official languages. It combines data from the 'country' and 'countrylanguage' tables, filtering for countries where the specified languages are officially recognized."
    },
    {
        "sample_id": 7782,
        "gold_sql": "SELECT Name ,  SurfaceArea ,  IndepYear FROM country ORDER BY Population LIMIT 1",
        "gold_complexity": 11,
        "vt": "SELECT country.name, country.surfacearea, country.indepyear FROM country ORDER BY country.population LIMIT [placeholder-type:numeric]",
        "ba": "The virtual table provides a list of countries along with their surface area and the year they gained independence. The results are ordered by the population of the countries, and the number of results returned is limited by a placeholder for numeric values."
    },
    {
        "sample_id": 7755,
        "gold_sql": "SELECT Name ,  Population ,  LifeExpectancy FROM country WHERE Continent  =  \"Asia\" ORDER BY SurfaceArea DESC LIMIT 1",
        "gold_complexity": 13,
        "vt": "SELECT country.name, country.population, country.lifeexpectancy FROM country WHERE country.continent = None.\"asia\" ORDER BY country.surfacearea LIMIT [placeholder-type:numeric]",
        "ba": "The virtual table provides a list of countries along with their populations and life expectancies from the 'country' table, specifically for countries located in the continent of Asia. The results are ordered by the surface area of the countries, and a limit is applied to the number of results returned."
    },
    {
        "sample_id": 7704,
        "gold_sql": "SELECT Region FROM country AS T1 JOIN city AS T2 ON T1.Code  =  T2.CountryCode WHERE T2.Name  =  \"Kabul\"",
        "gold_complexity": 7,
        "vt": "SELECT country.region FROM country JOIN city AS T2 ON T1.Code = T2.CountryCode WHERE city.name = None.\"kabul\"",
        "ba": "The virtual table retrieves the region of a country by joining the 'country' and 'city' tables. It filters the results based on the name of the city, specifically looking for the city named 'Kabul'."
    },
    {
        "sample_id": 7742,
        "gold_sql": "SELECT T1.Name FROM country AS T1 JOIN countrylanguage AS T2 ON T1.Code  =  T2.CountryCode WHERE T2.Language  =  \"English\" AND T2.IsOfficial  =  \"T\" INTERSECT SELECT T1.Name FROM country AS T1 JOIN countrylanguage AS T2 ON T1.Code  =  T2.CountryCode WHERE T2.Language  =  \"French\" AND T2.IsOfficial  =  \"T\"",
        "gold_complexity": 10,
        "vt": "SELECT T1.Name FROM country AS T1 JOIN countrylanguage AS T2 ON T1.Code = T2.CountryCode WHERE T2.Language = \"English\" AND T2.IsOfficial = \"T\" INTERSECT SELECT T1.Name FROM country AS T1 JOIN countrylanguage AS T2 ON T1.Code = T2.CountryCode WHERE T2.Language = \"French\" AND T2.IsOfficial = \"T\"",
        "ba": "The virtual table lists the names of countries that have both English and French as official languages. It does this by joining the 'country' table with the 'countrylanguage' table based on the country code, filtering for countries where English is an official language and where French is also an official language."
    },
    {
        "sample_id": 7769,
        "gold_sql": "SELECT Name FROM country WHERE Continent  =  \"Asia\"  AND population  >  (SELECT max(population) FROM country WHERE Continent  =  \"Africa\")",
        "gold_complexity": 12,
        "vt": "SELECT country.name FROM country WHERE country.continent = None.\"asia\" AND country.population > (SELECT MAX(country.population) FROM country WHERE Continent = \"Africa\")",
        "ba": "The virtual table lists the names of countries from the 'country' table that are located in Asia and have a population greater than the maximum population of any country in Africa. The placeholders represent the continent and population criteria."
    },
    {
        "sample_id": 7715,
        "gold_sql": "SELECT sum(Population) ,  max(GNP) FROM country WHERE Continent  =  \"Asia\"",
        "gold_complexity": 8,
        "vt": "SELECT SUM(country.population), MAX(country.gnp) FROM country WHERE country.continent = None.\"asia\"",
        "ba": "The virtual table summarizes the total population and the maximum Gross National Product (GNP) of countries located in a specific continent. The placeholders in the query allow for the specification of the continent of interest."
    },
    {
        "sample_id": 7791,
        "gold_sql": "SELECT sum(Population) ,  avg(LifeExpectancy) ,  Continent FROM country GROUP BY Continent HAVING avg(LifeExpectancy)  <  72",
        "gold_complexity": 12,
        "vt": "SELECT SUM(country.population), AVG(country.lifeexpectancy), country.continent FROM country GROUP BY country.continent HAVING AVG(country.lifeexpectancy) < [placeholder-type:numeric]",
        "ba": "The virtual table summarizes the total population and average life expectancy of countries grouped by continent. It filters the results to only include continents where the average life expectancy is below a specified numeric threshold."
    },
    {
        "sample_id": 7797,
        "gold_sql": "SELECT Name FROM country ORDER BY Population ASC LIMIT 3",
        "gold_complexity": 7,
        "vt": "SELECT country.name FROM country ORDER BY country.population LIMIT [placeholder-type:numeric]",
        "ba": "The virtual table lists the names of countries from the 'country' table, ordered by their population in ascending order. The placeholder in the LIMIT clause allows the user to specify how many country names they want to retrieve."
    },
    {
        "sample_id": 7774,
        "gold_sql": "SELECT DISTINCT CountryCode FROM countrylanguage WHERE LANGUAGE != \"English\"",
        "gold_complexity": 7,
        "vt": "SELECT DISTINCT countrylanguage.countrycode FROM countrylanguage WHERE countrylanguage.language <> None.\"english\"",
        "ba": "The virtual table retrieves distinct country codes from the 'countrylanguage' table where the language is not English. This allows us to identify countries that have languages other than English spoken within their population."
    },
    {
        "sample_id": 7779,
        "gold_sql": "select distinct t3.name from country as t1 join countrylanguage as t2 on t1.code  =  t2.countrycode join city as t3 on t1.code  =  t3.countrycode where t2.isofficial  =  't' and t2.language  =  'chinese' and t1.continent  =  \"asia\"",
        "gold_complexity": 11,
        "vt": "SELECT DISTINCT city.name FROM country JOIN countrylanguage AS t2 ON t1.code = t2.countrycode JOIN city AS t3 ON t1.code = t3.countrycode WHERE countrylanguage.isofficial = '[placeholder-type:string]' AND countrylanguage.language = '[placeholder-type:string]' AND country.continent = None.\"asia\"",
        "ba": "The virtual table lists the distinct names of cities from the 'city' table that are located in countries where a specific language is spoken officially. The query joins the 'country' table to filter by continent and the 'countrylanguage' table to check for official languages, using placeholders for the language and its official status."
    },
    {
        "sample_id": 7789,
        "gold_sql": "SELECT sum(Population) ,  GovernmentForm FROM country GROUP BY GovernmentForm HAVING avg(LifeExpectancy)  >  72",
        "gold_complexity": 10,
        "vt": "SELECT SUM(country.population), country.governmentform FROM country GROUP BY country.governmentform HAVING AVG(country.lifeexpectancy) > [placeholder-type:numeric]",
        "ba": "The virtual table summarizes the total population of countries grouped by their government form, filtering for those with an average life expectancy above a specified threshold. The placeholder in the HAVING clause represents the minimum average life expectancy required."
    },
    {
        "sample_id": 7794,
        "gold_sql": "SELECT Name ,  SurfaceArea FROM country ORDER BY SurfaceArea DESC LIMIT 5",
        "gold_complexity": 9,
        "vt": "SELECT country.name, country.surfacearea FROM country ORDER BY country.surfacearea LIMIT [placeholder-type:numeric]",
        "ba": "The virtual table provides a list of countries along with their surface areas, sorted in ascending order of surface area. The placeholder in the LIMIT clause allows the user to specify the maximum number of countries to retrieve."
    },
    {
        "sample_id": 7716,
        "gold_sql": "SELECT sum(Population) ,  max(GNP) FROM country WHERE Continent  =  \"Asia\"",
        "gold_complexity": 8,
        "vt": "SELECT SUM(country.population), MAX(country.gnp) FROM country WHERE country.continent = None.\"asia\"",
        "ba": "The virtual table summarizes the total population and the maximum Gross National Product (GNP) of countries located in a specific continent. The placeholder in the WHERE clause represents the continent's name."
    },
    {
        "sample_id": 7729,
        "gold_sql": "SELECT COUNT(T2.Language) FROM country AS T1 JOIN countrylanguage AS T2 ON T1.Code  =  T2.CountryCode WHERE T1.Name  =  \"Aruba\"",
        "gold_complexity": 7,
        "vt": "SELECT COUNT(countrylanguage.language) FROM country JOIN countrylanguage AS T2 ON T1.Code = T2.CountryCode WHERE country.name = None.\"aruba\"",
        "ba": "The virtual table counts the number of languages spoken in a specific country by joining the 'country' and 'countrylanguage' tables. It filters the results based on the name of the country, which is represented by a placeholder."
    },
    {
        "sample_id": 7768,
        "gold_sql": "SELECT Name FROM country WHERE Continent  =  \"Africa\"  AND population  <  (SELECT min(population) FROM country WHERE Continent  =  \"Asia\")",
        "gold_complexity": 12,
        "vt": "SELECT country.name FROM country WHERE country.continent = None.\"africa\" AND country.population < (SELECT MIN(country.population) FROM country WHERE Continent = \"Asia\")",
        "ba": "The virtual table lists the names of countries from the 'country' table that are located in Africa and have a population smaller than the smallest population of any country in Asia. The placeholders in the WHERE clause represent the continent and population criteria."
    },
    {
        "sample_id": 7722,
        "gold_sql": "SELECT sum(Population) FROM city WHERE District  =  \"Gelderland\"",
        "gold_complexity": 6,
        "vt": "SELECT SUM(city.population) FROM city WHERE city.district = None.\"gelderland\"",
        "ba": "The virtual table calculates the total population of cities located in a specific district. The placeholder in the WHERE clause represents the name of the district being queried."
    },
    {
        "sample_id": 7790,
        "gold_sql": "SELECT sum(Population) ,  GovernmentForm FROM country GROUP BY GovernmentForm HAVING avg(LifeExpectancy)  >  72",
        "gold_complexity": 10,
        "vt": "SELECT SUM(country.population), country.governmentform FROM country GROUP BY country.governmentform HAVING AVG(country.lifeexpectancy) > [placeholder-type:numeric]",
        "ba": "The virtual table summarizes the total population of countries grouped by their government form, filtering for those with an average life expectancy above a specified numeric value. The placeholder in the HAVING clause represents the threshold for average life expectancy."
    },
    {
        "sample_id": 7703,
        "gold_sql": "SELECT Region FROM country AS T1 JOIN city AS T2 ON T1.Code  =  T2.CountryCode WHERE T2.Name  =  \"Kabul\"",
        "gold_complexity": 7,
        "vt": "SELECT country.region FROM country JOIN city AS T2 ON T1.Code = T2.CountryCode WHERE city.name = None.\"kabul\"",
        "ba": "The virtual table retrieves the region of a country by joining the 'country' and 'city' tables. It filters the results based on the name of the city, specifically looking for the city named 'Kabul'."
    },
    {
        "sample_id": 7754,
        "gold_sql": "SELECT T1.Name ,  T1.Population FROM city AS T1 JOIN countrylanguage AS T2 ON T1.CountryCode  =  T2.CountryCode WHERE T2.Language  =  \"English\" ORDER BY T1.Population DESC LIMIT 1",
        "gold_complexity": 12,
        "vt": "SELECT city.name, city.population FROM city JOIN countrylanguage AS T2 ON T1.CountryCode = T2.CountryCode WHERE countrylanguage.language = None.\"english\" ORDER BY city.population LIMIT [placeholder-type:numeric]",
        "ba": "The virtual table describes the names and populations of cities from the 'city' table that have English as one of their spoken languages. The query joins the 'city' table with the 'countrylanguage' table to filter cities based on the specified language. The result is ordered by population, and a limit is applied to restrict the number of returned records."
    },
    {
        "sample_id": 7726,
        "gold_sql": "SELECT count(DISTINCT LANGUAGE) FROM countrylanguage",
        "gold_complexity": 5,
        "vt": "SELECT COUNT(DISTINCT LANGUAGE) FROM countrylanguage",
        "ba": "The virtual table provides the count of distinct languages spoken across different countries from the 'countrylanguage' table. The query uses the COUNT function to aggregate the unique languages, ensuring that each language is only counted once regardless of how many countries it is spoken in."
    },
    {
        "sample_id": 7709,
        "gold_sql": "SELECT Population ,  Region FROM country WHERE Name  =  \"Angola\"",
        "gold_complexity": 8,
        "vt": "SELECT country.population, country.region FROM country WHERE country.name = None.\"angola\"",
        "ba": "The virtual table provides the population and region of a specific country from the 'country' table. The placeholder in the WHERE clause represents the name of the country being queried."
    },
    {
        "sample_id": 7695,
        "gold_sql": "SELECT Name FROM country WHERE IndepYear  >  1950",
        "gold_complexity": 6,
        "vt": "SELECT country.name FROM country WHERE country.indepyear > [placeholder-type:numeric]",
        "ba": "The virtual table describes the names of countries from the 'country' table that gained independence after a specific year. The placeholder in the WHERE clause represents the year of independence."
    },
    {
        "sample_id": 7761,
        "gold_sql": "SELECT T2.Language FROM country AS T1 JOIN countrylanguage AS T2 ON T1.Code  =  T2.CountryCode WHERE T1.HeadOfState  =  \"Beatrix\" AND T2.IsOfficial  =  \"T\"",
        "gold_complexity": 8,
        "vt": "SELECT countrylanguage.language FROM country JOIN countrylanguage AS T2 ON T1.Code = T2.CountryCode WHERE country.headofstate = None.\"beatrix\" AND countrylanguage.isofficial = None.\"t\"",
        "ba": "The virtual table describes the languages spoken in countries where the head of state is a specific individual and the language is recognized as an official language. It retrieves the language names from the 'countrylanguage' table, joining it with the 'country' table to filter based on the head of state and the official status of the language."
    },
    {
        "sample_id": 7717,
        "gold_sql": "SELECT avg(LifeExpectancy) FROM country WHERE Continent  =  \"Africa\" AND GovernmentForm  =  \"Republic\"",
        "gold_complexity": 7,
        "vt": "SELECT AVG(country.lifeexpectancy) FROM country WHERE country.continent = None.\"africa\" AND country.governmentform = None.\"republic\"",
        "ba": "The virtual table calculates the average life expectancy of countries located in Africa that have a republican form of government. The placeholders in the WHERE clause represent the continent and government form criteria."
    },
    {
        "sample_id": 7783,
        "gold_sql": "SELECT Name ,  population ,  HeadOfState FROM country ORDER BY SurfaceArea DESC LIMIT 1",
        "gold_complexity": 11,
        "vt": "SELECT country.name, country.population, country.headofstate FROM country ORDER BY country.surfacearea LIMIT [placeholder-type:numeric]",
        "ba": "The virtual table provides a list of countries along with their population and the name of their head of state, sorted by the surface area of the countries. The placeholder in the LIMIT clause allows the user to specify how many records they want to retrieve."
    },
    {
        "sample_id": 7788,
        "gold_sql": "SELECT count(*) ,  District FROM city WHERE Population  >  (SELECT avg(Population) FROM city) GROUP BY District",
        "gold_complexity": 13,
        "vt": "SELECT COUNT(*), city.district FROM city WHERE city.population > (SELECT AVG(city.population) FROM city) GROUP BY city.district",
        "ba": "The virtual table provides a count of cities grouped by their districts, specifically for those cities that have a population greater than the average population of all cities. The query uses a subquery to calculate the average population and filters the results accordingly."
    },
    {
        "sample_id": 7706,
        "gold_sql": "SELECT T2.Language FROM country AS T1 JOIN countrylanguage AS T2 ON T1.Code  =  T2.CountryCode WHERE T1.Name  =  \"Aruba\" ORDER BY Percentage DESC LIMIT 1",
        "gold_complexity": 10,
        "vt": "SELECT countrylanguage.language FROM country JOIN countrylanguage AS T2 ON T1.Code = T2.CountryCode WHERE country.name = None.\"aruba\" ORDER BY countrylanguage.percentage LIMIT [placeholder-type:numeric]",
        "ba": "The virtual table retrieves the languages spoken in a specific country, along with their respective percentages of speakers. It joins the 'country' table with the 'countrylanguage' table to filter languages based on the country's name. The result is ordered by the percentage of speakers, and a limit is applied to restrict the number of results returned."
    },
    {
        "sample_id": 7751,
        "gold_sql": "SELECT T2.Language FROM country AS T1 JOIN countrylanguage AS T2 ON T1.Code  =  T2.CountryCode WHERE T1.GovernmentForm  =  \"Republic\" GROUP BY T2.Language HAVING COUNT(*)  =  1",
        "gold_complexity": 10,
        "vt": "SELECT countrylanguage.language FROM country JOIN countrylanguage AS T2 ON T1.Code = T2.CountryCode WHERE country.governmentform = None.\"republic\" GROUP BY countrylanguage.language HAVING COUNT(*) = [placeholder-type:numeric]",
        "ba": "The virtual table retrieves the languages spoken in countries that have a republican form of government. It joins the 'country' table with the 'countrylanguage' table based on the country code, filtering for countries where the government form is 'republic'. The results are grouped by language, and only those languages spoken in a specified number of countries are included, as indicated by the numeric placeholder."
    },
    {
        "sample_id": 7799,
        "gold_sql": "SELECT count(*) FROM country WHERE continent  =  \"Asia\"",
        "gold_complexity": 6,
        "vt": "SELECT COUNT(*) FROM country WHERE country.continent = None.\"asia\"",
        "ba": "The virtual table counts the number of countries from the 'country' table that are located in a specific continent. The placeholder in the WHERE clause represents the continent's name, which in this case is 'Asia'."
    },
    {
        "sample_id": 7712,
        "gold_sql": "SELECT avg(LifeExpectancy) FROM country WHERE Region  =  \"Central Africa\"",
        "gold_complexity": 6,
        "vt": "SELECT AVG(country.lifeexpectancy) FROM country WHERE country.region = None.\"central africa\"",
        "ba": "The virtual table calculates the average life expectancy of countries located in the 'central africa' region from the 'country' table. The placeholder in the WHERE clause represents the specific region of interest."
    },
    {
        "sample_id": 7785,
        "gold_sql": "SELECT COUNT(T2.Language) ,  T1.Name FROM country AS T1 JOIN countrylanguage AS T2 ON T1.Code  =  T2.CountryCode GROUP BY T1.Name HAVING COUNT(*)  >  2",
        "gold_complexity": 11,
        "vt": "SELECT COUNT(countrylanguage.language), country.name FROM country JOIN countrylanguage AS T2 ON T1.Code = T2.CountryCode GROUP BY country.name HAVING COUNT(*) > [placeholder-type:numeric]",
        "ba": "The virtual table provides a count of languages spoken in each country from the 'country' and 'countrylanguage' tables. It groups the results by country name and filters to show only those countries where the number of languages exceeds a specified threshold."
    }
]