[
    {
        "sample_id": 1162,
        "gold_sql": "SELECT T2.Name FROM body_builder AS T1 JOIN people AS T2 ON T1.People_ID  =  T2.People_ID ORDER BY T1.Total DESC",
        "gold_complexity": 7,
        "vt": "SELECT people.name FROM body_builder JOIN people AS T2 ON T1.People_ID = T2.People_ID ORDER BY body_builder.total",
        "ba": "The virtual table describes the names of bodybuilders from the 'body_builder' table, joined with the 'people' table to retrieve the associated person's name. The results are ordered by the total weight lifted across all events, represented by a placeholder for sorting."
    },
    {
        "sample_id": 1151,
        "gold_sql": "SELECT Total FROM body_builder ORDER BY Total ASC",
        "gold_complexity": 6,
        "vt": "SELECT body_builder.total FROM body_builder ORDER BY body_builder.total",
        "ba": "The virtual table displays the total weight lifted by bodybuilders from the 'body_builder' table, sorted in ascending order. This allows users to see the performance of bodybuilders based on their total lifts."
    },
    {
        "sample_id": 1165,
        "gold_sql": "SELECT Birth_Place FROM people GROUP BY Birth_Place HAVING COUNT(*)  >=  2",
        "gold_complexity": 8,
        "vt": "SELECT people.birth_place FROM people GROUP BY people.birth_place HAVING COUNT(*) >= [placeholder-type:numeric]",
        "ba": "The virtual table provides a list of birthplaces from the 'people' table, grouped by each unique birthplace. It filters the results to include only those birthplaces that have a count of individuals greater than or equal to a specified number. The placeholder in the HAVING clause represents the minimum count of people from each birthplace that should be included in the results."
    },
    {
        "sample_id": 1170,
        "gold_sql": "SELECT count(*) FROM people WHERE people_id NOT IN (SELECT People_ID FROM body_builder)",
        "gold_complexity": 10,
        "vt": "SELECT COUNT(*) FROM people WHERE NOT body_builder.people_id IN (SELECT body_builder.people_id FROM body_builder)",
        "ba": "The virtual table counts the number of people from the 'people' table who are not associated with any bodybuilder in the 'body_builder' table. The placeholder in the query represents the condition to filter out those who have participated in body building events."
    },
    {
        "sample_id": 1161,
        "gold_sql": "SELECT avg(T1.Total) FROM body_builder AS T1 JOIN people AS T2 ON T1.People_ID  =  T2.People_ID WHERE T2.Height  >  200",
        "gold_complexity": 7,
        "vt": "SELECT AVG(body_builder.total) FROM body_builder JOIN people AS T2 ON T1.People_ID = T2.People_ID WHERE people.height > [placeholder-type:numeric]",
        "ba": "The virtual table calculates the average total weight lifted by bodybuilders from the 'body_builder' table, filtered by the height of the individuals in the 'people' table. The placeholder in the WHERE clause represents the minimum height requirement for the individuals being considered."
    },
    {
        "sample_id": 1167,
        "gold_sql": "SELECT * FROM body_builder",
        "gold_complexity": 4,
        "vt": "SELECT * FROM body_builder",
        "ba": "The virtual table retrieves all information from the 'body_builder' table, which includes unique identifiers, weights lifted in various events, and links to the associated person."
    },
    {
        "sample_id": 1159,
        "gold_sql": "SELECT T2.Birth_Date ,  T2.Birth_Place FROM body_builder AS T1 JOIN people AS T2 ON T1.People_ID  =  T2.People_ID ORDER BY T1.Total DESC LIMIT 1",
        "gold_complexity": 10,
        "vt": "SELECT people.birth_date, people.birth_place FROM body_builder JOIN people AS T2 ON T1.People_ID = T2.People_ID ORDER BY body_builder.total LIMIT [placeholder-type:numeric]",
        "ba": "The virtual table retrieves the birth date and birth place of bodybuilders from the 'body_builder' and 'people' tables. It joins these tables on the 'people_id' to associate each bodybuilder with their personal information. The results are ordered by the total weight lifted across all events, and a limit is applied to restrict the number of records returned."
    },
    {
        "sample_id": 1172,
        "gold_sql": "SELECT T1.total FROM body_builder AS T1 JOIN people AS T2 ON T1.people_id  =  T2.people_id WHERE T2.Birth_Date LIKE \"%January%\";",
        "gold_complexity": 7,
        "vt": "SELECT body_builder.total FROM body_builder JOIN people AS T2 ON T1.people_id = T2.people_id WHERE people.birth_date LIKE None.\"%january%\"",
        "ba": "The virtual table describes the total weight lifted by bodybuilders from the 'body_builder' table, filtered by the birth date of the associated person from the 'people' table. The placeholder in the WHERE clause is used to specify a birth date condition that matches individuals born in January."
    },
    {
        "sample_id": 1152,
        "gold_sql": "SELECT Snatch ,  Clean_Jerk FROM body_builder ORDER BY Snatch ASC",
        "gold_complexity": 8,
        "vt": "SELECT body_builder.snatch, body_builder.clean_jerk FROM body_builder ORDER BY body_builder.snatch",
        "ba": "The virtual table describes the snatch and clean jerk weights lifted by bodybuilders from the 'body_builder' table, ordered by the snatch weight. The query retrieves the respective weights for each bodybuilder without filtering by any specific criteria."
    },
    {
        "sample_id": 1166,
        "gold_sql": "SELECT Height ,  Weight FROM people ORDER BY Height DESC",
        "gold_complexity": 8,
        "vt": "SELECT people.height, people.weight FROM people ORDER BY people.height",
        "ba": "The virtual table provides the height and weight of individuals from the 'people' table, sorted by height in ascending order."
    },
    {
        "sample_id": 1164,
        "gold_sql": "SELECT Birth_Place FROM people GROUP BY Birth_Place ORDER BY COUNT(*) DESC LIMIT 1",
        "gold_complexity": 9,
        "vt": "SELECT people.birth_place FROM people GROUP BY people.birth_place ORDER BY COUNT(*) LIMIT [placeholder-type:numeric]",
        "ba": "The virtual table provides a list of unique birthplaces from the 'people' table, grouped by the birthplace and ordered by the count of individuals from each place. The placeholder in the LIMIT clause allows for specifying the maximum number of unique birthplaces to return."
    },
    {
        "sample_id": 1169,
        "gold_sql": "SELECT count(DISTINCT Birth_Place) FROM people",
        "gold_complexity": 5,
        "vt": "SELECT COUNT(DISTINCT Birth_Place) FROM people",
        "ba": "The virtual table counts the distinct birthplaces from the 'people' table."
    },
    {
        "sample_id": 1171,
        "gold_sql": "SELECT T2.weight FROM body_builder AS T1 JOIN people AS T2 ON T1.people_id  =  T2.people_id WHERE T1.snatch  >  140 OR T2.height  >  200;",
        "gold_complexity": 8,
        "vt": "SELECT people.weight FROM body_builder JOIN people AS T2 ON T1.people_id = T2.people_id WHERE body_builder.snatch > [placeholder-type:numeric] OR people.height > [placeholder-type:numeric]",
        "ba": "The virtual table retrieves the weights of individuals from the 'people' table who are associated with bodybuilders in the 'body_builder' table. It filters the results based on two conditions: either the weight lifted in the snatch event exceeds a specified numeric value or the height of the individuals exceeds another specified numeric value."
    },
    {
        "sample_id": 1156,
        "gold_sql": "SELECT T2.Name FROM body_builder AS T1 JOIN people AS T2 ON T1.People_ID  =  T2.People_ID",
        "gold_complexity": 5,
        "vt": "SELECT people.name FROM body_builder JOIN people AS T2 ON T1.People_ID = T2.People_ID",
        "ba": "The virtual table describes the names of individuals who are bodybuilders by joining the 'body_builder' and 'people' tables. The join is performed on the 'people_id' field, which links the bodybuilder data to the corresponding personal information."
    }
]