[
    {
        "sample_id": 1147,
        "gold_sql": "SELECT Range FROM mountain GROUP BY Range ORDER BY COUNT(*) DESC LIMIT 1",
        "gold_complexity": 9,
        "vt": "SELECT mountain.range FROM mountain GROUP BY mountain.range ORDER BY COUNT(*) LIMIT [placeholder-type:numeric]",
        "ba": "The virtual table lists the unique mountain ranges from the 'mountain' table, grouping them to count the number of mountains in each range. The results are ordered by the count of mountains in descending order, and a limit is applied to restrict the number of ranges returned based on a specified numeric value."
    },
    {
        "sample_id": 1133,
        "gold_sql": "SELECT T2.Height FROM climber AS T1 JOIN mountain AS T2 ON T1.Mountain_ID  =  T2.Mountain_ID ORDER BY T1.Points DESC LIMIT 1",
        "gold_complexity": 8,
        "vt": "SELECT mountain.height FROM climber JOIN mountain AS T2 ON T1.Mountain_ID = T2.Mountain_ID ORDER BY climber.points LIMIT [placeholder-type:numeric]",
        "ba": "The virtual table retrieves the heights of mountains that climbers have ascended, ordered by the points awarded to the climbers. The placeholder in the LIMIT clause allows for specifying the maximum number of results to return."
    },
    {
        "sample_id": 1112,
        "gold_sql": "SELECT Name FROM climber ORDER BY Points DESC",
        "gold_complexity": 6,
        "vt": "SELECT climber.name FROM climber ORDER BY climber.points",
        "ba": "The virtual table lists the names of climbers from the 'climber' table, ordered by the points they have earned based on their achievements. This allows for an easy view of climbers ranked by their performance."
    },
    {
        "sample_id": 1144,
        "gold_sql": "SELECT Country FROM mountain WHERE Height  >  5600 INTERSECT SELECT Country FROM mountain WHERE Height  <  5200",
        "gold_complexity": 9,
        "vt": "SELECT Country FROM mountain WHERE Height > 5600 INTERSECT SELECT Country FROM mountain WHERE Height < 5200",
        "ba": "The virtual table identifies countries that have mountains with heights both greater than 5600 meters and less than 5200 meters. This is achieved by selecting the 'country' from the 'mountain' table where the height conditions are met, and using the INTERSECT operator to find common countries that satisfy both conditions."
    },
    {
        "sample_id": 1118,
        "gold_sql": "SELECT COUNT(DISTINCT Country) FROM climber",
        "gold_complexity": 5,
        "vt": "SELECT COUNT(DISTINCT Country) FROM climber",
        "ba": "The virtual table counts the distinct countries represented by climbers in the 'climber' table."
    },
    {
        "sample_id": 1111,
        "gold_sql": "SELECT count(*) FROM climber",
        "gold_complexity": 4,
        "vt": "SELECT COUNT(*) FROM climber",
        "ba": "The virtual table counts the total number of climbers recorded in the 'climber' table."
    },
    {
        "sample_id": 1116,
        "gold_sql": "SELECT max(Points) FROM climber WHERE Country  =  \"United Kingdom\"",
        "gold_complexity": 6,
        "vt": "SELECT MAX(climber.points) FROM climber WHERE climber.country = None.\"united kingdom\"",
        "ba": "The virtual table retrieves the maximum points awarded to climbers from a specific country, in this case, the United Kingdom, from the 'climber' table."
    },
    {
        "sample_id": 1131,
        "gold_sql": "SELECT T1.Name ,  T2.Height FROM climber AS T1 JOIN mountain AS T2 ON T1.Mountain_ID  =  T2.Mountain_ID",
        "gold_complexity": 7,
        "vt": "SELECT climber.name, mountain.height FROM climber JOIN mountain AS T2 ON T1.Mountain_ID = T2.Mountain_ID",
        "ba": "The virtual table describes the names of climbers along with the heights of the mountains they have climbed. It combines data from the 'climber' and 'mountain' tables using a join on the mountain identifier, allowing us to see which climber has climbed which mountain and the respective height of that mountain."
    },
    {
        "sample_id": 1142,
        "gold_sql": "SELECT Name FROM mountain WHERE Mountain_ID NOT IN (SELECT Mountain_ID FROM climber)",
        "gold_complexity": 10,
        "vt": "SELECT mountain.name FROM mountain WHERE NOT mountain.mountain_id IN (SELECT mountain.mountain_id FROM climber)",
        "ba": "The virtual table lists the names of mountains from the 'mountain' table that have not been climbed by any climber. It uses a subquery to filter out mountains that have associated climbers based on their unique identifiers."
    },
    {
        "sample_id": 1145,
        "gold_sql": "SELECT Country FROM mountain WHERE Height  >  5600 INTERSECT SELECT Country FROM mountain WHERE Height  <  5200",
        "gold_complexity": 9,
        "vt": "SELECT Country FROM mountain WHERE Height > 5600 INTERSECT SELECT Country FROM mountain WHERE Height < 5200",
        "ba": "The virtual table identifies countries that have mountains with heights both greater than 5600 meters and less than 5200 meters. This is achieved by selecting the 'country' from the 'mountain' table where the height conditions are met, and using the INTERSECT operator to find common countries that satisfy both conditions."
    },
    {
        "sample_id": 1149,
        "gold_sql": "SELECT Name FROM mountain WHERE Height  >  5000 OR Prominence  >  1000",
        "gold_complexity": 7,
        "vt": "SELECT mountain.name FROM mountain WHERE mountain.height > [placeholder-type:numeric] OR mountain.prominence > [placeholder-type:numeric]",
        "ba": "The virtual table lists the names of mountains from the 'mountain' table that have a height greater than a specified value or a prominence greater than a specified value. The placeholders in the WHERE clause represent the numeric thresholds for height and prominence."
    },
    {
        "sample_id": 1139,
        "gold_sql": "SELECT Country ,  COUNT(*) FROM climber GROUP BY Country",
        "gold_complexity": 8,
        "vt": "SELECT climber.country, COUNT(*) FROM climber GROUP BY climber.country",
        "ba": "The virtual table summarizes the number of climbers from each country who have climbed mountains. It groups the results by the country of the climber, providing a count of climbers for each distinct country."
    },
    {
        "sample_id": 1130,
        "gold_sql": "SELECT T1.Name ,  T2.Height FROM climber AS T1 JOIN mountain AS T2 ON T1.Mountain_ID  =  T2.Mountain_ID",
        "gold_complexity": 7,
        "vt": "SELECT climber.name, mountain.height FROM climber JOIN mountain AS T2 ON T1.Mountain_ID = T2.Mountain_ID",
        "ba": "The virtual table describes the names of climbers along with the heights of the mountains they have climbed. It combines data from the 'climber' and 'mountain' tables using a join on the mountain identifier, allowing us to see which climber has climbed which mountain and the respective height of that mountain."
    },
    {
        "sample_id": 1148,
        "gold_sql": "SELECT Name FROM mountain WHERE Height  >  5000 OR Prominence  >  1000",
        "gold_complexity": 7,
        "vt": "SELECT mountain.name FROM mountain WHERE mountain.height > [placeholder-type:numeric] OR mountain.prominence > [placeholder-type:numeric]",
        "ba": "The virtual table lists the names of mountains from the 'mountain' table that have a height greater than a specified value or a prominence greater than a specified value. The placeholders in the WHERE clause represent the numeric thresholds for height and prominence."
    },
    {
        "sample_id": 1126,
        "gold_sql": "SELECT DISTINCT Range FROM mountain ORDER BY Prominence DESC LIMIT 3",
        "gold_complexity": 8,
        "vt": "SELECT DISTINCT mountain.range FROM mountain ORDER BY mountain.prominence LIMIT [placeholder-type:numeric]",
        "ba": "The virtual table lists distinct mountain ranges from the 'mountain' table, ordered by their prominence. The result is limited to a specified number of entries."
    },
    {
        "sample_id": 1125,
        "gold_sql": "SELECT Name FROM mountain ORDER BY Height DESC LIMIT 1",
        "gold_complexity": 7,
        "vt": "SELECT mountain.name FROM mountain ORDER BY mountain.height LIMIT [placeholder-type:numeric]",
        "ba": "The virtual table lists the names of mountains from the 'mountain' table, ordered by their height in ascending order. The placeholder in the LIMIT clause allows the user to specify the maximum number of mountain names to retrieve."
    },
    {
        "sample_id": 1113,
        "gold_sql": "SELECT Name FROM climber ORDER BY Points DESC",
        "gold_complexity": 6,
        "vt": "SELECT climber.name FROM climber ORDER BY climber.points",
        "ba": "The virtual table lists the names of climbers from the 'climber' table, ordered by the points they have earned based on their achievements. This allows for an easy view of climbers ranked by their performance."
    },
    {
        "sample_id": 1128,
        "gold_sql": "SELECT T1.Name ,  T2.Name FROM climber AS T1 JOIN mountain AS T2 ON T1.Mountain_ID  =  T2.Mountain_ID",
        "gold_complexity": 7,
        "vt": "SELECT climber.name, mountain.name FROM climber JOIN mountain AS T2 ON T1.Mountain_ID = T2.Mountain_ID",
        "ba": "The virtual table describes the names of climbers and the mountains they have climbed by joining the 'climber' and 'mountain' tables based on the mountain identifier. The placeholders represent the necessary identifiers for linking climbers to their respective mountains."
    },
    {
        "sample_id": 1137,
        "gold_sql": "SELECT T1.Time FROM climber AS T1 JOIN mountain AS T2 ON T1.Mountain_ID  =  T2.Mountain_ID WHERE T2.Country  =  \"Uganda\"",
        "gold_complexity": 7,
        "vt": "SELECT climber.time FROM climber JOIN mountain AS T2 ON T1.Mountain_ID = T2.Mountain_ID WHERE mountain.country = None.\"uganda\"",
        "ba": "The virtual table retrieves the time taken by climbers to reach the summit of mountains located in Uganda. It joins the 'climber' table with the 'mountain' table based on the mountain identifier, filtering the results to only include mountains in Uganda."
    },
    {
        "sample_id": 1138,
        "gold_sql": "SELECT Country ,  COUNT(*) FROM climber GROUP BY Country",
        "gold_complexity": 8,
        "vt": "SELECT climber.country, COUNT(*) FROM climber GROUP BY climber.country",
        "ba": "The virtual table summarizes the number of climbers from each country who have participated in climbing activities. It groups the results by the country of the climber, allowing for an aggregated count of climbers per country."
    },
    {
        "sample_id": 1134,
        "gold_sql": "SELECT DISTINCT T2.Name FROM climber AS T1 JOIN mountain AS T2 ON T1.Mountain_ID  =  T2.Mountain_ID WHERE T1.Country  =  \"West Germany\"",
        "gold_complexity": 8,
        "vt": "SELECT DISTINCT mountain.name FROM climber JOIN mountain AS T2 ON T1.Mountain_ID = T2.Mountain_ID WHERE climber.country = None.\"west germany\"",
        "ba": "The virtual table lists the distinct names of mountains that climbers from a specific country have climbed. It joins the 'climber' table with the 'mountain' table based on the mountain identifier, filtering the results to include only those climbers from a specified country."
    },
    {
        "sample_id": 1141,
        "gold_sql": "SELECT Country FROM mountain GROUP BY Country HAVING COUNT(*)  >  1",
        "gold_complexity": 8,
        "vt": "SELECT mountain.country FROM mountain GROUP BY mountain.country HAVING COUNT(*) > [placeholder-type:numeric]",
        "ba": "The virtual table lists the countries that have more than a specified number of mountains in the 'mountain' table. The placeholder in the HAVING clause represents the minimum count of mountains required for a country to be included in the results."
    },
    {
        "sample_id": 1110,
        "gold_sql": "SELECT count(*) FROM climber",
        "gold_complexity": 4,
        "vt": "SELECT COUNT(*) FROM climber",
        "ba": "The virtual table counts the total number of climbers recorded in the 'climber' table."
    },
    {
        "sample_id": 1127,
        "gold_sql": "SELECT DISTINCT Range FROM mountain ORDER BY Prominence DESC LIMIT 3",
        "gold_complexity": 8,
        "vt": "SELECT DISTINCT mountain.range FROM mountain ORDER BY mountain.prominence LIMIT [placeholder-type:numeric]",
        "ba": "The virtual table lists distinct mountain ranges from the 'mountain' table, ordered by their prominence. The result is limited to a specified number of entries."
    }
]