[
    {
        "sample_id": 2144,
        "gold_sql": "SELECT count(*) FROM EVENTS WHERE event_id NOT IN (SELECT event_id FROM Participants_in_Events)",
        "gold_complexity": 10,
        "vt": "SELECT COUNT(*) FROM events WHERE NOT events.event_id IN (SELECT events.event_id FROM Participants_in_Events)",
        "ba": "The virtual table counts the number of events from the 'events' table that do not have any participants associated with them. It uses a subquery to identify event IDs that are present in the 'participants_in_events' table, and filters out those events from the count."
    },
    {
        "sample_id": 2137,
        "gold_sql": "SELECT service_id ,  event_details FROM EVENTS",
        "gold_complexity": 6,
        "vt": "SELECT events.service_id, events.event_details FROM events",
        "ba": "The virtual table describes the service ID and event details from the 'events' table. The placeholder in the SELECT statement allows for filtering or further specification of the events based on additional criteria if needed."
    },
    {
        "sample_id": 2131,
        "gold_sql": "SELECT T1.event_details FROM EVENTS AS T1 JOIN Services AS T2 ON T1.Service_ID  =  T2.Service_ID WHERE T2.Service_Type_Code  =  'Marriage'",
        "gold_complexity": 7,
        "vt": "SELECT events.event_details FROM events JOIN Services AS T2 ON T1.Service_ID = T2.Service_ID WHERE services.service_type_code = '[placeholder-type:string]'",
        "ba": "The virtual table describes the details of events from the 'events' table that are linked to a specific type of service. The placeholder in the WHERE clause represents the service type code."
    },
    {
        "sample_id": 2135,
        "gold_sql": "SELECT count(*) FROM participants WHERE participant_type_code  =  'Organizer'",
        "gold_complexity": 6,
        "vt": "SELECT COUNT(*) FROM participants WHERE participants.participant_type_code = '[placeholder-type:string]'",
        "ba": "The virtual table counts the number of participants from the 'participants' table who belong to a specific type of participant. The placeholder in the WHERE clause represents the participant type code."
    },
    {
        "sample_id": 2143,
        "gold_sql": "SELECT T1.service_type_code FROM services AS T1 JOIN EVENTS AS T2 ON T1.service_id  =  T2.service_id WHERE T2.event_details  =  'Success' INTERSECT SELECT T1.service_type_code FROM services AS T1 JOIN EVENTS AS T2 ON T1.service_id  =  T2.service_id WHERE T2.event_details  =  'Fail'",
        "gold_complexity": 8,
        "vt": "SELECT T1.service_type_code FROM services AS T1 JOIN EVENTS AS T2 ON T1.service_id = T2.service_id WHERE T2.event_details = 'Success' INTERSECT SELECT T1.service_type_code FROM services AS T1 JOIN EVENTS AS T2 ON T1.service_id = T2.service_id WHERE T2.event_details = 'Fail'",
        "ba": "The virtual table identifies the service type codes from the 'services' table that are associated with events having specific details. It retrieves service type codes for events that have both 'Success' and 'Fail' as their event details, using an INTERSECT to find common service types between these two conditions."
    },
    {
        "sample_id": 2138,
        "gold_sql": "SELECT count(*) FROM participants AS T1 JOIN Participants_in_Events AS T2 ON T1.Participant_ID  =  T2.Participant_ID WHERE T1.participant_details LIKE '%Dr.%'",
        "gold_complexity": 7,
        "vt": "SELECT COUNT(*) FROM participants JOIN Participants_in_Events AS T2 ON T1.Participant_ID = T2.Participant_ID WHERE participants.participant_details LIKE '[placeholder-type:string]'",
        "ba": "The virtual table counts the number of participants whose details match a specific pattern. It joins the 'participants' table with the 'participants_in_events' table to find participants associated with events."
    },
    {
        "sample_id": 2133,
        "gold_sql": "SELECT T1.Participant_ID ,  T1.Participant_Type_Code ,  count(*) FROM Participants AS T1 JOIN Participants_in_Events AS T2 ON T1.Participant_ID  =  T2.Participant_ID GROUP BY T1.Participant_ID",
        "gold_complexity": 11,
        "vt": "SELECT participants.participant_id, participants.participant_type_code, COUNT(*) FROM participants JOIN Participants_in_Events AS T2 ON T1.Participant_ID = T2.Participant_ID GROUP BY participants.participant_id",
        "ba": "The virtual table provides a summary of participants involved in events, displaying their unique identifiers and type codes along with a count of their participation. The data is aggregated by participant ID to show how many events each participant has attended."
    },
    {
        "sample_id": 2140,
        "gold_sql": "SELECT T3.service_id ,  T4.Service_Type_Code FROM participants AS T1 JOIN Participants_in_Events AS T2 ON T1.Participant_ID  =  T2.Participant_ID JOIN EVENTS AS T3 ON T2.Event_ID   =  T3.Event_ID JOIN services AS T4 ON T3.service_id  =  T4.service_id GROUP BY T3.service_id ORDER BY count(*) ASC LIMIT 1",
        "gold_complexity": 14,
        "vt": "SELECT events.service_id, services.service_type_code FROM participants JOIN Participants_in_Events AS T2 ON T1.Participant_ID = T2.Participant_ID JOIN EVENTS AS T3 ON T2.Event_ID = T3.Event_ID JOIN services AS T4 ON T3.service_id = T4.service_id GROUP BY events.service_id ORDER BY COUNT(*) LIMIT [placeholder-type:numeric]",
        "ba": "The virtual table provides a summary of services associated with participants in events. It retrieves the service ID and the corresponding service type code from the 'services' table, linking it through the 'events' and 'participants_in_events' tables. The results are grouped by service ID and ordered by the count of participants, allowing for a limit on the number of results returned."
    },
    {
        "sample_id": 2142,
        "gold_sql": "SELECT event_id FROM EVENTS EXCEPT SELECT T1.event_id FROM Participants_in_Events AS T1 JOIN Participants AS T2 ON T1.Participant_ID  =  T2.Participant_ID WHERE Participant_Details  =  'Kenyatta Kuhn'",
        "gold_complexity": 11,
        "vt": "SELECT event_id FROM EVENTS EXCEPT SELECT T1.event_id FROM Participants_in_Events AS T1 JOIN Participants AS T2 ON T1.Participant_ID = T2.Participant_ID WHERE Participant_Details = 'Kenyatta Kuhn'",
        "ba": "The virtual table identifies the unique event IDs from the 'events' table that do not have any participants with specific details. It uses an EXCEPT clause to exclude event IDs that are linked to participants whose details match a given value."
    }
]