[
    {
        "sample_id": 6606,
        "gold_sql": "SELECT T2.name ,  T3.name FROM train_station AS T1 JOIN station AS T2 ON T1.station_id  =  T2.station_id JOIN train AS T3 ON T3.train_id  =  T1.train_id",
        "gold_complexity": 8,
        "vt": "SELECT station.name, train.name FROM train_station JOIN station AS T2 ON T1.station_id = T2.station_id JOIN train AS T3 ON T3.train_id = T1.train_id",
        "ba": "The virtual table describes the names of stations and the names of trains that stop at those stations. It combines data from the 'station' and 'train' tables through the 'train_station' linking table, which connects specific trains to their respective stations."
    },
    {
        "sample_id": 6595,
        "gold_sql": "SELECT name ,  total_passengers FROM station WHERE LOCATION != 'London'",
        "gold_complexity": 8,
        "vt": "SELECT station.name, station.total_passengers FROM station WHERE station.location <> '[placeholder-type:string]'",
        "ba": "The virtual table describes the names and total number of passengers from the 'station' table, excluding stations located in a specific geographical area. The placeholder in the WHERE clause represents the location to be excluded."
    },
    {
        "sample_id": 6611,
        "gold_sql": "SELECT name FROM station WHERE station_id NOT IN (SELECT station_id FROM train_station)",
        "gold_complexity": 10,
        "vt": "SELECT station.name FROM station WHERE NOT station.station_id IN (SELECT station.station_id FROM train_station)",
        "ba": "The virtual table lists the names of stations from the 'station' table that do not have any associated trains in the 'train_station' table. The subquery identifies all station IDs that are linked to trains, and the main query filters out these stations from the results."
    },
    {
        "sample_id": 6599,
        "gold_sql": "SELECT DISTINCT LOCATION FROM station WHERE number_of_platforms  >=  15 AND total_passengers  >  25",
        "gold_complexity": 9,
        "vt": "SELECT DISTINCT station.location FROM station WHERE station.number_of_platforms >= [placeholder-type:numeric] AND station.total_passengers > [placeholder-type:numeric]",
        "ba": "The virtual table lists distinct geographical locations of stations from the 'station' table that have a specified minimum number of platforms and a total number of passengers exceeding a certain threshold. The placeholders in the WHERE clause represent numeric values for the minimum number of platforms and total passengers."
    },
    {
        "sample_id": 6608,
        "gold_sql": "SELECT T2.name FROM train_station AS T1 JOIN station AS T2 ON T1.station_id  =  T2.station_id GROUP BY T1.station_id ORDER BY count(*) DESC LIMIT 1",
        "gold_complexity": 10,
        "vt": "SELECT station.name FROM train_station JOIN station AS T2 ON T1.station_id = T2.station_id GROUP BY train_station.station_id ORDER BY COUNT(*) LIMIT [placeholder-type:numeric]",
        "ba": "The virtual table lists the names of stations that are linked to trains, showing the most frequently used stations based on the number of train arrivals. The placeholder in the LIMIT clause represents the maximum number of station names to return."
    },
    {
        "sample_id": 6613,
        "gold_sql": "SELECT T2.name FROM train_station AS T1 JOIN train AS T2 ON T1.train_id  =  T2.train_id WHERE T1.station_id NOT IN (SELECT T4.station_id FROM train_station AS T3 JOIN station AS T4 ON T3.station_id  =  T4.station_id WHERE t4.location  =  \"London\")",
        "gold_complexity": 13,
        "vt": "SELECT train.name FROM train_station JOIN train AS T2 ON T1.train_id = T2.train_id WHERE NOT train_station.station_id IN (SELECT station.station_id FROM train_station AS T3 JOIN station AS T4 ON T3.station_id = T4.station_id WHERE t4.location = \"London\")",
        "ba": "The virtual table lists the names of trains that do not stop at any station located in London. It achieves this by joining the 'train_station' table with the 'train' table to get the train names, while filtering out any train IDs that are associated with stations in London."
    },
    {
        "sample_id": 6594,
        "gold_sql": "SELECT DISTINCT LOCATION FROM station",
        "gold_complexity": 5,
        "vt": "SELECT DISTINCT station.location FROM station",
        "ba": "The virtual table provides a unique list of geographical locations of all stations from the 'station' table."
    },
    {
        "sample_id": 6597,
        "gold_sql": "SELECT avg(total_passengers) ,  max(total_passengers) FROM station WHERE LOCATION  =  'London' OR LOCATION  =  'Glasgow'",
        "gold_complexity": 7,
        "vt": "SELECT AVG(station.total_passengers), MAX(station.total_passengers) FROM station WHERE station.location = '[placeholder-type:string]' OR station.location = '[placeholder-type:string]'",
        "ba": "The virtual table calculates the average and maximum total number of passengers from the 'station' table for stations located in specific geographical areas. The placeholders in the WHERE clause represent the locations being queried."
    },
    {
        "sample_id": 6602,
        "gold_sql": "SELECT name ,  TIME ,  service FROM train",
        "gold_complexity": 8,
        "vt": "SELECT train.name, train.time, train.service FROM train",
        "ba": "The virtual table describes the names, scheduled times, and types of services provided by trains from the 'train' table."
    },
    {
        "sample_id": 6607,
        "gold_sql": "SELECT T3.name ,  T3.time FROM train_station AS T1 JOIN station AS T2 ON T1.station_id  =  T2.station_id JOIN train AS T3 ON T3.train_id  =  T1.train_id WHERE T2.location  =  'London' ORDER BY T3.time DESC",
        "gold_complexity": 12,
        "vt": "SELECT train.name, train.time FROM train_station JOIN station AS T2 ON T1.station_id = T2.station_id JOIN train AS T3 ON T3.train_id = T1.train_id WHERE station.location = '[placeholder-type:string]' ORDER BY train.time",
        "ba": "The virtual table describes the names and scheduled times of trains that stop at a specific station based on its geographical location. The placeholders in the WHERE clause represent the location of the station."
    },
    {
        "sample_id": 6601,
        "gold_sql": "SELECT LOCATION FROM station GROUP BY LOCATION ORDER BY count(*) DESC LIMIT 1",
        "gold_complexity": 9,
        "vt": "SELECT station.location FROM station GROUP BY station.location ORDER BY COUNT(*) LIMIT [placeholder-type:numeric]",
        "ba": "The virtual table provides a list of unique geographical locations of stations from the 'station' table, grouped by location. It orders the results based on the count of stations in each location and limits the output to a specified number of locations."
    },
    {
        "sample_id": 6600,
        "gold_sql": "SELECT LOCATION FROM station EXCEPT SELECT LOCATION FROM station WHERE number_of_platforms  >=  15",
        "gold_complexity": 7,
        "vt": "SELECT LOCATION FROM station EXCEPT SELECT LOCATION FROM station WHERE number_of_platforms >= 15",
        "ba": "The virtual table lists the geographical locations of stations that have fewer than 15 platforms. It does this by selecting all locations from the 'station' table and excluding those locations where the number of platforms is 15 or more."
    },
    {
        "sample_id": 6593,
        "gold_sql": "SELECT name ,  LOCATION ,  number_of_platforms FROM station",
        "gold_complexity": 8,
        "vt": "SELECT station.name, station.location, station.number_of_platforms FROM station",
        "ba": "The virtual table describes the names, locations, and number of platforms of stations from the 'station' table."
    }
]