[
    {
        "sample_id": 4612,
        "gold_sql": "SELECT YEAR FROM festival_detail WHERE LOCATION  =  'United States' INTERSECT SELECT YEAR FROM festival_detail WHERE LOCATION != 'United States'",
        "gold_complexity": 9,
        "vt": "SELECT YEAR FROM festival_detail WHERE LOCATION = 'United States' INTERSECT SELECT YEAR FROM festival_detail WHERE LOCATION <> 'United States'",
        "ba": "The virtual table identifies the years in which festivals are held in the 'United States' and compares them with the years in which festivals are held outside the 'United States'. The intersection of these two sets will provide the years that are common to both locations."
    },
    {
        "sample_id": 4604,
        "gold_sql": "SELECT T1.Festival_ID ,  T3.Festival_Name FROM nomination AS T1 JOIN artwork AS T2 ON T1.Artwork_ID  =  T2.Artwork_ID JOIN festival_detail AS T3 ON T1.Festival_ID  =  T3.Festival_ID GROUP BY T1.Festival_ID HAVING COUNT(*)  >=  2",
        "gold_complexity": 12,
        "vt": "SELECT nomination.festival_id, festival_detail.festival_name FROM nomination JOIN artwork AS T2 ON T1.Artwork_ID = T2.Artwork_ID JOIN festival_detail AS T3 ON T1.Festival_ID = T3.Festival_ID GROUP BY nomination.festival_id HAVING COUNT(*) >= [placeholder-type:numeric]",
        "ba": "The virtual table describes the festival IDs and names of festivals from the 'festival_detail' table that have received a certain number of nominations. The query joins the 'nomination' table with the 'artwork' and 'festival_detail' tables to aggregate the nominations by festival ID, filtering for those festivals that have a count of nominations greater than or equal to a specified number."
    },
    {
        "sample_id": 4599,
        "gold_sql": "SELECT Festival_Name FROM festival_detail ORDER BY YEAR DESC LIMIT 3",
        "gold_complexity": 7,
        "vt": "SELECT festival_detail.festival_name FROM festival_detail ORDER BY festival_detail.year LIMIT [placeholder-type:numeric]",
        "ba": "The virtual table lists the names of festivals from the 'festival_detail' table, ordered by the year they take place. The placeholder in the LIMIT clause allows for specifying the maximum number of festival names to retrieve."
    },
    {
        "sample_id": 4603,
        "gold_sql": "SELECT T3.Festival_Name FROM nomination AS T1 JOIN artwork AS T2 ON T1.Artwork_ID  =  T2.Artwork_ID JOIN festival_detail AS T3 ON T1.Festival_ID  =  T3.Festival_ID WHERE T2.Type  =  \"Program Talent Show\"",
        "gold_complexity": 8,
        "vt": "SELECT festival_detail.festival_name FROM nomination JOIN artwork AS T2 ON T1.Artwork_ID = T2.Artwork_ID JOIN festival_detail AS T3 ON T1.Festival_ID = T3.Festival_ID WHERE artwork.type = None.\"program talent show\"",
        "ba": "The virtual table describes the names of festivals from the 'festival_detail' table that have nominated artworks of a specific type. The query joins the 'nomination' table with the 'artwork' table to filter based on the artwork type, and then joins with the 'festival_detail' table to retrieve the festival names."
    },
    {
        "sample_id": 4598,
        "gold_sql": "SELECT avg(Num_of_Audience) FROM festival_detail",
        "gold_complexity": 4,
        "vt": "SELECT AVG(festival_detail.num_of_audience) FROM festival_detail",
        "ba": "The virtual table calculates the average estimated number of attendees at festivals from the 'festival_detail' table."
    },
    {
        "sample_id": 4591,
        "gold_sql": "SELECT count(*) FROM artwork",
        "gold_complexity": 4,
        "vt": "SELECT COUNT(*) FROM artwork",
        "ba": "The virtual table provides a count of all artworks from the 'artwork' table, which includes various types of artworks identified by unique artwork IDs."
    },
    {
        "sample_id": 4605,
        "gold_sql": "SELECT T1.Festival_ID ,  T3.Festival_Name ,  COUNT(*) FROM nomination AS T1 JOIN artwork AS T2 ON T1.Artwork_ID  =  T2.Artwork_ID JOIN festival_detail AS T3 ON T1.Festival_ID  =  T3.Festival_ID GROUP BY T1.Festival_ID",
        "gold_complexity": 12,
        "vt": "SELECT nomination.festival_id, festival_detail.festival_name, COUNT(*) FROM nomination JOIN artwork AS T2 ON T1.Artwork_ID = T2.Artwork_ID JOIN festival_detail AS T3 ON T1.Festival_ID = T3.Festival_ID GROUP BY nomination.festival_id",
        "ba": "The virtual table summarizes the number of nominations for each festival by joining the 'nomination' table with the 'artwork' and 'festival_detail' tables. It retrieves the festival ID and name, along with a count of nominations, grouped by each festival."
    },
    {
        "sample_id": 4601,
        "gold_sql": "SELECT DISTINCT T2.Type FROM nomination AS T1 JOIN artwork AS T2 ON T1.Artwork_ID  =  T2.Artwork_ID JOIN festival_detail AS T3 ON T1.Festival_ID  =  T3.Festival_ID WHERE T3.Year  =  2007",
        "gold_complexity": 9,
        "vt": "SELECT DISTINCT artwork.type FROM nomination JOIN artwork AS T2 ON T1.Artwork_ID = T2.Artwork_ID JOIN festival_detail AS T3 ON T1.Festival_ID = T3.Festival_ID WHERE festival_detail.year = [placeholder-type:numeric]",
        "ba": "The virtual table retrieves distinct types of artwork that have been nominated in festivals held in a specific year. It joins the 'nomination' table with the 'artwork' table to access the artwork details and with the 'festival_detail' table to filter by the festival year."
    },
    {
        "sample_id": 4608,
        "gold_sql": "SELECT YEAR FROM festival_detail GROUP BY YEAR HAVING COUNT(*)  >  1",
        "gold_complexity": 8,
        "vt": "SELECT festival_detail.year FROM festival_detail GROUP BY festival_detail.year HAVING COUNT(*) > [placeholder-type:numeric]",
        "ba": "The virtual table provides a summary of the years in which festivals were held, specifically focusing on those years that had more than a specified number of festivals. The placeholder in the HAVING clause represents the minimum count of festivals required for a year to be included in the results."
    },
    {
        "sample_id": 4610,
        "gold_sql": "SELECT Num_of_Audience FROM festival_detail WHERE YEAR  =  2008 OR YEAR  =  2010",
        "gold_complexity": 6,
        "vt": "SELECT festival_detail.num_of_audience FROM festival_detail WHERE festival_detail.year = [placeholder-type:numeric] OR festival_detail.year = [placeholder-type:numeric]",
        "ba": "The virtual table provides the estimated number of attendees for festivals held in specific years from the 'festival_detail' table. The placeholders in the WHERE clause represent the years of interest."
    },
    {
        "sample_id": 4594,
        "gold_sql": "SELECT Festival_Name ,  LOCATION FROM festival_detail",
        "gold_complexity": 6,
        "vt": "SELECT festival_detail.festival_name, festival_detail.location FROM festival_detail",
        "ba": "The virtual table describes the names and locations of festivals from the 'festival_detail' table. The query retrieves the festival name and its geographical location, providing insights into where specific festivals are held."
    },
    {
        "sample_id": 4593,
        "gold_sql": "SELECT Name FROM artwork WHERE TYPE != \"Program Talent Show\"",
        "gold_complexity": 6,
        "vt": "SELECT artwork.name FROM artwork WHERE artwork.type <> None.\"program talent show\"",
        "ba": "The virtual table lists the names of artworks from the 'artwork' table that are not classified as 'program talent show'. The placeholder in the WHERE clause indicates that the type of artwork should be excluded from the results."
    },
    {
        "sample_id": 4597,
        "gold_sql": "SELECT Festival_Name FROM festival_detail WHERE YEAR  =  2007",
        "gold_complexity": 6,
        "vt": "SELECT festival_detail.festival_name FROM festival_detail WHERE festival_detail.year = [placeholder-type:numeric]",
        "ba": "The virtual table describes the names of festivals from the 'festival_detail' table that take place in a specific year. The placeholder in the WHERE clause represents the year of interest."
    }
]