[
    {
        "sample_id": 7175,
        "gold_sql": "SELECT Abbreviation FROM AIRLINES WHERE Airline  =  \"JetBlue Airways\"",
        "gold_complexity": 6,
        "vt": "SELECT airlines.abbreviation FROM airlines WHERE airlines.airline = None.\"jetblue airways\"",
        "ba": "The virtual table retrieves the abbreviation of a specific airline from the 'airlines' table based on the airline's name."
    },
    {
        "sample_id": 7184,
        "gold_sql": "SELECT count(*) FROM FLIGHTS",
        "gold_complexity": 4,
        "vt": "SELECT COUNT(*) FROM flights",
        "ba": "The virtual table provides a count of all flights recorded in the 'flights' table. This count represents the total number of flights available in the database."
    },
    {
        "sample_id": 7210,
        "gold_sql": "SELECT count(*) FROM AIRLINES AS T1 JOIN FLIGHTS AS T2 ON T2.Airline  =  T1.uid WHERE T1.Airline  =  \"United Airlines\" AND T2.SourceAirport  =  \"AHD\"",
        "gold_complexity": 8,
        "vt": "SELECT COUNT(*) FROM airlines JOIN FLIGHTS AS T2 ON T2.Airline = T1.uid WHERE airlines.airline = None.\"united airlines\" AND flights.sourceairport = None.\"ahd\"",
        "ba": "The virtual table counts the number of flights operated by a specific airline from a specific source airport. It joins the 'airlines' table with the 'flights' table based on the airline's unique identifier and filters the results for a particular airline and source airport."
    },
    {
        "sample_id": 7209,
        "gold_sql": "SELECT count(*) FROM AIRLINES AS T1 JOIN FLIGHTS AS T2 ON T2.Airline  =  T1.uid WHERE T1.Airline  =  \"United Airlines\" AND T2.DestAirport  =  \"ASY\"",
        "gold_complexity": 8,
        "vt": "SELECT COUNT(*) FROM airlines JOIN FLIGHTS AS T2 ON T2.Airline = T1.uid WHERE airlines.airline = None.\"united airlines\" AND flights.destairport = None.\"asy\"",
        "ba": "The virtual table counts the number of flights operated by a specific airline to a specific destination airport. It joins the 'airlines' table with the 'flights' table based on the airline's unique identifier and filters the results for a particular airline and destination airport."
    },
    {
        "sample_id": 7221,
        "gold_sql": "SELECT T1.AirportCode FROM AIRPORTS AS T1 JOIN FLIGHTS AS T2 ON T1.AirportCode  =  T2.DestAirport OR T1.AirportCode  =  T2.SourceAirport GROUP BY T1.AirportCode ORDER BY count(*) LIMIT 1",
        "gold_complexity": 10,
        "vt": "SELECT airports.airportcode FROM airports JOIN FLIGHTS AS T2 ON T1.AirportCode = T2.DestAirport OR T1.AirportCode = T2.SourceAirport GROUP BY airports.airportcode ORDER BY COUNT(*) LIMIT [placeholder-type:numeric]",
        "ba": "The virtual table lists unique airport codes from the 'airports' table that are either source or destination airports for flights. The results are grouped by airport code and ordered by the number of flights associated with each airport, limited to a specified number of results."
    },
    {
        "sample_id": 7240,
        "gold_sql": "SELECT FlightNo FROM FLIGHTS WHERE SourceAirport  =  \"APG\"",
        "gold_complexity": 6,
        "vt": "SELECT flights.flightno FROM flights WHERE flights.sourceairport = None.\"apg\"",
        "ba": "The virtual table retrieves the flight numbers from the 'flights' table for flights departing from a specific source airport. The placeholder in the WHERE clause represents the airport code from which the flight is departing."
    },
    {
        "sample_id": 7218,
        "gold_sql": "SELECT T1.AirportCode FROM AIRPORTS AS T1 JOIN FLIGHTS AS T2 ON T1.AirportCode  =  T2.DestAirport OR T1.AirportCode  =  T2.SourceAirport GROUP BY T1.AirportCode ORDER BY count(*) DESC LIMIT 1",
        "gold_complexity": 10,
        "vt": "SELECT airports.airportcode FROM airports JOIN FLIGHTS AS T2 ON T1.AirportCode = T2.DestAirport OR T1.AirportCode = T2.SourceAirport GROUP BY airports.airportcode ORDER BY COUNT(*) LIMIT [placeholder-type:numeric]",
        "ba": "The virtual table lists unique airport codes from the 'airports' table that are either source or destination airports for flights. The results are grouped by airport code and ordered by the number of flights associated with each airport, limited to a specified number of results."
    },
    {
        "sample_id": 7206,
        "gold_sql": "SELECT count(*) FROM FLIGHTS AS T1 JOIN AIRLINES AS T2 ON T1.Airline  =  T2.uid WHERE T2.Airline = \"JetBlue Airways\"",
        "gold_complexity": 7,
        "vt": "SELECT COUNT(*) FROM flights JOIN AIRLINES AS T2 ON T1.Airline = T2.uid WHERE airlines.airline = None.\"jetblue airways\"",
        "ba": "The virtual table provides a count of flights operated by a specific airline, in this case, 'jetblue airways'. It joins the 'flights' table with the 'airlines' table to filter the results based on the airline's name."
    },
    {
        "sample_id": 7172,
        "gold_sql": "SELECT Country FROM AIRLINES WHERE Airline  =  \"JetBlue Airways\"",
        "gold_complexity": 6,
        "vt": "SELECT airlines.country FROM airlines WHERE airlines.airline = None.\"jetblue airways\"",
        "ba": "The virtual table retrieves the country of a specific airline from the 'airlines' table. The placeholder in the WHERE clause represents the name of the airline being queried."
    },
    {
        "sample_id": 7228,
        "gold_sql": "SELECT T1.Airline FROM AIRLINES AS T1 JOIN FLIGHTS AS T2 ON T1.uid  =  T2.Airline WHERE T2.DestAirport  =  \"AHD\"",
        "gold_complexity": 7,
        "vt": "SELECT airlines.airline FROM airlines JOIN FLIGHTS AS T2 ON T1.uid = T2.Airline WHERE flights.destairport = None.\"ahd\"",
        "ba": "The virtual table lists the names of airlines from the 'airlines' table that operate flights arriving at a specific airport. The query joins the 'airlines' table with the 'flights' table based on the airline's unique identifier, filtering for flights that arrive at a specified destination airport using a placeholder."
    },
    {
        "sample_id": 7233,
        "gold_sql": "SELECT T1.Airline FROM AIRLINES AS T1 JOIN FLIGHTS AS T2 ON T1.uid  =  T2.Airline WHERE T2.SourceAirport  =  \"CVO\" EXCEPT SELECT T1.Airline FROM AIRLINES AS T1 JOIN FLIGHTS AS T2 ON T1.uid  =  T2.Airline WHERE T2.SourceAirport  =  \"APG\"",
        "gold_complexity": 9,
        "vt": "SELECT T1.Airline FROM AIRLINES AS T1 JOIN FLIGHTS AS T2 ON T1.uid = T2.Airline WHERE T2.SourceAirport = \"CVO\" EXCEPT SELECT T1.Airline FROM AIRLINES AS T1 JOIN FLIGHTS AS T2 ON T1.uid = T2.Airline WHERE T2.SourceAirport = \"APG\"",
        "ba": "The virtual table lists the airlines that operate flights departing from a specific airport, excluding those that also operate flights from another specified airport. The query uses a JOIN operation to connect the 'airlines' and 'flights' tables based on the airline's unique identifier, filtering the results based on the source airport codes provided."
    },
    {
        "sample_id": 7236,
        "gold_sql": "SELECT T1.Airline FROM AIRLINES AS T1 JOIN FLIGHTS AS T2 ON T1.uid  =  T2.Airline GROUP BY T1.Airline HAVING count(*)  <  200",
        "gold_complexity": 9,
        "vt": "SELECT airlines.airline FROM airlines JOIN FLIGHTS AS T2 ON T1.uid = T2.Airline GROUP BY airlines.airline HAVING COUNT(*) < [placeholder-type:numeric]",
        "ba": "The virtual table lists the names of airlines from the 'airlines' table that operate fewer flights than a specified number. It joins the 'airlines' table with the 'flights' table based on the airline's unique identifier and groups the results by airline name, applying a condition to filter those with a flight count below a certain threshold."
    },
    {
        "sample_id": 7249,
        "gold_sql": "SELECT count(*) FROM Flights AS T1 JOIN Airports AS T2 ON T1.DestAirport  =  T2.AirportCode WHERE T2.city  =  \"Aberdeen\" OR T2.city  =  \"Abilene\"",
        "gold_complexity": 8,
        "vt": "SELECT COUNT(*) FROM flights JOIN Airports AS T2 ON T1.DestAirport = T2.AirportCode WHERE airports.city = None.\"aberdeen\" OR airports.city = None.\"abilene\"",
        "ba": "The virtual table counts the number of flights that either depart from or arrive at specific cities, namely 'aberdeen' or 'abilene'. It joins the 'flights' table with the 'airports' table to filter the results based on the city associated with the airports."
    },
    {
        "sample_id": 7238,
        "gold_sql": "SELECT T1.FlightNo FROM FLIGHTS AS T1 JOIN AIRLINES AS T2 ON T2.uid  =  T1.Airline WHERE T2.Airline  =  \"United Airlines\"",
        "gold_complexity": 7,
        "vt": "SELECT flights.flightno FROM flights JOIN AIRLINES AS T2 ON T2.uid = T1.Airline WHERE airlines.airline = None.\"united airlines\"",
        "ba": "The virtual table retrieves the flight numbers from the 'flights' table for a specific airline. It joins the 'flights' table with the 'airlines' table to filter the results based on the airline's name. The placeholder in the WHERE clause represents the name of the airline being queried."
    },
    {
        "sample_id": 7202,
        "gold_sql": "SELECT count(*) FROM FLIGHTS AS T1 JOIN AIRPORTS AS T2 ON T1.DestAirport  =  T2.AirportCode WHERE T2.City  =  \"Aberdeen\"",
        "gold_complexity": 7,
        "vt": "SELECT COUNT(*) FROM flights JOIN AIRPORTS AS T2 ON T1.DestAirport = T2.AirportCode WHERE airports.city = None.\"aberdeen\"",
        "ba": "The virtual table counts the number of flights arriving at a specific airport located in the city of Aberdeen. It joins the 'flights' table with the 'airports' table to filter the results based on the airport code associated with Aberdeen."
    },
    {
        "sample_id": 7195,
        "gold_sql": "SELECT AirportName FROM AIRPORTS WHERE City = \"Aberdeen\"",
        "gold_complexity": 6,
        "vt": "SELECT airports.airportname FROM airports WHERE airports.city = None.\"aberdeen\"",
        "ba": "The virtual table describes the names of airports located in a specific city from the 'airports' table. The placeholder in the WHERE clause represents the city name."
    },
    {
        "sample_id": 7232,
        "gold_sql": "SELECT T1.Airline FROM AIRLINES AS T1 JOIN FLIGHTS AS T2 ON T1.uid  =  T2.Airline WHERE T2.SourceAirport  =  \"CVO\" EXCEPT SELECT T1.Airline FROM AIRLINES AS T1 JOIN FLIGHTS AS T2 ON T1.uid  =  T2.Airline WHERE T2.SourceAirport  =  \"APG\"",
        "gold_complexity": 9,
        "vt": "SELECT T1.Airline FROM AIRLINES AS T1 JOIN FLIGHTS AS T2 ON T1.uid = T2.Airline WHERE T2.SourceAirport = \"CVO\" EXCEPT SELECT T1.Airline FROM AIRLINES AS T1 JOIN FLIGHTS AS T2 ON T1.uid = T2.Airline WHERE T2.SourceAirport = \"APG\"",
        "ba": "The virtual table lists the airlines that operate flights departing from a specific airport, excluding those that also operate flights from another specified airport. It combines data from the 'airlines' and 'flights' tables using a join on the airline identifier, filtering based on the source airport codes provided."
    },
    {
        "sample_id": 7234,
        "gold_sql": "SELECT T1.Airline FROM AIRLINES AS T1 JOIN FLIGHTS AS T2 ON T1.uid  =  T2.Airline GROUP BY T1.Airline HAVING count(*)  >  10",
        "gold_complexity": 9,
        "vt": "SELECT airlines.airline FROM airlines JOIN FLIGHTS AS T2 ON T1.uid = T2.Airline GROUP BY airlines.airline HAVING COUNT(*) > [placeholder-type:numeric]",
        "ba": "The virtual table lists the names of airlines from the 'airlines' table that operate more than a specified number of flights. The query joins the 'airlines' table with the 'flights' table based on the airline's unique identifier and groups the results by airline name, applying a condition to filter those with a flight count exceeding a placeholder for numeric values."
    },
    {
        "sample_id": 7244,
        "gold_sql": "SELECT T1.FlightNo FROM FLIGHTS AS T1 JOIN AIRPORTS AS T2 ON T1.SourceAirport   =  T2.AirportCode WHERE T2.City  =  \"Aberdeen\"",
        "gold_complexity": 7,
        "vt": "SELECT flights.flightno FROM flights JOIN AIRPORTS AS T2 ON T1.SourceAirport = T2.AirportCode WHERE airports.city = None.\"aberdeen\"",
        "ba": "The virtual table retrieves the flight numbers from the 'flights' table for flights departing from a specific airport located in the city of Aberdeen. The query joins the 'flights' table with the 'airports' table to filter the results based on the city associated with the airport."
    },
    {
        "sample_id": 7185,
        "gold_sql": "SELECT count(*) FROM FLIGHTS",
        "gold_complexity": 4,
        "vt": "SELECT COUNT(*) FROM flights",
        "ba": "The virtual table provides a count of all flights recorded in the 'flights' table. This count represents the total number of flights available in the database."
    },
    {
        "sample_id": 7239,
        "gold_sql": "SELECT T1.FlightNo FROM FLIGHTS AS T1 JOIN AIRLINES AS T2 ON T2.uid  =  T1.Airline WHERE T2.Airline  =  \"United Airlines\"",
        "gold_complexity": 7,
        "vt": "SELECT flights.flightno FROM flights JOIN AIRLINES AS T2 ON T2.uid = T1.Airline WHERE airlines.airline = None.\"united airlines\"",
        "ba": "The virtual table retrieves the flight numbers from the 'flights' table for a specific airline. It joins the 'flights' table with the 'airlines' table to filter the results based on the airline's name. The placeholder in the WHERE clause represents the name of the airline being queried."
    },
    {
        "sample_id": 7181,
        "gold_sql": "SELECT count(*) FROM AIRLINES",
        "gold_complexity": 4,
        "vt": "SELECT COUNT(*) FROM airlines",
        "ba": "The virtual table provides a count of all airlines listed in the 'airlines' table. This count represents the total number of unique airlines available in the database."
    },
    {
        "sample_id": 7199,
        "gold_sql": "SELECT count(*) FROM FLIGHTS WHERE DestAirport  =  \"ATO\"",
        "gold_complexity": 6,
        "vt": "SELECT COUNT(*) FROM flights WHERE flights.destairport = None.\"ato\"",
        "ba": "The virtual table counts the number of flights arriving at a specific airport identified by its code. The placeholder in the WHERE clause represents the airport code for which the count of flights is being queried."
    },
    {
        "sample_id": 7231,
        "gold_sql": "SELECT T1.Airline FROM AIRLINES AS T1 JOIN FLIGHTS AS T2 ON T1.uid  =  T2.Airline WHERE T2.SourceAirport  =  \"APG\" INTERSECT SELECT T1.Airline FROM AIRLINES AS T1 JOIN FLIGHTS AS T2 ON T1.uid  =  T2.Airline WHERE T2.SourceAirport  =  \"CVO\"",
        "gold_complexity": 9,
        "vt": "SELECT T1.Airline FROM AIRLINES AS T1 JOIN FLIGHTS AS T2 ON T1.uid = T2.Airline WHERE T2.SourceAirport = \"APG\" INTERSECT SELECT T1.Airline FROM AIRLINES AS T1 JOIN FLIGHTS AS T2 ON T1.uid = T2.Airline WHERE T2.SourceAirport = \"CVO\"",
        "ba": "The virtual table identifies airlines that operate flights departing from two specific airports. It uses a join between the 'airlines' and 'flights' tables to find the airlines associated with each flight. The query filters the results to include only those airlines that have flights departing from both specified airports, using an INTERSECT operation to ensure that only common airlines are returned."
    },
    {
        "sample_id": 7213,
        "gold_sql": "SELECT count(*) FROM FLIGHTS AS T1 JOIN AIRPORTS AS T2 ON T1.DestAirport  =  T2.AirportCode JOIN AIRLINES AS T3 ON T3.uid  =  T1.Airline WHERE T2.City  =  \"Aberdeen\" AND T3.Airline  =  \"United Airlines\"",
        "gold_complexity": 9,
        "vt": "SELECT COUNT(*) FROM flights JOIN AIRPORTS AS T2 ON T1.DestAirport = T2.AirportCode JOIN AIRLINES AS T3 ON T3.uid = T1.Airline WHERE airports.city = None.\"aberdeen\" AND airlines.airline = None.\"united airlines\"",
        "ba": "The virtual table counts the number of flights operated by a specific airline that arrive at a specific airport located in a particular city. It joins the 'flights' table with the 'airports' table to filter by the destination airport's city and with the 'airlines' table to filter by the airline's name."
    },
    {
        "sample_id": 7196,
        "gold_sql": "SELECT count(*) FROM FLIGHTS WHERE SourceAirport  =  \"APG\"",
        "gold_complexity": 6,
        "vt": "SELECT COUNT(*) FROM flights WHERE flights.sourceairport = None.\"apg\"",
        "ba": "The virtual table counts the number of flights departing from a specific airport identified by its code. The placeholder in the WHERE clause represents the airport code from which the flights are sourced."
    },
    {
        "sample_id": 7204,
        "gold_sql": "SELECT count(*) FROM FLIGHTS AS T1 JOIN AIRPORTS AS T2 ON T1.DestAirport  =  T2.AirportCode JOIN AIRPORTS AS T3 ON T1.SourceAirport  =  T3.AirportCode WHERE T2.City  =  \"Ashley\" AND T3.City  =  \"Aberdeen\"",
        "gold_complexity": 8,
        "vt": "SELECT COUNT(*) FROM flights JOIN AIRPORTS AS T2 ON T1.DestAirport = T2.AirportCode JOIN AIRPORTS AS T3 ON T1.SourceAirport = T3.AirportCode WHERE airports.city = None.\"ashley\" AND airports.city = None.\"aberdeen\"",
        "ba": "The virtual table counts the number of flights from the 'flights' table, joining it with the 'airports' table twice to get information about both the source and destination airports. It filters the results based on the cities associated with the airports, specifically looking for flights that either depart from or arrive at airports located in specified cities."
    },
    {
        "sample_id": 7179,
        "gold_sql": "SELECT AirportCode ,  AirportName FROM AIRPORTS WHERE city  =  \"Anthony\"",
        "gold_complexity": 8,
        "vt": "SELECT airports.airportcode, airports.airportname FROM airports WHERE airports.city = None.\"anthony\"",
        "ba": "The virtual table describes the airport code and name of airports located in a specific city from the 'airports' table. The placeholder in the WHERE clause represents the unique identifier for the city."
    },
    {
        "sample_id": 7192,
        "gold_sql": "SELECT AirportName FROM AIRPORTS WHERE AirportCode  =  \"AKO\"",
        "gold_complexity": 6,
        "vt": "SELECT airports.airportname FROM airports WHERE airports.airportcode = None.\"ako\"",
        "ba": "The virtual table describes the full name of an airport from the 'airports' table based on a specific airport code. The placeholder in the WHERE clause represents the unique code assigned to the airport."
    },
    {
        "sample_id": 7197,
        "gold_sql": "SELECT count(*) FROM FLIGHTS WHERE SourceAirport  =  \"APG\"",
        "gold_complexity": 6,
        "vt": "SELECT COUNT(*) FROM flights WHERE flights.sourceairport = None.\"apg\"",
        "ba": "The virtual table counts the number of flights departing from a specific airport identified by its code. The placeholder in the WHERE clause represents the airport code from which the flights are sourced."
    },
    {
        "sample_id": 7188,
        "gold_sql": "SELECT count(*) FROM AIRLINES WHERE Country  =  \"USA\"",
        "gold_complexity": 6,
        "vt": "SELECT COUNT(*) FROM airlines WHERE airlines.country = None.\"usa\"",
        "ba": "The virtual table counts the number of airlines based in a specific country from the 'airlines' table. The placeholder in the WHERE clause represents the country name."
    },
    {
        "sample_id": 7220,
        "gold_sql": "SELECT T1.AirportCode FROM AIRPORTS AS T1 JOIN FLIGHTS AS T2 ON T1.AirportCode  =  T2.DestAirport OR T1.AirportCode  =  T2.SourceAirport GROUP BY T1.AirportCode ORDER BY count(*) LIMIT 1",
        "gold_complexity": 10,
        "vt": "SELECT airports.airportcode FROM airports JOIN FLIGHTS AS T2 ON T1.AirportCode = T2.DestAirport OR T1.AirportCode = T2.SourceAirport GROUP BY airports.airportcode ORDER BY COUNT(*) LIMIT [placeholder-type:numeric]",
        "ba": "The virtual table lists unique airport codes from the 'airports' table that are either source or destination airports for flights. The results are grouped by airport code and ordered by the number of flights associated with each airport, limited to a specified number of results."
    },
    {
        "sample_id": 7200,
        "gold_sql": "SELECT count(*) FROM FLIGHTS AS T1 JOIN AIRPORTS AS T2 ON T1.SourceAirport  =  T2.AirportCode WHERE T2.City  =  \"Aberdeen\"",
        "gold_complexity": 7,
        "vt": "SELECT COUNT(*) FROM flights JOIN AIRPORTS AS T2 ON T1.SourceAirport = T2.AirportCode WHERE airports.city = None.\"aberdeen\"",
        "ba": "The virtual table counts the number of flights departing from a specific airport located in a city, which is identified by its name. It joins the 'flights' table with the 'airports' table to filter the results based on the city of the airport."
    },
    {
        "sample_id": 7229,
        "gold_sql": "SELECT T1.Airline FROM AIRLINES AS T1 JOIN FLIGHTS AS T2 ON T1.uid  =  T2.Airline WHERE T2.DestAirport  =  \"AHD\"",
        "gold_complexity": 7,
        "vt": "SELECT airlines.airline FROM airlines JOIN FLIGHTS AS T2 ON T1.uid = T2.Airline WHERE flights.destairport = None.\"ahd\"",
        "ba": "The virtual table describes the names of airlines from the 'airlines' table that operate flights arriving at a specific airport. The placeholder in the WHERE clause represents the airport code for the destination."
    },
    {
        "sample_id": 7212,
        "gold_sql": "SELECT count(*) FROM FLIGHTS AS T1 JOIN AIRPORTS AS T2 ON T1.DestAirport  =  T2.AirportCode JOIN AIRLINES AS T3 ON T3.uid  =  T1.Airline WHERE T2.City  =  \"Aberdeen\" AND T3.Airline  =  \"United Airlines\"",
        "gold_complexity": 9,
        "vt": "SELECT COUNT(*) FROM flights JOIN AIRPORTS AS T2 ON T1.DestAirport = T2.AirportCode JOIN AIRLINES AS T3 ON T3.uid = T1.Airline WHERE airports.city = None.\"aberdeen\" AND airlines.airline = None.\"united airlines\"",
        "ba": "The virtual table counts the number of flights operated by a specific airline that arrive at a particular airport located in a specified city. It joins the 'flights' table with the 'airports' table to filter by the destination airport's city and with the 'airlines' table to filter by the airline's name."
    },
    {
        "sample_id": 7180,
        "gold_sql": "SELECT count(*) FROM AIRLINES",
        "gold_complexity": 4,
        "vt": "SELECT COUNT(*) FROM airlines",
        "ba": "The virtual table provides a count of all airlines listed in the 'airlines' table."
    },
    {
        "sample_id": 7216,
        "gold_sql": "SELECT T1.City FROM AIRPORTS AS T1 JOIN FLIGHTS AS T2 ON T1.AirportCode  =  T2.SourceAirport GROUP BY T1.City ORDER BY count(*) DESC LIMIT 1",
        "gold_complexity": 10,
        "vt": "SELECT airports.city FROM airports JOIN FLIGHTS AS T2 ON T1.AirportCode = T2.SourceAirport GROUP BY airports.city ORDER BY COUNT(*) LIMIT [placeholder-type:numeric]",
        "ba": "The virtual table retrieves a list of cities from the 'airports' table where flights are departing from, grouped by city and ordered by the number of flights, with a limit on the number of results returned."
    },
    {
        "sample_id": 7251,
        "gold_sql": "SELECT AirportName FROM Airports WHERE AirportCode NOT IN (SELECT SourceAirport FROM Flights UNION SELECT DestAirport FROM Flights)",
        "gold_complexity": 13,
        "vt": "SELECT airports.airportname FROM airports WHERE NOT airports.airportcode IN (SELECT flights.sourceairport FROM flights UNION SELECT flights.destairport FROM flights)",
        "ba": "The virtual table lists the names of airports that do not serve as departure or arrival points for any flights. It filters out airports based on their codes, ensuring that only those airports without any associated flights are included."
    },
    {
        "sample_id": 7246,
        "gold_sql": "SELECT T1.FlightNo FROM FLIGHTS AS T1 JOIN AIRPORTS AS T2 ON T1.DestAirport   =  T2.AirportCode WHERE T2.City  =  \"Aberdeen\"",
        "gold_complexity": 7,
        "vt": "SELECT flights.flightno FROM flights JOIN AIRPORTS AS T2 ON T1.DestAirport = T2.AirportCode WHERE airports.city = None.\"aberdeen\"",
        "ba": "The virtual table retrieves the flight numbers from the 'flights' table for flights arriving at airports located in a specific city. The query joins the 'flights' table with the 'airports' table to filter based on the city name, using a placeholder for the city."
    },
    {
        "sample_id": 7245,
        "gold_sql": "SELECT T1.FlightNo FROM FLIGHTS AS T1 JOIN AIRPORTS AS T2 ON T1.SourceAirport   =  T2.AirportCode WHERE T2.City  =  \"Aberdeen\"",
        "gold_complexity": 7,
        "vt": "SELECT flights.flightno FROM flights JOIN AIRPORTS AS T2 ON T1.SourceAirport = T2.AirportCode WHERE airports.city = None.\"aberdeen\"",
        "ba": "The virtual table retrieves the flight numbers from the 'flights' table for flights departing from a specific airport located in the city of Aberdeen. It joins the 'flights' table with the 'airports' table to filter based on the airport's city."
    },
    {
        "sample_id": 7186,
        "gold_sql": "SELECT Airline FROM AIRLINES WHERE Abbreviation  =  \"UAL\"",
        "gold_complexity": 6,
        "vt": "SELECT airlines.airline FROM airlines WHERE airlines.abbreviation = None.\"ual\"",
        "ba": "The virtual table describes the name of an airline from the 'airlines' table based on its abbreviation. The placeholder in the WHERE clause represents the abbreviation of the airline."
    },
    {
        "sample_id": 7182,
        "gold_sql": "SELECT count(*) FROM AIRPORTS",
        "gold_complexity": 4,
        "vt": "SELECT COUNT(*) FROM airports",
        "ba": "The virtual table provides a count of all airports listed in the 'airports' table."
    },
    {
        "sample_id": 7176,
        "gold_sql": "SELECT Airline ,  Abbreviation FROM AIRLINES WHERE Country  =  \"USA\"",
        "gold_complexity": 8,
        "vt": "SELECT airlines.airline, airlines.abbreviation FROM airlines WHERE airlines.country = None.\"usa\"",
        "ba": "The virtual table describes the names and abbreviations of airlines from the 'airlines' table that are based in a specific country. The placeholder in the WHERE clause represents the country's name."
    },
    {
        "sample_id": 7227,
        "gold_sql": "SELECT T1.Airline FROM AIRLINES AS T1 JOIN FLIGHTS AS T2 ON T1.uid  =  T2.Airline WHERE T2.SourceAirport  =  \"AHD\"",
        "gold_complexity": 7,
        "vt": "SELECT airlines.airline FROM airlines JOIN FLIGHTS AS T2 ON T1.uid = T2.Airline WHERE flights.sourceairport = None.\"ahd\"",
        "ba": "The virtual table describes the names of airlines from the 'airlines' table that operate flights departing from a specific airport. The placeholder in the WHERE clause represents the airport code from which the flight is departing."
    },
    {
        "sample_id": 7208,
        "gold_sql": "SELECT count(*) FROM AIRLINES AS T1 JOIN FLIGHTS AS T2 ON T2.Airline  =  T1.uid WHERE T1.Airline  =  \"United Airlines\" AND T2.DestAirport  =  \"ASY\"",
        "gold_complexity": 8,
        "vt": "SELECT COUNT(*) FROM airlines JOIN FLIGHTS AS T2 ON T2.Airline = T1.uid WHERE airlines.airline = None.\"united airlines\" AND flights.destairport = None.\"asy\"",
        "ba": "The virtual table counts the number of flights operated by a specific airline to a specific destination. It joins the 'airlines' table with the 'flights' table based on the airline's unique identifier and filters the results for a particular airline and destination airport."
    },
    {
        "sample_id": 7214,
        "gold_sql": "SELECT T1.City FROM AIRPORTS AS T1 JOIN FLIGHTS AS T2 ON T1.AirportCode  =  T2.DestAirport GROUP BY T1.City ORDER BY count(*) DESC LIMIT 1",
        "gold_complexity": 10,
        "vt": "SELECT airports.city FROM airports JOIN FLIGHTS AS T2 ON T1.AirportCode = T2.DestAirport GROUP BY airports.city ORDER BY COUNT(*) LIMIT [placeholder-type:numeric]",
        "ba": "The virtual table lists the unique cities from the 'airports' table where flights arrive, grouped by city and ordered by the number of flights arriving at each city. The placeholder in the LIMIT clause allows for specifying the maximum number of cities to return."
    },
    {
        "sample_id": 7198,
        "gold_sql": "SELECT count(*) FROM FLIGHTS WHERE DestAirport  =  \"ATO\"",
        "gold_complexity": 6,
        "vt": "SELECT COUNT(*) FROM flights WHERE flights.destairport = None.\"ato\"",
        "ba": "The virtual table counts the number of flights arriving at a specific airport identified by its code. The placeholder in the WHERE clause represents the airport code for which the count of flights is being queried."
    },
    {
        "sample_id": 7248,
        "gold_sql": "SELECT count(*) FROM Flights AS T1 JOIN Airports AS T2 ON T1.DestAirport  =  T2.AirportCode WHERE T2.city  =  \"Aberdeen\" OR T2.city  =  \"Abilene\"",
        "gold_complexity": 8,
        "vt": "SELECT COUNT(*) FROM flights JOIN Airports AS T2 ON T1.DestAirport = T2.AirportCode WHERE airports.city = None.\"aberdeen\" OR airports.city = None.\"abilene\"",
        "ba": "The virtual table counts the number of flights that either depart from or arrive at specific airports located in the cities of Aberdeen or Abilene. It joins the 'flights' table with the 'airports' table to filter the results based on the city names."
    }
]