[
    {
        "sample_id": 3344,
        "gold_sql": "SELECT name FROM club ORDER BY Start_year ASC",
        "gold_complexity": 6,
        "vt": "SELECT club.name FROM club ORDER BY club.start_year",
        "ba": "The virtual table lists the names of clubs from the 'club' table, ordered by the year they were established."
    },
    {
        "sample_id": 3359,
        "gold_sql": "SELECT Competition_type ,  COUNT(*) FROM competition GROUP BY Competition_type",
        "gold_complexity": 8,
        "vt": "SELECT competition.competition_type, COUNT(*) FROM competition GROUP BY competition.competition_type",
        "ba": "The virtual table summarizes the number of competitions by their type from the 'competition' table. It groups the results by the 'competition_type' to provide a count of how many competitions fall under each type."
    },
    {
        "sample_id": 3347,
        "gold_sql": "SELECT name FROM club ORDER BY name DESC",
        "gold_complexity": 6,
        "vt": "SELECT club.name FROM club ORDER BY club.name",
        "ba": "The virtual table lists the names of all clubs from the 'club' table, sorted in alphabetical order."
    },
    {
        "sample_id": 3332,
        "gold_sql": "SELECT DISTINCT Region FROM club ORDER BY Region ASC",
        "gold_complexity": 7,
        "vt": "SELECT DISTINCT club.region FROM club ORDER BY club.region",
        "ba": "The virtual table lists the unique geographical regions where clubs are located, sorted in order of the region names."
    },
    {
        "sample_id": 3377,
        "gold_sql": "SELECT country FROM competition WHERE competition_type  =  'Tournament' GROUP BY country ORDER BY count(*) DESC LIMIT 1",
        "gold_complexity": 11,
        "vt": "SELECT competition.country FROM competition WHERE competition.competition_type = '[placeholder-type:string]' GROUP BY competition.country ORDER BY COUNT(*) LIMIT [placeholder-type:numeric]",
        "ba": "The virtual table retrieves the countries where competitions of a specific type were held, grouping the results by country and ordering them by the number of competitions in descending order. The placeholders allow users to specify the type of competition and limit the number of results returned."
    },
    {
        "sample_id": 3335,
        "gold_sql": "SELECT avg(Gold) FROM club_rank",
        "gold_complexity": 4,
        "vt": "SELECT AVG(club_rank.gold) FROM club_rank",
        "ba": "The virtual table calculates the average number of gold medals won by clubs from the 'club_rank' table. This provides insight into the overall performance of clubs in terms of their gold medal achievements."
    },
    {
        "sample_id": 3364,
        "gold_sql": "SELECT name FROM CLub WHERE Club_ID NOT IN (SELECT Club_ID FROM player)",
        "gold_complexity": 10,
        "vt": "SELECT club.name FROM club WHERE NOT club.club_id IN (SELECT club.club_id FROM player)",
        "ba": "The virtual table lists the names of clubs from the 'club' table that do not have any associated players in the 'player' table. The subquery identifies all club IDs that have players, and the main query filters out these clubs from the results."
    },
    {
        "sample_id": 3375,
        "gold_sql": "SELECT count(*) ,  POSITION FROM player WHERE points  <  30 GROUP BY POSITION",
        "gold_complexity": 10,
        "vt": "SELECT COUNT(*), player.position FROM player WHERE player.points < [placeholder-type:numeric] GROUP BY player.position",
        "ba": "The virtual table counts the number of players grouped by their playing position from the 'player' table, where the total points scored by the players are less than a specified value. The placeholder in the WHERE clause represents the threshold for points."
    },
    {
        "sample_id": 3339,
        "gold_sql": "SELECT DISTINCT YEAR FROM competition WHERE Competition_type != \"Tournament\"",
        "gold_complexity": 7,
        "vt": "SELECT DISTINCT competition.year FROM competition WHERE competition.competition_type <> None.\"tournament\"",
        "ba": "The virtual table lists the distinct years in which competitions were held, excluding those that are classified as tournaments. The placeholder in the WHERE clause indicates that only non-tournament competition types should be considered."
    },
    {
        "sample_id": 3331,
        "gold_sql": "SELECT count(*) FROM club",
        "gold_complexity": 4,
        "vt": "SELECT COUNT(*) FROM club",
        "ba": "The virtual table counts the total number of clubs present in the 'club' table."
    },
    {
        "sample_id": 3333,
        "gold_sql": "SELECT DISTINCT Region FROM club ORDER BY Region ASC",
        "gold_complexity": 7,
        "vt": "SELECT DISTINCT club.region FROM club ORDER BY club.region",
        "ba": "The virtual table lists the unique geographical regions where clubs are located, sorted in order of the region names."
    },
    {
        "sample_id": 3351,
        "gold_sql": "SELECT T1.name FROM club AS T1 JOIN player AS T2 ON T1.Club_ID  =  T2.Club_ID WHERE T2.Position  =  \"Right Wing\"",
        "gold_complexity": 7,
        "vt": "SELECT club.name FROM club JOIN player AS T2 ON T1.Club_ID = T2.Club_ID WHERE player.position = None.\"right wing\"",
        "ba": "The virtual table lists the names of clubs from the 'club' table that have players in a specific position. The query joins the 'club' table with the 'player' table to filter clubs based on the player's position, which is specified using a placeholder."
    },
    {
        "sample_id": 3352,
        "gold_sql": "SELECT avg(T2.Points) FROM club AS T1 JOIN player AS T2 ON T1.Club_ID  =  T2.Club_ID WHERE T1.name  =  \"AIB\"",
        "gold_complexity": 7,
        "vt": "SELECT AVG(player.points) FROM club JOIN player AS T2 ON T1.Club_ID = T2.Club_ID WHERE club.name = None.\"aib\"",
        "ba": "The virtual table calculates the average points scored by players from a specific club. It joins the 'club' table with the 'player' table based on the club identifier, filtering for a particular club name."
    },
    {
        "sample_id": 3355,
        "gold_sql": "SELECT POSITION ,  avg(Points) FROM player GROUP BY POSITION",
        "gold_complexity": 8,
        "vt": "SELECT player.position, AVG(player.points) FROM player GROUP BY player.position",
        "ba": "The virtual table provides the average points scored by players, categorized by their playing positions. It aggregates data from the 'player' table, grouping the results based on the 'position' column and calculating the average of the 'points' column for each position."
    },
    {
        "sample_id": 3379,
        "gold_sql": "SELECT country FROM competition WHERE competition_type  =  'Friendly' INTERSECT SELECT country FROM competition WHERE competition_type  =  'Tournament'",
        "gold_complexity": 7,
        "vt": "SELECT country FROM competition WHERE competition_type = 'Friendly' INTERSECT SELECT country FROM competition WHERE competition_type = 'Tournament'",
        "ba": "The virtual table identifies countries that have hosted both friendly matches and tournaments. It does this by selecting the country from the 'competition' table where the competition type is 'Friendly' and intersecting it with the selection of countries where the competition type is 'Tournament'."
    },
    {
        "sample_id": 3349,
        "gold_sql": "SELECT T1.name ,  T2.Player_id FROM club AS T1 JOIN player AS T2 ON T1.Club_ID  =  T2.Club_ID",
        "gold_complexity": 7,
        "vt": "SELECT club.name, player.player_id FROM club JOIN player AS T2 ON T1.Club_ID = T2.Club_ID",
        "ba": "The virtual table describes the names of clubs along with the unique identifiers of players associated with those clubs. It retrieves data from the 'club' table and joins it with the 'player' table based on the club's identifier."
    },
    {
        "sample_id": 3343,
        "gold_sql": "SELECT count(*) FROM club_rank WHERE Total  <  10",
        "gold_complexity": 6,
        "vt": "SELECT COUNT(*) FROM club_rank WHERE club_rank.total < [placeholder-type:numeric]",
        "ba": "The virtual table counts the number of clubs from the 'club_rank' table that have a total medal count less than a specified value. The placeholder in the WHERE clause represents the numeric threshold for total medals."
    },
    {
        "sample_id": 3356,
        "gold_sql": "SELECT POSITION FROM player GROUP BY name HAVING avg(Points)  >=  20",
        "gold_complexity": 8,
        "vt": "SELECT player.position FROM player GROUP BY player.name HAVING AVG(player.points) >= [placeholder-type:numeric]",
        "ba": "The virtual table retrieves the playing positions of players from the 'player' table who have an average score of points greater than or equal to a specified numeric value. The query groups the results by player names to calculate the average points for each player."
    },
    {
        "sample_id": 3334,
        "gold_sql": "SELECT avg(Gold) FROM club_rank",
        "gold_complexity": 4,
        "vt": "SELECT AVG(club_rank.gold) FROM club_rank",
        "ba": "The virtual table calculates the average number of gold medals won by clubs from the 'club_rank' table."
    },
    {
        "sample_id": 3336,
        "gold_sql": "SELECT Competition_type ,  Country FROM competition",
        "gold_complexity": 6,
        "vt": "SELECT competition.competition_type, competition.country FROM competition",
        "ba": "The virtual table describes the types of competitions and the countries where they are held from the 'competition' table."
    },
    {
        "sample_id": 3354,
        "gold_sql": "SELECT POSITION ,  avg(Points) FROM player GROUP BY POSITION",
        "gold_complexity": 8,
        "vt": "SELECT player.position, AVG(player.points) FROM player GROUP BY player.position",
        "ba": "The virtual table provides the average points scored by players, categorized by their playing positions. It aggregates data from the 'player' table, grouping the results based on the 'position' column and calculating the average of the 'points' column for each position."
    },
    {
        "sample_id": 3362,
        "gold_sql": "SELECT Competition_type FROM competition GROUP BY Competition_type HAVING COUNT(*)  <=  5",
        "gold_complexity": 8,
        "vt": "SELECT competition.competition_type FROM competition GROUP BY competition.competition_type HAVING COUNT(*) <= [placeholder-type:numeric]",
        "ba": "The virtual table lists the types of competitions from the 'competition' table that have a count of occurrences less than or equal to a specified number. The placeholder in the HAVING clause represents the maximum count of competitions for each type."
    },
    {
        "sample_id": 3345,
        "gold_sql": "SELECT name FROM club ORDER BY Start_year ASC",
        "gold_complexity": 6,
        "vt": "SELECT club.name FROM club ORDER BY club.start_year",
        "ba": "The virtual table lists the names of clubs from the 'club' table, ordered by the year they were established."
    },
    {
        "sample_id": 3358,
        "gold_sql": "SELECT Competition_type ,  COUNT(*) FROM competition GROUP BY Competition_type",
        "gold_complexity": 8,
        "vt": "SELECT competition.competition_type, COUNT(*) FROM competition GROUP BY competition.competition_type",
        "ba": "The virtual table summarizes the number of competitions by their type from the 'competition' table. It groups the results based on the 'competition_type' to provide a count of how many competitions fall under each type."
    },
    {
        "sample_id": 3363,
        "gold_sql": "SELECT Competition_type FROM competition GROUP BY Competition_type HAVING COUNT(*)  <=  5",
        "gold_complexity": 8,
        "vt": "SELECT competition.competition_type FROM competition GROUP BY competition.competition_type HAVING COUNT(*) <= [placeholder-type:numeric]",
        "ba": "The virtual table lists the types of competitions from the 'competition' table that have a count of occurrences less than or equal to a specified number. The placeholder in the HAVING clause represents the maximum count of competitions for each type."
    },
    {
        "sample_id": 3369,
        "gold_sql": "SELECT sum(Points) FROM player",
        "gold_complexity": 4,
        "vt": "SELECT SUM(player.points) FROM player",
        "ba": "The virtual table calculates the total points scored by all players from the 'player' table. The query uses the SUM function to aggregate the 'points' column, which represents the total points scored by each player."
    },
    {
        "sample_id": 3357,
        "gold_sql": "SELECT POSITION FROM player GROUP BY name HAVING avg(Points)  >=  20",
        "gold_complexity": 8,
        "vt": "SELECT player.position FROM player GROUP BY player.name HAVING AVG(player.points) >= [placeholder-type:numeric]",
        "ba": "The virtual table retrieves the playing positions of players from the 'player' table who have an average score of points greater than or equal to a specified numeric value. The results are grouped by player names to ensure that the average is calculated for each individual player."
    },
    {
        "sample_id": 3361,
        "gold_sql": "SELECT Competition_type FROM competition GROUP BY Competition_type ORDER BY COUNT(*) DESC LIMIT 1",
        "gold_complexity": 9,
        "vt": "SELECT competition.competition_type FROM competition GROUP BY competition.competition_type ORDER BY COUNT(*) LIMIT [placeholder-type:numeric]",
        "ba": "The virtual table provides a list of distinct competition types from the 'competition' table, grouped by their type and ordered by the count of occurrences. The placeholder in the LIMIT clause allows the user to specify the maximum number of competition types to retrieve."
    },
    {
        "sample_id": 3360,
        "gold_sql": "SELECT Competition_type FROM competition GROUP BY Competition_type ORDER BY COUNT(*) DESC LIMIT 1",
        "gold_complexity": 9,
        "vt": "SELECT competition.competition_type FROM competition GROUP BY competition.competition_type ORDER BY COUNT(*) LIMIT [placeholder-type:numeric]",
        "ba": "The virtual table provides a list of unique competition types from the 'competition' table, grouped by their type and ordered by the count of occurrences. The placeholder in the LIMIT clause allows the user to specify the maximum number of competition types to retrieve."
    },
    {
        "sample_id": 3365,
        "gold_sql": "SELECT name FROM CLub WHERE Club_ID NOT IN (SELECT Club_ID FROM player)",
        "gold_complexity": 10,
        "vt": "SELECT club.name FROM club WHERE NOT club.club_id IN (SELECT club.club_id FROM player)",
        "ba": "The virtual table lists the names of clubs from the 'club' table that do not have any associated players in the 'player' table. The subquery checks for club IDs in the 'player' table, and the main query filters out those clubs from the results."
    },
    {
        "sample_id": 3341,
        "gold_sql": "SELECT max(Silver) ,  min(Silver) FROM club_rank",
        "gold_complexity": 5,
        "vt": "SELECT MAX(club_rank.silver), MIN(club_rank.silver) FROM club_rank",
        "ba": "The virtual table provides the maximum and minimum number of silver medals won by clubs from the 'club_rank' table. The placeholders represent the aggregated values of silver medals across all clubs."
    }
]