[
    {
        "sample_id": 7029,
        "gold_sql": "SELECT T2.name ,  count(*) FROM singer_in_concert AS T1 JOIN singer AS T2 ON T1.singer_id  =  T2.singer_id GROUP BY T2.singer_id",
        "gold_complexity": 9,
        "vt": "SELECT singer.name, COUNT(*) FROM singer_in_concert JOIN singer AS T2 ON T1.singer_id = T2.singer_id GROUP BY singer.singer_id",
        "ba": "The virtual table provides a count of performances by each singer from the 'singer' table who has participated in concerts. It joins the 'singer_in_concert' table to link singers with their respective concerts, and groups the results by each singer's unique identifier to aggregate the number of performances."
    },
    {
        "sample_id": 7028,
        "gold_sql": "SELECT T2.name ,  count(*) FROM singer_in_concert AS T1 JOIN singer AS T2 ON T1.singer_id  =  T2.singer_id GROUP BY T2.singer_id",
        "gold_complexity": 9,
        "vt": "SELECT singer.name, COUNT(*) FROM singer_in_concert JOIN singer AS T2 ON T1.singer_id = T2.singer_id GROUP BY singer.singer_id",
        "ba": "The virtual table provides a count of performances by each singer from the 'singer' table who has participated in concerts. It joins the 'singer_in_concert' table with the 'singer' table to associate singers with their respective performances, grouping the results by each singer's unique identifier."
    },
    {
        "sample_id": 7027,
        "gold_sql": "select t2.concert_name ,  t2.theme ,  count(*) from singer_in_concert as t1 join concert as t2 on t1.concert_id  =  t2.concert_id group by t2.concert_id",
        "gold_complexity": 11,
        "vt": "SELECT concert.concert_name, concert.theme, COUNT(*) FROM singer_in_concert JOIN concert AS t2 ON t1.concert_id = t2.concert_id GROUP BY concert.concert_id",
        "ba": "The virtual table summarizes concert events by displaying the concert name, theme, and the total number of singers performing in each concert. It aggregates data from the 'singer_in_concert' table, joining it with the 'concert' table to link singers to their respective concerts. The results are grouped by concert ID to count the number of singers for each concert."
    },
    {
        "sample_id": 7008,
        "gold_sql": "SELECT LOCATION ,  name FROM stadium WHERE capacity BETWEEN 5000 AND 10000",
        "gold_complexity": 8,
        "vt": "SELECT stadium.location, stadium.name FROM stadium WHERE stadium.capacity BETWEEN [placeholder-type:numeric] AND [placeholder-type:numeric]",
        "ba": "The virtual table describes the locations and names of stadiums from the 'stadium' table that have a capacity within a specified range. The placeholders in the WHERE clause represent the minimum and maximum capacity values."
    },
    {
        "sample_id": 6997,
        "gold_sql": "SELECT avg(age) ,  min(age) ,  max(age) FROM singer WHERE country  =  'France'",
        "gold_complexity": 8,
        "vt": "SELECT AVG(singer.age), MIN(singer.age), MAX(singer.age) FROM singer WHERE singer.country = '[placeholder-type:string]'",
        "ba": "The virtual table provides the average, minimum, and maximum ages of singers from a specific country. The placeholder in the WHERE clause represents the country of origin of the singers."
    },
    {
        "sample_id": 7005,
        "gold_sql": "SELECT song_name FROM singer WHERE age  >  (SELECT avg(age) FROM singer)",
        "gold_complexity": 9,
        "vt": "SELECT singer.song_name FROM singer WHERE singer.age > (SELECT AVG(singer.age) FROM singer)",
        "ba": "The virtual table retrieves the titles of songs performed by singers who are older than the average age of all singers in the database. The query uses a subquery to calculate the average age of singers and filters the results accordingly."
    },
    {
        "sample_id": 7016,
        "gold_sql": "SELECT T2.name ,  count(*) FROM concert AS T1 JOIN stadium AS T2 ON T1.stadium_id  =  T2.stadium_id GROUP BY T1.stadium_id",
        "gold_complexity": 9,
        "vt": "SELECT stadium.name, COUNT(*) FROM concert JOIN stadium AS T2 ON T1.stadium_id = T2.stadium_id GROUP BY concert.stadium_id",
        "ba": "The virtual table provides a count of concerts held at each stadium, displaying the name of the stadium alongside the total number of concerts. The query joins the 'concert' table with the 'stadium' table to associate each concert with its respective stadium, and groups the results by stadium to aggregate the concert counts."
    },
    {
        "sample_id": 7018,
        "gold_sql": "select t2.name ,  t2.capacity from concert as t1 join stadium as t2 on t1.stadium_id  =  t2.stadium_id where t1.year  >  2013 group by t2.stadium_id order by count(*) desc limit 1",
        "gold_complexity": 14,
        "vt": "SELECT stadium.name, stadium.capacity FROM concert JOIN stadium AS t2 ON t1.stadium_id = t2.stadium_id WHERE concert.year > [placeholder-type:numeric] GROUP BY stadium.stadium_id ORDER BY COUNT(*) LIMIT [placeholder-type:numeric]",
        "ba": "The virtual table describes the names and capacities of stadiums that hosted concerts in a specific year or later. The query joins the 'concert' and 'stadium' tables to filter concerts based on the year, grouping the results by stadium to count the number of concerts held at each stadium. The placeholders represent the year and the limit on the number of results returned."
    },
    {
        "sample_id": 7014,
        "gold_sql": "SELECT count(*) FROM concert WHERE YEAR  =  2014 OR YEAR  =  2015",
        "gold_complexity": 6,
        "vt": "SELECT COUNT(*) FROM concert WHERE concert.year = [placeholder-type:numeric] OR concert.year = [placeholder-type:numeric]",
        "ba": "The virtual table counts the number of concerts held in specific years from the 'concert' table. The placeholders represent the years for which the concert count is being queried."
    },
    {
        "sample_id": 7017,
        "gold_sql": "SELECT T2.name ,  T2.capacity FROM concert AS T1 JOIN stadium AS T2 ON T1.stadium_id  =  T2.stadium_id WHERE T1.year  >=  2014 GROUP BY T2.stadium_id ORDER BY count(*) DESC LIMIT 1",
        "gold_complexity": 14,
        "vt": "SELECT stadium.name, stadium.capacity FROM concert JOIN stadium AS T2 ON T1.stadium_id = T2.stadium_id WHERE concert.year >= [placeholder-type:numeric] GROUP BY stadium.stadium_id ORDER BY COUNT(*) LIMIT [placeholder-type:numeric]",
        "ba": "The virtual table describes the names and capacities of stadiums that host concerts, filtered by the year of the concert. The placeholders represent the minimum year of the concert and the limit on the number of results returned."
    },
    {
        "sample_id": 7032,
        "gold_sql": "SELECT name ,  country FROM singer WHERE song_name LIKE '%Hey%'",
        "gold_complexity": 8,
        "vt": "SELECT singer.name, singer.country FROM singer WHERE singer.song_name LIKE '[placeholder-type:string]'",
        "ba": "The virtual table describes the names and countries of singers from the 'singer' table who have performed a specific song. The placeholder in the WHERE clause represents the title of the song being searched for."
    },
    {
        "sample_id": 7003,
        "gold_sql": "SELECT country ,  count(*) FROM singer GROUP BY country",
        "gold_complexity": 8,
        "vt": "SELECT singer.country, COUNT(*) FROM singer GROUP BY singer.country",
        "ba": "The virtual table summarizes the number of singers from each country by grouping the data from the 'singer' table based on the 'country' column. The result will show the country of origin and the count of singers associated with each country."
    },
    {
        "sample_id": 7001,
        "gold_sql": "SELECT DISTINCT country FROM singer WHERE age  >  20",
        "gold_complexity": 7,
        "vt": "SELECT DISTINCT singer.country FROM singer WHERE singer.age > [placeholder-type:numeric]",
        "ba": "The virtual table lists the distinct countries of singers from the 'singer' table who are older than a specified age. The placeholder in the WHERE clause represents the age threshold."
    },
    {
        "sample_id": 7000,
        "gold_sql": "SELECT song_name ,  song_release_year FROM singer ORDER BY age LIMIT 1",
        "gold_complexity": 9,
        "vt": "SELECT singer.song_name, singer.song_release_year FROM singer ORDER BY singer.age LIMIT [placeholder-type:numeric]",
        "ba": "The virtual table lists the song names and their release years from the 'singer' table, ordered by the age of the singers. The placeholder in the LIMIT clause allows for specifying the maximum number of records to return."
    },
    {
        "sample_id": 7004,
        "gold_sql": "SELECT country ,  count(*) FROM singer GROUP BY country",
        "gold_complexity": 8,
        "vt": "SELECT singer.country, COUNT(*) FROM singer GROUP BY singer.country",
        "ba": "The virtual table summarizes the number of singers from each country by grouping the data from the 'singer' table based on the 'country' column. The result will show each country alongside the count of singers originating from that country."
    },
    {
        "sample_id": 7030,
        "gold_sql": "SELECT T2.name FROM singer_in_concert AS T1 JOIN singer AS T2 ON T1.singer_id  =  T2.singer_id JOIN concert AS T3 ON T1.concert_id  =  T3.concert_id WHERE T3.year  =  2014",
        "gold_complexity": 8,
        "vt": "SELECT singer.name FROM singer_in_concert JOIN singer AS T2 ON T1.singer_id = T2.singer_id JOIN concert AS T3 ON T1.concert_id = T3.concert_id WHERE concert.year = [placeholder-type:numeric]",
        "ba": "The virtual table describes the names of singers who performed in concerts held in a specific year. It combines data from the 'singer_in_concert', 'singer', and 'concert' tables, filtering the results based on the year of the concert."
    },
    {
        "sample_id": 7022,
        "gold_sql": "SELECT name FROM stadium WHERE stadium_id NOT IN (SELECT stadium_id FROM concert)",
        "gold_complexity": 10,
        "vt": "SELECT stadium.name FROM stadium WHERE NOT stadium.stadium_id IN (SELECT stadium.stadium_id FROM concert)",
        "ba": "The virtual table lists the names of stadiums from the 'stadium' table that are not associated with any concert events. The subquery identifies stadiums that have hosted concerts, and the main query filters out these stadiums to show only those that have not been used for concerts."
    },
    {
        "sample_id": 7007,
        "gold_sql": "SELECT LOCATION ,  name FROM stadium WHERE capacity BETWEEN 5000 AND 10000",
        "gold_complexity": 8,
        "vt": "SELECT stadium.location, stadium.name FROM stadium WHERE stadium.capacity BETWEEN [placeholder-type:numeric] AND [placeholder-type:numeric]",
        "ba": "The virtual table describes the locations and names of stadiums from the 'stadium' table that have a capacity within a specified range. The placeholders in the WHERE clause represent the minimum and maximum capacity values."
    },
    {
        "sample_id": 7011,
        "gold_sql": "SELECT name ,  capacity FROM stadium ORDER BY average DESC LIMIT 1",
        "gold_complexity": 9,
        "vt": "SELECT stadium.name, stadium.capacity FROM stadium ORDER BY stadium.average LIMIT [placeholder-type:numeric]",
        "ba": "The virtual table describes the names and capacities of stadiums from the 'stadium' table, ordered by their average attendance. The placeholder in the LIMIT clause represents the maximum number of stadiums to display."
    },
    {
        "sample_id": 7019,
        "gold_sql": "SELECT YEAR FROM concert GROUP BY YEAR ORDER BY count(*) DESC LIMIT 1",
        "gold_complexity": 9,
        "vt": "SELECT concert.year FROM concert GROUP BY concert.year ORDER BY COUNT(*) LIMIT [placeholder-type:numeric]",
        "ba": "The virtual table provides a list of concert years from the 'concert' table, grouped by year and ordered by the number of concerts held in each year. The placeholder allows the user to specify a limit on the number of years returned."
    },
    {
        "sample_id": 7033,
        "gold_sql": "SELECT name ,  country FROM singer WHERE song_name LIKE '%Hey%'",
        "gold_complexity": 8,
        "vt": "SELECT singer.name, singer.country FROM singer WHERE singer.song_name LIKE '[placeholder-type:string]'",
        "ba": "The virtual table describes the names and countries of singers from the 'singer' table who have performed a specific song. The placeholder in the WHERE clause represents the title of the song being searched for."
    },
    {
        "sample_id": 7009,
        "gold_sql": "select max(capacity), average from stadium",
        "gold_complexity": 6,
        "vt": "SELECT MAX(stadium.capacity), stadium.average FROM stadium",
        "ba": "The virtual table provides the maximum capacity of stadiums along with their average attendance. The placeholder in the SELECT clause allows for the retrieval of these metrics from the 'stadium' table."
    },
    {
        "sample_id": 7013,
        "gold_sql": "SELECT count(*) FROM concert WHERE YEAR  =  2014 OR YEAR  =  2015",
        "gold_complexity": 6,
        "vt": "SELECT COUNT(*) FROM concert WHERE concert.year = [placeholder-type:numeric] OR concert.year = [placeholder-type:numeric]",
        "ba": "The virtual table counts the total number of concerts held in specific years from the 'concert' table. The placeholders represent the years for which the concert count is being queried."
    },
    {
        "sample_id": 6996,
        "gold_sql": "SELECT name ,  country ,  age FROM singer ORDER BY age DESC",
        "gold_complexity": 10,
        "vt": "SELECT singer.name, singer.country, singer.age FROM singer ORDER BY singer.age",
        "ba": "The virtual table lists the names, countries of origin, and current ages of singers from the 'singer' table, ordered by their age."
    },
    {
        "sample_id": 6994,
        "gold_sql": "SELECT count(*) FROM singer",
        "gold_complexity": 4,
        "vt": "SELECT COUNT(*) FROM singer",
        "ba": "The virtual table provides a count of all singers from the 'singer' table, which includes various attributes such as their unique identifier, name, country of origin, song title, release year, age, and gender indication."
    },
    {
        "sample_id": 7020,
        "gold_sql": "SELECT YEAR FROM concert GROUP BY YEAR ORDER BY count(*) DESC LIMIT 1",
        "gold_complexity": 9,
        "vt": "SELECT concert.year FROM concert GROUP BY concert.year ORDER BY COUNT(*) LIMIT [placeholder-type:numeric]",
        "ba": "The virtual table provides a list of concert years from the 'concert' table, grouped by year and ordered by the number of concerts held in each year. The placeholder allows the user to specify a limit on the number of years returned."
    },
    {
        "sample_id": 7002,
        "gold_sql": "SELECT DISTINCT country FROM singer WHERE age  >  20",
        "gold_complexity": 7,
        "vt": "SELECT DISTINCT singer.country FROM singer WHERE singer.age > [placeholder-type:numeric]",
        "ba": "The virtual table lists the distinct countries of singers from the 'singer' table who are older than a specified age. The placeholder in the WHERE clause represents the age threshold."
    }
]