[
    {
        "sample_id": 851,
        "gold_sql": "SELECT T2.City FROM CUSTOMER AS T1 JOIN EMPLOYEE AS T2 ON T1.SupportRepId  =  T2.EmployeeId WHERE T1.PostalCode  =  \"70174\"",
        "gold_complexity": 7,
        "vt": "SELECT employee.city FROM customer JOIN EMPLOYEE AS T2 ON T1.SupportRepId = T2.EmployeeId WHERE customer.postalcode = None.\"70174\"",
        "ba": "The virtual table describes the cities of customers from the 'customer' table who are assigned to a specific support representative from the 'employee' table. The placeholder in the WHERE clause represents the postal code of the customer."
    },
    {
        "sample_id": 843,
        "gold_sql": "SELECT AVG(UnitPrice) FROM GENRE AS T1 JOIN TRACK AS T2 ON T1.GenreId  =  T2.GenreId WHERE T1.Name  =  \"Jazz\"",
        "gold_complexity": 7,
        "vt": "SELECT AVG(track.unitprice) FROM genre JOIN TRACK AS T2 ON T1.GenreId = T2.GenreId WHERE genre.name = None.\"jazz\"",
        "ba": "The virtual table calculates the average unit price of tracks from the 'track' table that belong to a specific genre, in this case, 'jazz'. It joins the 'genre' table with the 'track' table based on the genre identifier to filter the tracks accordingly."
    },
    {
        "sample_id": 835,
        "gold_sql": "SELECT T1.Name FROM GENRE AS T1 JOIN TRACK AS T2 ON T1.GenreId  =  T2.GenreId GROUP BY T2.GenreId ORDER BY COUNT(*) DESC LIMIT 1",
        "gold_complexity": 10,
        "vt": "SELECT genre.name FROM genre JOIN TRACK AS T2 ON T1.GenreId = T2.GenreId GROUP BY track.genreid ORDER BY COUNT(*) LIMIT [placeholder-type:numeric]",
        "ba": "The virtual table lists the names of genres from the 'genre' table, joining with the 'track' table to count the number of tracks associated with each genre. The results are grouped by genre and ordered by the count of tracks, limiting the output to a specified number of genres."
    },
    {
        "sample_id": 876,
        "gold_sql": "SELECT T2.Name ,  T1.ArtistId FROM ALBUM AS T1 JOIN ARTIST AS T2 ON T1.ArtistId  =  T2.ArtistID GROUP BY T1.ArtistId HAVING COUNT(*)  >=  3 ORDER BY T2.Name",
        "gold_complexity": 13,
        "vt": "SELECT artist.name, album.artistid FROM album JOIN ARTIST AS T2 ON T1.ArtistId = T2.ArtistID GROUP BY album.artistid HAVING COUNT(*) >= [placeholder-type:numeric] ORDER BY artist.name",
        "ba": "The virtual table describes the names of artists and their identifiers from the 'album' table, filtered to show only those artists who have a certain number of albums. The placeholder in the HAVING clause represents the minimum count of albums an artist must have to be included in the results."
    },
    {
        "sample_id": 870,
        "gold_sql": "SELECT T1.FirstName ,  T1.SupportRepId FROM CUSTOMER AS T1 JOIN EMPLOYEE AS T2 ON T1.SupportRepId  =  T2.EmployeeId GROUP BY T1.SupportRepId HAVING COUNT(*)  >=  10",
        "gold_complexity": 11,
        "vt": "SELECT customer.firstname, customer.supportrepid FROM customer JOIN EMPLOYEE AS T2 ON T1.SupportRepId = T2.EmployeeId GROUP BY customer.supportrepid HAVING COUNT(*) >= [placeholder-type:numeric]",
        "ba": "The virtual table describes the first names of customers along with their assigned support representative identifiers from the 'customer' table. It joins the 'customer' table with the 'employee' table to associate each customer with their support representative. The results are grouped by the support representative identifier, and only those representatives who have at least a specified number of customers are included in the output."
    },
    {
        "sample_id": 841,
        "gold_sql": "SELECT COUNT(*) FROM GENRE AS T1 JOIN TRACK AS T2 ON T1.GenreId  =  T2.GenreId WHERE T1.Name  =  \"Rock\"",
        "gold_complexity": 7,
        "vt": "SELECT COUNT(*) FROM genre JOIN TRACK AS T2 ON T1.GenreId = T2.GenreId WHERE genre.name = None.\"rock\"",
        "ba": "The virtual table counts the number of tracks in the 'track' table that belong to the genre 'rock'. It joins the 'genre' table with the 'track' table based on the genre identifier, filtering for the specific genre name."
    },
    {
        "sample_id": 879,
        "gold_sql": "SELECT AVG(T2.UnitPrice) FROM GENRE AS T1 JOIN TRACK AS T2 ON T1.GenreId  =  T2.GenreId WHERE T1.Name  =  \"Rock\"",
        "gold_complexity": 7,
        "vt": "SELECT AVG(track.unitprice) FROM genre JOIN TRACK AS T2 ON T1.GenreId = T2.GenreId WHERE genre.name = None.\"rock\"",
        "ba": "The virtual table calculates the average price of tracks from the 'track' table that belong to a specific genre, in this case, 'rock'. It joins the 'genre' table with the 'track' table based on the genre identifier to filter the tracks accordingly."
    },
    {
        "sample_id": 855,
        "gold_sql": "SELECT T2.InvoiceDate FROM CUSTOMER AS T1 JOIN INVOICE AS T2 ON T1.CustomerId  =  T2.CustomerId WHERE T1.FirstName  =  \"Astrid\" AND LastName  =  \"Gruber\"",
        "gold_complexity": 8,
        "vt": "SELECT invoice.invoicedate FROM customer JOIN INVOICE AS T2 ON T1.CustomerId = T2.CustomerId WHERE customer.firstname = None.\"astrid\" AND customer.lastname = None.\"gruber\"",
        "ba": "The virtual table retrieves the invoice dates for a specific customer identified by their first and last name from the 'customer' and 'invoice' tables. The placeholders represent the customer's first and last names."
    },
    {
        "sample_id": 863,
        "gold_sql": "SELECT Phone FROM EMPLOYEE",
        "gold_complexity": 4,
        "vt": "SELECT employee.phone FROM employee",
        "ba": "The virtual table provides the contact phone numbers of employees from the 'employee' table."
    },
    {
        "sample_id": 858,
        "gold_sql": "SELECT LastName FROM CUSTOMER EXCEPT SELECT T1.LastName FROM CUSTOMER AS T1 JOIN Invoice AS T2 ON T1.CustomerId  =  T2.CustomerId WHERE T2.total  >  20",
        "gold_complexity": 8,
        "vt": "SELECT LastName FROM CUSTOMER EXCEPT SELECT T1.LastName FROM CUSTOMER AS T1 JOIN Invoice AS T2 ON T1.CustomerId = T2.CustomerId WHERE T2.total > 20",
        "ba": "The virtual table lists the last names of customers who have not made any purchases exceeding a specified amount. It does this by selecting all last names from the 'customer' table and excluding those who have invoices with a total greater than a specified value."
    },
    {
        "sample_id": 816,
        "gold_sql": "SELECT distinct(BillingCountry) FROM INVOICE",
        "gold_complexity": 5,
        "vt": "SELECT DISTINCT (invoice.billingcountry) FROM invoice",
        "ba": "The virtual table provides a distinct list of billing countries from the 'invoice' table, which contains information about invoices issued to customers."
    },
    {
        "sample_id": 880,
        "gold_sql": "SELECT AVG(T2.UnitPrice) FROM GENRE AS T1 JOIN TRACK AS T2 ON T1.GenreId  =  T2.GenreId WHERE T1.Name  =  \"Rock\"",
        "gold_complexity": 7,
        "vt": "SELECT AVG(track.unitprice) FROM genre JOIN TRACK AS T2 ON T1.GenreId = T2.GenreId WHERE genre.name = None.\"rock\"",
        "ba": "The virtual table calculates the average unit price of tracks from the 'track' table that belong to the genre specified in the 'genre' table. The placeholder in the WHERE clause represents the name of the genre, allowing users to specify which genre they are interested in."
    },
    {
        "sample_id": 854,
        "gold_sql": "SELECT COUNT(DISTINCT city) FROM EMPLOYEE",
        "gold_complexity": 5,
        "vt": "SELECT COUNT(DISTINCT city) FROM employee",
        "ba": "The virtual table counts the distinct cities from the 'employee' table, providing insight into the geographical distribution of employees."
    },
    {
        "sample_id": 817,
        "gold_sql": "SELECT Name FROM ARTIST WHERE Name LIKE \"%a%\"",
        "gold_complexity": 6,
        "vt": "SELECT artist.name FROM artist WHERE artist.name LIKE None.\"%a%\"",
        "ba": "The virtual table describes the names of artists from the 'artist' table whose names contain the letter 'a'. The placeholder in the LIKE clause represents a pattern for matching artist names."
    },
    {
        "sample_id": 886,
        "gold_sql": "SELECT distinct(UnitPrice) FROM TRACK",
        "gold_complexity": 5,
        "vt": "SELECT DISTINCT (track.unitprice) FROM track",
        "ba": "The virtual table provides a distinct list of unit prices for tracks from the 'track' table. This allows users to see all unique prices at which tracks are sold, without any duplicates."
    },
    {
        "sample_id": 826,
        "gold_sql": "SELECT T2.Name FROM ALBUM AS T1 JOIN ARTIST AS T2 ON T1.ArtistId  =  T2.ArtistId GROUP BY T2.Name ORDER BY COUNT(*) DESC LIMIT 1",
        "gold_complexity": 10,
        "vt": "SELECT artist.name FROM album JOIN ARTIST AS T2 ON T1.ArtistId = T2.ArtistId GROUP BY artist.name ORDER BY COUNT(*) LIMIT [placeholder-type:numeric]",
        "ba": "The virtual table lists the names of artists from the 'album' table, joining with the 'artist' table to retrieve artist details. It groups the results by artist name and orders them based on the count of albums associated with each artist, limiting the output to a specified number of results."
    },
    {
        "sample_id": 871,
        "gold_sql": "SELECT T1.LastName FROM CUSTOMER AS T1 JOIN EMPLOYEE AS T2 ON T1.SupportRepId  =  T2.EmployeeId GROUP BY T1.SupportRepId HAVING COUNT(*)  <=  20",
        "gold_complexity": 9,
        "vt": "SELECT customer.lastname FROM customer JOIN EMPLOYEE AS T2 ON T1.SupportRepId = T2.EmployeeId GROUP BY customer.supportrepid HAVING COUNT(*) <= [placeholder-type:numeric]",
        "ba": "The virtual table describes the last names of customers from the 'customer' table who are associated with a support representative from the 'employee' table. The query groups the results by the support representative's ID and filters the groups to include only those with a count of customers less than or equal to a specified number."
    },
    {
        "sample_id": 809,
        "gold_sql": "SELECT Name FROM GENRE",
        "gold_complexity": 4,
        "vt": "SELECT genre.name FROM genre",
        "ba": "The virtual table lists the names of all genres from the 'genre' table."
    },
    {
        "sample_id": 813,
        "gold_sql": "SELECT FirstName ,  LastName FROM EMPLOYEE WHERE City  =  \"Calgary\"",
        "gold_complexity": 8,
        "vt": "SELECT employee.firstname, employee.lastname FROM employee WHERE employee.city = None.\"calgary\"",
        "ba": "The virtual table describes the first and last names of employees from the 'employee' table who reside in a specific city. The placeholder in the WHERE clause represents the name of the city."
    },
    {
        "sample_id": 866,
        "gold_sql": "SELECT COUNT(*) FROM MEDIATYPE AS T1 JOIN TRACK AS T2 ON T1.MediaTypeId  =  T2.MediaTypeId WHERE T1.Name  =  \"AAC audio file\"",
        "gold_complexity": 7,
        "vt": "SELECT COUNT(*) FROM mediatype JOIN TRACK AS T2 ON T1.MediaTypeId = T2.MediaTypeId WHERE mediatype.name = None.\"aac audio file\"",
        "ba": "The virtual table counts the number of tracks associated with a specific media type from the 'mediatype' and 'track' tables. The placeholder in the WHERE clause represents the name of the media type being queried."
    },
    {
        "sample_id": 874,
        "gold_sql": "SELECT Title FROM ALBUM ORDER BY Title",
        "gold_complexity": 6,
        "vt": "SELECT album.title FROM album ORDER BY album.title",
        "ba": "The virtual table lists the titles of all albums from the 'album' table, sorted in alphabetical order by title."
    },
    {
        "sample_id": 819,
        "gold_sql": "SELECT Title FROM ALBUM AS T1 JOIN ARTIST AS T2 ON T1.ArtistId  =  T2.ArtistId WHERE T2.Name  =  \"AC/DC\"",
        "gold_complexity": 7,
        "vt": "SELECT album.title FROM album JOIN ARTIST AS T2 ON T1.ArtistId = T2.ArtistId WHERE artist.name = None.\"ac/dc\"",
        "ba": "The virtual table describes the titles of albums from the 'album' table that are associated with a specific artist. The query joins the 'album' table with the 'artist' table to filter albums based on the artist's name, which is represented by a placeholder."
    },
    {
        "sample_id": 808,
        "gold_sql": "SELECT count(*) FROM ALBUM",
        "gold_complexity": 4,
        "vt": "SELECT COUNT(*) FROM album",
        "ba": "The virtual table provides a count of all albums present in the 'album' table. This count represents the total number of unique albums stored in the database."
    },
    {
        "sample_id": 844,
        "gold_sql": "SELECT AVG(UnitPrice) FROM GENRE AS T1 JOIN TRACK AS T2 ON T1.GenreId  =  T2.GenreId WHERE T1.Name  =  \"Jazz\"",
        "gold_complexity": 7,
        "vt": "SELECT AVG(track.unitprice) FROM genre JOIN TRACK AS T2 ON T1.GenreId = T2.GenreId WHERE genre.name = None.\"jazz\"",
        "ba": "The virtual table calculates the average unit price of tracks from the 'track' table that belong to a specific genre, in this case, 'jazz'. It joins the 'genre' table with the 'track' table using the genre identifier to filter the results based on the genre name."
    },
    {
        "sample_id": 889,
        "gold_sql": "SELECT T1.Title FROM Album AS T1 JOIN Track AS T2 ON T1.AlbumId  =  T2.AlbumId JOIN Genre AS T3 ON T2.GenreID  =  T3.GenreID WHERE T3.Name  =  'Reggae' INTERSECT SELECT T1.Title FROM Album AS T1 JOIN Track AS T2 ON T1.AlbumId  =  T2.AlbumId JOIN Genre AS T3 ON T2.GenreID  =  T3.GenreID WHERE T3.Name  =  'Rock'",
        "gold_complexity": 9,
        "vt": "SELECT T1.Title FROM Album AS T1 JOIN Track AS T2 ON T1.AlbumId = T2.AlbumId JOIN Genre AS T3 ON T2.GenreID = T3.GenreID WHERE T3.Name = 'Reggae' INTERSECT SELECT T1.Title FROM Album AS T1 JOIN Track AS T2 ON T1.AlbumId = T2.AlbumId JOIN Genre AS T3 ON T2.GenreID = T3.GenreID WHERE T3.Name = 'Rock'",
        "ba": "The virtual table describes the titles of albums that contain tracks from both the 'Reggae' and 'Rock' genres. It uses joins to connect the 'Album', 'Track', and 'Genre' tables, filtering for albums that have tracks in both specified genres."
    },
    {
        "sample_id": 882,
        "gold_sql": "SELECT max(Milliseconds) ,  min(Milliseconds) FROM GENRE AS T1 JOIN TRACK AS T2 ON T1.GenreId  =  T2.GenreId WHERE T1.Name  =  \"Pop\"",
        "gold_complexity": 8,
        "vt": "SELECT MAX(track.milliseconds), MIN(track.milliseconds) FROM genre JOIN TRACK AS T2 ON T1.GenreId = T2.GenreId WHERE genre.name = None.\"pop\"",
        "ba": "The virtual table provides the maximum and minimum duration of tracks from the 'track' table that belong to a specific genre, in this case, 'pop'. The query joins the 'genre' table with the 'track' table to filter tracks based on the genre name."
    },
    {
        "sample_id": 842,
        "gold_sql": "SELECT COUNT(*) FROM GENRE AS T1 JOIN TRACK AS T2 ON T1.GenreId  =  T2.GenreId WHERE T1.Name  =  \"Rock\"",
        "gold_complexity": 7,
        "vt": "SELECT COUNT(*) FROM genre JOIN TRACK AS T2 ON T1.GenreId = T2.GenreId WHERE genre.name = None.\"rock\"",
        "ba": "The virtual table counts the number of tracks in the 'track' table that belong to the genre 'rock'. It joins the 'genre' table with the 'track' table based on the genre identifier, filtering for tracks that match the specified genre name."
    },
    {
        "sample_id": 850,
        "gold_sql": "SELECT T2.FirstName ,  T2.LastName FROM CUSTOMER AS T1 JOIN EMPLOYEE AS T2 ON T1.SupportRepId  =  T2.EmployeeId WHERE T1.FirstName  =  \"Leonie\"",
        "gold_complexity": 9,
        "vt": "SELECT employee.firstname, employee.lastname FROM customer JOIN EMPLOYEE AS T2 ON T1.SupportRepId = T2.EmployeeId WHERE customer.firstname = None.\"leonie\"",
        "ba": "The virtual table describes the first and last names of employees who are assigned as support representatives for customers with a specific first name. The query joins the 'customer' and 'employee' tables based on the support representative's ID, filtering for a particular customer's first name."
    },
    {
        "sample_id": 845,
        "gold_sql": "SELECT FirstName ,  LastName FROM CUSTOMER WHERE Email  =  \"luisg@embraer.com.br\"",
        "gold_complexity": 8,
        "vt": "SELECT customer.firstname, customer.lastname FROM customer WHERE customer.email = luisg@embraer.\"luisg@embraer.com.br\"",
        "ba": "The virtual table describes the first and last names of customers from the 'customer' table who have a specific email address. The placeholder in the WHERE clause represents the customer's email address."
    },
    {
        "sample_id": 830,
        "gold_sql": "SELECT AVG(UnitPrice) FROM TRACK",
        "gold_complexity": 4,
        "vt": "SELECT AVG(track.unitprice) FROM track",
        "ba": "The virtual table calculates the average price of tracks from the 'track' table. It provides a summary of the average unit price for all available tracks."
    },
    {
        "sample_id": 837,
        "gold_sql": "SELECT T1.Name FROM MEDIATYPE AS T1 JOIN TRACK AS T2 ON T1.MediaTypeId  =  T2.MediaTypeId GROUP BY T2.MediaTypeId ORDER BY COUNT(*) ASC LIMIT 1",
        "gold_complexity": 10,
        "vt": "SELECT mediatype.name FROM mediatype JOIN TRACK AS T2 ON T1.MediaTypeId = T2.MediaTypeId GROUP BY track.mediatypeid ORDER BY COUNT(*) LIMIT [placeholder-type:numeric]",
        "ba": "The virtual table lists the names of media types from the 'mediatype' table, joining it with the 'track' table to associate each media type with its corresponding tracks. The results are grouped by media type and ordered by the count of tracks associated with each media type, limiting the output to a specified number of results."
    },
    {
        "sample_id": 839,
        "gold_sql": "SELECT T1.Title ,  T2.AlbumID FROM ALBUM AS T1 JOIN TRACK AS T2 ON T1.AlbumId  =  T2.AlbumId WHERE T2.UnitPrice  >  1 GROUP BY T2.AlbumID",
        "gold_complexity": 11,
        "vt": "SELECT album.title, track.albumid FROM album JOIN TRACK AS T2 ON T1.AlbumId = T2.AlbumId WHERE track.unitprice > [placeholder-type:numeric] GROUP BY track.albumid",
        "ba": "The virtual table describes the titles of albums along with their unique identifiers from the 'album' table, filtered to include only those tracks that have a unit price greater than a specified amount. The results are grouped by the album identifier to ensure that each album is listed only once, regardless of the number of qualifying tracks it contains."
    },
    {
        "sample_id": 821,
        "gold_sql": "SELECT COUNT(*) FROM ALBUM AS T1 JOIN ARTIST AS T2 ON T1.ArtistId  =  T2.ArtistId WHERE T2.Name  =  \"Metallica\"",
        "gold_complexity": 7,
        "vt": "SELECT COUNT(*) FROM album JOIN ARTIST AS T2 ON T1.ArtistId = T2.ArtistId WHERE artist.name = None.\"metallica\"",
        "ba": "The virtual table counts the number of albums from the 'album' table that are associated with a specific artist, in this case, Metallica. It joins the 'album' table with the 'artist' table using the artist's identifier to filter the results based on the artist's name."
    },
    {
        "sample_id": 878,
        "gold_sql": "SELECT Name FROM ARTIST EXCEPT SELECT T2.Name FROM ALBUM AS T1 JOIN ARTIST AS T2 ON T1.ArtistId  =  T2.ArtistId",
        "gold_complexity": 7,
        "vt": "SELECT Name FROM ARTIST EXCEPT SELECT T2.Name FROM ALBUM AS T1 JOIN ARTIST AS T2 ON T1.ArtistId = T2.ArtistId",
        "ba": "The virtual table lists the names of artists who do not have any albums associated with them. It retrieves artist names from the 'artist' table and excludes those who have entries in the 'album' table by performing a join on the artist ID."
    },
    {
        "sample_id": 869,
        "gold_sql": "SELECT T1.FirstName ,  T1.SupportRepId FROM CUSTOMER AS T1 JOIN EMPLOYEE AS T2 ON T1.SupportRepId  =  T2.EmployeeId GROUP BY T1.SupportRepId HAVING COUNT(*)  >=  10",
        "gold_complexity": 11,
        "vt": "SELECT customer.firstname, customer.supportrepid FROM customer JOIN EMPLOYEE AS T2 ON T1.SupportRepId = T2.EmployeeId GROUP BY customer.supportrepid HAVING COUNT(*) >= [placeholder-type:numeric]",
        "ba": "The virtual table describes the first names of customers along with their assigned support representative from the 'customer' table. It joins the 'customer' table with the 'employee' table to associate each customer with their support representative. The results are grouped by the support representative's ID, and only those representatives who have handled a specified number of customers are included in the output, as indicated by the placeholder for numeric values."
    },
    {
        "sample_id": 846,
        "gold_sql": "SELECT FirstName ,  LastName FROM CUSTOMER WHERE Email  =  \"luisg@embraer.com.br\"",
        "gold_complexity": 8,
        "vt": "SELECT customer.firstname, customer.lastname FROM customer WHERE customer.email = luisg@embraer.\"luisg@embraer.com.br\"",
        "ba": "The virtual table describes the first and last names of customers from the 'customer' table who have a specific email address. The placeholder in the WHERE clause represents the customer's email address."
    },
    {
        "sample_id": 890,
        "gold_sql": "SELECT T1.Title FROM Album AS T1 JOIN Track AS T2 ON T1.AlbumId  =  T2.AlbumId JOIN Genre AS T3 ON T2.GenreID  =  T3.GenreID WHERE T3.Name  =  'Reggae' INTERSECT SELECT T1.Title FROM Album AS T1 JOIN Track AS T2 ON T1.AlbumId  =  T2.AlbumId JOIN Genre AS T3 ON T2.GenreID  =  T3.GenreID WHERE T3.Name  =  'Rock'",
        "gold_complexity": 9,
        "vt": "SELECT T1.Title FROM Album AS T1 JOIN Track AS T2 ON T1.AlbumId = T2.AlbumId JOIN Genre AS T3 ON T2.GenreID = T3.GenreID WHERE T3.Name = 'Reggae' INTERSECT SELECT T1.Title FROM Album AS T1 JOIN Track AS T2 ON T1.AlbumId = T2.AlbumId JOIN Genre AS T3 ON T2.GenreID = T3.GenreID WHERE T3.Name = 'Rock'",
        "ba": "The virtual table lists the titles of albums that contain tracks from both the 'Reggae' and 'Rock' genres. It does this by joining the 'Album', 'Track', and 'Genre' tables to filter albums based on the specified genres."
    },
    {
        "sample_id": 836,
        "gold_sql": "SELECT T1.Name FROM GENRE AS T1 JOIN TRACK AS T2 ON T1.GenreId  =  T2.GenreId GROUP BY T2.GenreId ORDER BY COUNT(*) DESC LIMIT 1",
        "gold_complexity": 10,
        "vt": "SELECT genre.name FROM genre JOIN TRACK AS T2 ON T1.GenreId = T2.GenreId GROUP BY track.genreid ORDER BY COUNT(*) LIMIT [placeholder-type:numeric]",
        "ba": "The virtual table lists the names of genres from the 'genre' table, grouped by the genre identifier from the 'track' table. It orders the results based on the count of tracks associated with each genre and limits the output to a specified number of genres."
    },
    {
        "sample_id": 860,
        "gold_sql": "SELECT DISTINCT T1.FirstName FROM CUSTOMER AS T1 JOIN INVOICE AS T2 ON T1.CustomerId  =  T2.CustomerId WHERE T1.country  =  \"Brazil\"",
        "gold_complexity": 8,
        "vt": "SELECT DISTINCT customer.firstname FROM customer JOIN INVOICE AS T2 ON T1.CustomerId = T2.CustomerId WHERE customer.country = None.\"brazil\"",
        "ba": "The virtual table describes the distinct first names of customers from the 'customer' table who have made purchases in Brazil. The query joins the 'customer' table with the 'invoice' table to filter customers based on their country, using a placeholder for the country name."
    },
    {
        "sample_id": 884,
        "gold_sql": "SELECT BirthDate FROM EMPLOYEE WHERE City  =  \"Edmonton\"",
        "gold_complexity": 6,
        "vt": "SELECT employee.birthdate FROM employee WHERE employee.city = None.\"edmonton\"",
        "ba": "The virtual table describes the birthdates of employees from the 'employee' table who reside in a specific city. The placeholder in the WHERE clause represents the name of the city."
    },
    {
        "sample_id": 815,
        "gold_sql": "SELECT distinct(BillingCountry) FROM INVOICE",
        "gold_complexity": 5,
        "vt": "SELECT DISTINCT (invoice.billingcountry) FROM invoice",
        "ba": "The virtual table provides a distinct list of billing countries from the 'invoice' table, which contains information about invoices issued to customers."
    },
    {
        "sample_id": 885,
        "gold_sql": "SELECT distinct(UnitPrice) FROM TRACK",
        "gold_complexity": 5,
        "vt": "SELECT DISTINCT (track.unitprice) FROM track",
        "ba": "The virtual table provides a distinct list of unit prices for tracks from the 'track' table. This allows users to see all unique prices at which tracks are sold, without any duplicates."
    },
    {
        "sample_id": 853,
        "gold_sql": "SELECT COUNT(DISTINCT city) FROM EMPLOYEE",
        "gold_complexity": 5,
        "vt": "SELECT COUNT(DISTINCT city) FROM employee",
        "ba": "The virtual table counts the distinct cities from the 'employee' table, providing insight into the geographical distribution of employees."
    },
    {
        "sample_id": 820,
        "gold_sql": "SELECT Title FROM ALBUM AS T1 JOIN ARTIST AS T2 ON T1.ArtistId  =  T2.ArtistId WHERE T2.Name  =  \"AC/DC\"",
        "gold_complexity": 7,
        "vt": "SELECT album.title FROM album JOIN ARTIST AS T2 ON T1.ArtistId = T2.ArtistId WHERE artist.name = None.\"ac/dc\"",
        "ba": "The virtual table describes the titles of albums from the 'album' table that are associated with a specific artist. The query joins the 'album' table with the 'artist' table to filter albums based on the artist's name, which is represented by a placeholder for string values."
    },
    {
        "sample_id": 888,
        "gold_sql": "SELECT count(*) FROM ARTIST WHERE artistid NOT IN(SELECT artistid FROM ALBUM)",
        "gold_complexity": 10,
        "vt": "SELECT COUNT(*) FROM artist WHERE NOT album.artistid IN (SELECT album.artistid FROM ALBUM)",
        "ba": "The virtual table counts the number of artists from the 'artist' table who do not have any albums associated with them in the 'album' table. The placeholder in the subquery represents the artist identifiers that are linked to albums."
    },
    {
        "sample_id": 852,
        "gold_sql": "SELECT T2.City FROM CUSTOMER AS T1 JOIN EMPLOYEE AS T2 ON T1.SupportRepId  =  T2.EmployeeId WHERE T1.PostalCode  =  \"70174\"",
        "gold_complexity": 7,
        "vt": "SELECT employee.city FROM customer JOIN EMPLOYEE AS T2 ON T1.SupportRepId = T2.EmployeeId WHERE customer.postalcode = None.\"70174\"",
        "ba": "The virtual table describes the cities of customers from the 'customer' table who are assigned to a specific support representative from the 'employee' table. The placeholder in the WHERE clause represents the postal code of the customer."
    },
    {
        "sample_id": 832,
        "gold_sql": "SELECT max(Milliseconds) ,  min(Milliseconds) FROM TRACK",
        "gold_complexity": 5,
        "vt": "SELECT MAX(track.milliseconds), MIN(track.milliseconds) FROM track",
        "ba": "The virtual table provides the maximum and minimum duration of tracks from the 'track' table, measured in milliseconds. This allows users to understand the range of track lengths available in the database."
    },
    {
        "sample_id": 818,
        "gold_sql": "SELECT Name FROM ARTIST WHERE Name LIKE \"%a%\"",
        "gold_complexity": 6,
        "vt": "SELECT artist.name FROM artist WHERE artist.name LIKE None.\"%a%\"",
        "ba": "The virtual table describes the names of artists from the 'artist' table whose names contain the letter 'a'. The placeholder in the LIKE clause represents a pattern for matching artist names."
    },
    {
        "sample_id": 847,
        "gold_sql": "SELECT COUNT(*) FROM CUSTOMER WHERE Email LIKE \"%gmail.com%\"",
        "gold_complexity": 6,
        "vt": "SELECT COUNT(*) FROM customer WHERE customer.email LIKE %gmail.\"%gmail.com%\"",
        "ba": "The virtual table counts the number of customers from the 'customer' table whose email addresses contain 'gmail.com'. The placeholder in the WHERE clause represents the email domain being searched for."
    },
    {
        "sample_id": 868,
        "gold_sql": "SELECT AVG(Milliseconds) FROM GENRE AS T1 JOIN TRACK AS T2 ON T1.GenreId  =  T2.GenreId WHERE T1.Name  =  \"Latin\" OR T1.Name  =  \"Pop\"",
        "gold_complexity": 8,
        "vt": "SELECT AVG(track.milliseconds) FROM genre JOIN TRACK AS T2 ON T1.GenreId = T2.GenreId WHERE genre.name = None.\"latin\" OR genre.name = None.\"pop\"",
        "ba": "The virtual table calculates the average duration of tracks from the 'track' table that belong to specific genres, namely 'latin' or 'pop'. It joins the 'genre' table with the 'track' table based on the genre identifier, filtering the results to include only those tracks that match the specified genre names."
    }
]