[
    {
        "sample_id": 1359,
        "gold_sql": "SELECT dept_name ,  budget FROM department WHERE budget  >  (SELECT avg(budget) FROM department)",
        "gold_complexity": 10,
        "vt": "SELECT department.dept_name, department.budget FROM department WHERE department.budget > (SELECT AVG(department.budget) FROM department)",
        "ba": "The virtual table displays the names and budgets of academic departments from the 'department' table that have a budget greater than the average budget of all departments. The query uses a subquery to calculate the average budget, and the placeholder in the WHERE clause represents this condition."
    },
    {
        "sample_id": 1485,
        "gold_sql": "SELECT COUNT (DISTINCT ID) FROM teaches WHERE semester  =  'Spring' AND YEAR  =  2010",
        "gold_complexity": 8,
        "vt": "SELECT COUNT(DISTINCT ID) FROM teaches WHERE teaches.semester = '[placeholder-type:string]' AND teaches.year = [placeholder-type:numeric]",
        "ba": "The virtual table counts the number of distinct instructors who are teaching courses in a specific semester and year. The placeholders represent the semester and year for which the count is required."
    },
    {
        "sample_id": 1454,
        "gold_sql": "SELECT count(DISTINCT T2.id) ,  count(DISTINCT T3.id) ,  T3.dept_name FROM department AS T1 JOIN student AS T2 ON T1.dept_name  =  T2.dept_name JOIN instructor AS T3 ON T1.dept_name  =  T3.dept_name GROUP BY T3.dept_name",
        "gold_complexity": 13,
        "vt": "SELECT COUNT(DISTINCT T2.id), COUNT(DISTINCT T3.id), instructor.dept_name FROM department JOIN student AS T2 ON T1.dept_name = T2.dept_name JOIN instructor AS T3 ON T1.dept_name = T3.dept_name GROUP BY instructor.dept_name",
        "ba": "The virtual table provides a summary of the number of distinct students and instructors associated with each academic department. It aggregates the data from the 'department', 'student', and 'instructor' tables, counting unique student IDs and instructor IDs for each department. The results are grouped by the department name, allowing for an overview of departmental engagement in terms of students and faculty."
    },
    {
        "sample_id": 1461,
        "gold_sql": "SELECT T3.name FROM course AS T1 JOIN takes AS T2 ON T1.course_id  =  T2.course_id JOIN student AS T3 ON T2.id  =  T3.id WHERE T1.dept_name  =  'Statistics'",
        "gold_complexity": 8,
        "vt": "SELECT student.name FROM course JOIN takes AS T2 ON T1.course_id = T2.course_id JOIN student AS T3 ON T2.id = T3.id WHERE course.dept_name = '[placeholder-type:string]'",
        "ba": "The virtual table describes the names of students enrolled in courses offered by a specific academic department. The query joins the 'course' table with the 'takes' table to find which students are taking which courses, and then it filters the results based on the department name provided as a placeholder."
    },
    {
        "sample_id": 1458,
        "gold_sql": "SELECT name ,  salary FROM instructor WHERE salary  <  (SELECT avg(salary) FROM instructor WHERE dept_name  =  'Physics')",
        "gold_complexity": 12,
        "vt": "SELECT instructor.name, instructor.salary FROM instructor WHERE instructor.salary < (SELECT AVG(instructor.salary) FROM instructor WHERE dept_name = 'Physics')",
        "ba": "The virtual table displays the names and salaries of instructors from the 'instructor' table whose salaries are below the average salary of instructors in the 'Physics' department. The inner query calculates the average salary for the specified department, and the outer query filters instructors based on this average."
    },
    {
        "sample_id": 1327,
        "gold_sql": "SELECT dept_name ,  building FROM department WHERE budget  >  (SELECT avg(budget) FROM department)",
        "gold_complexity": 11,
        "vt": "SELECT department.dept_name, department.building FROM department WHERE department.budget > (SELECT AVG(department.budget) FROM department)",
        "ba": "The virtual table displays the names and buildings of academic departments that have a budget exceeding the average budget of all departments. The query filters departments based on their budget compared to the average budget calculated from all departments."
    },
    {
        "sample_id": 1487,
        "gold_sql": "SELECT dept_name ,  AVG (salary) FROM instructor GROUP BY dept_name HAVING AVG (salary)  >  42000",
        "gold_complexity": 10,
        "vt": "SELECT instructor.dept_name, AVG(instructor.salary) FROM instructor GROUP BY instructor.dept_name HAVING AVG(instructor.salary) > [placeholder-type:numeric]",
        "ba": "The virtual table provides the average salary of instructors grouped by their respective departments. It filters the results to only include departments where the average salary exceeds a specified numeric threshold."
    },
    {
        "sample_id": 1389,
        "gold_sql": "SELECT T1.name FROM instructor AS T1 JOIN advisor AS T2 ON T1.id  =  T2.i_id GROUP BY T2.i_id HAVING count(*)  >  1",
        "gold_complexity": 9,
        "vt": "SELECT instructor.name FROM instructor JOIN advisor AS T2 ON T1.id = T2.i_id GROUP BY advisor.i_id HAVING COUNT(*) > [placeholder-type:numeric]",
        "ba": "The virtual table lists the names of instructors who are advising more than a specified number of students. It joins the 'instructor' table with the 'advisor' table to count the number of students each instructor is advising, filtering the results to only include those instructors who have a count greater than a placeholder value."
    },
    {
        "sample_id": 1482,
        "gold_sql": "SELECT DISTINCT salary FROM instructor WHERE salary  <  (SELECT max(salary) FROM instructor)",
        "gold_complexity": 9,
        "vt": "SELECT DISTINCT instructor.salary FROM instructor WHERE instructor.salary < (SELECT MAX(instructor.salary) FROM instructor)",
        "ba": "The virtual table displays the distinct salaries of instructors from the 'instructor' table who earn less than the maximum salary among all instructors. The query uses a subquery to determine the maximum salary, ensuring that only those instructors with salaries below this threshold are included in the results."
    },
    {
        "sample_id": 1373,
        "gold_sql": "SELECT dept_name FROM course GROUP BY dept_name ORDER BY sum(credits) DESC LIMIT 1",
        "gold_complexity": 9,
        "vt": "SELECT course.dept_name FROM course GROUP BY course.dept_name ORDER BY SUM(course.credits) LIMIT [placeholder-type:numeric]",
        "ba": "The virtual table lists the names of academic departments from the 'course' table, grouping them by department name and ordering them based on the total credits of the courses offered by each department. The placeholder in the LIMIT clause allows for specifying the maximum number of departments to be returned."
    },
    {
        "sample_id": 1484,
        "gold_sql": "SELECT COUNT (DISTINCT ID) FROM teaches WHERE semester  =  'Spring' AND YEAR  =  2010",
        "gold_complexity": 8,
        "vt": "SELECT COUNT(DISTINCT ID) FROM teaches WHERE teaches.semester = '[placeholder-type:string]' AND teaches.year = [placeholder-type:numeric]",
        "ba": "The virtual table provides a count of distinct instructors who are teaching courses during a specific semester and year. The placeholders allow users to specify the semester and year for which they want to retrieve the count of instructors."
    },
    {
        "sample_id": 1405,
        "gold_sql": "SELECT YEAR FROM SECTION GROUP BY YEAR ORDER BY count(*) DESC LIMIT 1",
        "gold_complexity": 9,
        "vt": "SELECT section.year FROM section GROUP BY section.year ORDER BY COUNT(*) LIMIT [placeholder-type:numeric]",
        "ba": "The virtual table provides a list of academic years in which sections are offered, grouped by year. The result is ordered by the number of sections available in each year, and a placeholder is used to limit the number of years returned."
    },
    {
        "sample_id": 1379,
        "gold_sql": "SELECT dept_name ,  building FROM department ORDER BY budget DESC",
        "gold_complexity": 8,
        "vt": "SELECT department.dept_name, department.building FROM department ORDER BY department.budget",
        "ba": "The virtual table describes the names and buildings of academic departments from the 'department' table, ordered by their allocated budget. This allows users to see which departments are located in which buildings, sorted by financial resources."
    },
    {
        "sample_id": 1403,
        "gold_sql": "SELECT count(*) ,  semester ,  YEAR FROM SECTION GROUP BY semester ,  YEAR",
        "gold_complexity": 12,
        "vt": "SELECT COUNT(*), section.semester, section.year FROM section GROUP BY section.semester, section.year",
        "ba": "The virtual table summarizes the number of sections offered in each semester and year from the 'section' table. It groups the results by semester and year to provide a count of sections for each unique combination."
    },
    {
        "sample_id": 1415,
        "gold_sql": "SELECT i_id FROM advisor AS T1 JOIN student AS T2 ON T1.s_id  =  T2.id WHERE T2.dept_name  =  'History'",
        "gold_complexity": 7,
        "vt": "SELECT advisor.i_id FROM advisor JOIN student AS T2 ON T1.s_id = T2.id WHERE student.dept_name = '[placeholder-type:string]'",
        "ba": "The virtual table retrieves the identifiers of instructors who are acting as advisors for students enrolled in a specific department. It joins the 'advisor' table with the 'student' table to filter the results based on the department name provided as a placeholder."
    },
    {
        "sample_id": 1417,
        "gold_sql": "SELECT T2.name ,  T2.salary FROM advisor AS T1 JOIN instructor AS T2 ON T1.i_id  =  T2.id JOIN student AS T3 ON T1.s_id  =  T3.id WHERE T3.dept_name  =  'History'",
        "gold_complexity": 10,
        "vt": "SELECT instructor.name, instructor.salary FROM advisor JOIN instructor AS T2 ON T1.i_id = T2.id JOIN student AS T3 ON T1.s_id = T3.id WHERE student.dept_name = '[placeholder-type:string]'",
        "ba": "The virtual table describes the names and salaries of instructors who are advising students from a specific department. The placeholders in the WHERE clause represent the department's name."
    },
    {
        "sample_id": 1412,
        "gold_sql": "SELECT semester ,  YEAR FROM takes GROUP BY semester ,  YEAR ORDER BY count(*) LIMIT 1",
        "gold_complexity": 13,
        "vt": "SELECT takes.semester, takes.year FROM takes GROUP BY takes.semester, takes.year ORDER BY COUNT(*) LIMIT [placeholder-type:numeric]",
        "ba": "The virtual table summarizes the semesters and years in which courses were taken by students, grouping the results by semester and year. The placeholder in the LIMIT clause allows for specifying the maximum number of results to return based on the count of courses taken."
    },
    {
        "sample_id": 1490,
        "gold_sql": "SELECT name FROM instructor WHERE salary  >  (SELECT max(salary) FROM instructor WHERE dept_name  =  'Biology')",
        "gold_complexity": 11,
        "vt": "SELECT instructor.name FROM instructor WHERE instructor.salary > (SELECT MAX(instructor.salary) FROM instructor WHERE dept_name = 'Biology')",
        "ba": "The virtual table lists the names of instructors from the 'instructor' table who have a salary greater than the maximum salary of instructors in the 'Biology' department."
    },
    {
        "sample_id": 1429,
        "gold_sql": "SELECT T1.title FROM course AS T1 JOIN SECTION AS T2 ON T1.course_id  =  T2.course_id WHERE building  =  'Chandler' AND semester  =  'Fall' AND YEAR  =  2010",
        "gold_complexity": 9,
        "vt": "SELECT course.title FROM course JOIN SECTION AS T2 ON T1.course_id = T2.course_id WHERE section.building = '[placeholder-type:string]' AND section.semester = '[placeholder-type:string]' AND section.year = [placeholder-type:numeric]",
        "ba": "The virtual table lists the titles of courses offered in a specific building during a particular semester and year. The placeholders represent the building name, semester, and academic year."
    },
    {
        "sample_id": 1369,
        "gold_sql": "SELECT DISTINCT T1.name FROM student AS T1 JOIN takes AS T2 ON T1.id  =  T2.id WHERE YEAR  =  2009 OR YEAR  =  2010",
        "gold_complexity": 8,
        "vt": "SELECT DISTINCT student.name FROM student JOIN takes AS T2 ON T1.id = T2.id WHERE takes.year = [placeholder-type:numeric] OR takes.year = [placeholder-type:numeric]",
        "ba": "The virtual table lists the distinct names of students who have taken courses in either of the specified academic years. It joins the 'student' table with the 'takes' table to filter students based on their enrollment in courses during those years."
    },
    {
        "sample_id": 1381,
        "gold_sql": "SELECT name FROM instructor ORDER BY salary DESC LIMIT 1",
        "gold_complexity": 7,
        "vt": "SELECT instructor.name FROM instructor ORDER BY instructor.salary LIMIT [placeholder-type:numeric]",
        "ba": "The virtual table lists the names of instructors from the 'instructor' table, ordered by their salary in ascending order. The placeholder in the LIMIT clause allows for specifying the maximum number of instructor names to be returned."
    },
    {
        "sample_id": 1476,
        "gold_sql": "SELECT course_id FROM SECTION WHERE semester  =  'Fall' AND YEAR  =  2009 UNION SELECT course_id FROM SECTION WHERE semester  =  'Spring' AND YEAR  =  2010",
        "gold_complexity": 8,
        "vt": "SELECT course_id FROM SECTION WHERE semester = 'Fall' AND YEAR = 2009 UNION SELECT course_id FROM SECTION WHERE semester = 'Spring' AND YEAR = 2010",
        "ba": "The virtual table retrieves a list of course identifiers from the 'section' table for two specific semesters: Fall 2009 and Spring 2010. It combines the results from both semesters using a UNION operation, ensuring that the final output contains unique course identifiers from both queries."
    },
    {
        "sample_id": 1440,
        "gold_sql": "SELECT name FROM instructor WHERE id NOT IN (SELECT id FROM teaches)",
        "gold_complexity": 10,
        "vt": "SELECT instructor.name FROM instructor WHERE NOT instructor.id IN (SELECT instructor.id FROM teaches)",
        "ba": "The virtual table lists the names of instructors from the 'instructor' table who are not currently teaching any courses. The subquery identifies instructors who are teaching by checking their IDs in the 'teaches' table, and the main query selects those instructors whose IDs are not found in that list."
    },
    {
        "sample_id": 1392,
        "gold_sql": "SELECT count(*) ,  building FROM classroom WHERE capacity  >  50 GROUP BY building",
        "gold_complexity": 10,
        "vt": "SELECT COUNT(*), classroom.building FROM classroom WHERE classroom.capacity > [placeholder-type:numeric] GROUP BY classroom.building",
        "ba": "The virtual table summarizes the number of classrooms with a capacity greater than a specified value, grouped by the building they are located in. The placeholder in the WHERE clause represents the minimum capacity threshold."
    },
    {
        "sample_id": 1445,
        "gold_sql": "SELECT name FROM instructor WHERE id NOT IN (SELECT id FROM teaches WHERE semester  =  'Spring')",
        "gold_complexity": 12,
        "vt": "SELECT instructor.name FROM instructor WHERE NOT instructor.id IN (SELECT instructor.id FROM teaches WHERE semester = 'Spring')",
        "ba": "The virtual table lists the names of instructors who are not teaching any courses during the Spring semester. It filters the instructors from the 'instructor' table by excluding those whose IDs are found in the 'teaches' table for the specified semester."
    },
    {
        "sample_id": 1326,
        "gold_sql": "SELECT dept_name ,  building FROM department WHERE budget  >  (SELECT avg(budget) FROM department)",
        "gold_complexity": 11,
        "vt": "SELECT department.dept_name, department.building FROM department WHERE department.budget > (SELECT AVG(department.budget) FROM department)",
        "ba": "The virtual table lists the names and buildings of academic departments that have a budget greater than the average budget of all departments."
    },
    {
        "sample_id": 1386,
        "gold_sql": "SELECT T1.title ,  T3.name FROM course AS T1 JOIN teaches AS T2 ON T1.course_id  =  T2.course_id JOIN instructor AS T3 ON T2.id  =  T3.id WHERE YEAR  =  2008 ORDER BY T1.title",
        "gold_complexity": 12,
        "vt": "SELECT course.title, instructor.name FROM course JOIN teaches AS T2 ON T1.course_id = T2.course_id JOIN instructor AS T3 ON T2.id = T3.id WHERE teaches.year = [placeholder-type:numeric] ORDER BY course.title",
        "ba": "The virtual table describes the titles of courses along with the names of instructors who teach them, filtered by a specific academic year. The placeholders in the WHERE clause represent the year for which the data is being queried."
    },
    {
        "sample_id": 1323,
        "gold_sql": "SELECT DISTINCT building FROM classroom WHERE capacity  >  50",
        "gold_complexity": 7,
        "vt": "SELECT DISTINCT classroom.building FROM classroom WHERE classroom.capacity > [placeholder-type:numeric]",
        "ba": "The virtual table lists the unique buildings from the 'classroom' table that have a capacity greater than a specified number of students. The placeholder in the WHERE clause represents the minimum capacity requirement."
    },
    {
        "sample_id": 1334,
        "gold_sql": "SELECT count(*) FROM classroom WHERE building  =  'Lamberton'",
        "gold_complexity": 6,
        "vt": "SELECT COUNT(*) FROM classroom WHERE classroom.building = '[placeholder-type:string]'",
        "ba": "The virtual table counts the number of classrooms located in a specific building from the 'classroom' table. The placeholder in the WHERE clause represents the name of the building."
    },
    {
        "sample_id": 1349,
        "gold_sql": "SELECT title FROM course WHERE course_id NOT IN (SELECT course_id FROM prereq)",
        "gold_complexity": 10,
        "vt": "SELECT course.title FROM course WHERE NOT course.course_id IN (SELECT course.course_id FROM prereq)",
        "ba": "The virtual table lists the titles of courses from the 'course' table that do not have any prerequisites associated with them. The subquery identifies all course IDs that have prerequisites, and the main query filters out these courses to show only those without prerequisites."
    },
    {
        "sample_id": 1388,
        "gold_sql": "SELECT T1.name FROM instructor AS T1 JOIN advisor AS T2 ON T1.id  =  T2.i_id GROUP BY T2.i_id HAVING count(*)  >  1",
        "gold_complexity": 9,
        "vt": "SELECT instructor.name FROM instructor JOIN advisor AS T2 ON T1.id = T2.i_id GROUP BY advisor.i_id HAVING COUNT(*) > [placeholder-type:numeric]",
        "ba": "The virtual table lists the names of instructors who are advising more than a specified number of students. It joins the 'instructor' table with the 'advisor' table to count the number of students each instructor is advising, filtering the results to only include those instructors who have a count greater than a placeholder value."
    },
    {
        "sample_id": 1468,
        "gold_sql": "SELECT name ,  course_id FROM instructor AS T1 JOIN teaches AS T2 ON T1.ID  =  T2.ID",
        "gold_complexity": 7,
        "vt": "SELECT instructor.name, teaches.course_id FROM instructor JOIN teaches AS T2 ON T1.ID = T2.ID",
        "ba": "The virtual table describes the names of instructors along with the course identifiers for the courses they teach. It retrieves data from the 'instructor' table and joins it with the 'teaches' table to associate each instructor with their respective courses."
    },
    {
        "sample_id": 1460,
        "gold_sql": "SELECT T3.name FROM course AS T1 JOIN takes AS T2 ON T1.course_id  =  T2.course_id JOIN student AS T3 ON T2.id  =  T3.id WHERE T1.dept_name  =  'Statistics'",
        "gold_complexity": 8,
        "vt": "SELECT student.name FROM course JOIN takes AS T2 ON T1.course_id = T2.course_id JOIN student AS T3 ON T2.id = T3.id WHERE course.dept_name = '[placeholder-type:string]'",
        "ba": "The virtual table describes the names of students enrolled in courses offered by a specific academic department. The query joins the 'course' table with the 'takes' table to find which students are taking those courses, and filters the results based on the department's name."
    },
    {
        "sample_id": 1384,
        "gold_sql": "SELECT name ,  dept_name FROM student ORDER BY tot_cred",
        "gold_complexity": 8,
        "vt": "SELECT student.name, student.dept_name FROM student ORDER BY student.tot_cred",
        "ba": "The virtual table describes the names and department affiliations of students from the 'student' table, ordered by the total credits they have earned. This allows for an overview of students sorted by their academic progress."
    },
    {
        "sample_id": 1400,
        "gold_sql": "SELECT min(salary) ,  dept_name FROM instructor GROUP BY dept_name HAVING avg(salary)  >  (SELECT avg(salary) FROM instructor)",
        "gold_complexity": 12,
        "vt": "SELECT MIN(instructor.salary), instructor.dept_name FROM instructor GROUP BY instructor.dept_name HAVING AVG(instructor.salary) > (SELECT AVG(instructor.salary) FROM instructor)",
        "ba": "The virtual table provides the minimum salary of instructors grouped by their respective departments. It filters the results to only include departments where the average salary of instructors exceeds the overall average salary of all instructors."
    },
    {
        "sample_id": 1472,
        "gold_sql": "SELECT name FROM instructor WHERE name LIKE '%dar%'",
        "gold_complexity": 6,
        "vt": "SELECT instructor.name FROM instructor WHERE instructor.name LIKE '[placeholder-type:string]'",
        "ba": "The virtual table retrieves the names of instructors from the 'instructor' table that match a specified pattern. The placeholder in the LIKE clause allows for flexible searching of instructor names based on user input."
    },
    {
        "sample_id": 1411,
        "gold_sql": "SELECT count(*) ,  dept_name FROM student GROUP BY dept_name",
        "gold_complexity": 8,
        "vt": "SELECT COUNT(*), student.dept_name FROM student GROUP BY student.dept_name",
        "ba": "The virtual table summarizes the number of students in each academic department by counting the total number of students grouped by their respective department names from the 'student' table."
    },
    {
        "sample_id": 1471,
        "gold_sql": "SELECT name ,  course_id FROM instructor AS T1 JOIN teaches AS T2 ON T1.ID  =  T2.ID WHERE T1.dept_name  =  'Art'",
        "gold_complexity": 9,
        "vt": "SELECT instructor.name, teaches.course_id FROM instructor JOIN teaches AS T2 ON T1.ID = T2.ID WHERE instructor.dept_name = '[placeholder-type:string]'",
        "ba": "The virtual table describes the names of instructors and the courses they teach from the 'instructor' and 'teaches' tables. The placeholder in the WHERE clause represents the department's name, allowing users to filter instructors based on their department."
    },
    {
        "sample_id": 1409,
        "gold_sql": "SELECT dept_name FROM student GROUP BY dept_name ORDER BY count(*) DESC LIMIT 1",
        "gold_complexity": 9,
        "vt": "SELECT student.dept_name FROM student GROUP BY student.dept_name ORDER BY COUNT(*) LIMIT [placeholder-type:numeric]",
        "ba": "The virtual table provides a list of academic departments from the 'student' table, grouping the results by department name and ordering them based on the number of students in each department. The placeholder in the LIMIT clause allows for specifying the maximum number of departments to be returned."
    },
    {
        "sample_id": 1351,
        "gold_sql": "SELECT COUNT (DISTINCT id) FROM teaches",
        "gold_complexity": 5,
        "vt": "SELECT COUNT(DISTINCT id) FROM teaches",
        "ba": "The virtual table counts the number of distinct instructors who are teaching courses in the database. It utilizes the 'teaches' table, which links instructors to the courses they teach, ensuring that each instructor is only counted once regardless of how many courses they are teaching."
    },
    {
        "sample_id": 1465,
        "gold_sql": "SELECT name FROM instructor WHERE dept_name  =  'Comp. Sci.'",
        "gold_complexity": 6,
        "vt": "SELECT instructor.name FROM instructor WHERE instructor.dept_name = '[placeholder-type:string]'",
        "ba": "The virtual table describes the names of instructors from the 'instructor' table who belong to a specific department. The placeholder in the WHERE clause represents the department's name."
    },
    {
        "sample_id": 1339,
        "gold_sql": "SELECT count(DISTINCT dept_name) FROM course",
        "gold_complexity": 5,
        "vt": "SELECT COUNT(DISTINCT dept_name) FROM course",
        "ba": "The virtual table counts the distinct academic departments that offer courses in the 'course' table."
    },
    {
        "sample_id": 1481,
        "gold_sql": "SELECT course_id FROM SECTION WHERE semester  =  'Fall' AND YEAR  =  2009 EXCEPT SELECT course_id FROM SECTION WHERE semester  =  'Spring' AND YEAR  =  2010",
        "gold_complexity": 8,
        "vt": "SELECT course_id FROM SECTION WHERE semester = 'Fall' AND YEAR = 2009 EXCEPT SELECT course_id FROM SECTION WHERE semester = 'Spring' AND YEAR = 2010",
        "ba": "The virtual table identifies the unique course identifiers from the 'section' table that were offered in the Fall semester of a specific year, excluding those that were also offered in the Spring semester of the following year. This allows for the identification of courses that were not available in the Spring semester after being offered in the Fall."
    },
    {
        "sample_id": 1470,
        "gold_sql": "SELECT name ,  course_id FROM instructor AS T1 JOIN teaches AS T2 ON T1.ID  =  T2.ID WHERE T1.dept_name  =  'Art'",
        "gold_complexity": 9,
        "vt": "SELECT instructor.name, teaches.course_id FROM instructor JOIN teaches AS T2 ON T1.ID = T2.ID WHERE instructor.dept_name = '[placeholder-type:string]'",
        "ba": "The virtual table describes the names of instructors and the courses they teach from the 'instructor' and 'teaches' tables. The placeholder in the WHERE clause represents the department's name, allowing users to filter instructors based on their department."
    },
    {
        "sample_id": 1483,
        "gold_sql": "SELECT DISTINCT salary FROM instructor WHERE salary  <  (SELECT max(salary) FROM instructor)",
        "gold_complexity": 9,
        "vt": "SELECT DISTINCT instructor.salary FROM instructor WHERE instructor.salary < (SELECT MAX(instructor.salary) FROM instructor)",
        "ba": "The virtual table displays the distinct salaries of instructors from the 'instructor' table who earn less than the maximum salary among all instructors. The placeholder in the WHERE clause represents a condition to filter salaries below the highest salary recorded."
    },
    {
        "sample_id": 1330,
        "gold_sql": "SELECT dept_name ,  building FROM department ORDER BY budget DESC LIMIT 1",
        "gold_complexity": 9,
        "vt": "SELECT department.dept_name, department.building FROM department ORDER BY department.budget LIMIT [placeholder-type:numeric]",
        "ba": "The virtual table provides a list of academic departments along with their respective building locations. The results are ordered by the department's budget, and the number of departments returned is limited by a specified numeric value."
    },
    {
        "sample_id": 1371,
        "gold_sql": "SELECT dept_name FROM course GROUP BY dept_name ORDER BY count(*) DESC LIMIT 3",
        "gold_complexity": 9,
        "vt": "SELECT course.dept_name FROM course GROUP BY course.dept_name ORDER BY COUNT(*) LIMIT [placeholder-type:numeric]",
        "ba": "The virtual table lists the names of academic departments from the 'course' table, grouping the results by department name and ordering them by the number of courses offered in each department. The placeholder in the LIMIT clause allows for specifying the maximum number of departments to be returned."
    },
    {
        "sample_id": 1426,
        "gold_sql": "SELECT name FROM student WHERE id IN (SELECT id FROM takes WHERE semester  =  'Fall' AND YEAR  =  2003)",
        "gold_complexity": 13,
        "vt": "SELECT student.name FROM student WHERE student.id IN (SELECT student.id FROM takes WHERE semester = 'Fall' AND YEAR = 2003)",
        "ba": "The virtual table lists the names of students who are enrolled in courses during the Fall semester of the year 2003. It filters the students based on their IDs, which are obtained from a subquery that selects students from the 'takes' table for the specified semester and year."
    },
    {
        "sample_id": 1335,
        "gold_sql": "SELECT count(*) FROM classroom WHERE building  =  'Lamberton'",
        "gold_complexity": 6,
        "vt": "SELECT COUNT(*) FROM classroom WHERE classroom.building = '[placeholder-type:string]'",
        "ba": "The virtual table counts the number of classrooms located in a specific building from the 'classroom' table. The placeholder in the WHERE clause represents the name of the building."
    },
    {
        "sample_id": 1431,
        "gold_sql": "SELECT T1.name FROM instructor AS T1 JOIN teaches AS T2 ON T1.id  =  T2.id JOIN course AS T3 ON T2.course_id  =  T3.course_id WHERE T3.title  =  'C Programming'",
        "gold_complexity": 8,
        "vt": "SELECT instructor.name FROM instructor JOIN teaches AS T2 ON T1.id = T2.id JOIN course AS T3 ON T2.course_id = T3.course_id WHERE course.title = '[placeholder-type:string]'",
        "ba": "The virtual table lists the names of instructors who teach a specific course identified by its title. It retrieves data from the 'instructor' table and joins it with the 'teaches' table to link instructors with the courses they teach, and further joins with the 'course' table to filter by the course title."
    },
    {
        "sample_id": 1433,
        "gold_sql": "SELECT T2.name ,  T2.salary FROM advisor AS T1 JOIN instructor AS T2 ON T1.i_id  =  T2.id JOIN student AS T3 ON T1.s_id  =  T3.id WHERE T3.dept_name  =  'Math'",
        "gold_complexity": 10,
        "vt": "SELECT instructor.name, instructor.salary FROM advisor JOIN instructor AS T2 ON T1.i_id = T2.id JOIN student AS T3 ON T1.s_id = T3.id WHERE student.dept_name = '[placeholder-type:string]'",
        "ba": "The virtual table describes the names and salaries of instructors who are advising students from a specific department. The query joins the 'advisor' table with the 'instructor' table to get the instructor details and with the 'student' table to filter by the department of the students. The placeholder in the WHERE clause represents the department's name."
    },
    {
        "sample_id": 1435,
        "gold_sql": "SELECT T2.name FROM advisor AS T1 JOIN instructor AS T2 ON T1.i_id  =  T2.id JOIN student AS T3 ON T1.s_id  =  T3.id WHERE T3.dept_name  =  'Math' ORDER BY T3.tot_cred",
        "gold_complexity": 10,
        "vt": "SELECT instructor.name FROM advisor JOIN instructor AS T2 ON T1.i_id = T2.id JOIN student AS T3 ON T1.s_id = T3.id WHERE student.dept_name = '[placeholder-type:string]' ORDER BY student.tot_cred",
        "ba": "The virtual table lists the names of instructors who are advisors to students from a specific department. The results are ordered by the total credits earned by the students."
    },
    {
        "sample_id": 1399,
        "gold_sql": "SELECT sum(credits) ,  dept_name FROM course GROUP BY dept_name",
        "gold_complexity": 8,
        "vt": "SELECT SUM(course.credits), course.dept_name FROM course GROUP BY course.dept_name",
        "ba": "The virtual table summarizes the total number of credits offered by each academic department from the 'course' table. It groups the results by the department name, allowing users to see how many credits are associated with courses in each department."
    },
    {
        "sample_id": 1344,
        "gold_sql": "SELECT T1.title ,  T1.credits , T1.dept_name FROM course AS T1 JOIN prereq AS T2 ON T1.course_id  =  T2.course_id GROUP BY T2.course_id HAVING count(*)  >  1",
        "gold_complexity": 13,
        "vt": "SELECT course.title, course.credits, course.dept_name FROM course JOIN prereq AS T2 ON T1.course_id = T2.course_id GROUP BY prereq.course_id HAVING COUNT(*) > [placeholder-type:numeric]",
        "ba": "The virtual table describes the titles and credits of courses from the 'course' table that have more than a specified number of prerequisites. The placeholder in the HAVING clause represents the minimum count of prerequisites required for the courses."
    },
    {
        "sample_id": 1398,
        "gold_sql": "SELECT sum(credits) ,  dept_name FROM course GROUP BY dept_name",
        "gold_complexity": 8,
        "vt": "SELECT SUM(course.credits), course.dept_name FROM course GROUP BY course.dept_name",
        "ba": "The virtual table summarizes the total number of credits offered by each academic department from the 'course' table. It groups the results by the department name, allowing users to see how many credits are associated with courses in each department."
    },
    {
        "sample_id": 1328,
        "gold_sql": "SELECT building ,  room_number FROM classroom WHERE capacity BETWEEN 50 AND 100",
        "gold_complexity": 8,
        "vt": "SELECT classroom.building, classroom.room_number FROM classroom WHERE classroom.capacity BETWEEN [placeholder-type:numeric] AND [placeholder-type:numeric]",
        "ba": "The virtual table describes the buildings and room numbers of classrooms that can accommodate a specific range of students. The placeholders in the WHERE clause represent the minimum and maximum capacity of students that the classrooms can hold."
    },
    {
        "sample_id": 1337,
        "gold_sql": "SELECT count(DISTINCT s_id) FROM advisor",
        "gold_complexity": 5,
        "vt": "SELECT COUNT(DISTINCT s_id) FROM advisor",
        "ba": "The virtual table counts the number of distinct students who have an advisor assigned to them from the 'advisor' table. The placeholder in the COUNT function represents the unique student identifiers."
    },
    {
        "sample_id": 1331,
        "gold_sql": "SELECT dept_name ,  building FROM department ORDER BY budget DESC LIMIT 1",
        "gold_complexity": 9,
        "vt": "SELECT department.dept_name, department.building FROM department ORDER BY department.budget LIMIT [placeholder-type:numeric]",
        "ba": "The virtual table provides a list of academic departments along with their respective building locations. The results are ordered by the department's budget, and the number of departments returned is limited by a specified numeric value."
    },
    {
        "sample_id": 1353,
        "gold_sql": "SELECT sum(budget) FROM department WHERE dept_name  =  'Marketing' OR dept_name  =  'Finance'",
        "gold_complexity": 6,
        "vt": "SELECT SUM(department.budget) FROM department WHERE department.dept_name = '[placeholder-type:string]' OR department.dept_name = '[placeholder-type:string]'",
        "ba": "The virtual table calculates the total budget allocated to specific academic departments from the 'department' table. The placeholders in the WHERE clause represent the names of the departments for which the budget is being summed up."
    },
    {
        "sample_id": 1418,
        "gold_sql": "SELECT course_id FROM course EXCEPT SELECT course_id FROM prereq",
        "gold_complexity": 6,
        "vt": "SELECT course_id FROM course EXCEPT SELECT course_id FROM prereq",
        "ba": "The virtual table lists all course IDs from the 'course' table that do not have any prerequisites associated with them. This is achieved by selecting course IDs from the 'course' table and excluding those that appear in the 'prereq' table, effectively identifying courses that can be taken without prior course requirements."
    },
    {
        "sample_id": 1457,
        "gold_sql": "SELECT T1.name FROM student AS T1 JOIN takes AS T2 ON T1.id  =  T2.id WHERE T2.course_id IN (SELECT T4.prereq_id FROM course AS T3 JOIN prereq AS T4 ON T3.course_id  =  T4.course_id WHERE T3.title  =  'International Finance')",
        "gold_complexity": 14,
        "vt": "SELECT student.name FROM student JOIN takes AS T2 ON T1.id = T2.id WHERE takes.course_id IN (SELECT prereq.prereq_id FROM course AS T3 JOIN prereq AS T4 ON T3.course_id = T4.course_id WHERE T3.title = 'International Finance')",
        "ba": "The virtual table describes the names of students who are enrolled in courses that have prerequisites for a specific course titled 'International Finance'. It involves joining the 'student' table with the 'takes' table to filter students based on their course enrollments, and a subquery is used to identify the prerequisite courses associated with 'International Finance'."
    },
    {
        "sample_id": 1366,
        "gold_sql": "SELECT id FROM teaches WHERE semester  =  'Fall' AND YEAR  =  2009 EXCEPT SELECT id FROM teaches WHERE semester  =  'Spring' AND YEAR  =  2010",
        "gold_complexity": 8,
        "vt": "SELECT id FROM teaches WHERE semester = 'Fall' AND YEAR = 2009 EXCEPT SELECT id FROM teaches WHERE semester = 'Spring' AND YEAR = 2010",
        "ba": "The virtual table identifies instructors who taught courses in the Fall semester of 2009 but did not teach any courses in the Spring semester of 2010. It uses the 'teaches' table to filter instructors based on the specified semesters and years."
    },
    {
        "sample_id": 1477,
        "gold_sql": "SELECT course_id FROM SECTION WHERE semester  =  'Fall' AND YEAR  =  2009 UNION SELECT course_id FROM SECTION WHERE semester  =  'Spring' AND YEAR  =  2010",
        "gold_complexity": 8,
        "vt": "SELECT course_id FROM SECTION WHERE semester = 'Fall' AND YEAR = 2009 UNION SELECT course_id FROM SECTION WHERE semester = 'Spring' AND YEAR = 2010",
        "ba": "The virtual table retrieves a list of course identifiers from the 'section' table for two specific semesters: Fall 2009 and Spring 2010. It combines the results from both semesters using a UNION operation, ensuring that the final output contains unique course identifiers from both queries."
    },
    {
        "sample_id": 1478,
        "gold_sql": "SELECT course_id FROM SECTION WHERE semester  =  'Fall' AND YEAR  =  2009 INTERSECT SELECT course_id FROM SECTION WHERE semester  =  'Spring' AND YEAR  =  2010",
        "gold_complexity": 8,
        "vt": "SELECT course_id FROM SECTION WHERE semester = 'Fall' AND YEAR = 2009 INTERSECT SELECT course_id FROM SECTION WHERE semester = 'Spring' AND YEAR = 2010",
        "ba": "The virtual table identifies the unique course identifiers that were offered in both the Fall semester of 2009 and the Spring semester of 2010. It uses an INTERSECT operation to find common course IDs from two separate queries, each filtering sections by semester and year."
    },
    {
        "sample_id": 1401,
        "gold_sql": "SELECT min(salary) ,  dept_name FROM instructor GROUP BY dept_name HAVING avg(salary)  >  (SELECT avg(salary) FROM instructor)",
        "gold_complexity": 12,
        "vt": "SELECT MIN(instructor.salary), instructor.dept_name FROM instructor GROUP BY instructor.dept_name HAVING AVG(instructor.salary) > (SELECT AVG(instructor.salary) FROM instructor)",
        "ba": "The virtual table provides the minimum salary of instructors grouped by their respective departments. It filters the results to only include departments where the average salary of instructors exceeds the overall average salary of all instructors."
    },
    {
        "sample_id": 1336,
        "gold_sql": "SELECT count(DISTINCT s_id) FROM advisor",
        "gold_complexity": 5,
        "vt": "SELECT COUNT(DISTINCT s_id) FROM advisor",
        "ba": "The virtual table counts the number of distinct students who have an advisor from the 'advisor' table. The placeholder in the COUNT function represents the unique student identifiers."
    },
    {
        "sample_id": 1393,
        "gold_sql": "SELECT count(*) ,  building FROM classroom WHERE capacity  >  50 GROUP BY building",
        "gold_complexity": 10,
        "vt": "SELECT COUNT(*), classroom.building FROM classroom WHERE classroom.capacity > [placeholder-type:numeric] GROUP BY classroom.building",
        "ba": "The virtual table summarizes the number of classrooms in each building that can accommodate more than a specified number of students. The placeholder in the WHERE clause represents the minimum capacity required for the classrooms."
    },
    {
        "sample_id": 1414,
        "gold_sql": "SELECT i_id FROM advisor AS T1 JOIN student AS T2 ON T1.s_id  =  T2.id WHERE T2.dept_name  =  'History'",
        "gold_complexity": 7,
        "vt": "SELECT advisor.i_id FROM advisor JOIN student AS T2 ON T1.s_id = T2.id WHERE student.dept_name = '[placeholder-type:string]'",
        "ba": "The virtual table retrieves the identifiers of instructors who are acting as advisors for students enrolled in a specific department. It joins the 'advisor' table with the 'student' table to filter the results based on the department of the students."
    },
    {
        "sample_id": 1448,
        "gold_sql": "SELECT avg(T1.salary) ,  count(*) FROM instructor AS T1 JOIN department AS T2 ON T1.dept_name  =  T2.dept_name ORDER BY T2.budget DESC LIMIT 1",
        "gold_complexity": 10,
        "vt": "SELECT AVG(instructor.salary), COUNT(*) FROM instructor JOIN department AS T2 ON T1.dept_name = T2.dept_name ORDER BY department.budget LIMIT [placeholder-type:numeric]",
        "ba": "The virtual table calculates the average salary of instructors and counts the total number of instructors from the 'instructor' table, while joining with the 'department' table to ensure that the data is grouped by department. The results are ordered by the department's budget, and a limit is applied to restrict the number of results returned based on a specified numeric value."
    },
    {
        "sample_id": 1329,
        "gold_sql": "SELECT building ,  room_number FROM classroom WHERE capacity BETWEEN 50 AND 100",
        "gold_complexity": 8,
        "vt": "SELECT classroom.building, classroom.room_number FROM classroom WHERE classroom.capacity BETWEEN [placeholder-type:numeric] AND [placeholder-type:numeric]",
        "ba": "The virtual table describes the buildings and room numbers of classrooms that can accommodate a specific range of students. The placeholders in the WHERE clause represent the minimum and maximum capacity of students that the classrooms can hold."
    },
    {
        "sample_id": 1424,
        "gold_sql": "SELECT title FROM course WHERE course_id IN (SELECT T1.course_id FROM prereq AS T1 JOIN course AS T2 ON T1.prereq_id  =  T2.course_id WHERE T2.title  =  'Differential Geometry')",
        "gold_complexity": 13,
        "vt": "SELECT course.title FROM course WHERE course.course_id IN (SELECT prereq.course_id FROM prereq AS T1 JOIN course AS T2 ON T1.prereq_id = T2.course_id WHERE T2.title = 'Differential Geometry')",
        "ba": "The virtual table lists the titles of courses that have 'Differential Geometry' as a prerequisite. It retrieves this information by first identifying the course ID of 'Differential Geometry' and then finding all courses that require it as a prerequisite."
    },
    {
        "sample_id": 1469,
        "gold_sql": "SELECT name ,  course_id FROM instructor AS T1 JOIN teaches AS T2 ON T1.ID  =  T2.ID",
        "gold_complexity": 7,
        "vt": "SELECT instructor.name, teaches.course_id FROM instructor JOIN teaches AS T2 ON T1.ID = T2.ID",
        "ba": "The virtual table describes the names of instructors along with the course identifiers for the courses they teach. It retrieves data from the 'instructor' table and joins it with the 'teaches' table to associate each instructor with their respective courses."
    },
    {
        "sample_id": 1368,
        "gold_sql": "SELECT DISTINCT T1.name FROM student AS T1 JOIN takes AS T2 ON T1.id  =  T2.id WHERE YEAR  =  2009 OR YEAR  =  2010",
        "gold_complexity": 8,
        "vt": "SELECT DISTINCT student.name FROM student JOIN takes AS T2 ON T1.id = T2.id WHERE takes.year = [placeholder-type:numeric] OR takes.year = [placeholder-type:numeric]",
        "ba": "The virtual table lists the distinct names of students who have taken courses in either of the specified academic years. It joins the 'student' table with the 'takes' table to filter students based on their course enrollment in the given years."
    },
    {
        "sample_id": 1456,
        "gold_sql": "SELECT T1.name FROM student AS T1 JOIN takes AS T2 ON T1.id  =  T2.id WHERE T2.course_id IN (SELECT T4.prereq_id FROM course AS T3 JOIN prereq AS T4 ON T3.course_id  =  T4.course_id WHERE T3.title  =  'International Finance')",
        "gold_complexity": 14,
        "vt": "SELECT student.name FROM student JOIN takes AS T2 ON T1.id = T2.id WHERE takes.course_id IN (SELECT prereq.prereq_id FROM course AS T3 JOIN prereq AS T4 ON T3.course_id = T4.course_id WHERE T3.title = 'International Finance')",
        "ba": "The virtual table lists the names of students who are enrolled in courses that have prerequisites for a specific course titled 'International Finance'. It involves joining the 'student' table with the 'takes' table to find students who have taken courses that are prerequisites for the specified course."
    },
    {
        "sample_id": 1466,
        "gold_sql": "SELECT name FROM instructor WHERE dept_name  =  'Comp. Sci.'  AND salary  >  80000",
        "gold_complexity": 8,
        "vt": "SELECT instructor.name FROM instructor WHERE instructor.dept_name = '[placeholder-type:string]' AND instructor.salary > [placeholder-type:numeric]",
        "ba": "The virtual table lists the names of instructors from the 'instructor' table who belong to a specific department and have a salary greater than a specified amount. The placeholders in the WHERE clause represent the department's name and the salary threshold."
    },
    {
        "sample_id": 1395,
        "gold_sql": "SELECT max(capacity) ,  avg(capacity) ,  building FROM classroom GROUP BY building",
        "gold_complexity": 9,
        "vt": "SELECT MAX(classroom.capacity), AVG(classroom.capacity), classroom.building FROM classroom GROUP BY classroom.building",
        "ba": "The virtual table summarizes the maximum and average capacities of classrooms grouped by their respective buildings. It provides insights into the space available for students in different buildings."
    },
    {
        "sample_id": 1416,
        "gold_sql": "SELECT T2.name ,  T2.salary FROM advisor AS T1 JOIN instructor AS T2 ON T1.i_id  =  T2.id JOIN student AS T3 ON T1.s_id  =  T3.id WHERE T3.dept_name  =  'History'",
        "gold_complexity": 10,
        "vt": "SELECT instructor.name, instructor.salary FROM advisor JOIN instructor AS T2 ON T1.i_id = T2.id JOIN student AS T3 ON T1.s_id = T3.id WHERE student.dept_name = '[placeholder-type:string]'",
        "ba": "The virtual table describes the names and salaries of instructors who are advising students from a specific department. The query joins the 'advisor' table with the 'instructor' table to get the instructor details and with the 'student' table to filter by the department of the students. The placeholder in the WHERE clause represents the department's name."
    },
    {
        "sample_id": 1413,
        "gold_sql": "SELECT semester ,  YEAR FROM takes GROUP BY semester ,  YEAR ORDER BY count(*) LIMIT 1",
        "gold_complexity": 13,
        "vt": "SELECT takes.semester, takes.year FROM takes GROUP BY takes.semester, takes.year ORDER BY COUNT(*) LIMIT [placeholder-type:numeric]",
        "ba": "The virtual table summarizes the semesters and years in which courses were taken by students, grouping the results by semester and year. The placeholder in the LIMIT clause allows for specifying the maximum number of results to return based on the count of courses taken."
    },
    {
        "sample_id": 1370,
        "gold_sql": "SELECT dept_name FROM course GROUP BY dept_name ORDER BY count(*) DESC LIMIT 3",
        "gold_complexity": 9,
        "vt": "SELECT course.dept_name FROM course GROUP BY course.dept_name ORDER BY COUNT(*) LIMIT [placeholder-type:numeric]",
        "ba": "The virtual table lists the names of academic departments that offer courses, grouped by department name. It orders the departments based on the number of courses they offer and limits the results to a specified number of departments."
    },
    {
        "sample_id": 1442,
        "gold_sql": "SELECT id FROM instructor EXCEPT SELECT id FROM teaches",
        "gold_complexity": 6,
        "vt": "SELECT id FROM instructor EXCEPT SELECT id FROM teaches",
        "ba": "The virtual table identifies instructors who are not currently teaching any courses. It retrieves the unique identifiers of all instructors from the 'instructor' table and excludes those who are listed in the 'teaches' table, which contains information about instructors assigned to specific courses and sections."
    },
    {
        "sample_id": 1480,
        "gold_sql": "SELECT course_id FROM SECTION WHERE semester  =  'Fall' AND YEAR  =  2009 EXCEPT SELECT course_id FROM SECTION WHERE semester  =  'Spring' AND YEAR  =  2010",
        "gold_complexity": 8,
        "vt": "SELECT course_id FROM SECTION WHERE semester = 'Fall' AND YEAR = 2009 EXCEPT SELECT course_id FROM SECTION WHERE semester = 'Spring' AND YEAR = 2010",
        "ba": "The virtual table identifies the unique course identifiers from the 'section' table that were offered in the Fall semester of a specific year, excluding those that were offered in the Spring semester of the following year. This allows for the identification of courses that were available in one semester but not in another."
    },
    {
        "sample_id": 1340,
        "gold_sql": "SELECT count(DISTINCT course_id) FROM course WHERE dept_name  =  'Physics'",
        "gold_complexity": 7,
        "vt": "SELECT COUNT(DISTINCT course_id) FROM course WHERE course.dept_name = '[placeholder-type:string]'",
        "ba": "The virtual table counts the number of distinct courses offered by a specific academic department. The placeholder in the WHERE clause represents the name of the department."
    },
    {
        "sample_id": 1462,
        "gold_sql": "SELECT T2.building ,  T2.room_number ,  T2.semester ,  T2.year FROM course AS T1 JOIN SECTION AS T2 ON T1.course_id  =  T2.course_id WHERE T1.dept_name  =  'Psychology' ORDER BY T1.title",
        "gold_complexity": 15,
        "vt": "SELECT section.building, section.room_number, section.semester, section.year FROM course JOIN SECTION AS T2 ON T1.course_id = T2.course_id WHERE course.dept_name = '[placeholder-type:string]' ORDER BY course.title",
        "ba": "The virtual table describes the building and room number of sections offered for courses in a specific department, along with the semester and year they are taught. The placeholder in the WHERE clause represents the department's name, allowing users to filter results based on their department of interest."
    },
    {
        "sample_id": 1453,
        "gold_sql": "SELECT name FROM student WHERE id NOT IN (SELECT T1.id FROM takes AS T1 JOIN course AS T2 ON T1.course_id  =  T2.course_id WHERE T2.dept_name  =  'Biology')",
        "gold_complexity": 13,
        "vt": "SELECT student.name FROM student WHERE NOT student.id IN (SELECT takes.id FROM takes AS T1 JOIN course AS T2 ON T1.course_id = T2.course_id WHERE T2.dept_name = 'Biology')",
        "ba": "The virtual table lists the names of students who are not enrolled in any courses offered by the Biology department. It does this by selecting from the 'student' table and excluding those students whose IDs appear in a subquery that retrieves IDs of students taking courses from the Biology department."
    },
    {
        "sample_id": 1365,
        "gold_sql": "SELECT title FROM course WHERE dept_name  =  'Statistics' EXCEPT SELECT title FROM course WHERE dept_name  =  'Psychology'",
        "gold_complexity": 7,
        "vt": "SELECT title FROM course WHERE dept_name = 'Statistics' EXCEPT SELECT title FROM course WHERE dept_name = 'Psychology'",
        "ba": "The virtual table lists the titles of courses offered by the 'course' table that belong to the 'Statistics' department but excludes those that are also offered by the 'Psychology' department. The query uses the EXCEPT operator to filter out any overlapping course titles between the two departments."
    },
    {
        "sample_id": 1324,
        "gold_sql": "SELECT count(*) FROM classroom WHERE building != 'Lamberton'",
        "gold_complexity": 6,
        "vt": "SELECT COUNT(*) FROM classroom WHERE classroom.building <> '[placeholder-type:string]'",
        "ba": "The virtual table counts the number of classrooms located in buildings other than a specified building. The placeholder in the WHERE clause represents the name of the building to be excluded from the count."
    },
    {
        "sample_id": 1356,
        "gold_sql": "SELECT count(*) FROM classroom WHERE building  =  'Lamberton' AND capacity  <  50",
        "gold_complexity": 8,
        "vt": "SELECT COUNT(*) FROM classroom WHERE classroom.building = '[placeholder-type:string]' AND classroom.capacity < [placeholder-type:numeric]",
        "ba": "The virtual table counts the number of classrooms located in a specific building that have a capacity less than a specified number of students. The placeholders represent the building name and the maximum capacity limit."
    },
    {
        "sample_id": 1441,
        "gold_sql": "SELECT name FROM instructor WHERE id NOT IN (SELECT id FROM teaches)",
        "gold_complexity": 10,
        "vt": "SELECT instructor.name FROM instructor WHERE NOT instructor.id IN (SELECT instructor.id FROM teaches)",
        "ba": "The virtual table lists the names of instructors from the 'instructor' table who are not currently teaching any courses. The subquery identifies instructors who are teaching by checking their IDs in the 'teaches' table, and the main query selects those instructors whose IDs are not found in that list."
    },
    {
        "sample_id": 1346,
        "gold_sql": "SELECT count(*) FROM course WHERE course_id NOT IN (SELECT course_id FROM prereq)",
        "gold_complexity": 10,
        "vt": "SELECT COUNT(*) FROM course WHERE NOT course.course_id IN (SELECT course.course_id FROM prereq)",
        "ba": "The virtual table counts the number of courses from the 'course' table that do not have any prerequisites associated with them. The subquery identifies all course IDs that have prerequisites, and the main query counts those courses that are not included in that list."
    },
    {
        "sample_id": 1479,
        "gold_sql": "SELECT course_id FROM SECTION WHERE semester  =  'Fall' AND YEAR  =  2009 INTERSECT SELECT course_id FROM SECTION WHERE semester  =  'Spring' AND YEAR  =  2010",
        "gold_complexity": 8,
        "vt": "SELECT course_id FROM SECTION WHERE semester = 'Fall' AND YEAR = 2009 INTERSECT SELECT course_id FROM SECTION WHERE semester = 'Spring' AND YEAR = 2010",
        "ba": "The virtual table identifies the unique course identifiers from the 'section' table that were offered in both the Fall semester of 2009 and the Spring semester of 2010. It uses an INTERSECT operation to find common course IDs between the two specified semesters."
    },
    {
        "sample_id": 1364,
        "gold_sql": "SELECT title FROM course WHERE dept_name  =  'Statistics' EXCEPT SELECT title FROM course WHERE dept_name  =  'Psychology'",
        "gold_complexity": 7,
        "vt": "SELECT title FROM course WHERE dept_name = 'Statistics' EXCEPT SELECT title FROM course WHERE dept_name = 'Psychology'",
        "ba": "The virtual table lists the titles of courses offered by the 'course' table that belong to the 'Statistics' department but excludes those that are also offered by the 'Psychology' department. The query uses the EXCEPT operator to filter out any overlapping course titles between the two departments."
    },
    {
        "sample_id": 1382,
        "gold_sql": "SELECT * FROM instructor ORDER BY salary",
        "gold_complexity": 6,
        "vt": "SELECT * FROM instructor ORDER BY instructor.salary",
        "ba": "The virtual table displays all information from the 'instructor' table, sorted by the annual salary of each instructor in ascending order. This allows users to view the details of instructors while prioritizing their salary information."
    },
    {
        "sample_id": 1410,
        "gold_sql": "SELECT count(*) ,  dept_name FROM student GROUP BY dept_name",
        "gold_complexity": 8,
        "vt": "SELECT COUNT(*), student.dept_name FROM student GROUP BY student.dept_name",
        "ba": "The virtual table summarizes the number of students in each academic department by counting the total number of students grouped by their respective department names from the 'student' table."
    },
    {
        "sample_id": 1322,
        "gold_sql": "SELECT DISTINCT building FROM classroom WHERE capacity  >  50",
        "gold_complexity": 7,
        "vt": "SELECT DISTINCT classroom.building FROM classroom WHERE classroom.capacity > [placeholder-type:numeric]",
        "ba": "The virtual table lists the unique buildings from the 'classroom' table that have a capacity greater than a specified number of students. The placeholder in the WHERE clause represents the minimum capacity requirement."
    },
    {
        "sample_id": 1489,
        "gold_sql": "SELECT name FROM instructor WHERE salary  >  (SELECT min(salary) FROM instructor WHERE dept_name  =  'Biology')",
        "gold_complexity": 11,
        "vt": "SELECT instructor.name FROM instructor WHERE instructor.salary > (SELECT MIN(instructor.salary) FROM instructor WHERE dept_name = 'Biology')",
        "ba": "The virtual table lists the names of instructors from the 'instructor' table whose salaries are greater than the minimum salary of instructors in the 'Biology' department."
    },
    {
        "sample_id": 1446,
        "gold_sql": "SELECT dept_name FROM instructor GROUP BY dept_name ORDER BY avg(salary) DESC LIMIT 1",
        "gold_complexity": 9,
        "vt": "SELECT instructor.dept_name FROM instructor GROUP BY instructor.dept_name ORDER BY AVG(instructor.salary) LIMIT [placeholder-type:numeric]",
        "ba": "The virtual table lists the names of academic departments from the 'instructor' table, grouping the results by department name. It orders the departments based on the average salary of instructors within each department and limits the number of results returned based on a specified numeric value."
    },
    {
        "sample_id": 1423,
        "gold_sql": "SELECT title FROM course WHERE course_id IN (SELECT T1.prereq_id FROM prereq AS T1 JOIN course AS T2 ON T1.course_id  =  T2.course_id WHERE T2.title  =  'International Finance')",
        "gold_complexity": 13,
        "vt": "SELECT course.title FROM course WHERE course.course_id IN (SELECT prereq.prereq_id FROM prereq AS T1 JOIN course AS T2 ON T1.course_id = T2.course_id WHERE T2.title = 'International Finance')",
        "ba": "The virtual table lists the titles of courses that are prerequisites for a specific course identified by its title, 'International Finance'. It retrieves this information by first identifying the prerequisite course IDs associated with 'International Finance' and then selecting the titles of those prerequisite courses."
    },
    {
        "sample_id": 1422,
        "gold_sql": "SELECT title FROM course WHERE course_id IN (SELECT T1.prereq_id FROM prereq AS T1 JOIN course AS T2 ON T1.course_id  =  T2.course_id WHERE T2.title  =  'International Finance')",
        "gold_complexity": 13,
        "vt": "SELECT course.title FROM course WHERE course.course_id IN (SELECT prereq.prereq_id FROM prereq AS T1 JOIN course AS T2 ON T1.course_id = T2.course_id WHERE T2.title = 'International Finance')",
        "ba": "The virtual table lists the titles of courses that are prerequisites for a specific course identified by its title. It retrieves the course titles from the 'course' table where the course ID matches those found in the 'prereq' table, which links prerequisite courses to their respective courses."
    },
    {
        "sample_id": 1387,
        "gold_sql": "SELECT T1.title ,  T3.name FROM course AS T1 JOIN teaches AS T2 ON T1.course_id  =  T2.course_id JOIN instructor AS T3 ON T2.id  =  T3.id WHERE YEAR  =  2008 ORDER BY T1.title",
        "gold_complexity": 12,
        "vt": "SELECT course.title, instructor.name FROM course JOIN teaches AS T2 ON T1.course_id = T2.course_id JOIN instructor AS T3 ON T2.id = T3.id WHERE teaches.year = [placeholder-type:numeric] ORDER BY course.title",
        "ba": "The virtual table describes the titles of courses along with the names of instructors who teach them, filtered by a specific academic year. The placeholders in the WHERE clause represent the year for which the courses are being queried."
    },
    {
        "sample_id": 1450,
        "gold_sql": "SELECT T3.title ,  T3.credits FROM classroom AS T1 JOIN SECTION AS T2 ON T1.building  =  T2.building AND T1.room_number  =  T2.room_number JOIN course AS T3 ON T2.course_id  =  T3.course_id WHERE T1.capacity  =  (SELECT max(capacity) FROM classroom)",
        "gold_complexity": 13,
        "vt": "SELECT course.title, course.credits FROM classroom JOIN SECTION AS T2 ON T1.building = T2.building AND T1.room_number = T2.room_number JOIN course AS T3 ON T2.course_id = T3.course_id WHERE classroom.capacity = (SELECT MAX(classroom.capacity) FROM classroom)",
        "ba": "The virtual table describes the titles and credits of courses offered in the classroom with the maximum capacity. It joins the 'classroom' table with the 'section' table to find sections held in classrooms based on building and room number, and then joins with the 'course' table to retrieve course details."
    },
    {
        "sample_id": 1394,
        "gold_sql": "SELECT max(capacity) ,  avg(capacity) ,  building FROM classroom GROUP BY building",
        "gold_complexity": 9,
        "vt": "SELECT MAX(classroom.capacity), AVG(classroom.capacity), classroom.building FROM classroom GROUP BY classroom.building",
        "ba": "The virtual table summarizes the maximum and average capacities of classrooms grouped by their respective buildings. It provides insights into the space available for students in different buildings."
    },
    {
        "sample_id": 1437,
        "gold_sql": "SELECT title FROM course WHERE course_id IN (SELECT T1.prereq_id FROM prereq AS T1 JOIN course AS T2 ON T1.course_id  =  T2.course_id WHERE T2.title  =  'Mobile Computing')",
        "gold_complexity": 13,
        "vt": "SELECT course.title FROM course WHERE course.course_id IN (SELECT prereq.prereq_id FROM prereq AS T1 JOIN course AS T2 ON T1.course_id = T2.course_id WHERE T2.title = 'Mobile Computing')",
        "ba": "The virtual table lists the titles of courses that are prerequisites for a specific course identified by its title. It retrieves the course titles from the 'course' table where the course ID matches those found in the 'prereq' table, which links prerequisite courses to their respective courses."
    }
]