[
    {
        "sample_id": 5429,
        "gold_sql": "SELECT sum(total_pounds) FROM purchase AS T1 JOIN branch AS T2 ON T1.branch_id  =  T2.branch_id WHERE T2.city  =  'London' AND T1.year  =  2018",
        "gold_complexity": 8,
        "vt": "SELECT SUM(purchase.total_pounds) FROM purchase JOIN branch AS T2 ON T1.branch_id = T2.branch_id WHERE branch.city = '[placeholder-type:string]' AND purchase.year = [placeholder-type:numeric]",
        "ba": "The virtual table calculates the total amount spent by members in a specific branch located in a certain city during a particular year. It aggregates the 'total_pounds' from the 'purchase' table, joining it with the 'branch' table to filter by city. The placeholders represent the city name and the year of the purchase."
    },
    {
        "sample_id": 5428,
        "gold_sql": "SELECT city FROM branch EXCEPT SELECT city FROM branch WHERE membership_amount  >  100",
        "gold_complexity": 7,
        "vt": "SELECT city FROM branch EXCEPT SELECT city FROM branch WHERE membership_amount > 100",
        "ba": "The virtual table identifies cities where branches are located that do not have more than a specified number of memberships. It does this by selecting all cities from the 'branch' table and excluding those cities where the number of memberships exceeds a certain threshold."
    },
    {
        "sample_id": 5405,
        "gold_sql": "SELECT city ,  count(*) FROM branch WHERE open_year  <  2010 GROUP BY city",
        "gold_complexity": 10,
        "vt": "SELECT branch.city, COUNT(*) FROM branch WHERE branch.open_year < [placeholder-type:numeric] GROUP BY branch.city",
        "ba": "The virtual table provides a count of branches that were opened before a specific year, grouped by the city where each branch is located. The placeholder in the WHERE clause represents the year of interest."
    },
    {
        "sample_id": 5403,
        "gold_sql": "SELECT min(membership_amount) ,  max(membership_amount) FROM branch WHERE open_year  =  2011 OR city  =  'London'",
        "gold_complexity": 8,
        "vt": "SELECT MIN(branch.membership_amount), MAX(branch.membership_amount) FROM branch WHERE branch.open_year = [placeholder-type:numeric] OR branch.city = '[placeholder-type:string]'",
        "ba": "The virtual table provides the minimum and maximum number of memberships at branches from the 'branch' table, filtered by either the year the branch was opened or the city where the branch is located. The placeholders represent the specific year and city name used for filtering."
    },
    {
        "sample_id": 5415,
        "gold_sql": "SELECT T2.name ,  count(*) FROM membership_register_branch AS T1 JOIN branch AS T2 ON T1.branch_id  =  T2.branch_id WHERE T1.register_year  >  2015 GROUP BY T2.branch_id",
        "gold_complexity": 11,
        "vt": "SELECT branch.name, COUNT(*) FROM membership_register_branch JOIN branch AS T2 ON T1.branch_id = T2.branch_id WHERE membership_register_branch.register_year > [placeholder-type:numeric] GROUP BY branch.branch_id",
        "ba": "The virtual table provides a count of members who registered at each branch after a specified year. It joins the 'membership_register_branch' table with the 'branch' table to access branch names and filter registrations based on the year. The placeholder in the WHERE clause represents the year after which the registrations are counted."
    },
    {
        "sample_id": 5400,
        "gold_sql": "SELECT DISTINCT city FROM branch WHERE membership_amount  >=  100",
        "gold_complexity": 7,
        "vt": "SELECT DISTINCT branch.city FROM branch WHERE branch.membership_amount >= [placeholder-type:numeric]",
        "ba": "The virtual table lists distinct cities from the 'branch' table where the number of memberships at each branch meets or exceeds a specified amount. The placeholder in the WHERE clause represents the minimum number of memberships required for a branch to be included in the results."
    },
    {
        "sample_id": 5420,
        "gold_sql": "SELECT name ,  city FROM branch WHERE branch_id NOT IN (SELECT branch_id FROM membership_register_branch)",
        "gold_complexity": 12,
        "vt": "SELECT branch.name, branch.city FROM branch WHERE NOT branch.branch_id IN (SELECT branch.branch_id FROM membership_register_branch)",
        "ba": "The virtual table lists the names and cities of branches from the 'branch' table that do not have any registered members associated with them. The subquery identifies branch IDs that have members registered, and the main query filters out these branches."
    },
    {
        "sample_id": 5406,
        "gold_sql": "SELECT city ,  count(*) FROM branch WHERE open_year  <  2010 GROUP BY city",
        "gold_complexity": 10,
        "vt": "SELECT branch.city, COUNT(*) FROM branch WHERE branch.open_year < [placeholder-type:numeric] GROUP BY branch.city",
        "ba": "The virtual table provides a count of branches that were opened before a specific year, grouped by the city in which they are located. The placeholder in the WHERE clause represents the year of interest."
    },
    {
        "sample_id": 5425,
        "gold_sql": "SELECT city FROM branch WHERE open_year  =  2001 AND membership_amount  >  100",
        "gold_complexity": 8,
        "vt": "SELECT branch.city FROM branch WHERE branch.open_year = [placeholder-type:numeric] AND branch.membership_amount > [placeholder-type:numeric]",
        "ba": "The virtual table describes the cities of branches from the 'branch' table that were opened in a specific year and have a membership amount exceeding a certain number. The placeholders in the WHERE clause represent the year of opening and the minimum membership amount."
    },
    {
        "sample_id": 5423,
        "gold_sql": "SELECT T2.name ,  T2.hometown FROM membership_register_branch AS T1 JOIN member AS T2 ON T1.member_id  =  T2.member_id WHERE T1.register_year  =  2016",
        "gold_complexity": 9,
        "vt": "SELECT member.name, member.hometown FROM membership_register_branch JOIN member AS T2 ON T1.member_id = T2.member_id WHERE membership_register_branch.register_year = [placeholder-type:numeric]",
        "ba": "The virtual table describes the names and hometowns of members who registered at a branch during a specific year. The query joins the 'membership_register_branch' table with the 'member' table to retrieve the relevant member information based on the registration year."
    },
    {
        "sample_id": 5430,
        "gold_sql": "SELECT sum(total_pounds) FROM purchase AS T1 JOIN branch AS T2 ON T1.branch_id  =  T2.branch_id WHERE T2.city  =  'London' AND T1.year  =  2018",
        "gold_complexity": 8,
        "vt": "SELECT SUM(purchase.total_pounds) FROM purchase JOIN branch AS T2 ON T1.branch_id = T2.branch_id WHERE branch.city = '[placeholder-type:string]' AND purchase.year = [placeholder-type:numeric]",
        "ba": "The virtual table calculates the total amount spent by members in a specific branch located in a certain city during a specified year. It aggregates the 'total_pounds' from the 'purchase' table, joining it with the 'branch' table to filter by the branch's city. The placeholders represent the city name and the year of the purchase."
    },
    {
        "sample_id": 5435,
        "gold_sql": "SELECT card_number FROM member WHERE Hometown LIKE \"%Kentucky%\"",
        "gold_complexity": 6,
        "vt": "SELECT member.card_number FROM member WHERE member.hometown LIKE None.\"%kentucky%\"",
        "ba": "The virtual table retrieves the membership card numbers of members from the 'member' table who are from a specific hometown. The placeholder in the WHERE clause allows for filtering based on the hometown name, which in this case is related to Kentucky."
    },
    {
        "sample_id": 5398,
        "gold_sql": "SELECT name FROM branch ORDER BY membership_amount DESC LIMIT 3",
        "gold_complexity": 7,
        "vt": "SELECT branch.name FROM branch ORDER BY branch.membership_amount LIMIT [placeholder-type:numeric]",
        "ba": "The virtual table lists the names of branches from the 'branch' table, ordered by the total number of memberships at each branch. The placeholder in the LIMIT clause allows for specifying the maximum number of branch names to return."
    },
    {
        "sample_id": 5393,
        "gold_sql": "SELECT count(*) FROM branch WHERE membership_amount  >  (SELECT avg(membership_amount) FROM branch)",
        "gold_complexity": 9,
        "vt": "SELECT COUNT(*) FROM branch WHERE branch.membership_amount > (SELECT AVG(branch.membership_amount) FROM branch)",
        "ba": "The virtual table counts the number of branches from the 'branch' table that have a total number of memberships greater than the average number of memberships across all branches. The subquery calculates the average membership amount, and the main query filters branches based on this average."
    },
    {
        "sample_id": 5421,
        "gold_sql": "SELECT T2.name ,  T2.open_year FROM membership_register_branch AS T1 JOIN branch AS T2 ON T1.branch_id  =  T2.branch_id WHERE T1.register_year  =  2016 GROUP BY T2.branch_id ORDER BY count(*) DESC LIMIT 1",
        "gold_complexity": 14,
        "vt": "SELECT branch.name, branch.open_year FROM membership_register_branch JOIN branch AS T2 ON T1.branch_id = T2.branch_id WHERE membership_register_branch.register_year = [placeholder-type:numeric] GROUP BY branch.branch_id ORDER BY COUNT(*) LIMIT [placeholder-type:numeric]",
        "ba": "The virtual table describes the names and opening years of branches from the 'branch' table where members registered in a specific year. The query groups the results by branch ID and orders them based on the number of registrations, limiting the output to a specified number of branches."
    },
    {
        "sample_id": 5399,
        "gold_sql": "SELECT DISTINCT city FROM branch WHERE membership_amount  >=  100",
        "gold_complexity": 7,
        "vt": "SELECT DISTINCT branch.city FROM branch WHERE branch.membership_amount >= [placeholder-type:numeric]",
        "ba": "The virtual table lists distinct cities from the 'branch' table where the number of memberships at each branch meets or exceeds a specified amount. The placeholder in the WHERE clause represents the minimum number of memberships required to filter the branches."
    },
    {
        "sample_id": 5396,
        "gold_sql": "SELECT name ,  address_road ,  city FROM branch ORDER BY open_year",
        "gold_complexity": 10,
        "vt": "SELECT branch.name, branch.address_road, branch.city FROM branch ORDER BY branch.open_year",
        "ba": "The virtual table lists the names, street addresses, and cities of all branches from the 'branch' table, ordered by the year each branch was opened."
    },
    {
        "sample_id": 5414,
        "gold_sql": "SELECT T3.name ,  T2.name FROM membership_register_branch AS T1 JOIN branch AS T2 ON T1.branch_id  =  T2.branch_id JOIN member AS T3 ON T1.member_id  =  T3.member_id ORDER BY T1.register_year",
        "gold_complexity": 10,
        "vt": "SELECT member.name, branch.name FROM membership_register_branch JOIN branch AS T2 ON T1.branch_id = T2.branch_id JOIN member AS T3 ON T1.member_id = T3.member_id ORDER BY membership_register_branch.register_year",
        "ba": "The virtual table describes the names of members and the names of branches from the 'membership_register_branch' table, which links members to the branches where they registered. It uses JOIN operations to combine data from the 'branch' and 'member' tables based on their respective identifiers. The results are ordered by the year of registration, allowing users to see which members registered at which branches over time."
    },
    {
        "sample_id": 5410,
        "gold_sql": "SELECT card_number ,  name ,  hometown FROM member ORDER BY LEVEL DESC",
        "gold_complexity": 10,
        "vt": "SELECT member.card_number, member.name, member.hometown FROM member ORDER BY member.level",
        "ba": "The virtual table describes the membership card number, full name, and hometown of members from the 'member' table, ordered by their membership level."
    },
    {
        "sample_id": 5394,
        "gold_sql": "SELECT count(*) FROM branch WHERE membership_amount  >  (SELECT avg(membership_amount) FROM branch)",
        "gold_complexity": 9,
        "vt": "SELECT COUNT(*) FROM branch WHERE branch.membership_amount > (SELECT AVG(branch.membership_amount) FROM branch)",
        "ba": "The virtual table counts the number of branches from the 'branch' table that have a total number of memberships greater than the average number of memberships across all branches. The subquery calculates the average membership amount, and the main query filters branches based on this average."
    },
    {
        "sample_id": 5422,
        "gold_sql": "SELECT T2.name ,  T2.open_year FROM membership_register_branch AS T1 JOIN branch AS T2 ON T1.branch_id  =  T2.branch_id WHERE T1.register_year  =  2016 GROUP BY T2.branch_id ORDER BY count(*) DESC LIMIT 1",
        "gold_complexity": 14,
        "vt": "SELECT branch.name, branch.open_year FROM membership_register_branch JOIN branch AS T2 ON T1.branch_id = T2.branch_id WHERE membership_register_branch.register_year = [placeholder-type:numeric] GROUP BY branch.branch_id ORDER BY COUNT(*) LIMIT [placeholder-type:numeric]",
        "ba": "The virtual table describes the names and opening years of branches from the 'branch' table where members registered in a specific year. The query joins the 'membership_register_branch' table to filter branches based on the registration year, and it groups the results by branch ID to count the number of registrations per branch. The placeholders represent the registration year and the limit on the number of results returned."
    },
    {
        "sample_id": 5436,
        "gold_sql": "SELECT card_number FROM member WHERE Hometown LIKE \"%Kentucky%\"",
        "gold_complexity": 6,
        "vt": "SELECT member.card_number FROM member WHERE member.hometown LIKE None.\"%kentucky%\"",
        "ba": "The virtual table retrieves the membership card numbers of members from the 'member' table who are from a specific hometown. The placeholder in the WHERE clause allows for filtering based on the hometown name, which in this case is related to Kentucky."
    },
    {
        "sample_id": 5413,
        "gold_sql": "SELECT T3.name ,  T2.name FROM membership_register_branch AS T1 JOIN branch AS T2 ON T1.branch_id  =  T2.branch_id JOIN member AS T3 ON T1.member_id  =  T3.member_id ORDER BY T1.register_year",
        "gold_complexity": 10,
        "vt": "SELECT member.name, branch.name FROM membership_register_branch JOIN branch AS T2 ON T1.branch_id = T2.branch_id JOIN member AS T3 ON T1.member_id = T3.member_id ORDER BY membership_register_branch.register_year",
        "ba": "The virtual table describes the names of members and the names of branches where they registered, ordered by the year of registration. The query combines data from the 'membership_register_branch', 'branch', and 'member' tables to provide a comprehensive view of member registrations at different branches."
    },
    {
        "sample_id": 5432,
        "gold_sql": "SELECT count(*) FROM purchase AS T1 JOIN member AS T2 ON T1.member_id  =  T2.member_id WHERE T2.level  =  6",
        "gold_complexity": 7,
        "vt": "SELECT COUNT(*) FROM purchase JOIN member AS T2 ON T1.member_id = T2.member_id WHERE member.level = [placeholder-type:numeric]",
        "ba": "The virtual table counts the total number of purchases made by members from the 'purchase' table, joining it with the 'member' table to filter based on the membership level. The placeholder in the WHERE clause represents the specific membership level being queried."
    },
    {
        "sample_id": 5404,
        "gold_sql": "SELECT min(membership_amount) ,  max(membership_amount) FROM branch WHERE open_year  =  2011 OR city  =  'London'",
        "gold_complexity": 8,
        "vt": "SELECT MIN(branch.membership_amount), MAX(branch.membership_amount) FROM branch WHERE branch.open_year = [placeholder-type:numeric] OR branch.city = '[placeholder-type:string]'",
        "ba": "The virtual table provides the minimum and maximum number of memberships at branches from the 'branch' table, filtered by either the year the branch was opened or the city where the branch is located. The placeholders represent the specific year and city name used for filtering."
    },
    {
        "sample_id": 5424,
        "gold_sql": "SELECT T2.name ,  T2.hometown FROM membership_register_branch AS T1 JOIN member AS T2 ON T1.member_id  =  T2.member_id WHERE T1.register_year  =  2016",
        "gold_complexity": 9,
        "vt": "SELECT member.name, member.hometown FROM membership_register_branch JOIN member AS T2 ON T1.member_id = T2.member_id WHERE membership_register_branch.register_year = [placeholder-type:numeric]",
        "ba": "The virtual table describes the names and hometowns of members who registered at a branch during a specific year. It combines data from the 'membership_register_branch' and 'member' tables, linking them through the member's unique identifier. The placeholder in the WHERE clause represents the year of registration."
    }
]