[
    {
        "sample_id": 5851,
        "gold_sql": "SELECT T1.Investor_details FROM  INVESTORS AS T1 JOIN TRANSACTIONS AS T2 ON T1.investor_id  =  T2.investor_id WHERE T2.share_count  >  100",
        "gold_complexity": 7,
        "vt": "SELECT investors.investor_details FROM investors JOIN TRANSACTIONS AS T2 ON T1.investor_id = T2.investor_id WHERE transactions.share_count > [placeholder-type:numeric]",
        "ba": "The virtual table describes the detailed information of investors from the 'investors' table who have made transactions involving a specific number of shares. The placeholder in the WHERE clause represents the minimum share count for filtering the transactions."
    },
    {
        "sample_id": 5841,
        "gold_sql": "SELECT date_of_transaction ,  share_count FROM TRANSACTIONS",
        "gold_complexity": 6,
        "vt": "SELECT transactions.date_of_transaction, transactions.share_count FROM transactions",
        "ba": "The virtual table provides the date and share count of transactions from the 'transactions' table. The placeholders allow for filtering or additional conditions to be applied later."
    },
    {
        "sample_id": 5845,
        "gold_sql": "SELECT avg(amount_of_transaction) FROM TRANSACTIONS WHERE transaction_type_code  =  \"SALE\"",
        "gold_complexity": 6,
        "vt": "SELECT AVG(transactions.amount_of_transaction) FROM transactions WHERE transactions.transaction_type_code = None.\"sale\"",
        "ba": "The virtual table calculates the average amount of transactions from the 'transactions' table where the transaction type is specifically a sale. The placeholder in the WHERE clause represents the transaction type code for sales."
    },
    {
        "sample_id": 5866,
        "gold_sql": "SELECT investor_id ,  COUNT(*) FROM TRANSACTIONS WHERE transaction_type_code  =  \"SALE\" GROUP BY investor_id",
        "gold_complexity": 10,
        "vt": "SELECT transactions.investor_id, COUNT(*) FROM transactions WHERE transactions.transaction_type_code = None.\"sale\" GROUP BY transactions.investor_id",
        "ba": "The virtual table summarizes the number of sales transactions for each investor from the 'transactions' table. It groups the results by the investor's identifier and counts the total number of transactions that are classified as sales."
    },
    {
        "sample_id": 5871,
        "gold_sql": "SELECT T2.investor_id ,  T1.Investor_details FROM INVESTORS AS T1 JOIN TRANSACTIONS AS T2 ON T1.investor_id  =  T2.investor_id GROUP BY T2.investor_id ORDER BY COUNT(*) DESC LIMIT 1",
        "gold_complexity": 12,
        "vt": "SELECT transactions.investor_id, investors.investor_details FROM investors JOIN TRANSACTIONS AS T2 ON T1.investor_id = T2.investor_id GROUP BY transactions.investor_id ORDER BY COUNT(*) LIMIT [placeholder-type:numeric]",
        "ba": "The virtual table provides a summary of investors and their details from the 'investors' table, along with the number of transactions associated with each investor. It uses a JOIN operation to link the 'investors' table with the 'transactions' table based on the investor's ID. The results are grouped by investor ID to aggregate the transaction counts, and they are ordered by the count of transactions in descending order. The LIMIT clause allows for specifying the maximum number of results to return."
    },
    {
        "sample_id": 5862,
        "gold_sql": "SELECT investor_id ,  avg(share_count) FROM TRANSACTIONS GROUP BY investor_id ORDER BY avg(share_count)",
        "gold_complexity": 10,
        "vt": "SELECT transactions.investor_id, AVG(transactions.share_count) FROM transactions GROUP BY transactions.investor_id ORDER BY AVG(transactions.share_count)",
        "ba": "The virtual table provides a summary of the average number of shares involved in transactions for each investor. It groups the results by the unique identifier of the investor and orders the output based on the average share count."
    },
    {
        "sample_id": 5850,
        "gold_sql": "SELECT T1.transaction_type_description ,  T2.date_of_transaction FROM Ref_Transaction_Types AS T1 JOIN TRANSACTIONS AS T2 ON T1.transaction_type_code  =  T2.transaction_type_code WHERE T2.share_count  <  10",
        "gold_complexity": 9,
        "vt": "SELECT ref_transaction_types.transaction_type_description, transactions.date_of_transaction FROM ref_transaction_types JOIN TRANSACTIONS AS T2 ON T1.transaction_type_code = T2.transaction_type_code WHERE transactions.share_count < [placeholder-type:numeric]",
        "ba": "The virtual table describes the transaction types and their corresponding transaction dates from the 'transactions' table, filtered by a condition on the share count. The placeholder in the WHERE clause represents a numeric value for the maximum share count."
    },
    {
        "sample_id": 5858,
        "gold_sql": "SELECT T1.lot_details FROM LOTS AS T1 JOIN TRANSACTIONS_LOTS AS T2 ON  T1.lot_id  =  T2.transaction_id JOIN TRANSACTIONS AS T3 ON T2.transaction_id  =  T3.transaction_id WHERE T3.share_count  >  100 AND T3.transaction_type_code  =  \"PUR\"",
        "gold_complexity": 10,
        "vt": "SELECT lots.lot_details FROM lots JOIN TRANSACTIONS_LOTS AS T2 ON T1.lot_id = T2.transaction_id JOIN TRANSACTIONS AS T3 ON T2.transaction_id = T3.transaction_id WHERE transactions.share_count > [placeholder-type:numeric] AND transactions.transaction_type_code = None.\"pur\"",
        "ba": "The virtual table describes the details of lots associated with transactions that have a share count greater than a specified number and are of a specific transaction type, which in this case is 'purchase'. The query joins the 'lots' table with the 'transactions_lots' table to link lots to their respective transactions, and then further joins with the 'transactions' table to apply the necessary filters."
    },
    {
        "sample_id": 5852,
        "gold_sql": "SELECT COUNT(DISTINCT transaction_type_code) FROM TRANSACTIONS",
        "gold_complexity": 5,
        "vt": "SELECT COUNT(DISTINCT transaction_type_code) FROM transactions",
        "ba": "The virtual table counts the distinct types of transactions recorded in the 'transactions' table. The placeholder in the SELECT clause indicates that the query will return the number of unique transaction types."
    },
    {
        "sample_id": 5865,
        "gold_sql": "SELECT T2.lot_id ,  avg(amount_of_transaction) FROM TRANSACTIONS AS T1 JOIN Transactions_Lots AS T2 ON T1.transaction_id  =  T2.transaction_id GROUP BY T2.lot_id ORDER BY avg(amount_of_transaction)",
        "gold_complexity": 11,
        "vt": "SELECT transactions_lots.lot_id, AVG(transactions.amount_of_transaction) FROM transactions JOIN Transactions_Lots AS T2 ON T1.transaction_id = T2.transaction_id GROUP BY transactions_lots.lot_id ORDER BY AVG(transactions.amount_of_transaction)",
        "ba": "The virtual table provides a summary of the average transaction amounts associated with each lot. It retrieves the lot identifiers from the 'transactions_lots' table and calculates the average amount of transactions linked to those lots by joining the 'transactions' table. The results are grouped by lot identifiers and ordered by the average transaction amount."
    },
    {
        "sample_id": 5842,
        "gold_sql": "SELECT sum(share_count) FROM TRANSACTIONS",
        "gold_complexity": 4,
        "vt": "SELECT SUM(transactions.share_count) FROM transactions",
        "ba": "The virtual table calculates the total number of shares involved in all transactions from the 'transactions' table. The query uses the SUM function to aggregate the 'share_count' column, providing a single total value for all shares across transactions."
    },
    {
        "sample_id": 5870,
        "gold_sql": "SELECT T1.transaction_type_description FROM Ref_Transaction_Types AS T1 JOIN TRANSACTIONS AS T2 ON T1.transaction_type_code  =  T2.transaction_type_code GROUP BY T1.transaction_type_code ORDER BY COUNT(*) DESC LIMIT 1",
        "gold_complexity": 10,
        "vt": "SELECT ref_transaction_types.transaction_type_description FROM ref_transaction_types JOIN TRANSACTIONS AS T2 ON T1.transaction_type_code = T2.transaction_type_code GROUP BY ref_transaction_types.transaction_type_code ORDER BY COUNT(*) LIMIT [placeholder-type:numeric]",
        "ba": "The virtual table describes the transaction type descriptions from the 'ref_transaction_types' table, joined with the 'transactions' table to aggregate the transaction types based on their occurrence. The results are grouped by the transaction type code and ordered by the count of transactions for each type, limiting the output to a specified number of results."
    },
    {
        "sample_id": 5863,
        "gold_sql": "SELECT investor_id ,  avg(amount_of_transaction) FROM TRANSACTIONS GROUP BY investor_id",
        "gold_complexity": 8,
        "vt": "SELECT transactions.investor_id, AVG(transactions.amount_of_transaction) FROM transactions GROUP BY transactions.investor_id",
        "ba": "The virtual table provides the average transaction amount for each investor from the 'transactions' table. The placeholder in the SELECT clause represents the investor's unique identifier, while the AVG function calculates the average of the monetary amounts involved in the transactions for each investor."
    },
    {
        "sample_id": 5874,
        "gold_sql": "SELECT T2.investor_id ,  T1.Investor_details FROM INVESTORS AS T1 JOIN TRANSACTIONS AS T2 ON T1.investor_id  =  T2.investor_id WHERE T2.transaction_type_code  =  \"SALE\" GROUP BY T2.investor_id HAVING COUNT(*)  >=  2",
        "gold_complexity": 13,
        "vt": "SELECT transactions.investor_id, investors.investor_details FROM investors JOIN TRANSACTIONS AS T2 ON T1.investor_id = T2.investor_id WHERE transactions.transaction_type_code = None.\"sale\" GROUP BY transactions.investor_id HAVING COUNT(*) >= [placeholder-type:numeric]",
        "ba": "The virtual table describes the investor IDs and their corresponding details from the 'investors' table, specifically for those investors who have made a certain number of sales transactions. The query joins the 'investors' table with the 'transactions' table to filter based on the transaction type code for sales. The placeholder in the HAVING clause represents the minimum count of sales transactions required for the investors to be included in the results."
    },
    {
        "sample_id": 5875,
        "gold_sql": "SELECT date_of_transaction FROM TRANSACTIONS WHERE share_count  >=  100 OR amount_of_transaction  >=  100",
        "gold_complexity": 7,
        "vt": "SELECT transactions.date_of_transaction FROM transactions WHERE transactions.share_count >= [placeholder-type:numeric] OR transactions.amount_of_transaction >= [placeholder-type:numeric]",
        "ba": "The virtual table retrieves the dates of transactions from the 'transactions' table where the number of shares involved in the transaction is greater than or equal to a specified value, or the monetary amount of the transaction is greater than or equal to another specified value. The placeholders represent these numeric thresholds for filtering the results."
    },
    {
        "sample_id": 5861,
        "gold_sql": "SELECT investor_id ,  avg(share_count) FROM TRANSACTIONS GROUP BY investor_id",
        "gold_complexity": 8,
        "vt": "SELECT transactions.investor_id, AVG(transactions.share_count) FROM transactions GROUP BY transactions.investor_id",
        "ba": "The virtual table provides the average number of shares involved in transactions for each investor from the 'transactions' table. The placeholder in the SELECT clause represents the investor's identifier, while the AVG function calculates the average share count grouped by each investor."
    },
    {
        "sample_id": 5839,
        "gold_sql": "SELECT DISTINCT lot_details FROM LOTS",
        "gold_complexity": 5,
        "vt": "SELECT DISTINCT lots.lot_details FROM lots",
        "ba": "The virtual table provides a distinct list of lot details from the 'lots' table. This allows users to see unique information pertaining to each lot without duplicates."
    },
    {
        "sample_id": 5849,
        "gold_sql": "SELECT date_of_transaction FROM TRANSACTIONS WHERE share_count  >  100 OR amount_of_transaction  >  1000",
        "gold_complexity": 7,
        "vt": "SELECT transactions.date_of_transaction FROM transactions WHERE transactions.share_count > [placeholder-type:numeric] OR transactions.amount_of_transaction > [placeholder-type:numeric]",
        "ba": "The virtual table retrieves the dates of transactions from the 'transactions' table where the number of shares involved in the transaction exceeds a specified amount or the monetary amount of the transaction exceeds a specified value. The placeholders represent numeric values for filtering the results based on share count and transaction amount."
    },
    {
        "sample_id": 5856,
        "gold_sql": "SELECT T1.sales_details ,  T2.date_of_transaction FROM SALES AS T1 JOIN TRANSACTIONS AS T2 ON T1.sales_transaction_id  =  T2.transaction_id WHERE T2.amount_of_transaction  <  3000",
        "gold_complexity": 9,
        "vt": "SELECT sales.sales_details, transactions.date_of_transaction FROM sales JOIN TRANSACTIONS AS T2 ON T1.sales_transaction_id = T2.transaction_id WHERE transactions.amount_of_transaction < [placeholder-type:numeric]",
        "ba": "The virtual table describes the sales details and the date of transactions from the 'sales' and 'transactions' tables. It filters the results to show only those transactions where the amount involved is less than a specified numeric value. The placeholder in the WHERE clause represents the monetary amount threshold."
    },
    {
        "sample_id": 5859,
        "gold_sql": "SELECT transaction_type_code ,  avg(amount_of_transaction) FROM TRANSACTIONS GROUP BY transaction_type_code",
        "gold_complexity": 8,
        "vt": "SELECT transactions.transaction_type_code, AVG(transactions.amount_of_transaction) FROM transactions GROUP BY transactions.transaction_type_code",
        "ba": "The virtual table summarizes the average transaction amounts grouped by their respective transaction types from the 'transactions' table. The placeholder in the SELECT clause represents the transaction type code, while the AVG function calculates the average amount of transactions for each type."
    },
    {
        "sample_id": 5854,
        "gold_sql": "SELECT T2.lot_details FROM INVESTORS AS T1 JOIN LOTS AS T2 ON  T1.investor_id  =  T2.investor_id WHERE T1.Investor_details  =  \"l\"",
        "gold_complexity": 7,
        "vt": "SELECT lots.lot_details FROM investors JOIN LOTS AS T2 ON T1.investor_id = T2.investor_id WHERE investors.investor_details = None.\"l\"",
        "ba": "The virtual table describes the details of lots associated with investors from the 'investors' table. It retrieves the 'lot_details' from the 'lots' table by joining it with the 'investors' table based on the 'investor_id'. The query filters the results based on a specific condition related to the 'investor_details', using a placeholder for string values."
    },
    {
        "sample_id": 5844,
        "gold_sql": "SELECT date_of_transaction FROM TRANSACTIONS WHERE transaction_type_code  =  \"SALE\"",
        "gold_complexity": 6,
        "vt": "SELECT transactions.date_of_transaction FROM transactions WHERE transactions.transaction_type_code = None.\"sale\"",
        "ba": "The virtual table provides the dates of transactions from the 'transactions' table that are classified as sales. The placeholder in the WHERE clause represents the specific transaction type code for sales."
    },
    {
        "sample_id": 5873,
        "gold_sql": "SELECT T2.investor_id FROM INVESTORS AS T1 JOIN TRANSACTIONS AS T2 ON T1.investor_id  =  T2.investor_id GROUP BY T2.investor_id HAVING COUNT(*)  >=  2",
        "gold_complexity": 9,
        "vt": "SELECT transactions.investor_id FROM investors JOIN TRANSACTIONS AS T2 ON T1.investor_id = T2.investor_id GROUP BY transactions.investor_id HAVING COUNT(*) >= [placeholder-type:numeric]",
        "ba": "The virtual table retrieves the unique identifiers of investors from the 'investors' table who have made a certain number of transactions. It joins the 'investors' table with the 'transactions' table to link each investor to their respective transactions. The results are grouped by the investor's ID, and only those investors who have a transaction count greater than or equal to a specified number are included in the output."
    },
    {
        "sample_id": 5855,
        "gold_sql": "SELECT T1.purchase_details FROM PURCHASES AS T1 JOIN TRANSACTIONS AS T2 ON T1.purchase_transaction_id  =  T2.transaction_id WHERE T2.amount_of_transaction  >  10000",
        "gold_complexity": 7,
        "vt": "SELECT purchases.purchase_details FROM purchases JOIN TRANSACTIONS AS T2 ON T1.purchase_transaction_id = T2.transaction_id WHERE transactions.amount_of_transaction > [placeholder-type:numeric]",
        "ba": "The virtual table describes the details of purchases from the 'purchases' table that are linked to transactions where the amount of the transaction exceeds a specified value. The placeholder in the WHERE clause represents the monetary threshold for filtering transactions."
    }
]