[
    {
        "sample_id": 3649,
        "gold_sql": "SELECT avg(T1.height) FROM player AS T1 JOIN player_college AS T2 ON T1.player_id  =  T2.player_id JOIN college AS T3 ON T3.college_id  =  T2.college_id WHERE T3.name_full  =  'Yale University';",
        "gold_complexity": 8,
        "vt": "SELECT AVG(player.height) FROM player JOIN player_college AS T2 ON T1.player_id = T2.player_id JOIN college AS T3 ON T3.college_id = T2.college_id WHERE college.name_full = '[placeholder-type:string]'",
        "ba": "The virtual table calculates the average height of players who attended a specific college. It joins the 'player' table with the 'player_college' table to link players to their respective colleges, and then further joins with the 'college' table to filter by the college's full name. The placeholder in the WHERE clause represents the name of the college being queried."
    },
    {
        "sample_id": 3690,
        "gold_sql": "SELECT T2.name_first ,  T2.name_last FROM salary AS T1 JOIN player AS T2 ON T1.player_id = T2.player_id JOIN team AS T3 ON T3.team_id_br = T1.team_id WHERE T1.year = 2005 AND T3.name = 'Washington Nationals' INTERSECT SELECT T2.name_first , T2.name_last FROM salary AS T1 JOIN player AS T2 ON T1.player_id = T2.player_id JOIN team AS T3 ON T3.team_id_br = T1.team_id WHERE T1.year = 2007 AND T3.name = 'Washington Nationals'",
        "gold_complexity": 12,
        "vt": "SELECT T2.name_first, T2.name_last FROM salary AS T1 JOIN player AS T2 ON T1.player_id = T2.player_id JOIN team AS T3 ON T3.team_id_br = T1.team_id WHERE T1.year = 2005 AND T3.name = 'Washington Nationals' INTERSECT SELECT T2.name_first, T2.name_last FROM salary AS T1 JOIN player AS T2 ON T1.player_id = T2.player_id JOIN team AS T3 ON T3.team_id_br = T1.team_id WHERE T1.year = 2007 AND T3.name = 'Washington Nationals'",
        "ba": "The virtual table retrieves the first and last names of players who were part of the 'Washington Nationals' team in both the year 2005 and 2007. It does this by joining the 'salary' table with the 'player' and 'team' tables, filtering for the specified years and team name."
    },
    {
        "sample_id": 3686,
        "gold_sql": "SELECT sum(T1.attendance) FROM home_game AS T1 JOIN team AS T2 ON T1.team_id  =  T2.team_id_br WHERE T2.name  =  'Boston Red Stockings' AND T1.year BETWEEN 2000 AND 2010;",
        "gold_complexity": 9,
        "vt": "SELECT SUM(home_game.attendance) FROM home_game JOIN team AS T2 ON T1.team_id = T2.team_id_br WHERE team.name = '[placeholder-type:string]' AND home_game.year BETWEEN [placeholder-type:numeric] AND [placeholder-type:numeric]",
        "ba": "The virtual table summarizes the total attendance of home games for a specific team over a range of years. It joins the 'home_game' table with the 'team' table to filter by the team's name and the specified year range."
    },
    {
        "sample_id": 3641,
        "gold_sql": "SELECT T1.name_first ,  T1.name_last ,  T1.player_id FROM player AS T1 JOIN player_award AS T2 ON T1.player_id  =  T2.player_id GROUP BY T1.player_id ORDER BY count(*) DESC LIMIT 3;",
        "gold_complexity": 14,
        "vt": "SELECT player.name_first, player.name_last, player.player_id FROM player JOIN player_award AS T2 ON T1.player_id = T2.player_id GROUP BY player.player_id ORDER BY COUNT(*) LIMIT [placeholder-type:numeric]",
        "ba": "The virtual table lists the first and last names along with the unique identifier of players from the 'player' table who have received awards. It joins the 'player' table with the 'player_award' table to gather this information, grouping the results by player ID to ensure each player is listed only once. The results are ordered by the count of awards received, and a placeholder is used to limit the number of results returned."
    },
    {
        "sample_id": 3701,
        "gold_sql": "SELECT city FROM park GROUP BY city HAVING count(*) BETWEEN 2 AND 4;",
        "gold_complexity": 8,
        "vt": "SELECT park.city FROM park GROUP BY park.city HAVING COUNT(*) BETWEEN [placeholder-type:numeric] AND [placeholder-type:numeric]",
        "ba": "The virtual table lists the cities where parks are located, grouping them by city and filtering to include only those cities that have a number of parks within a specified range."
    },
    {
        "sample_id": 3691,
        "gold_sql": "SELECT T2.name_first ,  T2.name_last FROM salary AS T1 JOIN player AS T2 ON T1.player_id = T2.player_id JOIN team AS T3 ON T3.team_id_br = T1.team_id WHERE T1.year = 2005 AND T3.name = 'Washington Nationals' INTERSECT SELECT T2.name_first , T2.name_last FROM salary AS T1 JOIN player AS T2 ON T1.player_id = T2.player_id JOIN team AS T3 ON T3.team_id_br = T1.team_id WHERE T1.year = 2007 AND T3.name = 'Washington Nationals'",
        "gold_complexity": 12,
        "vt": "SELECT T2.name_first, T2.name_last FROM salary AS T1 JOIN player AS T2 ON T1.player_id = T2.player_id JOIN team AS T3 ON T3.team_id_br = T1.team_id WHERE T1.year = 2005 AND T3.name = 'Washington Nationals' INTERSECT SELECT T2.name_first, T2.name_last FROM salary AS T1 JOIN player AS T2 ON T1.player_id = T2.player_id JOIN team AS T3 ON T3.team_id_br = T1.team_id WHERE T1.year = 2007 AND T3.name = 'Washington Nationals'",
        "ba": "The virtual table retrieves the first and last names of players who were part of the 'Washington Nationals' team in both the years 2005 and 2007. It does this by joining the 'salary' table with the 'player' and 'team' tables, filtering for the specific years and team name, and using an INTERSECT to find players present in both years."
    },
    {
        "sample_id": 3667,
        "gold_sql": "SELECT count(*) FROM ( SELECT * FROM postseason AS T1 JOIN team AS T2 ON T1.team_id_winner  =  T2.team_id_br WHERE T2.name  =  'Boston Red Stockings' UNION SELECT * FROM postseason AS T1 JOIN team AS T2 ON T1.team_id_loser  =  T2.team_id_br WHERE T2.name  =  'Boston Red Stockings' );",
        "gold_complexity": 11,
        "vt": "SELECT COUNT(*) FROM (SELECT * FROM postseason JOIN team AS T2 ON T1.team_id_winner = T2.team_id_br WHERE team.name = '[placeholder-type:string]' UNION SELECT * FROM postseason JOIN team AS T2 ON T1.team_id_loser = T2.team_id_br WHERE team.name = '[placeholder-type:string]')",
        "ba": "The virtual table counts the total number of postseason appearances for a specific team, including both wins and losses. It combines data from the 'postseason' table with the 'team' table to filter results based on the team's name, using a UNION to aggregate both winning and losing records."
    },
    {
        "sample_id": 3655,
        "gold_sql": "SELECT T1.name_first , T1.name_last FROM player AS T1 JOIN player_award AS T2 WHERE T2.year  =  1960 INTERSECT SELECT T1.name_first , T1.name_last FROM player AS T1 JOIN player_award AS T2 WHERE T2.year  =  1961",
        "gold_complexity": 10,
        "vt": "SELECT T1.name_first, T1.name_last FROM player AS T1, player_award AS T2 WHERE T2.year = 1960 INTERSECT SELECT T1.name_first, T1.name_last FROM player AS T1, player_award AS T2 WHERE T2.year = 1961",
        "ba": "The virtual table identifies players who received awards in both 1960 and 1961. It selects the first and last names of players from the 'player' table who have entries in the 'player_award' table for the specified years, using an INTERSECT to find common players between the two years."
    },
    {
        "sample_id": 3633,
        "gold_sql": "SELECT YEAR ,  avg(attendance) FROM home_game GROUP BY YEAR;",
        "gold_complexity": 8,
        "vt": "SELECT home_game.year, AVG(home_game.attendance) FROM home_game GROUP BY home_game.year",
        "ba": "The virtual table summarizes the average attendance of home games for each year from the 'home_game' table. It groups the results by year to provide a yearly average attendance figure."
    },
    {
        "sample_id": 3639,
        "gold_sql": "SELECT count(*) FROM park WHERE state  =  'NY';",
        "gold_complexity": 6,
        "vt": "SELECT COUNT(*) FROM park WHERE park.state = '[placeholder-type:string]'",
        "ba": "The virtual table counts the total number of parks located in a specific state. The placeholder in the WHERE clause represents the state name."
    },
    {
        "sample_id": 3696,
        "gold_sql": "SELECT state FROM park GROUP BY state HAVING count(*)  >  2;",
        "gold_complexity": 8,
        "vt": "SELECT park.state FROM park GROUP BY park.state HAVING COUNT(*) > [placeholder-type:numeric]",
        "ba": "The virtual table lists the states where baseball parks are located, specifically those states that have more than a specified number of parks. The placeholder in the HAVING clause represents the minimum count of parks required for a state to be included in the results."
    },
    {
        "sample_id": 3638,
        "gold_sql": "SELECT count(*) FROM park WHERE state  =  'NY';",
        "gold_complexity": 6,
        "vt": "SELECT COUNT(*) FROM park WHERE park.state = '[placeholder-type:string]'",
        "ba": "The virtual table counts the total number of parks located in a specific state. The placeholder in the WHERE clause represents the state name."
    },
    {
        "sample_id": 3674,
        "gold_sql": "SELECT salary FROM salary WHERE YEAR  =  2001 ORDER BY salary DESC LIMIT 3;",
        "gold_complexity": 9,
        "vt": "SELECT salary.salary FROM salary WHERE salary.year = [placeholder-type:numeric] ORDER BY salary.salary LIMIT [placeholder-type:numeric]",
        "ba": "The virtual table displays the salaries of players from the 'salary' table for a specific year. The placeholders in the WHERE clause represent the year for which the salary data is requested, and the limit specifies how many salary records to return, ordered by the salary amount."
    },
    {
        "sample_id": 3660,
        "gold_sql": "SELECT count(*) FROM postseason AS T1 JOIN team AS T2 ON T1.team_id_loser  =  T2.team_id_br WHERE T2.name  =  'Boston Red Stockings' AND T1.year = 2009;",
        "gold_complexity": 8,
        "vt": "SELECT COUNT(*) FROM postseason JOIN team AS T2 ON T1.team_id_loser = T2.team_id_br WHERE team.name = '[placeholder-type:string]' AND postseason.year = [placeholder-type:numeric]",
        "ba": "The virtual table counts the number of postseason appearances for a specific team that lost in a given year. It joins the 'postseason' table with the 'team' table to filter results based on the team's name and the year of the postseason."
    },
    {
        "sample_id": 3679,
        "gold_sql": "SELECT yearid FROM hall_of_fame GROUP BY yearid ORDER BY count(*) ASC LIMIT 1;",
        "gold_complexity": 9,
        "vt": "SELECT hall_of_fame.yearid FROM hall_of_fame GROUP BY hall_of_fame.yearid ORDER BY COUNT(*) LIMIT [placeholder-type:numeric]",
        "ba": "The virtual table retrieves the years in which players were inducted into the Hall of Fame, grouping the results by year and ordering them based on the number of inductees. The placeholder in the LIMIT clause allows for specifying the maximum number of years to return."
    },
    {
        "sample_id": 3693,
        "gold_sql": "SELECT sum(T1.games) FROM home_game AS T1 JOIN team AS T2 ON T1.team_id = T2.team_id_br WHERE T2.name = 'Boston Red Stockings' AND T1.year BETWEEN 1990 AND 2000;",
        "gold_complexity": 9,
        "vt": "SELECT SUM(home_game.games) FROM home_game JOIN team AS T2 ON T1.team_id = T2.team_id_br WHERE team.name = '[placeholder-type:string]' AND home_game.year BETWEEN [placeholder-type:numeric] AND [placeholder-type:numeric]",
        "ba": "The virtual table summarizes the total number of home games played by a specific team over a range of years. It joins the 'home_game' table with the 'team' table to filter results based on the team's name and the specified year range."
    },
    {
        "sample_id": 3637,
        "gold_sql": "SELECT T1.name_first ,  T1.name_last ,  T2.player_id FROM player AS T1 JOIN manager_award AS T2 ON T1.player_id  =  T2.player_id GROUP BY T2.player_id ORDER BY count(*) DESC LIMIT 1;",
        "gold_complexity": 14,
        "vt": "SELECT player.name_first, player.name_last, manager_award.player_id FROM player JOIN manager_award AS T2 ON T1.player_id = T2.player_id GROUP BY manager_award.player_id ORDER BY COUNT(*) LIMIT [placeholder-type:numeric]",
        "ba": "The virtual table provides a list of players along with their first and last names who have received manager awards. It aggregates the data by player ID, ensuring that each player is only listed once, and orders the results based on the number of awards received. The placeholder in the LIMIT clause allows for specifying the maximum number of results to return."
    },
    {
        "sample_id": 3650,
        "gold_sql": "SELECT T1.name ,  T1.team_id ,  max(T2.salary) FROM team AS T1 JOIN salary AS T2 ON T1.team_id  =  T2.team_id GROUP BY T1.team_id;",
        "gold_complexity": 11,
        "vt": "SELECT team.name, team.team_id, MAX(salary.salary) FROM team JOIN salary AS T2 ON T1.team_id = T2.team_id GROUP BY team.team_id",
        "ba": "The virtual table displays the names and identifiers of teams along with the maximum salary recorded for players in each team. It aggregates the salary data by team, allowing users to see which team has the highest player salary."
    },
    {
        "sample_id": 3702,
        "gold_sql": "SELECT T2.park_name FROM home_game AS T1 JOIN park AS T2 ON T1.park_id  =  T2.park_id WHERE T1.year = 2008 ORDER BY T1.attendance DESC LIMIT 1;",
        "gold_complexity": 10,
        "vt": "SELECT park.park_name FROM home_game JOIN park AS T2 ON T1.park_id = T2.park_id WHERE home_game.year = [placeholder-type:numeric] ORDER BY home_game.attendance LIMIT [placeholder-type:numeric]",
        "ba": "The virtual table lists the names of parks where home games were played in a specific year, ordered by the total attendance of those games. The placeholders represent the year of interest and the limit on the number of parks to display."
    },
    {
        "sample_id": 3700,
        "gold_sql": "SELECT city FROM park GROUP BY city HAVING count(*) BETWEEN 2 AND 4;",
        "gold_complexity": 8,
        "vt": "SELECT park.city FROM park GROUP BY park.city HAVING COUNT(*) BETWEEN [placeholder-type:numeric] AND [placeholder-type:numeric]",
        "ba": "The virtual table lists the cities where parks are located, grouping them by city and filtering to include only those cities that have a number of parks within a specified range."
    },
    {
        "sample_id": 3659,
        "gold_sql": "SELECT max(T1.wins) FROM postseason AS T1 JOIN team AS T2 ON T1.team_id_winner  =  T2.team_id_br WHERE T2.name  =  'Boston Red Stockings';",
        "gold_complexity": 7,
        "vt": "SELECT MAX(postseason.wins) FROM postseason JOIN team AS T2 ON T1.team_id_winner = T2.team_id_br WHERE team.name = '[placeholder-type:string]'",
        "ba": "The virtual table retrieves the maximum number of wins recorded in the postseason for a specific team. It joins the 'postseason' table with the 'team' table to filter results based on the team's name provided as a placeholder."
    },
    {
        "sample_id": 3666,
        "gold_sql": "SELECT count(*) FROM ( SELECT * FROM postseason AS T1 JOIN team AS T2 ON T1.team_id_winner  =  T2.team_id_br WHERE T2.name  =  'Boston Red Stockings' UNION SELECT * FROM postseason AS T1 JOIN team AS T2 ON T1.team_id_loser  =  T2.team_id_br WHERE T2.name  =  'Boston Red Stockings' );",
        "gold_complexity": 11,
        "vt": "SELECT COUNT(*) FROM (SELECT * FROM postseason JOIN team AS T2 ON T1.team_id_winner = T2.team_id_br WHERE team.name = '[placeholder-type:string]' UNION SELECT * FROM postseason JOIN team AS T2 ON T1.team_id_loser = T2.team_id_br WHERE team.name = '[placeholder-type:string]')",
        "ba": "The virtual table counts the total number of postseason appearances for a specific team, including both wins and losses. It combines data from the 'postseason' table with the 'team' table to filter results based on the team's name, using a UNION to aggregate both winning and losing records."
    },
    {
        "sample_id": 3665,
        "gold_sql": "SELECT count(*) ,  T1.year FROM postseason AS T1 JOIN team AS T2 ON T1.team_id_winner  =  T2.team_id_br WHERE T2.name  =  'Boston Red Stockings' GROUP BY T1.year",
        "gold_complexity": 11,
        "vt": "SELECT COUNT(*), postseason.year FROM postseason JOIN team AS T2 ON T1.team_id_winner = T2.team_id_br WHERE team.name = '[placeholder-type:string]' GROUP BY postseason.year",
        "ba": "The virtual table provides a count of postseason wins for a specific team across different years. It joins the 'postseason' table with the 'team' table to filter results based on the team's name, and groups the results by year to show how many times the team has won in each postseason year."
    },
    {
        "sample_id": 3654,
        "gold_sql": "SELECT T1.name_first , T1.name_last FROM player AS T1 JOIN player_award AS T2 WHERE T2.year  =  1960 INTERSECT SELECT T1.name_first , T1.name_last FROM player AS T1 JOIN player_award AS T2 WHERE T2.year  =  1961",
        "gold_complexity": 10,
        "vt": "SELECT T1.name_first, T1.name_last FROM player AS T1, player_award AS T2 WHERE T2.year = 1960 INTERSECT SELECT T1.name_first, T1.name_last FROM player AS T1, player_award AS T2 WHERE T2.year = 1961",
        "ba": "The virtual table identifies players who received awards in both 1960 and 1961. It selects the first and last names of players from the 'player' table who have entries in the 'player_award' table for the specified years, using an INTERSECT to find common players across both years."
    },
    {
        "sample_id": 3648,
        "gold_sql": "SELECT avg(T1.height) FROM player AS T1 JOIN player_college AS T2 ON T1.player_id  =  T2.player_id JOIN college AS T3 ON T3.college_id  =  T2.college_id WHERE T3.name_full  =  'Yale University';",
        "gold_complexity": 8,
        "vt": "SELECT AVG(player.height) FROM player JOIN player_college AS T2 ON T1.player_id = T2.player_id JOIN college AS T3 ON T3.college_id = T2.college_id WHERE college.name_full = '[placeholder-type:string]'",
        "ba": "The virtual table calculates the average height of players who attended a specific college. It joins the 'player' table with the 'player_college' table to link players to their respective colleges, and then joins with the 'college' table to filter by the full name of the college. The placeholder in the WHERE clause represents the name of the college being queried."
    },
    {
        "sample_id": 3695,
        "gold_sql": "SELECT T2.name FROM home_game AS T1 JOIN team AS T2 ON T1.team_id = T2.team_id_br WHERE T1.year = 1980 ORDER BY T1.attendance ASC LIMIT 1;",
        "gold_complexity": 10,
        "vt": "SELECT team.name FROM home_game JOIN team AS T2 ON T1.team_id = T2.team_id_br WHERE home_game.year = [placeholder-type:numeric] ORDER BY home_game.attendance LIMIT [placeholder-type:numeric]",
        "ba": "The virtual table lists the names of teams that hosted home games in a specific year, ordered by the total attendance at those games. The placeholders represent the year of the home games and the limit on the number of teams to display."
    },
    {
        "sample_id": 3673,
        "gold_sql": "SELECT count(*) FROM salary AS T1 JOIN team AS T2 ON T1.team_id  =  T2.team_id_br WHERE T2.name  = 'Boston Red Stockings' AND T1.year  =  2000",
        "gold_complexity": 8,
        "vt": "SELECT COUNT(*) FROM salary JOIN team AS T2 ON T1.team_id = T2.team_id_br WHERE team.name = '[placeholder-type:string]' AND salary.year = [placeholder-type:numeric]",
        "ba": "The virtual table provides the total count of salaries for players from a specific team in a given year. It joins the 'salary' table with the 'team' table to filter results based on the team's name and the year of the salary record."
    },
    {
        "sample_id": 3632,
        "gold_sql": "SELECT YEAR ,  avg(attendance) FROM home_game GROUP BY YEAR;",
        "gold_complexity": 8,
        "vt": "SELECT home_game.year, AVG(home_game.attendance) FROM home_game GROUP BY home_game.year",
        "ba": "The virtual table summarizes the average attendance of home games for each year from the 'home_game' table. It groups the results by year to provide a yearly average attendance figure."
    },
    {
        "sample_id": 3627,
        "gold_sql": "SELECT name_first ,  name_last FROM player AS T1 JOIN all_star AS T2 ON T1.player_id  =  T2.player_id WHERE YEAR  =  1998",
        "gold_complexity": 9,
        "vt": "SELECT player.name_first, player.name_last FROM player JOIN all_star AS T2 ON T1.player_id = T2.player_id WHERE all_star.year = [placeholder-type:numeric]",
        "ba": "The virtual table describes the first and last names of players from the 'player' table who participated in the All-Star game during a specific year. The placeholder in the WHERE clause represents the year of the All-Star game."
    },
    {
        "sample_id": 3697,
        "gold_sql": "SELECT state FROM park GROUP BY state HAVING count(*)  >  2;",
        "gold_complexity": 8,
        "vt": "SELECT park.state FROM park GROUP BY park.state HAVING COUNT(*) > [placeholder-type:numeric]",
        "ba": "The virtual table lists the states where baseball parks are located, specifically those states that have more than a specified number of parks. The placeholder in the HAVING clause represents the minimum count of parks required for a state to be included in the results."
    },
    {
        "sample_id": 3625,
        "gold_sql": "SELECT avg(T1.salary) FROM salary AS T1 JOIN team AS T2 ON T1.team_id  =  T2.team_id_br WHERE T2.name  = 'Boston Red Stockings'",
        "gold_complexity": 7,
        "vt": "SELECT AVG(salary.salary) FROM salary JOIN team AS T2 ON T1.team_id = T2.team_id_br WHERE team.name = '[placeholder-type:string]'",
        "ba": "The virtual table calculates the average salary of players from a specific team. It joins the 'salary' table with the 'team' table using the team identifier, filtering the results based on the team's name provided as a placeholder."
    },
    {
        "sample_id": 3653,
        "gold_sql": "SELECT T1.name ,  T1.team_id FROM team AS T1 JOIN salary AS T2 ON T1.team_id = T2.team_id GROUP BY T1.team_id ORDER BY avg(T2.salary) ASC LIMIT 1;",
        "gold_complexity": 12,
        "vt": "SELECT team.name, team.team_id FROM team JOIN salary AS T2 ON T1.team_id = T2.team_id GROUP BY team.team_id ORDER BY AVG(salary.salary) LIMIT [placeholder-type:numeric]",
        "ba": "The virtual table lists the names and identifiers of teams from the 'team' table, along with their average salaries from the 'salary' table. The results are grouped by team identifier and ordered by the average salary, allowing users to see which teams have the highest average salaries, limited to a specified number of results."
    },
    {
        "sample_id": 3635,
        "gold_sql": "SELECT T2.team_id ,  T2.rank FROM home_game AS T1 JOIN team AS T2 ON T1.team_id  =  T2.team_id WHERE T1.year  =  2014 GROUP BY T1.team_id ORDER BY avg(T1.attendance) DESC LIMIT 1;",
        "gold_complexity": 14,
        "vt": "SELECT team.team_id, team.rank FROM home_game JOIN team AS T2 ON T1.team_id = T2.team_id WHERE home_game.year = [placeholder-type:numeric] GROUP BY home_game.team_id ORDER BY AVG(home_game.attendance) LIMIT [placeholder-type:numeric]",
        "ba": "The virtual table provides a summary of team rankings based on their home game attendance for a specific year. It retrieves the team ID and rank from the 'team' table, joining it with the 'home_game' table to filter by the specified year. The results are grouped by team ID and ordered by the average attendance of home games, with a limit on the number of results returned."
    },
    {
        "sample_id": 3699,
        "gold_sql": "SELECT count(*) FROM team_franchise WHERE active = 'Y';",
        "gold_complexity": 6,
        "vt": "SELECT COUNT(*) FROM team_franchise WHERE team_franchise.active = '[placeholder-type:string]'",
        "ba": "The virtual table counts the number of active franchises from the 'team_franchise' table based on a specified active status."
    },
    {
        "sample_id": 3644,
        "gold_sql": "SELECT name_first ,  name_last FROM player WHERE death_year = '';",
        "gold_complexity": 8,
        "vt": "SELECT player.name_first, player.name_last FROM player WHERE player.death_year = '[placeholder-type:string]'",
        "ba": "The virtual table describes the first and last names of players from the 'player' table who have a specific year of death. The placeholder in the WHERE clause represents the year of death."
    },
    {
        "sample_id": 3623,
        "gold_sql": "SELECT T1.name_full ,  T1.college_id FROM college AS T1 JOIN player_college AS T2 ON T1.college_id  =  T2.college_id GROUP BY T1.college_id ORDER BY count(*) DESC LIMIT 1;",
        "gold_complexity": 12,
        "vt": "SELECT college.name_full, college.college_id FROM college JOIN player_college AS T2 ON T1.college_id = T2.college_id GROUP BY college.college_id ORDER BY COUNT(*) LIMIT [placeholder-type:numeric]",
        "ba": "The virtual table provides a list of colleges along with their unique identifiers, specifically focusing on the colleges attended by players. It aggregates the data by college, ensuring that each college is represented only once, and orders the results based on the number of players associated with each college. The placeholder in the LIMIT clause allows for specifying the maximum number of colleges to be returned in the result set."
    },
    {
        "sample_id": 3683,
        "gold_sql": "SELECT count(*) FROM home_game AS T1 JOIN park AS T2 ON T1.park_id  =  T2.park_id WHERE T1.year = 1907 AND T2.park_name = 'Columbia Park';",
        "gold_complexity": 8,
        "vt": "SELECT COUNT(*) FROM home_game JOIN park AS T2 ON T1.park_id = T2.park_id WHERE home_game.year = [placeholder-type:numeric] AND park.park_name = '[placeholder-type:string]'",
        "ba": "The virtual table provides a count of home games played in a specific year at a particular park. It joins the 'home_game' table with the 'park' table to filter results based on the year and the name of the park."
    },
    {
        "sample_id": 3681,
        "gold_sql": "SELECT count(*) FROM park WHERE city = 'Atlanta';",
        "gold_complexity": 6,
        "vt": "SELECT COUNT(*) FROM park WHERE park.city = '[placeholder-type:string]'",
        "ba": "The virtual table counts the total number of parks located in a specific city. The placeholder in the WHERE clause represents the name of the city being queried."
    },
    {
        "sample_id": 3684,
        "gold_sql": "SELECT count(*) FROM home_game AS T1 JOIN park AS T2 ON T1.park_id  =  T2.park_id WHERE T1.year  =  2000 AND T2.city  =  'Atlanta';",
        "gold_complexity": 8,
        "vt": "SELECT COUNT(*) FROM home_game JOIN park AS T2 ON T1.park_id = T2.park_id WHERE home_game.year = [placeholder-type:numeric] AND park.city = '[placeholder-type:string]'",
        "ba": "The virtual table provides the total count of home games played in a specific year at a particular park located in a specified city. It joins the 'home_game' table with the 'park' table to filter the results based on the year and the city of the park."
    },
    {
        "sample_id": 3630,
        "gold_sql": "SELECT yearid ,  count(*) FROM hall_of_fame GROUP BY yearid;",
        "gold_complexity": 8,
        "vt": "SELECT hall_of_fame.yearid, COUNT(*) FROM hall_of_fame GROUP BY hall_of_fame.yearid",
        "ba": "The virtual table summarizes the number of players inducted into the Hall of Fame for each year. It retrieves the year of induction and counts the total number of inductees for that year."
    },
    {
        "sample_id": 3626,
        "gold_sql": "SELECT name_first ,  name_last FROM player AS T1 JOIN all_star AS T2 ON T1.player_id  =  T2.player_id WHERE YEAR  =  1998",
        "gold_complexity": 9,
        "vt": "SELECT player.name_first, player.name_last FROM player JOIN all_star AS T2 ON T1.player_id = T2.player_id WHERE all_star.year = [placeholder-type:numeric]",
        "ba": "The virtual table describes the first and last names of players from the 'player' table who participated in the All-Star game during a specific year. The placeholder in the WHERE clause represents the year of the All-Star game."
    },
    {
        "sample_id": 3680,
        "gold_sql": "SELECT count(*) FROM park WHERE city = 'Atlanta';",
        "gold_complexity": 6,
        "vt": "SELECT COUNT(*) FROM park WHERE park.city = '[placeholder-type:string]'",
        "ba": "The virtual table counts the total number of parks located in a specific city from the 'park' table. The placeholder in the WHERE clause represents the name of the city being queried."
    },
    {
        "sample_id": 3698,
        "gold_sql": "SELECT count(*) FROM team_franchise WHERE active = 'Y';",
        "gold_complexity": 6,
        "vt": "SELECT COUNT(*) FROM team_franchise WHERE team_franchise.active = '[placeholder-type:string]'",
        "ba": "The virtual table provides a count of active franchises from the 'team_franchise' table. The placeholder in the WHERE clause represents the status of the franchise, indicating whether it is currently active or not."
    },
    {
        "sample_id": 3634,
        "gold_sql": "SELECT T2.team_id ,  T2.rank FROM home_game AS T1 JOIN team AS T2 ON T1.team_id  =  T2.team_id WHERE T1.year  =  2014 GROUP BY T1.team_id ORDER BY avg(T1.attendance) DESC LIMIT 1;",
        "gold_complexity": 14,
        "vt": "SELECT team.team_id, team.rank FROM home_game JOIN team AS T2 ON T1.team_id = T2.team_id WHERE home_game.year = [placeholder-type:numeric] GROUP BY home_game.team_id ORDER BY AVG(home_game.attendance) LIMIT [placeholder-type:numeric]",
        "ba": "The virtual table provides the team IDs and their ranks from the 'team' table, based on the average attendance of home games for a specific year. It joins the 'home_game' table with the 'team' table to filter and group the results by team ID, allowing users to see which teams had the highest average attendance in a given year, limited to a specified number of results."
    },
    {
        "sample_id": 3669,
        "gold_sql": "SELECT count(*) FROM postseason WHERE YEAR  =  1885 AND ties  =  1;",
        "gold_complexity": 7,
        "vt": "SELECT COUNT(*) FROM postseason WHERE postseason.year = [placeholder-type:numeric] AND postseason.ties = [placeholder-type:numeric]",
        "ba": "The virtual table counts the number of postseason events that occurred in a specific year and had a certain number of ties. The placeholders represent the year of the postseason and the number of ties in those events."
    },
    {
        "sample_id": 3636,
        "gold_sql": "SELECT T1.name_first ,  T1.name_last ,  T2.player_id FROM player AS T1 JOIN manager_award AS T2 ON T1.player_id  =  T2.player_id GROUP BY T2.player_id ORDER BY count(*) DESC LIMIT 1;",
        "gold_complexity": 14,
        "vt": "SELECT player.name_first, player.name_last, manager_award.player_id FROM player JOIN manager_award AS T2 ON T1.player_id = T2.player_id GROUP BY manager_award.player_id ORDER BY COUNT(*) LIMIT [placeholder-type:numeric]",
        "ba": "The virtual table provides a list of players along with their first and last names who have received manager awards. It aggregates the data by player ID, ensuring that each player is listed only once, and orders the results based on the number of awards received, limiting the output to a specified number of players."
    },
    {
        "sample_id": 3672,
        "gold_sql": "SELECT count(*) FROM salary AS T1 JOIN team AS T2 ON T1.team_id  =  T2.team_id_br WHERE T2.name  = 'Boston Red Stockings' AND T1.year  =  2000",
        "gold_complexity": 8,
        "vt": "SELECT COUNT(*) FROM salary JOIN team AS T2 ON T1.team_id = T2.team_id_br WHERE team.name = '[placeholder-type:string]' AND salary.year = [placeholder-type:numeric]",
        "ba": "The virtual table provides a count of salaries for players from a specific team in a given year. It joins the 'salary' table with the 'team' table to filter results based on the team's name and the year of the salary record."
    },
    {
        "sample_id": 3658,
        "gold_sql": "SELECT max(T1.wins) FROM postseason AS T1 JOIN team AS T2 ON T1.team_id_winner  =  T2.team_id_br WHERE T2.name  =  'Boston Red Stockings';",
        "gold_complexity": 7,
        "vt": "SELECT MAX(postseason.wins) FROM postseason JOIN team AS T2 ON T1.team_id_winner = T2.team_id_br WHERE team.name = '[placeholder-type:string]'",
        "ba": "The virtual table retrieves the maximum number of wins recorded in the postseason for a specific team. It joins the 'postseason' table with the 'team' table to filter the results based on the team's name provided as a placeholder."
    },
    {
        "sample_id": 3646,
        "gold_sql": "SELECT count(*) FROM player WHERE birth_country = 'USA' AND bats  =  'R';",
        "gold_complexity": 7,
        "vt": "SELECT COUNT(*) FROM player WHERE player.birth_country = '[placeholder-type:string]' AND player.bats = '[placeholder-type:string]'",
        "ba": "The virtual table counts the number of players from a specific birth country who bat with a specified hand (left or right). The placeholders in the WHERE clause represent the birth country and batting hand of the players."
    }
]