[
    {
        "sample_id": 4625,
        "gold_sql": "SELECT DISTINCT address_type_code FROM customer_addresses",
        "gold_complexity": 5,
        "vt": "SELECT DISTINCT customer_addresses.address_type_code FROM customer_addresses",
        "ba": "The virtual table retrieves distinct address type codes from the 'customer_addresses' table, which links customers to their respective premises and indicates the type of address (e.g., billing, shipping)."
    },
    {
        "sample_id": 4615,
        "gold_sql": "SELECT premises_type ,  premise_details FROM premises ORDER BY premises_type",
        "gold_complexity": 8,
        "vt": "SELECT premises.premises_type, premises.premise_details FROM premises ORDER BY premises.premises_type",
        "ba": "The virtual table describes the types and details of premises from the 'premises' table, sorted by the type of premise. This allows users to view a categorized list of premises along with their descriptions."
    },
    {
        "sample_id": 4614,
        "gold_sql": "SELECT DISTINCT premises_type FROM premises",
        "gold_complexity": 5,
        "vt": "SELECT DISTINCT premises.premises_type FROM premises",
        "ba": "The virtual table lists the unique types of premises from the 'premises' table."
    },
    {
        "sample_id": 4623,
        "gold_sql": "SELECT T2.customer_name ,  T2.payment_method FROM mailshot_customers AS T1 JOIN customers AS T2 ON T1.customer_id  =  T2.customer_id WHERE T1.outcome_code  =  'Order' INTERSECT SELECT T2.customer_name ,  T2.payment_method FROM mailshot_customers AS T1 JOIN customers AS T2 ON T1.customer_id  =  T2.customer_id WHERE T1.outcome_code  =  'No Response'",
        "gold_complexity": 10,
        "vt": "SELECT T2.customer_name, T2.payment_method FROM mailshot_customers AS T1 JOIN customers AS T2 ON T1.customer_id = T2.customer_id WHERE T1.outcome_code = 'Order' INTERSECT SELECT T2.customer_name, T2.payment_method FROM mailshot_customers AS T1 JOIN customers AS T2 ON T1.customer_id = T2.customer_id WHERE T1.outcome_code = 'No Response'",
        "ba": "The virtual table describes the names and payment methods of customers who have both placed an order and not responded to a mailshot campaign. It combines results from two queries using an INTERSECT operation to find customers who meet both criteria."
    },
    {
        "sample_id": 4626,
        "gold_sql": "SELECT order_shipping_charges ,  customer_id FROM customer_orders WHERE order_status_code  =  'Cancelled' OR order_status_code  =  'Paid'",
        "gold_complexity": 8,
        "vt": "SELECT customer_orders.order_shipping_charges, customer_orders.customer_id FROM customer_orders WHERE customer_orders.order_status_code = '[placeholder-type:string]' OR customer_orders.order_status_code = '[placeholder-type:string]'",
        "ba": "The virtual table displays the shipping charges and customer identifiers from the 'customer_orders' table for orders that have a specific status. The placeholders in the WHERE clause represent the order statuses being queried."
    },
    {
        "sample_id": 4618,
        "gold_sql": "SELECT customer_name ,  customer_phone FROM customers WHERE customer_id NOT IN (SELECT customer_id FROM mailshot_customers)",
        "gold_complexity": 12,
        "vt": "SELECT customers.customer_name, customers.customer_phone FROM customers WHERE NOT customers.customer_id IN (SELECT customers.customer_id FROM mailshot_customers)",
        "ba": "The virtual table provides a list of customer names and their phone numbers from the 'customers' table who have not received any mailshot campaigns. The query filters out customers by checking their IDs against those present in the 'mailshot_customers' table."
    },
    {
        "sample_id": 4624,
        "gold_sql": "SELECT T2.premises_type ,  T1.address_type_code FROM customer_addresses AS T1 JOIN premises AS T2 ON T1.premise_id  =  T2.premise_id",
        "gold_complexity": 7,
        "vt": "SELECT premises.premises_type, customer_addresses.address_type_code FROM customer_addresses JOIN premises AS T2 ON T1.premise_id = T2.premise_id",
        "ba": "The virtual table describes the types of premises and their associated address types from the 'customer_addresses' and 'premises' tables. The join operation links the two tables based on the premise identifier, allowing for a comprehensive view of the premises type alongside the address type code."
    },
    {
        "sample_id": 4613,
        "gold_sql": "SELECT count(*) FROM premises",
        "gold_complexity": 4,
        "vt": "SELECT COUNT(*) FROM premises",
        "ba": "The virtual table provides a count of all unique premises recorded in the 'premises' table. This count helps in understanding the total number of premises available, regardless of their type or details."
    },
    {
        "sample_id": 4620,
        "gold_sql": "SELECT outcome_code ,  count(*) FROM mailshot_customers GROUP BY outcome_code",
        "gold_complexity": 8,
        "vt": "SELECT mailshot_customers.outcome_code, COUNT(*) FROM mailshot_customers GROUP BY mailshot_customers.outcome_code",
        "ba": "The virtual table summarizes the outcomes of mailshot campaigns by counting the number of customers associated with each outcome code. It aggregates the data from the 'mailshot_customers' table, providing insights into the effectiveness of different mailshot campaigns based on customer responses."
    }
]