[
    {
        "sample_id": 8012,
        "gold_sql": "SELECT T2.Title ,  T1.Name FROM singer AS T1 JOIN song AS T2 ON T1.Singer_ID  =  T2.Singer_ID",
        "gold_complexity": 7,
        "vt": "SELECT song.title, singer.name FROM singer JOIN song AS T2 ON T1.Singer_ID = T2.Singer_ID",
        "ba": "The virtual table describes the titles of songs along with the names of the singers who performed them. It combines data from the 'singer' and 'song' tables using a join on the singer's unique identifier, allowing for a comprehensive view of which singer performed which song."
    },
    {
        "sample_id": 8014,
        "gold_sql": "SELECT DISTINCT T1.Name FROM singer AS T1 JOIN song AS T2 ON T1.Singer_ID  =  T2.Singer_ID WHERE T2.Sales  >  300000",
        "gold_complexity": 8,
        "vt": "SELECT DISTINCT singer.name FROM singer JOIN song AS T2 ON T1.Singer_ID = T2.Singer_ID WHERE song.sales > [placeholder-type:numeric]",
        "ba": "The virtual table describes the distinct names of singers from the 'singer' table who have songs with sales exceeding a specified amount. The query joins the 'singer' and 'song' tables based on the singer's identifier, filtering the results based on the sales figures of the songs."
    },
    {
        "sample_id": 8013,
        "gold_sql": "SELECT DISTINCT T1.Name FROM singer AS T1 JOIN song AS T2 ON T1.Singer_ID  =  T2.Singer_ID WHERE T2.Sales  >  300000",
        "gold_complexity": 8,
        "vt": "SELECT DISTINCT singer.name FROM singer JOIN song AS T2 ON T1.Singer_ID = T2.Singer_ID WHERE song.sales > [placeholder-type:numeric]",
        "ba": "The virtual table describes the distinct names of singers from the 'singer' table who have songs with sales exceeding a specified amount. The query joins the 'singer' and 'song' tables based on the singer's identifier, filtering the results based on the sales figures of the songs."
    },
    {
        "sample_id": 8009,
        "gold_sql": "SELECT Citizenship ,  max(Net_Worth_Millions) FROM singer GROUP BY Citizenship",
        "gold_complexity": 8,
        "vt": "SELECT singer.citizenship, MAX(singer.net_worth_millions) FROM singer GROUP BY singer.citizenship",
        "ba": "The virtual table summarizes the maximum net worth of singers grouped by their country of citizenship. It retrieves the citizenship of each singer and the highest estimated net worth among singers from the same country."
    },
    {
        "sample_id": 8011,
        "gold_sql": "SELECT T2.Title ,  T1.Name FROM singer AS T1 JOIN song AS T2 ON T1.Singer_ID  =  T2.Singer_ID",
        "gold_complexity": 7,
        "vt": "SELECT song.title, singer.name FROM singer JOIN song AS T2 ON T1.Singer_ID = T2.Singer_ID",
        "ba": "The virtual table describes the titles of songs along with the names of the singers who performed them. It combines data from the 'singer' and 'song' tables using a join on the singer's unique identifier, allowing for a comprehensive view of which singer performed which song."
    },
    {
        "sample_id": 8000,
        "gold_sql": "SELECT Name FROM singer WHERE Citizenship != \"France\"",
        "gold_complexity": 6,
        "vt": "SELECT singer.name FROM singer WHERE singer.citizenship <> None.\"france\"",
        "ba": "The virtual table describes the names of singers from the 'singer' table who are not citizens of France. The placeholder in the WHERE clause represents the citizenship condition."
    },
    {
        "sample_id": 7996,
        "gold_sql": "SELECT Name FROM singer ORDER BY Net_Worth_Millions ASC",
        "gold_complexity": 6,
        "vt": "SELECT singer.name FROM singer ORDER BY singer.net_worth_millions",
        "ba": "The virtual table lists the names of singers from the 'singer' table, ordered by their estimated net worth in millions. This allows users to see which singers have the highest net worth at a glance."
    },
    {
        "sample_id": 8020,
        "gold_sql": "SELECT Name FROM singer WHERE Singer_ID NOT IN (SELECT Singer_ID FROM song)",
        "gold_complexity": 10,
        "vt": "SELECT singer.name FROM singer WHERE NOT singer.singer_id IN (SELECT singer.singer_id FROM song)",
        "ba": "The virtual table lists the names of singers from the 'singer' table who have not released any songs. The subquery identifies singers who have songs by checking the 'singer_id' in the 'song' table, and the main query filters out those singers from the results."
    },
    {
        "sample_id": 8021,
        "gold_sql": "SELECT Citizenship FROM singer WHERE Birth_Year  <  1945 INTERSECT SELECT Citizenship FROM singer WHERE Birth_Year  >  1955",
        "gold_complexity": 9,
        "vt": "SELECT Citizenship FROM singer WHERE Birth_Year < 1945 INTERSECT SELECT Citizenship FROM singer WHERE Birth_Year > 1955",
        "ba": "The virtual table identifies the citizenship of singers who were born before 1945 and also after 1955. It uses an INTERSECT operation to find common citizenships between these two groups of singers."
    },
    {
        "sample_id": 8017,
        "gold_sql": "SELECT T1.Name ,  sum(T2.Sales) FROM singer AS T1 JOIN song AS T2 ON T1.Singer_ID  =  T2.Singer_ID GROUP BY T1.Name",
        "gold_complexity": 9,
        "vt": "SELECT singer.name, SUM(song.sales) FROM singer JOIN song AS T2 ON T1.Singer_ID = T2.Singer_ID GROUP BY singer.name",
        "ba": "The virtual table summarizes the total sales figures for each singer by joining the 'singer' and 'song' tables. It displays the singer's name alongside the sum of their song sales, grouped by the singer's name."
    },
    {
        "sample_id": 7999,
        "gold_sql": "SELECT Name FROM singer WHERE Citizenship != \"France\"",
        "gold_complexity": 6,
        "vt": "SELECT singer.name FROM singer WHERE singer.citizenship <> None.\"france\"",
        "ba": "The virtual table describes the names of singers from the 'singer' table who are not citizens of France. The placeholder in the WHERE clause represents the citizenship condition."
    },
    {
        "sample_id": 7997,
        "gold_sql": "SELECT Birth_Year ,  Citizenship FROM singer",
        "gold_complexity": 6,
        "vt": "SELECT singer.birth_year, singer.citizenship FROM singer",
        "ba": "The virtual table describes the birth year and citizenship of singers from the 'singer' table."
    },
    {
        "sample_id": 8003,
        "gold_sql": "SELECT Name FROM singer ORDER BY Net_Worth_Millions DESC LIMIT 1",
        "gold_complexity": 7,
        "vt": "SELECT singer.name FROM singer ORDER BY singer.net_worth_millions LIMIT [placeholder-type:numeric]",
        "ba": "The virtual table lists the names of singers from the 'singer' table, ordered by their estimated net worth in millions. The placeholder in the LIMIT clause allows for specifying the number of singer names to retrieve."
    },
    {
        "sample_id": 8001,
        "gold_sql": "SELECT Name FROM singer WHERE Birth_Year  =  1948 OR Birth_Year  =  1949",
        "gold_complexity": 6,
        "vt": "SELECT singer.name FROM singer WHERE singer.birth_year = [placeholder-type:numeric] OR singer.birth_year = [placeholder-type:numeric]",
        "ba": "The virtual table retrieves the names of singers from the 'singer' table who were born in either of two specified years. The placeholders in the WHERE clause represent the birth years of interest."
    },
    {
        "sample_id": 8005,
        "gold_sql": "SELECT Citizenship ,  COUNT(*) FROM singer GROUP BY Citizenship",
        "gold_complexity": 8,
        "vt": "SELECT singer.citizenship, COUNT(*) FROM singer GROUP BY singer.citizenship",
        "ba": "The virtual table summarizes the number of singers from each country of citizenship by grouping the data from the 'singer' table based on the 'citizenship' column. The result will show the citizenship and the count of singers associated with each citizenship."
    },
    {
        "sample_id": 8006,
        "gold_sql": "SELECT Citizenship ,  COUNT(*) FROM singer GROUP BY Citizenship",
        "gold_complexity": 8,
        "vt": "SELECT singer.citizenship, COUNT(*) FROM singer GROUP BY singer.citizenship",
        "ba": "The virtual table summarizes the number of singers from each country of citizenship by grouping the data based on the 'citizenship' column from the 'singer' table."
    },
    {
        "sample_id": 8016,
        "gold_sql": "SELECT T1.Name FROM singer AS T1 JOIN song AS T2 ON T1.Singer_ID  =  T2.Singer_ID GROUP BY T1.Name HAVING COUNT(*)  >  1",
        "gold_complexity": 9,
        "vt": "SELECT singer.name FROM singer JOIN song AS T2 ON T1.Singer_ID = T2.Singer_ID GROUP BY singer.name HAVING COUNT(*) > [placeholder-type:numeric]",
        "ba": "The virtual table describes the names of singers from the 'singer' table who have more than a specified number of songs associated with them. The query joins the 'singer' and 'song' tables on the singer's ID, groups the results by singer's name, and filters the groups to include only those with a count of songs greater than a placeholder for numeric values."
    },
    {
        "sample_id": 7994,
        "gold_sql": "SELECT count(*) FROM singer",
        "gold_complexity": 4,
        "vt": "SELECT COUNT(*) FROM singer",
        "ba": "The virtual table counts the total number of singers in the 'singer' table."
    }
]