[
    {
        "sample_id": 4728,
        "gold_sql": "SELECT T1.customer_name ,  T1.customer_address FROM customers AS T1 JOIN customer_orders AS T2 ON T1.customer_id  =  T2.customer_id WHERE T2.order_status_code  =  \"New\" INTERSECT SELECT T1.customer_name ,  T1.customer_address FROM customers AS T1 JOIN customer_orders AS T2 ON T1.customer_id  =  T2.customer_id WHERE T2.order_status_code  =  \"Pending\"",
        "gold_complexity": 11,
        "vt": "SELECT T1.customer_name, T1.customer_address FROM customers AS T1 JOIN customer_orders AS T2 ON T1.customer_id = T2.customer_id WHERE T2.order_status_code = \"New\" INTERSECT SELECT T1.customer_name, T1.customer_address FROM customers AS T1 JOIN customer_orders AS T2 ON T1.customer_id = T2.customer_id WHERE T2.order_status_code = \"Pending\"",
        "ba": "The virtual table provides a list of customer names and their addresses from the 'customers' table. It retrieves customers who have orders with a status of 'New' and also those with a status of 'Pending'. The use of INTERSECT ensures that only customers who meet both criteria are included in the result."
    },
    {
        "sample_id": 4771,
        "gold_sql": "SELECT DISTINCT T1.customer_name FROM customers AS T1 JOIN customer_orders AS T2 ON T1.customer_id  =  T2.customer_id JOIN order_items AS T3 ON T2.order_id  =  T3.order_id JOIN products AS T4 ON T3.product_id  =  T4.product_id WHERE T4.product_name  =  \"keyboard\"",
        "gold_complexity": 10,
        "vt": "SELECT DISTINCT customers.customer_name FROM customers JOIN customer_orders AS T2 ON T1.customer_id = T2.customer_id JOIN order_items AS T3 ON T2.order_id = T3.order_id JOIN products AS T4 ON T3.product_id = T4.product_id WHERE products.product_name = None.\"keyboard\"",
        "ba": "The virtual table lists the distinct names of customers who have ordered a specific product, identified by its name. It involves joining multiple tables: 'customers' to get customer details, 'customer_orders' to link customers with their orders, 'order_items' to identify the products in those orders, and 'products' to filter based on the product name."
    },
    {
        "sample_id": 4739,
        "gold_sql": "SELECT product_type_code ,  max(product_price) ,  min(product_price) FROM products GROUP BY product_type_code",
        "gold_complexity": 9,
        "vt": "SELECT products.product_type_code, MAX(products.product_price), MIN(products.product_price) FROM products GROUP BY products.product_type_code",
        "ba": "The virtual table summarizes the product types and their price ranges from the 'products' table. It displays the product type code along with the maximum and minimum prices for each type, allowing users to understand the pricing structure across different product categories."
    },
    {
        "sample_id": 4711,
        "gold_sql": "SELECT T1.staff_id ,  T1.staff_gender FROM staff AS T1 JOIN staff_department_assignments AS T2 ON T1.staff_id  =  T2.staff_id WHERE T2.job_title_code  =  \"Department Manager\"",
        "gold_complexity": 9,
        "vt": "SELECT staff.staff_id, staff.staff_gender FROM staff JOIN staff_department_assignments AS T2 ON T1.staff_id = T2.staff_id WHERE staff_department_assignments.job_title_code = None.\"department manager\"",
        "ba": "The virtual table describes the staff members' IDs and genders from the 'staff' table who are assigned to a department as department managers. The query joins the 'staff' table with the 'staff_department_assignments' table to filter based on the job title code for department managers."
    },
    {
        "sample_id": 4734,
        "gold_sql": "SELECT dept_store_chain_id FROM department_stores GROUP BY dept_store_chain_id ORDER BY count(*) DESC LIMIT 2",
        "gold_complexity": 9,
        "vt": "SELECT department_stores.dept_store_chain_id FROM department_stores GROUP BY department_stores.dept_store_chain_id ORDER BY COUNT(*) LIMIT [placeholder-type:numeric]",
        "ba": "The virtual table retrieves unique identifiers for department store chains from the 'department_stores' table. It groups the results by the department store chain identifier and orders them based on the count of department stores associated with each chain. The query limits the results to a specified number of department store chains."
    },
    {
        "sample_id": 4706,
        "gold_sql": "SELECT count(DISTINCT product_type_code) FROM products",
        "gold_complexity": 5,
        "vt": "SELECT COUNT(DISTINCT product_type_code) FROM products",
        "ba": "The virtual table provides a count of distinct product types available in the 'products' table. This count helps in understanding the variety of products offered."
    },
    {
        "sample_id": 4731,
        "gold_sql": "SELECT T1.product_id FROM product_suppliers AS T1 JOIN products AS T2 ON T1.product_id  =  T2.product_id WHERE T1.supplier_id  =  2 AND T2.product_price  >  (SELECT avg(product_price) FROM products)",
        "gold_complexity": 13,
        "vt": "SELECT product_suppliers.product_id FROM product_suppliers JOIN products AS T2 ON T1.product_id = T2.product_id WHERE product_suppliers.supplier_id = [placeholder-type:numeric] AND products.product_price > (SELECT AVG(products.product_price) FROM products)",
        "ba": "The virtual table lists the product IDs of products supplied by a specific supplier whose price is above the average price of all products. The query joins the 'product_suppliers' table with the 'products' table to filter based on the supplier's ID and the product's price."
    },
    {
        "sample_id": 4789,
        "gold_sql": "SELECT product_name FROM products WHERE product_type_code  =  'Hardware' ORDER BY product_price DESC LIMIT 1",
        "gold_complexity": 9,
        "vt": "SELECT products.product_name FROM products WHERE products.product_type_code = '[placeholder-type:string]' ORDER BY products.product_price LIMIT [placeholder-type:numeric]",
        "ba": "The virtual table lists the names of products from the 'products' table that match a specific product type code. The results are ordered by the product price, and a limit is applied to restrict the number of products returned."
    },
    {
        "sample_id": 4732,
        "gold_sql": "SELECT T2.dept_store_id ,  T2.store_name FROM departments AS T1 JOIN department_stores AS T2 ON T1.dept_store_id  =  T2.dept_store_id WHERE T1.department_name  =  \"marketing\" INTERSECT SELECT T2.dept_store_id ,  T2.store_name FROM departments AS T1 JOIN department_stores AS T2 ON T1.dept_store_id  =  T2.dept_store_id WHERE T1.department_name  =  \"managing\"",
        "gold_complexity": 11,
        "vt": "SELECT T2.dept_store_id, T2.store_name FROM departments AS T1 JOIN department_stores AS T2 ON T1.dept_store_id = T2.dept_store_id WHERE T1.department_name = \"marketing\" INTERSECT SELECT T2.dept_store_id, T2.store_name FROM departments AS T1 JOIN department_stores AS T2 ON T1.dept_store_id = T2.dept_store_id WHERE T1.department_name = \"managing\"",
        "ba": "The virtual table identifies department stores that have both a marketing and a managing department. It retrieves the unique identifiers and names of these stores by performing an intersection of two queries that join the 'departments' and 'department_stores' tables based on the department's name."
    },
    {
        "sample_id": 4752,
        "gold_sql": "SELECT T1.staff_name ,  T1.staff_gender FROM staff AS T1 JOIN staff_department_assignments AS T2 ON T1.staff_id  =  T2.staff_id WHERE T2.date_assigned_from LIKE \"2016%\"",
        "gold_complexity": 9,
        "vt": "SELECT staff.staff_name, staff.staff_gender FROM staff JOIN staff_department_assignments AS T2 ON T1.staff_id = T2.staff_id WHERE staff_department_assignments.date_assigned_from LIKE None.\"2016%\"",
        "ba": "The virtual table describes the names and genders of staff members from the 'staff' table who have been assigned to a department starting from a specific year. The query joins the 'staff' table with the 'staff_department_assignments' table to filter staff based on their assignment date."
    },
    {
        "sample_id": 4725,
        "gold_sql": "SELECT T2.product_type_code ,  T2.product_name ,  T2.product_price FROM product_suppliers AS T1 JOIN products AS T2 ON T1.product_id  =  T2.product_id WHERE T1.supplier_id  =  3",
        "gold_complexity": 11,
        "vt": "SELECT products.product_type_code, products.product_name, products.product_price FROM product_suppliers JOIN products AS T2 ON T1.product_id = T2.product_id WHERE product_suppliers.supplier_id = [placeholder-type:numeric]",
        "ba": "The virtual table provides a view of product details including the type code, name, and price of products supplied by a specific supplier. The placeholder in the WHERE clause represents the unique identifier of the supplier."
    },
    {
        "sample_id": 4746,
        "gold_sql": "SELECT DISTINCT customer_id FROM Customer_Orders WHERE order_date  >  (SELECT min(order_date) FROM Customer_Orders WHERE order_status_code  =  \"Cancelled\")",
        "gold_complexity": 12,
        "vt": "SELECT DISTINCT customer_orders.customer_id FROM customer_orders WHERE customer_orders.order_date > (SELECT MIN(customer_orders.order_date) FROM Customer_Orders WHERE order_status_code = \"Cancelled\")",
        "ba": "The virtual table identifies unique customers from the 'customer_orders' table who have placed orders after the earliest cancelled order date. The query filters customer orders based on the order date, ensuring that only those customers who have made orders after a specific point in time are selected."
    },
    {
        "sample_id": 4747,
        "gold_sql": "SELECT DISTINCT customer_id FROM Customer_Orders WHERE order_date  >  (SELECT min(order_date) FROM Customer_Orders WHERE order_status_code  =  \"Cancelled\")",
        "gold_complexity": 12,
        "vt": "SELECT DISTINCT customer_orders.customer_id FROM customer_orders WHERE customer_orders.order_date > (SELECT MIN(customer_orders.order_date) FROM Customer_Orders WHERE order_status_code = \"Cancelled\")",
        "ba": "The virtual table retrieves a distinct list of customer IDs from the 'customer_orders' table for orders placed after the earliest cancelled order date."
    },
    {
        "sample_id": 4760,
        "gold_sql": "SELECT product_id FROM Order_Items GROUP BY product_id HAVING count(*)  >  3 UNION SELECT product_id FROM Product_Suppliers GROUP BY product_id HAVING sum(total_amount_purchased)  >  80000",
        "gold_complexity": 11,
        "vt": "SELECT product_id FROM Order_Items GROUP BY product_id HAVING COUNT(*) > 3 UNION SELECT product_id FROM Product_Suppliers GROUP BY product_id HAVING SUM(total_amount_purchased) > 80000",
        "ba": "The virtual table identifies products that have been ordered more than three times or have a total purchase amount exceeding a specified threshold from suppliers. It combines results from two different tables: 'Order_Items' and 'Product_Suppliers'."
    },
    {
        "sample_id": 4721,
        "gold_sql": "SELECT count(*) FROM department_stores AS T1 JOIN department_store_chain AS T2 ON T1.dept_store_chain_id  =  T2.dept_store_chain_id WHERE T2.dept_store_chain_name  =  \"South\"",
        "gold_complexity": 7,
        "vt": "SELECT COUNT(*) FROM department_stores JOIN department_store_chain AS T2 ON T1.dept_store_chain_id = T2.dept_store_chain_id WHERE department_store_chain.dept_store_chain_name = None.\"south\"",
        "ba": "The virtual table counts the number of department stores that belong to a specific department store chain. It joins the 'department_stores' table with the 'department_store_chain' table to filter the results based on the name of the department store chain."
    },
    {
        "sample_id": 4785,
        "gold_sql": "SELECT customer_id ,  customer_name FROM customers WHERE customer_address LIKE \"%WY%\" AND payment_method_code != \"Credit Card\"",
        "gold_complexity": 10,
        "vt": "SELECT customers.customer_id, customers.customer_name FROM customers WHERE customers.customer_address LIKE None.\"%wy%\" AND customers.payment_method_code <> None.\"credit card\"",
        "ba": "The virtual table describes the customer IDs and names from the 'customers' table who have an address containing a specific substring and do not use a specific payment method. The placeholders in the WHERE clause represent the substring to search for in the address and the payment method to exclude."
    },
    {
        "sample_id": 4705,
        "gold_sql": "SELECT product_id ,  product_type_code FROM products ORDER BY product_price LIMIT 1",
        "gold_complexity": 9,
        "vt": "SELECT products.product_id, products.product_type_code FROM products ORDER BY products.product_price LIMIT [placeholder-type:numeric]",
        "ba": "The virtual table lists the unique identifiers and type codes of products from the 'products' table, ordered by their price. The placeholder in the LIMIT clause allows the user to specify the maximum number of products to retrieve."
    },
    {
        "sample_id": 4724,
        "gold_sql": "SELECT T2.product_type_code ,  T2.product_name ,  T2.product_price FROM product_suppliers AS T1 JOIN products AS T2 ON T1.product_id  =  T2.product_id WHERE T1.supplier_id  =  3",
        "gold_complexity": 11,
        "vt": "SELECT products.product_type_code, products.product_name, products.product_price FROM product_suppliers JOIN products AS T2 ON T1.product_id = T2.product_id WHERE product_suppliers.supplier_id = [placeholder-type:numeric]",
        "ba": "The virtual table describes the product type code, product name, and product price from the 'products' table that are supplied by a specific supplier. The placeholder in the WHERE clause represents the unique identifier of the supplier."
    },
    {
        "sample_id": 4782,
        "gold_sql": "SELECT T1.staff_name ,  T1.staff_gender FROM staff AS T1 JOIN Staff_Department_Assignments AS T2 ON T1.staff_id  =  T2.staff_id WHERE T2.job_title_code  =  \"Sales Person\" EXCEPT SELECT T1.staff_name ,  T1.staff_gender FROM staff AS T1 JOIN Staff_Department_Assignments AS T2 ON T1.staff_id  =  T2.staff_id WHERE T2.job_title_code  =  \"Clerical Staff\"",
        "gold_complexity": 11,
        "vt": "SELECT T1.staff_name, T1.staff_gender FROM staff AS T1 JOIN Staff_Department_Assignments AS T2 ON T1.staff_id = T2.staff_id WHERE T2.job_title_code = \"Sales Person\" EXCEPT SELECT T1.staff_name, T1.staff_gender FROM staff AS T1 JOIN Staff_Department_Assignments AS T2 ON T1.staff_id = T2.staff_id WHERE T2.job_title_code = \"Clerical Staff\"",
        "ba": "The virtual table describes the names and genders of staff members who are assigned the job title of 'Sales Person' but not those who are assigned the job title of 'Clerical Staff'. The query uses a JOIN to connect the 'staff' table with the 'staff_department_assignments' table based on the staff ID, and it filters the results based on the job title codes."
    },
    {
        "sample_id": 4713,
        "gold_sql": "SELECT payment_method_code ,  count(*) FROM customers GROUP BY payment_method_code",
        "gold_complexity": 8,
        "vt": "SELECT customers.payment_method_code, COUNT(*) FROM customers GROUP BY customers.payment_method_code",
        "ba": "The virtual table summarizes the number of customers grouped by their payment method. It retrieves the payment method code from the 'customers' table and counts the total number of customers for each unique payment method."
    },
    {
        "sample_id": 4707,
        "gold_sql": "SELECT count(DISTINCT product_type_code) FROM products",
        "gold_complexity": 5,
        "vt": "SELECT COUNT(DISTINCT product_type_code) FROM products",
        "ba": "The virtual table provides a count of distinct product types available in the 'products' table. This count helps in understanding the variety of products offered."
    },
    {
        "sample_id": 4753,
        "gold_sql": "SELECT T1.staff_name ,  T1.staff_gender FROM staff AS T1 JOIN staff_department_assignments AS T2 ON T1.staff_id  =  T2.staff_id WHERE T2.date_assigned_from LIKE \"2016%\"",
        "gold_complexity": 9,
        "vt": "SELECT staff.staff_name, staff.staff_gender FROM staff JOIN staff_department_assignments AS T2 ON T1.staff_id = T2.staff_id WHERE staff_department_assignments.date_assigned_from LIKE None.\"2016%\"",
        "ba": "The virtual table describes the names and genders of staff members from the 'staff' table who have been assigned to a department starting from a specific year. The query joins the 'staff' table with the 'staff_department_assignments' table to filter based on the assignment date."
    },
    {
        "sample_id": 4788,
        "gold_sql": "SELECT product_name FROM products WHERE product_type_code  =  'Hardware' ORDER BY product_price DESC LIMIT 1",
        "gold_complexity": 9,
        "vt": "SELECT products.product_name FROM products WHERE products.product_type_code = '[placeholder-type:string]' ORDER BY products.product_price LIMIT [placeholder-type:numeric]",
        "ba": "The virtual table lists the names of products from the 'products' table that match a specific product type code. The results are ordered by the product price, and a limit is applied to control the number of products returned."
    },
    {
        "sample_id": 4736,
        "gold_sql": "SELECT department_id FROM staff_department_assignments GROUP BY department_id ORDER BY count(*) LIMIT 1",
        "gold_complexity": 9,
        "vt": "SELECT staff_department_assignments.department_id FROM staff_department_assignments GROUP BY staff_department_assignments.department_id ORDER BY COUNT(*) LIMIT [placeholder-type:numeric]",
        "ba": "The virtual table lists unique department IDs from the 'staff_department_assignments' table, grouping the results by department ID and ordering them based on the count of staff assigned to each department. The placeholder in the LIMIT clause allows for specifying the maximum number of departments to return."
    },
    {
        "sample_id": 4743,
        "gold_sql": "SELECT T1.staff_id ,  T1.staff_name FROM staff AS T1 JOIN Staff_Department_Assignments AS T2 ON T1.staff_id  =  T2.staff_id ORDER BY date_assigned_to - date_assigned_from LIMIT 1",
        "gold_complexity": 11,
        "vt": "SELECT staff.staff_id, staff.staff_name FROM staff JOIN Staff_Department_Assignments AS T2 ON T1.staff_id = T2.staff_id ORDER BY staff_department_assignments.date_assigned_to - staff_department_assignments.date_assigned_from LIMIT [placeholder-type:numeric]",
        "ba": "The virtual table provides a list of staff members along with their unique identifiers from the 'staff' table. It joins the 'staff' table with the 'staff_department_assignments' table to associate each staff member with their department assignments. The results are ordered by the duration of their assignments, calculated as the difference between the end and start dates of their assignments. The query limits the number of results returned based on a specified numeric placeholder."
    },
    {
        "sample_id": 4737,
        "gold_sql": "SELECT department_id FROM staff_department_assignments GROUP BY department_id ORDER BY count(*) LIMIT 1",
        "gold_complexity": 9,
        "vt": "SELECT staff_department_assignments.department_id FROM staff_department_assignments GROUP BY staff_department_assignments.department_id ORDER BY COUNT(*) LIMIT [placeholder-type:numeric]",
        "ba": "The virtual table lists unique department IDs from the 'staff_department_assignments' table, grouping the results by department ID and ordering them based on the count of staff assigned to each department. The placeholder in the LIMIT clause allows for specifying the maximum number of departments to return."
    },
    {
        "sample_id": 4719,
        "gold_sql": "SELECT product_type_code ,  avg(product_price) FROM products GROUP BY product_type_code",
        "gold_complexity": 8,
        "vt": "SELECT products.product_type_code, AVG(products.product_price) FROM products GROUP BY products.product_type_code",
        "ba": "The virtual table provides a summary of the average price of products categorized by their type. It aggregates the product prices based on the product type code, allowing users to see how different types of products compare in terms of pricing."
    },
    {
        "sample_id": 4709,
        "gold_sql": "SELECT T1.address_details FROM addresses AS T1 JOIN customer_addresses AS T2 ON T1.address_id  =  T2.address_id WHERE T2.customer_id  =  10",
        "gold_complexity": 7,
        "vt": "SELECT addresses.address_details FROM addresses JOIN customer_addresses AS T2 ON T1.address_id = T2.address_id WHERE customer_addresses.customer_id = [placeholder-type:numeric]",
        "ba": "The virtual table describes the detailed addresses associated with a specific customer from the 'addresses' table. The placeholder in the WHERE clause represents the unique identifier of the customer whose address details are being queried."
    },
    {
        "sample_id": 4779,
        "gold_sql": "SELECT DISTINCT T3.product_name FROM customer_orders AS T1 JOIN order_items AS T2 ON T1.order_id  =  T2.order_id JOIN products AS T3 ON T2.product_id  =  T3.product_id GROUP BY T3.product_id HAVING COUNT (DISTINCT T1.customer_id)  >=  2",
        "gold_complexity": 11,
        "vt": "SELECT DISTINCT products.product_name FROM customer_orders JOIN order_items AS T2 ON T1.order_id = T2.order_id JOIN products AS T3 ON T2.product_id = T3.product_id GROUP BY products.product_id HAVING COUNT(DISTINCT T1.customer_id) >= [placeholder-type:numeric]",
        "ba": "The virtual table lists distinct product names from the 'products' table that have been ordered by a minimum number of unique customers. It joins the 'customer_orders' table with 'order_items' to link orders to their respective items, and then further joins with the 'products' table to retrieve product details. The results are grouped by product ID and filtered to include only those products that have been ordered by a specified number of distinct customers."
    },
    {
        "sample_id": 4764,
        "gold_sql": "SELECT supplier_id FROM Product_Suppliers GROUP BY supplier_id HAVING avg(total_amount_purchased)  >  50000 OR avg(total_amount_purchased)  <  30000",
        "gold_complexity": 10,
        "vt": "SELECT product_suppliers.supplier_id FROM product_suppliers GROUP BY product_suppliers.supplier_id HAVING AVG(product_suppliers.total_amount_purchased) > [placeholder-type:numeric] OR AVG(product_suppliers.total_amount_purchased) < [placeholder-type:numeric]",
        "ba": "The virtual table lists the unique identifiers of suppliers from the 'product_suppliers' table. It groups the results by supplier ID and filters the groups based on the average total amount purchased, allowing for suppliers whose average total amount purchased is either greater than or less than specified numeric values."
    },
    {
        "sample_id": 4722,
        "gold_sql": "SELECT T1.staff_name ,  T2.job_title_code FROM staff AS T1 JOIN staff_department_assignments AS T2 ON T1.staff_id  =  T2.staff_id ORDER BY T2.date_assigned_to DESC LIMIT 1",
        "gold_complexity": 10,
        "vt": "SELECT staff.staff_name, staff_department_assignments.job_title_code FROM staff JOIN staff_department_assignments AS T2 ON T1.staff_id = T2.staff_id ORDER BY staff_department_assignments.date_assigned_to LIMIT [placeholder-type:numeric]",
        "ba": "The virtual table provides a list of staff members along with their job titles from the 'staff' and 'staff_department_assignments' tables. It retrieves the staff names and their corresponding job title codes, joining the two tables based on the staff ID. The results are ordered by the end date of their assignments, and a limit is applied to control the number of records returned."
    },
    {
        "sample_id": 4712,
        "gold_sql": "SELECT payment_method_code ,  count(*) FROM customers GROUP BY payment_method_code",
        "gold_complexity": 8,
        "vt": "SELECT customers.payment_method_code, COUNT(*) FROM customers GROUP BY customers.payment_method_code",
        "ba": "The virtual table summarizes the number of customers grouped by their payment method. It retrieves the payment method code from the 'customers' table and counts the total number of customers for each unique payment method."
    },
    {
        "sample_id": 4757,
        "gold_sql": "SELECT T1.supplier_name ,  T1.supplier_phone FROM Suppliers AS T1 JOIN supplier_addresses AS T2 ON T1.supplier_id  =  T2.supplier_id JOIN addresses AS T3 ON T2.address_id  =  T3.address_id ORDER BY T3.address_details",
        "gold_complexity": 10,
        "vt": "SELECT suppliers.supplier_name, suppliers.supplier_phone FROM suppliers JOIN supplier_addresses AS T2 ON T1.supplier_id = T2.supplier_id JOIN addresses AS T3 ON T2.address_id = T3.address_id ORDER BY addresses.address_details",
        "ba": "The virtual table provides a list of supplier names and their corresponding phone numbers from the 'suppliers' table. It joins the 'suppliers' table with the 'supplier_addresses' table to link suppliers to their addresses, and further joins with the 'addresses' table to access detailed address information. The results are ordered by the address details, allowing users to see suppliers organized by their address descriptions."
    },
    {
        "sample_id": 4756,
        "gold_sql": "SELECT T1.supplier_name ,  T1.supplier_phone FROM Suppliers AS T1 JOIN supplier_addresses AS T2 ON T1.supplier_id  =  T2.supplier_id JOIN addresses AS T3 ON T2.address_id  =  T3.address_id ORDER BY T3.address_details",
        "gold_complexity": 10,
        "vt": "SELECT suppliers.supplier_name, suppliers.supplier_phone FROM suppliers JOIN supplier_addresses AS T2 ON T1.supplier_id = T2.supplier_id JOIN addresses AS T3 ON T2.address_id = T3.address_id ORDER BY addresses.address_details",
        "ba": "The virtual table provides a list of supplier names and their corresponding phone numbers from the 'suppliers' table. It joins the 'supplier_addresses' table to link suppliers with their addresses, and further joins the 'addresses' table to retrieve detailed address descriptions. The results are ordered by the address details, allowing users to see suppliers organized by their address information."
    },
    {
        "sample_id": 4703,
        "gold_sql": "SELECT product_id FROM product_suppliers ORDER BY total_amount_purchased DESC LIMIT 3",
        "gold_complexity": 7,
        "vt": "SELECT product_suppliers.product_id FROM product_suppliers ORDER BY product_suppliers.total_amount_purchased LIMIT [placeholder-type:numeric]",
        "ba": "The virtual table lists the unique identifiers of products supplied by suppliers, ordered by the total amount purchased from each supplier. The placeholder in the LIMIT clause allows the user to specify how many product IDs they want to retrieve."
    },
    {
        "sample_id": 4738,
        "gold_sql": "SELECT product_type_code ,  max(product_price) ,  min(product_price) FROM products GROUP BY product_type_code",
        "gold_complexity": 9,
        "vt": "SELECT products.product_type_code, MAX(products.product_price), MIN(products.product_price) FROM products GROUP BY products.product_type_code",
        "ba": "The virtual table summarizes the product types and their price ranges from the 'products' table. It displays the product type code along with the maximum and minimum prices for each type, allowing users to understand the pricing structure across different product categories."
    },
    {
        "sample_id": 4720,
        "gold_sql": "SELECT count(*) FROM department_stores AS T1 JOIN department_store_chain AS T2 ON T1.dept_store_chain_id  =  T2.dept_store_chain_id WHERE T2.dept_store_chain_name  =  \"South\"",
        "gold_complexity": 7,
        "vt": "SELECT COUNT(*) FROM department_stores JOIN department_store_chain AS T2 ON T1.dept_store_chain_id = T2.dept_store_chain_id WHERE department_store_chain.dept_store_chain_name = None.\"south\"",
        "ba": "The virtual table counts the number of department stores that belong to a specific department store chain. It joins the 'department_stores' table with the 'department_store_chain' table to filter the results based on the name of the department store chain."
    },
    {
        "sample_id": 4745,
        "gold_sql": "SELECT product_name ,  product_id FROM products WHERE product_price BETWEEN 600 AND 700",
        "gold_complexity": 8,
        "vt": "SELECT products.product_name, products.product_id FROM products WHERE products.product_price BETWEEN [placeholder-type:numeric] AND [placeholder-type:numeric]",
        "ba": "The virtual table describes the names and IDs of products from the 'products' table that fall within a specified price range. The placeholders in the WHERE clause represent the minimum and maximum price limits."
    },
    {
        "sample_id": 4715,
        "gold_sql": "SELECT product_id FROM order_items GROUP BY product_id ORDER BY count(*) DESC LIMIT 1",
        "gold_complexity": 9,
        "vt": "SELECT order_items.product_id FROM order_items GROUP BY order_items.product_id ORDER BY COUNT(*) LIMIT [placeholder-type:numeric]",
        "ba": "The virtual table lists unique product identifiers from the 'order_items' table, grouping them to count how many times each product has been ordered. The results are then ordered by the count of orders in descending order, and a limit is applied to restrict the number of products returned based on a specified numeric value."
    },
    {
        "sample_id": 4767,
        "gold_sql": "SELECT avg(total_amount_purchased) ,  avg(total_value_purchased) FROM Product_Suppliers WHERE supplier_id  =  (SELECT supplier_id FROM Product_Suppliers GROUP BY supplier_id ORDER BY count(*) DESC LIMIT 1)",
        "gold_complexity": 16,
        "vt": "SELECT AVG(product_suppliers.total_amount_purchased), AVG(product_suppliers.total_value_purchased) FROM product_suppliers WHERE product_suppliers.supplier_id = (SELECT product_suppliers.supplier_id FROM Product_Suppliers GROUP BY supplier_id ORDER BY COUNT(*) DESC LIMIT 1)",
        "ba": "The virtual table calculates the average total amount and average total value of products purchased from the most frequently supplying supplier. It retrieves data from the 'product_suppliers' table, filtering by the supplier ID of the supplier that has supplied the highest number of products."
    },
    {
        "sample_id": 4742,
        "gold_sql": "SELECT T1.staff_id ,  T1.staff_name FROM staff AS T1 JOIN Staff_Department_Assignments AS T2 ON T1.staff_id  =  T2.staff_id ORDER BY date_assigned_to - date_assigned_from LIMIT 1",
        "gold_complexity": 11,
        "vt": "SELECT staff.staff_id, staff.staff_name FROM staff JOIN Staff_Department_Assignments AS T2 ON T1.staff_id = T2.staff_id ORDER BY staff_department_assignments.date_assigned_to - staff_department_assignments.date_assigned_from LIMIT [placeholder-type:numeric]",
        "ba": "The virtual table lists the unique identifiers and names of staff members from the 'staff' table who are assigned to departments, along with their assignment dates. The results are ordered by the duration of their assignments, and a limit is applied to control the number of records returned."
    },
    {
        "sample_id": 4761,
        "gold_sql": "SELECT product_id FROM Order_Items GROUP BY product_id HAVING count(*)  >  3 UNION SELECT product_id FROM Product_Suppliers GROUP BY product_id HAVING sum(total_amount_purchased)  >  80000",
        "gold_complexity": 11,
        "vt": "SELECT product_id FROM Order_Items GROUP BY product_id HAVING COUNT(*) > 3 UNION SELECT product_id FROM Product_Suppliers GROUP BY product_id HAVING SUM(total_amount_purchased) > 80000",
        "ba": "The virtual table identifies products that have been ordered more than three times or have a total purchase amount exceeding a specified threshold from suppliers. It combines results from two different tables: 'Order_Items' and 'Product_Suppliers'."
    },
    {
        "sample_id": 4723,
        "gold_sql": "SELECT T1.staff_name ,  T2.job_title_code FROM staff AS T1 JOIN staff_department_assignments AS T2 ON T1.staff_id  =  T2.staff_id ORDER BY T2.date_assigned_to DESC LIMIT 1",
        "gold_complexity": 10,
        "vt": "SELECT staff.staff_name, staff_department_assignments.job_title_code FROM staff JOIN staff_department_assignments AS T2 ON T1.staff_id = T2.staff_id ORDER BY staff_department_assignments.date_assigned_to LIMIT [placeholder-type:numeric]",
        "ba": "The virtual table provides a list of staff members along with their job titles from the 'staff' and 'staff_department_assignments' tables. It joins these two tables based on the staff ID, allowing us to see which staff member is assigned to which job title. The results are ordered by the end date of their assignment, and a limit is applied to control the number of records returned."
    },
    {
        "sample_id": 4755,
        "gold_sql": "SELECT T1.staff_name FROM staff AS T1 JOIN staff_department_assignments AS T2 ON T1.staff_id  =  T2.staff_id GROUP BY T2.staff_id HAVING COUNT (*)  >  1",
        "gold_complexity": 9,
        "vt": "SELECT staff.staff_name FROM staff JOIN staff_department_assignments AS T2 ON T1.staff_id = T2.staff_id GROUP BY staff_department_assignments.staff_id HAVING COUNT(*) > [placeholder-type:numeric]",
        "ba": "The virtual table lists the names of staff members from the 'staff' table who are assigned to one or more departments, filtering for those who have assignments in more than a specified number of departments. The placeholder in the HAVING clause represents the minimum count of department assignments required for a staff member to be included in the results."
    },
    {
        "sample_id": 4776,
        "gold_sql": "SELECT order_id ,  customer_id FROM customer_orders WHERE order_status_code  =   \"Cancelled\" ORDER BY order_date",
        "gold_complexity": 10,
        "vt": "SELECT customer_orders.order_id, customer_orders.customer_id FROM customer_orders WHERE customer_orders.order_status_code = None.\"cancelled\" ORDER BY customer_orders.order_date",
        "ba": "The virtual table provides a list of order IDs and customer IDs from the 'customer_orders' table for orders that are not cancelled. The results are sorted by the date the orders were placed."
    },
    {
        "sample_id": 4710,
        "gold_sql": "SELECT T1.staff_id ,  T1.staff_gender FROM staff AS T1 JOIN staff_department_assignments AS T2 ON T1.staff_id  =  T2.staff_id WHERE T2.job_title_code  =  \"Department Manager\"",
        "gold_complexity": 9,
        "vt": "SELECT staff.staff_id, staff.staff_gender FROM staff JOIN staff_department_assignments AS T2 ON T1.staff_id = T2.staff_id WHERE staff_department_assignments.job_title_code = None.\"department manager\"",
        "ba": "The virtual table describes the staff members who are assigned to a department as department managers. It retrieves the unique identifier and gender of each staff member from the 'staff' table, while filtering the results based on the job title code for department managers in the 'staff_department_assignments' table."
    },
    {
        "sample_id": 4729,
        "gold_sql": "SELECT T1.customer_name ,  T1.customer_address FROM customers AS T1 JOIN customer_orders AS T2 ON T1.customer_id  =  T2.customer_id WHERE T2.order_status_code  =  \"New\" INTERSECT SELECT T1.customer_name ,  T1.customer_address FROM customers AS T1 JOIN customer_orders AS T2 ON T1.customer_id  =  T2.customer_id WHERE T2.order_status_code  =  \"Pending\"",
        "gold_complexity": 11,
        "vt": "SELECT T1.customer_name, T1.customer_address FROM customers AS T1 JOIN customer_orders AS T2 ON T1.customer_id = T2.customer_id WHERE T2.order_status_code = \"New\" INTERSECT SELECT T1.customer_name, T1.customer_address FROM customers AS T1 JOIN customer_orders AS T2 ON T1.customer_id = T2.customer_id WHERE T2.order_status_code = \"Pending\"",
        "ba": "The virtual table provides a list of customer names and their addresses from the 'customers' table. It retrieves customers who have orders with a status of 'New' and also those with a status of 'Pending'. The use of INTERSECT ensures that only customers who meet both criteria are included in the result."
    },
    {
        "sample_id": 4758,
        "gold_sql": "SELECT customer_phone FROM customers UNION SELECT supplier_phone FROM suppliers",
        "gold_complexity": 8,
        "vt": "SELECT customer_phone FROM customers UNION SELECT supplier_phone FROM suppliers",
        "ba": "The virtual table combines the contact phone numbers of customers and suppliers. It retrieves the 'customer_phone' from the 'customers' table and the 'supplier_phone' from the 'suppliers' table, allowing for a unified view of phone contacts from both entities."
    },
    {
        "sample_id": 4717,
        "gold_sql": "SELECT T1.customer_name ,  T1.customer_phone ,  T1.customer_email FROM customers AS T1 JOIN customer_orders AS T2 ON T1.customer_id  =  T2.customer_id GROUP BY T2.customer_id ORDER BY count(*) DESC LIMIT 1",
        "gold_complexity": 14,
        "vt": "SELECT customers.customer_name, customers.customer_phone, customers.customer_email FROM customers JOIN customer_orders AS T2 ON T1.customer_id = T2.customer_id GROUP BY customer_orders.customer_id ORDER BY COUNT(*) LIMIT [placeholder-type:numeric]",
        "ba": "The virtual table provides a list of customer names, phone numbers, and email addresses from the 'customers' table. It joins with the 'customer_orders' table to associate each customer with their orders. The results are grouped by customer ID to aggregate the order counts, and the final output is ordered by the number of orders each customer has placed, limiting the results to a specified number of customers."
    },
    {
        "sample_id": 4769,
        "gold_sql": "SELECT max(customer_code) ,  min(customer_code) FROM Customers",
        "gold_complexity": 5,
        "vt": "SELECT MAX(customers.customer_code), MIN(customers.customer_code) FROM customers",
        "ba": "The virtual table provides the maximum and minimum customer codes from the 'customers' table. The placeholders represent the values that will be dynamically filled in later."
    },
    {
        "sample_id": 4733,
        "gold_sql": "SELECT T2.dept_store_id ,  T2.store_name FROM departments AS T1 JOIN department_stores AS T2 ON T1.dept_store_id  =  T2.dept_store_id WHERE T1.department_name  =  \"marketing\" INTERSECT SELECT T2.dept_store_id ,  T2.store_name FROM departments AS T1 JOIN department_stores AS T2 ON T1.dept_store_id  =  T2.dept_store_id WHERE T1.department_name  =  \"managing\"",
        "gold_complexity": 11,
        "vt": "SELECT T2.dept_store_id, T2.store_name FROM departments AS T1 JOIN department_stores AS T2 ON T1.dept_store_id = T2.dept_store_id WHERE T1.department_name = \"marketing\" INTERSECT SELECT T2.dept_store_id, T2.store_name FROM departments AS T1 JOIN department_stores AS T2 ON T1.dept_store_id = T2.dept_store_id WHERE T1.department_name = \"managing\"",
        "ba": "The virtual table identifies department stores that have both a marketing and a managing department. It retrieves the unique identifiers and names of these stores by performing an intersection of two queries that join the 'departments' and 'department_stores' tables based on the department's name."
    },
    {
        "sample_id": 4787,
        "gold_sql": "SELECT avg(product_price) FROM products WHERE product_type_code  =  'Clothes'",
        "gold_complexity": 6,
        "vt": "SELECT AVG(products.product_price) FROM products WHERE products.product_type_code = '[placeholder-type:string]'",
        "ba": "The virtual table calculates the average price of products from the 'products' table that belong to a specific product type. The placeholder in the WHERE clause represents the product type code."
    }
]